katalog;kapitel;seite;kapitel_titel;tafel_titel;pos;teilenummer;bezeichnung
cat001;chap0102;13;Engine;Block Components & Pistons;3;2K8169;Core plug (1.625” diameter)
cat001;chap0102;13;Engine;Block Components & Pistons;3;AEC876;Core plug (1.326” diameter)
cat001;chap0102;13;Engine;Block Components & Pistons;3;AEH592;Core plug (1.647” diameter)
cat001;chap0102;13;Engine;Block Components & Pistons;4;12G3503;Oil gallery plug
cat001;chap0102;13;Engine;Block Components & Pistons;5;2K1345;Oil release passage
cat001;chap0102;13;Engine;Block Components & Pistons;6;CAM151;Block to head stud short
cat001;chap0102;13;Engine;Block Components & Pistons;6;TAM1617;Block to head stud short
cat001;chap0102;13;Engine;Block Components & Pistons;7;CAM150;Block to head stud long
cat001;chap0102;13;Engine;Block Components & Pistons;8;CHS2613;Filter to block bolt
cat001;chap0102;13;Engine;Block Components & Pistons;9;CHS2515;Petrol pump stud
cat001;chap0102;13;Engine;Block Components & Pistons;10;2A54;Dowel - main bearing cap
cat001;chap0102;13;Engine;Block Components & Pistons;10;12G1268;Dowel - main bearing cap
cat001;chap0102;13;Engine;Block Components & Pistons;12;12G1398;Mains bolt
cat001;chap0102;13;Engine;Block Components & Pistons;13;AEG323;Mains stud set (6 studs)
cat001;chap0102;13;Engine;Block Components & Pistons;14;C-AJJ4013;Mains nut set (6 nuts)
cat001;chap0102;13;Engine;Block Components & Pistons;15;12G164;Liner (SU3367)
cat001;chap0102;13;Engine;Block Components & Pistons;15;AEG428;Liner (was AEG239) SU3598
cat001;chap0102;13;Engine;Block Components & Pistons;17;53K2853;Drain plug
cat001;chap0102;13;Engine;Block Components & Pistons;18;6K638;Drain plug washer
cat001;chap0102;13;Engine;Block Components & Pistons;20;2A265;Petrol pump blanking plate, (uses GUG705779GM gasket)
cat001;chap0102;13;Engine;Block Components & Pistons;21;22H983;
cat001;chap0102;13;Engine;Block Components & Pistons;22;6K927;Main bearing lock tab except Cooper ‘S’/1300cc
cat001;chap0102;13;Engine;Block Components & Pistons;23;P15037-00;850cc Piston set 8.3 to 1 CR
cat001;chap0102;13;Engine;Block Components & Pistons;23;P20773-00;998cc Piston set 4 ring
cat001;chap0102;13;Engine;Block Components & Pistons;23;P20950-20;
cat001;chap0102;13;Engine;Block Components & Pistons;23;ADU3490-00;998cc Flat top piston 10.3 to 1 CR - standard +20/40/60 sizes
cat001;chap0102;13;Engine;Block Components & Pistons;23;P22357-40;1275cc Piston set 9.4 to 1 CR TURBO
cat001;chap0102;13;Engine;Block Components & Pistons;23;P21251-00;1275cc Piston 8.8 to 1 CR
cat001;chap0102;13;Engine;Block Components & Pistons;23;P21253-00;1275cc Piston 9.7 to 1 CR
cat001;chap0102;13;Engine;Block Components & Pistons;23;P20659-00;Piston 73.5 Powermax 9cc dish
cat001;chap0102;13;Engine;Block Components & Pistons;23;C-STR311;Piston 73.5 Mar Motorsport 9cc dish (Mini Spares own)
cat001;chap0102;17;Engine;850cc Mini & 997cc Cooper Block;3;51K1382;Small end bolt
cat001;chap0102;17;Engine;850cc Mini & 997cc Cooper Block;4;2A660;Locktab for con rod bolt
cat001;chap0102;17;Engine;850cc Mini & 997cc Cooper Block;5;12G2217;Big end bolt
cat001;chap0102;17;Engine;850cc Mini & 997cc Cooper Block;7;6K836;Crankshaft key
cat001;chap0102;17;Engine;850cc Mini & 997cc Cooper Block;8;VP572-00;Con rod bearing set (Mahle)
cat001;chap0102;17;Engine;850cc Mini & 997cc Cooper Block;8;AEB572-00;Con rod bearing set (ACL)
cat001;chap0102;17;Engine;850cc Mini & 997cc Cooper Block;9;AEM3314-00;Mains bearing set journal width 1.064” 27.05mm 850/997cc
cat001;chap0102;17;Engine;850cc Mini & 997cc Cooper Block;11;22A1493;Primary gear(Deva) only fits 11/2” diameter crank tail only
cat001;chap0102;17;Engine;850cc Mini & 997cc Cooper Block;12;22A451;Thrust washer 3.04-3.09mm (.120-122”)
cat001;chap0102;17;Engine;850cc Mini & 997cc Cooper Block;13;22G109;Bush rear for cranks with 11/2” diameter
cat001;chap0102;17;Engine;850cc Mini & 997cc Cooper Block;14;22A321;Thrust washers 2.79-2.84mm (.110-112”) - N.L.A
cat001;chap0102;17;Engine;850cc Mini & 997cc Cooper Block;14;22A322;Thrust washers 2.84-2.89mm (.112-114”)
cat001;chap0102;17;Engine;850cc Mini & 997cc Cooper Block;14;22A323;Thrust washers 2.89-2.94mm (.114-116”)
cat001;chap0102;17;Engine;850cc Mini & 997cc Cooper Block;14;22A324;Thrust washers 2.94-2.99mm (.116-118”)
cat001;chap0102;17;Engine;850cc Mini & 997cc Cooper Block;14;22A450;Thrust washers 2.99-3.04mm (.118-120”)
cat001;chap0102;17;Engine;850cc Mini & 997cc Cooper Block;15;22A319;U Clip thrust washer
cat001;chap0102;17;Engine;850cc Mini & 997cc Cooper Block;16;88G549;Backing ring
cat001;chap0102;17;Engine;850cc Mini & 997cc Cooper Block;18;WKN505;Key
cat001;chap0102;17;Engine;850cc Mini & 997cc Cooper Block;19;AHU2379;Camshaft plate was 2A84
cat001;chap0102;17;Engine;850cc Mini & 997cc Cooper Block;20;GFK5179;Locating plate bolt
cat001;chap0102;17;Engine;850cc Mini & 997cc Cooper Block;21;GHF321;Locating bolt shake-proof washer
cat001;chap0102;17;Engine;850cc Mini & 997cc Cooper Block;23;8G549;Tensioner rubber rings
cat001;chap0102;17;Engine;850cc Mini & 997cc Cooper Block;24;6K629;Camshaft nut
cat001;chap0102;17;Engine;850cc Mini & 997cc Cooper Block;25;2A759;Locktab
cat001;chap0102;17;Engine;850cc Mini & 997cc Cooper Block;26;8G725;Crankshaft gear
cat001;chap0102;17;Engine;850cc Mini & 997cc Cooper Block;27;3H2127;Timing chain
cat001;chap0102;17;Engine;850cc Mini & 997cc Cooper Block;29;12G619B;Gasket
cat001;chap0102;17;Engine;850cc Mini & 997cc Cooper Block;30;GFK5184;Screw, plate to block
cat001;chap0102;17;Engine;850cc Mini & 997cc Cooper Block;31;GFK1125;Washer
cat001;chap0102;17;Engine;850cc Mini & 997cc Cooper Block;32;53K2016;Screw plate to maincap
cat001;chap0102;17;Engine;850cc Mini & 997cc Cooper Block;33;GHF321;Washer 1/4”star type
cat001;chap0102;17;Engine;850cc Mini & 997cc Cooper Block;34;12G4499;Distributor drive spindle
cat001;chap0102;17;Engine;850cc Mini & 997cc Cooper Block;35;13H2792;“O” Ring distributor housing
cat001;chap0102;17;Engine;850cc Mini & 997cc Cooper Block;37;2A14;Push rod
cat001;chap0102;17;Engine;850cc Mini & 997cc Cooper Block;38;AEG584;Cam follower with oil hole
cat001;chap0102;18;Engine;998cc, 1100cc & 998cc Cooper - To 1980;2;2A660;Locktab
cat001;chap0102;18;Engine;998cc, 1100cc & 998cc Cooper - To 1980;3;C-STR319;High-grade Big end bolt kit
cat001;chap0102;18;Engine;998cc, 1100cc & 998cc Cooper - To 1980;3;12G2217;Big end bolt
cat001;chap0102;18;Engine;998cc, 1100cc & 998cc Cooper - To 1980;5;6K836;Crankshaft key
cat001;chap0102;18;Engine;998cc, 1100cc & 998cc Cooper - To 1980;6;VP572-00;Con rod bearings (Mahle)
cat001;chap0102;18;Engine;998cc, 1100cc & 998cc Cooper - To 1980;6;AEB572-00;Con rod bearings ACL Bearing
cat001;chap0102;18;Engine;998cc, 1100cc & 998cc Cooper - To 1980;7;AEM3314-00;Mains bearings ACL Bearings
cat001;chap0102;18;Engine;998cc, 1100cc & 998cc Cooper - To 1980;7;VM1018-00;Mains bearings Mahle race
cat001;chap0102;18;Engine;998cc, 1100cc & 998cc Cooper - To 1980;9;22A1493;Primary gear (24 teeth)
cat001;chap0102;18;Engine;998cc, 1100cc & 998cc Cooper - To 1980;11;22G109;Bush rear
cat001;chap0102;18;Engine;998cc, 1100cc & 998cc Cooper - To 1980;12;22A321;Thrust washer 2.79-2.84mm (.110-112”) - N.L.A
cat001;chap0102;18;Engine;998cc, 1100cc & 998cc Cooper - To 1980;12;22A322;Thrust washer 2.84-2.89mm (.112-114”)
cat001;chap0102;18;Engine;998cc, 1100cc & 998cc Cooper - To 1980;12;22A323;Thrust washer 2.89-2.94mm (.114-116”)
cat001;chap0102;18;Engine;998cc, 1100cc & 998cc Cooper - To 1980;12;22A324;Thrust washer 2.94-2.99mm (.116-118”)
cat001;chap0102;18;Engine;998cc, 1100cc & 998cc Cooper - To 1980;12;22A450;Thrust washer 2.99-3.04mm (.118-120”)
cat001;chap0102;18;Engine;998cc, 1100cc & 998cc Cooper - To 1980;12;22A451;Thrust washer 3.04-3.09mm (.120-122”)
cat001;chap0102;18;Engine;998cc, 1100cc & 998cc Cooper - To 1980;13;22A319;U Clip thrust
cat001;chap0102;18;Engine;998cc, 1100cc & 998cc Cooper - To 1980;14;88G549;Backing ring
cat001;chap0102;18;Engine;998cc, 1100cc & 998cc Cooper - To 1980;17;WKN505;Camshaft key pin
cat001;chap0102;18;Engine;998cc, 1100cc & 998cc Cooper - To 1980;18;AHU2379;Camshaft plate
cat001;chap0102;18;Engine;998cc, 1100cc & 998cc Cooper - To 1980;19;GFK5179;Locating plate bolt
cat001;chap0102;18;Engine;998cc, 1100cc & 998cc Cooper - To 1980;20;GHF321;Locating bolt shake proof washer
cat001;chap0102;18;Engine;998cc, 1100cc & 998cc Cooper - To 1980;22;8G549;Tensioner rubber rings
cat001;chap0102;18;Engine;998cc, 1100cc & 998cc Cooper - To 1980;23;12G4337;Camshaft gear, fitted originally without tensioner
cat001;chap0102;18;Engine;998cc, 1100cc & 998cc Cooper - To 1980;24;12G2621;Tensioner, fits 12G2626 front plate only
cat001;chap0102;18;Engine;998cc, 1100cc & 998cc Cooper - To 1980;25;12G2628;Tensioner mounting plate
cat001;chap0102;18;Engine;998cc, 1100cc & 998cc Cooper - To 1980;26;12G2629;Pivot pin
cat001;chap0102;18;Engine;998cc, 1100cc & 998cc Cooper - To 1980;27;2A759;Camshaft locktab
cat001;chap0102;18;Engine;998cc, 1100cc & 998cc Cooper - To 1980;28;6K629;Camshaft nut
cat001;chap0102;18;Engine;998cc, 1100cc & 998cc Cooper - To 1980;29;8G725;Crankshaft gear
cat001;chap0102;18;Engine;998cc, 1100cc & 998cc Cooper - To 1980;30;6K628;Washer to shim crank gear
cat001;chap0102;18;Engine;998cc, 1100cc & 998cc Cooper - To 1980;31;3H2127;Timing chain (Simplex)
cat001;chap0102;18;Engine;998cc, 1100cc & 998cc Cooper - To 1980;32;12G2626;Front plate - used with tensioner pads
cat001;chap0102;18;Engine;998cc, 1100cc & 998cc Cooper - To 1980;33;12G619B;Gasket for 2A970 front plate
cat001;chap0102;18;Engine;998cc, 1100cc & 998cc Cooper - To 1980;34;12G4499;Distributor drive spindle
cat001;chap0102;18;Engine;998cc, 1100cc & 998cc Cooper - To 1980;35;13H2792;“O” ring distributor housing
cat001;chap0102;18;Engine;998cc, 1100cc & 998cc Cooper - To 1980;37;2A14;Push rod
cat001;chap0102;18;Engine;998cc, 1100cc & 998cc Cooper - To 1980;38;AEG584;Cam follower with oil hole
cat001;chap0102;19;Engine;998cc, 1981 on, 'A' Plus Block;3;2A660;Locktab, deleted when [LINK]CAM6126[/LINK] fitted
cat001;chap0102;19;Engine;998cc, 1981 on, 'A' Plus Block;4;CAM6126;Connecting rod bolt, replaced [LINK]12G2219[/LINK]
cat001;chap0102;19;Engine;998cc, 1981 on, 'A' Plus Block;6;6K836;Crankshaft keyway
cat001;chap0102;19;Engine;998cc, 1981 on, 'A' Plus Block;7;VP572-00;Con rod bearings (Mahle)
cat001;chap0102;19;Engine;998cc, 1981 on, 'A' Plus Block;7;AEB572-00;Con rod bearings ACL bearing
cat001;chap0102;19;Engine;998cc, 1981 on, 'A' Plus Block;8;AEM3314-00;Main bearing, locating lug on edge of both halves. ACL Bearings
cat001;chap0102;19;Engine;998cc, 1981 on, 'A' Plus Block;8;AEM3427-00;Main bearing (centre locating lip) 1985 on
cat001;chap0102;19;Engine;998cc, 1981 on, 'A' Plus Block;10;22A1493;Primary gear (24 teeth), old type
cat001;chap0102;19;Engine;998cc, 1981 on, 'A' Plus Block;10;DAM8888;Primary gear (29 teeth), A plus
cat001;chap0102;19;Engine;998cc, 1981 on, 'A' Plus Block;12;22G109;Bush rear
cat001;chap0102;19;Engine;998cc, 1981 on, 'A' Plus Block;13;22A321;Thrust washer 2.79-2.84mm (.110-112”) - N.L.A
cat001;chap0102;19;Engine;998cc, 1981 on, 'A' Plus Block;13;22A322;Thrust washer 2.84-2.89mm (.112-114”)
cat001;chap0102;19;Engine;998cc, 1981 on, 'A' Plus Block;13;22A323;Thrust washer 2.89-2.94mm (.114-116”)
cat001;chap0102;19;Engine;998cc, 1981 on, 'A' Plus Block;13;22A324;Thrust washer 2.94-2.99mm (.116-118”)
cat001;chap0102;19;Engine;998cc, 1981 on, 'A' Plus Block;13;22A450;Thrust washer 2.99-3.04mm (.118-120”)
cat001;chap0102;19;Engine;998cc, 1981 on, 'A' Plus Block;13;22A451;Thrust washer 3.04-3.09mm (.120-122”)
cat001;chap0102;19;Engine;998cc, 1981 on, 'A' Plus Block;14;22A319;Thrust washer U clip
cat001;chap0102;19;Engine;998cc, 1981 on, 'A' Plus Block;15;88G549;Backing ring
cat001;chap0102;19;Engine;998cc, 1981 on, 'A' Plus Block;17;WKN505;Camshaft key
cat001;chap0102;19;Engine;998cc, 1981 on, 'A' Plus Block;18;AHU2379;Camshaft locating plate
cat001;chap0102;19;Engine;998cc, 1981 on, 'A' Plus Block;19;GFK5179;Locating plate bolt
cat001;chap0102;19;Engine;998cc, 1981 on, 'A' Plus Block;20;GHF321;Locating bolt shake proof washer
cat001;chap0102;19;Engine;998cc, 1981 on, 'A' Plus Block;21;12G4337;Camshaft gear
cat001;chap0102;19;Engine;998cc, 1981 on, 'A' Plus Block;22;12G2621;Tensioner pad
cat001;chap0102;19;Engine;998cc, 1981 on, 'A' Plus Block;23;12G2628;Tensioner mounting plate
cat001;chap0102;19;Engine;998cc, 1981 on, 'A' Plus Block;24;12G2629;Tensioner pin
cat001;chap0102;19;Engine;998cc, 1981 on, 'A' Plus Block;25;6K629;Camshaft nut
cat001;chap0102;19;Engine;998cc, 1981 on, 'A' Plus Block;26;2A759;Locktab
cat001;chap0102;19;Engine;998cc, 1981 on, 'A' Plus Block;27;CAM4700B;Front plate gasket
cat001;chap0102;19;Engine;998cc, 1981 on, 'A' Plus Block;28;12G2626;Front plate
cat001;chap0102;19;Engine;998cc, 1981 on, 'A' Plus Block;29;GFK5184;Bolt for plate to block
cat001;chap0102;19;Engine;998cc, 1981 on, 'A' Plus Block;30;GFK1125;Spring washer
cat001;chap0102;19;Engine;998cc, 1981 on, 'A' Plus Block;31;8G725;Crankshaft gear
cat001;chap0102;19;Engine;998cc, 1981 on, 'A' Plus Block;32;6K628;Crank gear shim washer
cat001;chap0102;19;Engine;998cc, 1981 on, 'A' Plus Block;33;3H2127;Timing chain
cat001;chap0102;19;Engine;998cc, 1981 on, 'A' Plus Block;34;12G3560;Distributor drive spindle
cat001;chap0102;19;Engine;998cc, 1981 on, 'A' Plus Block;35;TAM1671;Distributor retaining plate was 613867A, pre 1985
cat001;chap0102;19;Engine;998cc, 1981 on, 'A' Plus Block;36;TAM1706;Retainer screw 3/8”UNF 1”long, was CAM6105
cat001;chap0102;19;Engine;998cc, 1981 on, 'A' Plus Block;37;2A14;Push rod
cat001;chap0102;19;Engine;998cc, 1981 on, 'A' Plus Block;37;C-AEG581;Push rod (3 piece) performance use
cat001;chap0102;19;Engine;998cc, 1981 on, 'A' Plus Block;38;AEG584;Cam follower with hole
cat001;chap0102;20;Engine;MK2;1;AEG309;Connecting rod, 5.875” centres
cat001;chap0102;20;Engine;MK2;2;C-STR288;Connecting rod bolt was AEG519
cat001;chap0102;20;Engine;MK2;3;AEG147;Connecting rod nut
cat001;chap0102;20;Engine;MK2;3;EAC5541A;Connecting rod multipoint nut, non nyloc - Alternative
cat001;chap0102;20;Engine;MK2;4;C-AEG479;Crankshaft (Forging cross drilled EN40B) 1275cc
cat001;chap0102;20;Engine;MK2;5;6K836;Crankshaft keyway
cat001;chap0102;20;Engine;MK2;6;VP572-00;Connecting rod bearings set (8G2399) - Mahle was Vandervell
cat001;chap0102;20;Engine;MK2;6;AEB572-00;Connecting rod bearings set (8G2399)
cat001;chap0102;20;Engine;MK2;7;AEM91120-00;Main bearings set (8G2391) - ACL
cat001;chap0102;20;Engine;MK2;8;AEW2136;Thrust washer kit was VPW41
cat001;chap0102;20;Engine;MK2;8;VPW41;Thrust washer set, Vandervell
cat001;chap0102;20;Engine;MK2;10;DAM8889;Front bush, was 22G770
cat001;chap0102;20;Engine;MK2;11;22G109;Rear bush
cat001;chap0102;20;Engine;MK2;12;DAM6490;Primary gear shim 2.84-2.89mm (.112-114”)
cat001;chap0102;20;Engine;MK2;12;DAM6486;Primary gear shim 2.89-2.94mm (.114-116”)
cat001;chap0102;20;Engine;MK2;12;DAM6487;Primary gear shim 2.94-2.99mm (.116-118”)
cat001;chap0102;20;Engine;MK2;12;DAM6488;Primary gear shim 2.99-3.04mm (.118-120”)
cat001;chap0102;20;Engine;MK2;12;DAM6489;Primary gear shim 3.04-3.09mm (.120-122”)
cat001;chap0102;20;Engine;MK2;12;DAM6492;Primary gear shim 3.09-3.14mm (0.122-124”)
cat001;chap0102;20;Engine;MK2;13;22A319;Thrust washer U clip 0.125” (3.17mm)
cat001;chap0102;20;Engine;MK2;14;88G549;Backing ring 0.163-0.165” (4.14-4.19mm)
cat001;chap0102;20;Engine;MK2;16;AHU2379;Camshaft locating plate
cat001;chap0102;20;Engine;MK2;17;GFK5179;Locating plate screw
cat001;chap0102;20;Engine;MK2;18;GHF321;Shake proof spring washer
cat001;chap0102;20;Engine;MK2;21;6K629;Camshaft nut
cat001;chap0102;20;Engine;MK2;22;2A759;Locktab for camshaft nut
cat001;chap0102;20;Engine;MK2;23;2H4905;Timing chain,double row
cat001;chap0102;20;Engine;MK2;24;6K628;Washer to shim crank gear
cat001;chap0102;20;Engine;MK2;25;12G619B;Front plate gasket
cat001;chap0102;20;Engine;MK2;26;AEG161;
cat001;chap0102;20;Engine;MK2;27;AEA687;Screw, front plate to maincap
cat001;chap0102;20;Engine;MK2;28;SH605051;Screw, front plate to Block
cat001;chap0102;20;Engine;MK2;29;GHF322;Shake proof spring washer
cat001;chap0102;20;Engine;MK2;30;2A14;Pushrod, 970/1070cc
cat001;chap0102;20;Engine;MK2;30;AEG314MS;Pushrod, 1275cc
cat001;chap0102;20;Engine;MK2;30;C-AEG581;Pushrod, 970/1070cc (3 piece) for performance use
cat001;chap0102;20;Engine;MK2;30;C-AEG582;Pushrod, 1275cc (3 piece) for performance use
cat001;chap0102;20;Engine;MK2;31;AEG584;Cam follower with hole
cat001;chap0102;20;Engine;MK2;32;12G4499;Distributor drive spindle
cat001;chap0102;20;Engine;MK2;33;13H2792;Seal for distributor housing
cat001;chap0102;20;Engine;MK2;35;WKN505;Camshaft keyway
cat001;chap0102;21;Engine;12H398) & 12G Eng Nos.;2;C-STR288;Con rod bolt and nut set
cat001;chap0102;21;Engine;12H398) & 12G Eng Nos.;3;AEG147;Con rod bolt nut
cat001;chap0102;21;Engine;12H398) & 12G Eng Nos.;3;EAC5541A;Connecting rod multipoint nut, non nyloc - Alternative
cat001;chap0102;21;Engine;12H398) & 12G Eng Nos.;4;C-AEG479;Crankshaft
cat001;chap0102;21;Engine;12H398) & 12G Eng Nos.;5;6K836;Crankshaft keyway
cat001;chap0102;21;Engine;12H398) & 12G Eng Nos.;6;VP572-00;Con rod bearing set (8G2399) Mahle - Std/10/20 only
cat001;chap0102;21;Engine;12H398) & 12G Eng Nos.;6;AEB572-00;Con rod bearing set ACL
cat001;chap0102;21;Engine;12H398) & 12G Eng Nos.;7;AEM91120-00;Main bearing set ACL
cat001;chap0102;21;Engine;12H398) & 12G Eng Nos.;8;AEW2136;Thrust washer kit was (VP41 & BHM1293)
cat001;chap0102;21;Engine;12H398) & 12G Eng Nos.;8;VPW41;Thrust washer set, Vandervell
cat001;chap0102;21;Engine;12H398) & 12G Eng Nos.;10;DAM8889;Front bush was 22G770
cat001;chap0102;21;Engine;12H398) & 12G Eng Nos.;11;22G109;Rear bush
cat001;chap0102;21;Engine;12H398) & 12G Eng Nos.;12;DAM6490;Primary gear shim 2.84-2.89mm (.112-114”)
cat001;chap0102;21;Engine;12H398) & 12G Eng Nos.;12;DAM6486;Primary gear shim 2.89-2.94mm (.114-116”)
cat001;chap0102;21;Engine;12H398) & 12G Eng Nos.;12;DAM6487;Primary gear shim 2.94-2.99mm (.116-118”)
cat001;chap0102;21;Engine;12H398) & 12G Eng Nos.;12;DAM6488;Primary gear shim 2.99-3.04mm (.118-120”)
cat001;chap0102;21;Engine;12H398) & 12G Eng Nos.;12;DAM6489;Primary gear shim 3.04-3.09mm (.120-122”)
cat001;chap0102;21;Engine;12H398) & 12G Eng Nos.;12;DAM6492;Primary gear shim 3.09-3.14mm (0.122-124”)
cat001;chap0102;21;Engine;12H398) & 12G Eng Nos.;13;22A319;Thrust washer U clip 0.125” (3.17mm)
cat001;chap0102;21;Engine;12H398) & 12G Eng Nos.;14;88G549;Backing ring 0.163-0.165” (4.14-4.19mm)
cat001;chap0102;21;Engine;12H398) & 12G Eng Nos.;16;WKN505;Keyway
cat001;chap0102;21;Engine;12H398) & 12G Eng Nos.;18;AHU2379;Camshaft locating plate
cat001;chap0102;21;Engine;12H398) & 12G Eng Nos.;19;GFK5179;Bolt for locating plate
cat001;chap0102;21;Engine;12H398) & 12G Eng Nos.;20;GHF321;Shake proof washer for locating plate
cat001;chap0102;21;Engine;12H398) & 12G Eng Nos.;21;12G1397;Camshaft gear cast iron
cat001;chap0102;21;Engine;12H398) & 12G Eng Nos.;22;12G1699;Crankshaft gear cast iron
cat001;chap0102;21;Engine;12H398) & 12G Eng Nos.;23;6K629;Camshaft nut
cat001;chap0102;21;Engine;12H398) & 12G Eng Nos.;24;2A759;Locktab
cat001;chap0102;21;Engine;12H398) & 12G Eng Nos.;25;2H4905;Chain
cat001;chap0102;21;Engine;12H398) & 12G Eng Nos.;26;6K628;Washer to shim crank gear
cat001;chap0102;21;Engine;12H398) & 12G Eng Nos.;27;12G619B;Front plate
cat001;chap0102;21;Engine;12H398) & 12G Eng Nos.;28;AEG161;
cat001;chap0102;21;Engine;12H398) & 12G Eng Nos.;29;SH605051;Screw plate to block
cat001;chap0102;21;Engine;12H398) & 12G Eng Nos.;30;GFK1125;Washer was LWZ305/GHF332
cat001;chap0102;21;Engine;12H398) & 12G Eng Nos.;31;AEA687;Screw, front plate to maincap
cat001;chap0102;21;Engine;12H398) & 12G Eng Nos.;32;AEG314MS;Push rod
cat001;chap0102;21;Engine;12H398) & 12G Eng Nos.;32;C-AEG582;Push rod 1275cc (3 piece for performance use)
cat001;chap0102;21;Engine;12H398) & 12G Eng Nos.;33;AEG584;Cam follower with oil hole
cat001;chap0102;21;Engine;12H398) & 12G Eng Nos.;34;12G4499;Distributor spindle
cat001;chap0102;21;Engine;12H398) & 12G Eng Nos.;35;13H2792;Distributor housing oil seal
cat001;chap0102;22;Engine;Pre A Plus 1275 with 12H Eng No Except Cooper S;2;LFH10006;Con rod bolt, was 12G1300
cat001;chap0102;22;Engine;Pre A Plus 1275 with 12H Eng No Except Cooper S;3;13H5872;Con rod nut
cat001;chap0102;22;Engine;Pre A Plus 1275 with 12H Eng No Except Cooper S;4;CAM6232;Crankshaft (rolled radius journals CAM6232 casting)
cat001;chap0102;22;Engine;Pre A Plus 1275 with 12H Eng No Except Cooper S;5;6K836;Crankshaft keyway
cat001;chap0102;22;Engine;Pre A Plus 1275 with 12H Eng No Except Cooper S;6;AEB91306-00;Con rod bearing, ACL (Not Cooper ‘S’)
cat001;chap0102;22;Engine;Pre A Plus 1275 with 12H Eng No Except Cooper S;6;VC1003-00;Connecting rod bearings Mahle race
cat001;chap0102;22;Engine;Pre A Plus 1275 with 12H Eng No Except Cooper S;7;AEM91120-00;Mains bearings,ACL
cat001;chap0102;22;Engine;Pre A Plus 1275 with 12H Eng No Except Cooper S;8;AEW2136;Thrust washer set, was BHM1293, Glacier
cat001;chap0102;22;Engine;Pre A Plus 1275 with 12H Eng No Except Cooper S;8;VPW41;Thrust washer set, Vandervell
cat001;chap0102;22;Engine;Pre A Plus 1275 with 12H Eng No Except Cooper S;9;DAM8890;Primary gear 29 teeth (A plus)
cat001;chap0102;22;Engine;Pre A Plus 1275 with 12H Eng No Except Cooper S;10;DAM8889;Bush Front
cat001;chap0102;22;Engine;Pre A Plus 1275 with 12H Eng No Except Cooper S;11;22G109;Bush rear
cat001;chap0102;22;Engine;Pre A Plus 1275 with 12H Eng No Except Cooper S;12;DAM6490;Primary gear shim 2.84-2.89mm (.112-.114”)
cat001;chap0102;22;Engine;Pre A Plus 1275 with 12H Eng No Except Cooper S;12;DAM6486;Primary gear shim 2.89-2.94mm (.114-.116”)
cat001;chap0102;22;Engine;Pre A Plus 1275 with 12H Eng No Except Cooper S;12;DAM6487;Primary gear shim 2.94-2.99mm (.116-.118”)
cat001;chap0102;22;Engine;Pre A Plus 1275 with 12H Eng No Except Cooper S;12;DAM6488;Primary gear shim 2.99-3.04mm (.118-.120”)
cat001;chap0102;22;Engine;Pre A Plus 1275 with 12H Eng No Except Cooper S;12;DAM6489;Primary gear shim 3.04-3.09mm (.120-.122”)
cat001;chap0102;22;Engine;Pre A Plus 1275 with 12H Eng No Except Cooper S;12;DAM6492;Primary gear shim 3.09-3.14mm (0.122-124”)
cat001;chap0102;22;Engine;Pre A Plus 1275 with 12H Eng No Except Cooper S;13;22A319;Thrust washer U clip
cat001;chap0102;22;Engine;Pre A Plus 1275 with 12H Eng No Except Cooper S;14;88G549;Backing ring
cat001;chap0102;22;Engine;Pre A Plus 1275 with 12H Eng No Except Cooper S;17;AHU2379;Camshaft retainer plate
cat001;chap0102;22;Engine;Pre A Plus 1275 with 12H Eng No Except Cooper S;18;12G1397;Camshaft gear duplex
cat001;chap0102;22;Engine;Pre A Plus 1275 with 12H Eng No Except Cooper S;19;12G4337;Camshaft gear simplex
cat001;chap0102;22;Engine;Pre A Plus 1275 with 12H Eng No Except Cooper S;20;6K629;Camshaft nut
cat001;chap0102;22;Engine;Pre A Plus 1275 with 12H Eng No Except Cooper S;21;2A759;Camshaft locktab
cat001;chap0102;22;Engine;Pre A Plus 1275 with 12H Eng No Except Cooper S;22;12G1699;Crankshaft gear duplex
cat001;chap0102;22;Engine;Pre A Plus 1275 with 12H Eng No Except Cooper S;23;8G725;Crankshaft gear simplex
cat001;chap0102;22;Engine;Pre A Plus 1275 with 12H Eng No Except Cooper S;24;2H4905;Timing chain duplex
cat001;chap0102;22;Engine;Pre A Plus 1275 with 12H Eng No Except Cooper S;25;3H2127;Timing chain simplex
cat001;chap0102;22;Engine;Pre A Plus 1275 with 12H Eng No Except Cooper S;26;6K628;Washer to shim crank gear
cat001;chap0102;22;Engine;Pre A Plus 1275 with 12H Eng No Except Cooper S;27;12G2621;Tensioner pad (only fits [LINK]12G2626[/LINK] front plate)
cat001;chap0102;22;Engine;Pre A Plus 1275 with 12H Eng No Except Cooper S;28;12G2628;Tensioner mounting plate
cat001;chap0102;22;Engine;Pre A Plus 1275 with 12H Eng No Except Cooper S;29;12G2629;Tensioner pivot pin
cat001;chap0102;22;Engine;Pre A Plus 1275 with 12H Eng No Except Cooper S;30;12G619B;Front plate gasket for [LINK]AEG161[/LINK]
cat001;chap0102;22;Engine;Pre A Plus 1275 with 12H Eng No Except Cooper S;31;12G2626;Front plate, simplex 1275GT 1974 on
cat001;chap0102;22;Engine;Pre A Plus 1275 with 12H Eng No Except Cooper S;32;SH605051;Screw - plate to crankshaft
cat001;chap0102;22;Engine;Pre A Plus 1275 with 12H Eng No Except Cooper S;33;GFK1125;Washer, spring
cat001;chap0102;22;Engine;Pre A Plus 1275 with 12H Eng No Except Cooper S;34;AEA687;Screw, front plate to mains cap
cat001;chap0102;22;Engine;Pre A Plus 1275 with 12H Eng No Except Cooper S;34;53K2016;Screw, front plate to mains cap
cat001;chap0102;22;Engine;Pre A Plus 1275 with 12H Eng No Except Cooper S;35;WKN505;Keyway camshaft
cat001;chap0102;22;Engine;Pre A Plus 1275 with 12H Eng No Except Cooper S;36;12G4499;Distributor drive spindle
cat001;chap0102;22;Engine;Pre A Plus 1275 with 12H Eng No Except Cooper S;37;13H2792;Distributor housing oil seal
cat001;chap0102;22;Engine;Pre A Plus 1275 with 12H Eng No Except Cooper S;40;AEG314MS;Push Rod
cat001;chap0102;22;Engine;Pre A Plus 1275 with 12H Eng No Except Cooper S;41;AEG161;
cat001;chap0102;23;Engine;A Plus Blocks 1275 Engines with 12H Engine No;2;LFH10006;Con rod bolt, was 12G1300
cat001;chap0102;23;Engine;A Plus Blocks 1275 Engines with 12H Engine No;2;C-STR289;High strength rod bolt set
cat001;chap0102;23;Engine;A Plus Blocks 1275 Engines with 12H Engine No;3;13H5872;Con rod nut
cat001;chap0102;23;Engine;A Plus Blocks 1275 Engines with 12H Engine No;4;CAM6232;Crankshaft (rolled radius journals stamped [LINK]CAM6232[/LINK])
cat001;chap0102;23;Engine;A Plus Blocks 1275 Engines with 12H Engine No;5;6K836;Crankshaft keyway
cat001;chap0102;23;Engine;A Plus Blocks 1275 Engines with 12H Engine No;6;AEB91306-00;Con rod bearing , ACL race quality
cat001;chap0102;23;Engine;A Plus Blocks 1275 Engines with 12H Engine No;6;VC1003-00;Connecting rod bearings Mahle race
cat001;chap0102;23;Engine;A Plus Blocks 1275 Engines with 12H Engine No;7;AEM91886-00;Mains bearing ACL type
cat001;chap0102;23;Engine;A Plus Blocks 1275 Engines with 12H Engine No;8;AEW2136;Thrust washer set, was VPW41/BHM1293
cat001;chap0102;23;Engine;A Plus Blocks 1275 Engines with 12H Engine No;8;VPW41;Thrust washer set, Vandervell
cat001;chap0102;23;Engine;A Plus Blocks 1275 Engines with 12H Engine No;9;DAM8890;Primary gear 29 teeth (A plus) standard
cat001;chap0102;23;Engine;A Plus Blocks 1275 Engines with 12H Engine No;10;DAM8889;Bush front
cat001;chap0102;23;Engine;A Plus Blocks 1275 Engines with 12H Engine No;11;22G109;Bush rear
cat001;chap0102;23;Engine;A Plus Blocks 1275 Engines with 12H Engine No;12;DAM6490;Primary gear shim 2.84-2.89mm (.112-114”)
cat001;chap0102;23;Engine;A Plus Blocks 1275 Engines with 12H Engine No;12;DAM6486;Primary gear shim 2.89-2.94mm (.114-116”)
cat001;chap0102;23;Engine;A Plus Blocks 1275 Engines with 12H Engine No;12;DAM6487;Primary gear shim 2.94-2.99mm (.116-118”)
cat001;chap0102;23;Engine;A Plus Blocks 1275 Engines with 12H Engine No;12;DAM6488;Primary gear shim 2.99-3.04mm (.118-120”)
cat001;chap0102;23;Engine;A Plus Blocks 1275 Engines with 12H Engine No;12;DAM6489;Primary gear shim 3.04-3.09mm (.120-122”)
cat001;chap0102;23;Engine;A Plus Blocks 1275 Engines with 12H Engine No;12;DAM6492;Primary gear shim 3.09-3.14mm (0.122-124”)
cat001;chap0102;23;Engine;A Plus Blocks 1275 Engines with 12H Engine No;13;22A319;Thrust washer U clip
cat001;chap0102;23;Engine;A Plus Blocks 1275 Engines with 12H Engine No;14;88G549;Backing ring
cat001;chap0102;23;Engine;A Plus Blocks 1275 Engines with 12H Engine No;16;DAM2821;Plastic clutch oil seal protector
cat001;chap0102;23;Engine;A Plus Blocks 1275 Engines with 12H Engine No;17;AHU2379;Camshaft retainer plate
cat001;chap0102;23;Engine;A Plus Blocks 1275 Engines with 12H Engine No;18;6K629;Camshaft retainer nut
cat001;chap0102;23;Engine;A Plus Blocks 1275 Engines with 12H Engine No;19;2A759;Camshaft locktab
cat001;chap0102;23;Engine;A Plus Blocks 1275 Engines with 12H Engine No;20;12G4337;Camshaft gear simplex
cat001;chap0102;23;Engine;A Plus Blocks 1275 Engines with 12H Engine No;21;8G725;Crankshaft gear simplex
cat001;chap0102;23;Engine;A Plus Blocks 1275 Engines with 12H Engine No;22;3H2127;Timing chain simplex
cat001;chap0102;23;Engine;A Plus Blocks 1275 Engines with 12H Engine No;23;6K628;Washer to shim crank gear
cat001;chap0102;23;Engine;A Plus Blocks 1275 Engines with 12H Engine No;24;12G2621;Tensioner pad
cat001;chap0102;23;Engine;A Plus Blocks 1275 Engines with 12H Engine No;25;12G2628;Tensioner mounting plate
cat001;chap0102;23;Engine;A Plus Blocks 1275 Engines with 12H Engine No;26;12G2629;Tensioner pivot pin
cat001;chap0102;23;Engine;A Plus Blocks 1275 Engines with 12H Engine No;27;CAM4700B;Front plate gasket - For gasket sets see page 28
cat001;chap0102;23;Engine;A Plus Blocks 1275 Engines with 12H Engine No;29;SH605051;Screw - plate to crankcase
cat001;chap0102;23;Engine;A Plus Blocks 1275 Engines with 12H Engine No;30;GFK1125;Washer, spring was GHF332
cat001;chap0102;23;Engine;A Plus Blocks 1275 Engines with 12H Engine No;31;53K2016;Screw, front plate to mains cap
cat001;chap0102;23;Engine;A Plus Blocks 1275 Engines with 12H Engine No;32;GHF321;Washer,shakeproof was WF600041
cat001;chap0102;23;Engine;A Plus Blocks 1275 Engines with 12H Engine No;33;WKN505;Keyway camshaft
cat001;chap0102;23;Engine;A Plus Blocks 1275 Engines with 12H Engine No;34;12G3560;Distributor drive spindle
cat001;chap0102;23;Engine;A Plus Blocks 1275 Engines with 12H Engine No;35;TAM1671;Distributor retaining clip was 613857A
cat001;chap0102;23;Engine;A Plus Blocks 1275 Engines with 12H Engine No;36;TAM1706;Screw for retainer clip, was CAM6105 3/8” UNF bolt 1” thread
cat001;chap0102;23;Engine;A Plus Blocks 1275 Engines with 12H Engine No;37;AEG584;Cam follower with oil hole
cat001;chap0102;23;Engine;A Plus Blocks 1275 Engines with 12H Engine No;38;AEG314MS;Push rod
cat001;chap0102;24;Engine;Cylinder Head 850CC, 998CC & 1100CC Pre 'A' Plus;1;GCG1007MS;Cylinder head reconditioned
cat001;chap0102;24;Engine;Cylinder Head 850CC, 998CC & 1100CC Pre 'A' Plus;2;CHS2515;Stud, water elbow outlet
cat001;chap0102;24;Engine;Cylinder Head 850CC, 998CC & 1100CC Pre 'A' Plus;3;51K885;Stud, long, rocker posts and cover
cat001;chap0102;24;Engine;Cylinder Head 850CC, 998CC & 1100CC Pre 'A' Plus;4;51K1473;Stud, rocker posts, short
cat001;chap0102;24;Engine;Cylinder Head 850CC, 998CC & 1100CC Pre 'A' Plus;5;53K487;Stud, manifold
cat001;chap0102;24;Engine;Cylinder Head 850CC, 998CC & 1100CC Pre 'A' Plus;6;53K402;Stud, heater valve
cat001;chap0102;24;Engine;Cylinder Head 850CC, 998CC & 1100CC Pre 'A' Plus;7;12G1963;Valve guide - was 12A186/12G1111
cat001;chap0102;24;Engine;Cylinder Head 850CC, 998CC & 1100CC Pre 'A' Plus;8;2K1345;Oil hole plug - 850cc and 998cc, was 6K808 for 1100cc
cat001;chap0102;24;Engine;Cylinder Head 850CC, 998CC & 1100CC Pre 'A' Plus;9;2A180;Heater tap blanking plate
cat001;chap0102;24;Engine;Cylinder Head 850CC, 998CC & 1100CC Pre 'A' Plus;10;88G221;Heater take off gasket
cat001;chap0102;24;Engine;Cylinder Head 850CC, 998CC & 1100CC Pre 'A' Plus;11;TAM2068;Valve seat insert exhaust
cat001;chap0102;24;Engine;Cylinder Head 850CC, 998CC & 1100CC Pre 'A' Plus;12;2A877;Inlet valve large collet groove 1.095” wide
cat001;chap0102;24;Engine;Cylinder Head 850CC, 998CC & 1100CC Pre 'A' Plus;12;CAM6391;Inlet valve small collet groove 1.095” wide
cat001;chap0102;24;Engine;Cylinder Head 850CC, 998CC & 1100CC Pre 'A' Plus;12;12G3036;Inlet valve small collet groove 1.15” wide
cat001;chap0102;24;Engine;Cylinder Head 850CC, 998CC & 1100CC Pre 'A' Plus;12;AEA574;Inlet valve large collet groove 1.15” wide
cat001;chap0102;24;Engine;Cylinder Head 850CC, 998CC & 1100CC Pre 'A' Plus;12;AEA434;Exhaust valve large collet groove 1” wide
cat001;chap0102;24;Engine;Cylinder Head 850CC, 998CC & 1100CC Pre 'A' Plus;12;12A1987;Exhaust valve small collet groove 1” wide
cat001;chap0102;24;Engine;Cylinder Head 850CC, 998CC & 1100CC Pre 'A' Plus;13;AEA311;Valve spring
cat001;chap0102;24;Engine;Cylinder Head 850CC, 998CC & 1100CC Pre 'A' Plus;15;88G617;Top cap for small collet groove
cat001;chap0102;24;Engine;Cylinder Head 850CC, 998CC & 1100CC Pre 'A' Plus;16;88G459;Valve cotter pair for 88G617 small collet groove
cat001;chap0102;24;Engine;Cylinder Head 850CC, 998CC & 1100CC Pre 'A' Plus;17;2A12;
cat001;chap0102;24;Engine;Cylinder Head 850CC, 998CC & 1100CC Pre 'A' Plus;18;12A1950;Rocker shaft
cat001;chap0102;24;Engine;Cylinder Head 850CC, 998CC & 1100CC Pre 'A' Plus;21;2A259;Rocker post locking plate
cat001;chap0102;24;Engine;Cylinder Head 850CC, 998CC & 1100CC Pre 'A' Plus;22;2A258;Locating plug
cat001;chap0102;24;Engine;Cylinder Head 850CC, 998CC & 1100CC Pre 'A' Plus;23;6K556;Rocker spacer spring
cat001;chap0102;24;Engine;Cylinder Head 850CC, 998CC & 1100CC Pre 'A' Plus;25;12G1221;Rocker forged
cat001;chap0102;24;Engine;Cylinder Head 850CC, 998CC & 1100CC Pre 'A' Plus;26;2A21;Bush
cat001;chap0102;24;Engine;Cylinder Head 850CC, 998CC & 1100CC Pre 'A' Plus;27;CAM289;Rocker sintered non bush type
cat001;chap0102;24;Engine;Cylinder Head 850CC, 998CC & 1100CC Pre 'A' Plus;28;AEG167;Rocker screw
cat001;chap0102;24;Engine;Cylinder Head 850CC, 998CC & 1100CC Pre 'A' Plus;28;12A1215;Rocker screw for [LINK]2A964[/LINK]
cat001;chap0102;24;Engine;Cylinder Head 850CC, 998CC & 1100CC Pre 'A' Plus;29;6K654;Adjuster nut for [LINK]12A1215[/LINK]
cat001;chap0102;24;Engine;Cylinder Head 850CC, 998CC & 1100CC Pre 'A' Plus;29;NT605061;Adjuster nut for [LINK]12G1221[/LINK] and [LINK]CAM289[/LINK]
cat001;chap0102;24;Engine;Cylinder Head 850CC, 998CC & 1100CC Pre 'A' Plus;30;51K1193;Cylinder head nut
cat001;chap0102;24;Engine;Cylinder Head 850CC, 998CC & 1100CC Pre 'A' Plus;31;GFK1115;Head nut washer
cat001;chap0102;24;Engine;Cylinder Head 850CC, 998CC & 1100CC Pre 'A' Plus;32;GUG702506HG;Head Gasket, was TAM2121 / AJM302
cat001;chap0102;24;Engine;Cylinder Head 850CC, 998CC & 1100CC Pre 'A' Plus;32;GEG302;Cylinder head gasket, copper - For gasket sets see page 28
cat001;chap0102;24;Engine;Cylinder Head 850CC, 998CC & 1100CC Pre 'A' Plus;32;C-AEA647;
cat001;chap0102;24;Engine;Cylinder Head 850CC, 998CC & 1100CC Pre 'A' Plus;33;2A18;Rocker shaft spring washer
cat001;chap0102;25;Engine;997CC & 998CC Cooper Cylinder Head;2;CHS2515;Stud, water elbow outlet
cat001;chap0102;25;Engine;997CC & 998CC Cooper Cylinder Head;3;51K885;Stud, long, rockers and cover
cat001;chap0102;25;Engine;997CC & 998CC Cooper Cylinder Head;4;51K1473;Stud, rocker posts, short
cat001;chap0102;25;Engine;997CC & 998CC Cooper Cylinder Head;5;53K487;Stud, manifold
cat001;chap0102;25;Engine;997CC & 998CC Cooper Cylinder Head;6;53K402;Stud, heater valve
cat001;chap0102;25;Engine;997CC & 998CC Cooper Cylinder Head;7;12G1963;Valve guide, was 12A186
cat001;chap0102;25;Engine;997CC & 998CC Cooper Cylinder Head;8;2K1345;Oil hole plug, was 6K808
cat001;chap0102;25;Engine;997CC & 998CC Cooper Cylinder Head;9;2A180;Heater tap blanking plate
cat001;chap0102;25;Engine;997CC & 998CC Cooper Cylinder Head;10;88G221;Heater take-off gasket
cat001;chap0102;25;Engine;997CC & 998CC Cooper Cylinder Head;11;GFK3211;Heater valve nut
cat001;chap0102;25;Engine;997CC & 998CC Cooper Cylinder Head;12;GFK1124;Washer
cat001;chap0102;25;Engine;997CC & 998CC Cooper Cylinder Head;13;TAM2068;Valve seat insert exhaust, lead free
cat001;chap0102;25;Engine;997CC & 998CC Cooper Cylinder Head;14;12G296;Inlet valve, 998cc Cooper (uses 2A11 cotter)
cat001;chap0102;25;Engine;997CC & 998CC Cooper Cylinder Head;14;AEA574;Inlet valve, 997cc Cooper (uses 2A11 cotter) 29.4mm(1.156”) wide
cat001;chap0102;25;Engine;997CC & 998CC Cooper Cylinder Head;14;12G3036;Inlet valve, 997cc (uses [LINK]88G459[/LINK] cotter)29.4mm
cat001;chap0102;25;Engine;997CC & 998CC Cooper Cylinder Head;14;AEA400;Exhaust valve (uses 2A11 cotter)1” wide
cat001;chap0102;25;Engine;997CC & 998CC Cooper Cylinder Head;14;12A1987;Exhaust valve (uses [LINK]88G459[/LINK] cotter)1” wide
cat001;chap0102;25;Engine;997CC & 998CC Cooper Cylinder Head;15;AEA311;Valve spring outer
cat001;chap0102;25;Engine;997CC & 998CC Cooper Cylinder Head;16;AEA401;Valve spring inner, 998 Cooper only
cat001;chap0102;25;Engine;997CC & 998CC Cooper Cylinder Head;18;88G617;Top cap for [LINK]88G459[/LINK] small groove cotter
cat001;chap0102;25;Engine;997CC & 998CC Cooper Cylinder Head;19;AEA403;Bottom spring collar, 998 Cooper
cat001;chap0102;25;Engine;997CC & 998CC Cooper Cylinder Head;20;88G459;Valve cotter (only for [LINK]88G617[/LINK])
cat001;chap0102;25;Engine;997CC & 998CC Cooper Cylinder Head;21;2A12;
cat001;chap0102;25;Engine;997CC & 998CC Cooper Cylinder Head;22;12A1950;Rocker shaft
cat001;chap0102;25;Engine;997CC & 998CC Cooper Cylinder Head;25;2A259;Rocker post locking plate N.L.A
cat001;chap0102;25;Engine;997CC & 998CC Cooper Cylinder Head;26;2A258;Locating plate plug
cat001;chap0102;25;Engine;997CC & 998CC Cooper Cylinder Head;27;6K556;Rocker spacer spring
cat001;chap0102;25;Engine;997CC & 998CC Cooper Cylinder Head;29;12G1221;Rocker forged
cat001;chap0102;25;Engine;997CC & 998CC Cooper Cylinder Head;30;2A21;Rocker bush
cat001;chap0102;25;Engine;997CC & 998CC Cooper Cylinder Head;31;AEG167;Adjusting screw for [LINK]12G1221[/LINK]
cat001;chap0102;25;Engine;997CC & 998CC Cooper Cylinder Head;31;12A1215;Adjusting screw for [LINK]2A964[/LINK]
cat001;chap0102;25;Engine;997CC & 998CC Cooper Cylinder Head;32;NT605061;Adjusting screw nut for [LINK]12G1221[/LINK]
cat001;chap0102;25;Engine;997CC & 998CC Cooper Cylinder Head;32;6K654;Adjusting screw nut for [LINK]2A964[/LINK]
cat001;chap0102;25;Engine;997CC & 998CC Cooper Cylinder Head;33;51K1193;Cylinder head nut
cat001;chap0102;25;Engine;997CC & 998CC Cooper Cylinder Head;34;GFK1115;Cylinder head washer
cat001;chap0102;25;Engine;997CC & 998CC Cooper Cylinder Head;35;GUG702506HG;Cylinder head gasket, was TAM2121B and AJM302
cat001;chap0102;25;Engine;997CC & 998CC Cooper Cylinder Head;35;C-AEA647;Cylinder head gasket, composite material for performance
cat001;chap0102;25;Engine;997CC & 998CC Cooper Cylinder Head;35;GEG302;Cylinder Head gasket, copper
cat001;chap0102;25;Engine;997CC & 998CC Cooper Cylinder Head;36;MSSK061;Cylinder head ancillary stud and nut kit
cat001;chap0102;25;Engine;997CC & 998CC Cooper Cylinder Head;37;2A18;Rocker shaft spring washer
cat001;chap0102;26;Engine;Cylinder Head, 998CC, 'A' Plus 1980 on;2;CHS2515;Stud, water elbow
cat001;chap0102;26;Engine;Cylinder Head, 998CC, 'A' Plus 1980 on;3;51K885;Stud, rocker posts/cover long
cat001;chap0102;26;Engine;Cylinder Head, 998CC, 'A' Plus 1980 on;4;51K1473;Stud, rocker posts short
cat001;chap0102;26;Engine;Cylinder Head, 998CC, 'A' Plus 1980 on;5;53K487;Stud, manifold
cat001;chap0102;26;Engine;Cylinder Head, 998CC, 'A' Plus 1980 on;5;C-STR282;Stud, manifold kit - Stainless steel
cat001;chap0102;26;Engine;Cylinder Head, 998CC, 'A' Plus 1980 on;6;53K402;Stud, heater tap valve take-off
cat001;chap0102;26;Engine;Cylinder Head, 998CC, 'A' Plus 1980 on;6;C-STR285;Stud kit, heater tap valve take-off - Stainless steel
cat001;chap0102;26;Engine;Cylinder Head, 998CC, 'A' Plus 1980 on;7;12G1963;Valve guide, was 2A608
cat001;chap0102;26;Engine;Cylinder Head, 998CC, 'A' Plus 1980 on;9;2A180;Blanking plate, heater take-off
cat001;chap0102;26;Engine;Cylinder Head, 998CC, 'A' Plus 1980 on;10;88G221;Gasket
cat001;chap0102;26;Engine;Cylinder Head, 998CC, 'A' Plus 1980 on;11;GFK3211;Nut 1/4”UNF
cat001;chap0102;26;Engine;Cylinder Head, 998CC, 'A' Plus 1980 on;12;GFK1124;Washer for nut
cat001;chap0102;26;Engine;Cylinder Head, 998CC, 'A' Plus 1980 on;13;TAM2068;Valve seat insert exhaust, lead free
cat001;chap0102;26;Engine;Cylinder Head, 998CC, 'A' Plus 1980 on;14;TAM1062;Inlet valve H.C. and lead free, 1984 on
cat001;chap0102;26;Engine;Cylinder Head, 998CC, 'A' Plus 1980 on;14;TAM1770;Exhaust valve H.C. and lead free, 1984 on
cat001;chap0102;26;Engine;Cylinder Head, 998CC, 'A' Plus 1980 on;14;CAM6505;
cat001;chap0102;26;Engine;Cylinder Head, 998CC, 'A' Plus 1980 on;14;CAM6391;Inlet valve, top of cotter groove .220 thou from valve tip
cat001;chap0102;26;Engine;Cylinder Head, 998CC, 'A' Plus 1980 on;14;12A1987;Exhaust valve, top of cotter groove .220 thou from valve tip
cat001;chap0102;26;Engine;Cylinder Head, 998CC, 'A' Plus 1980 on;15;12G1015;Valve spring for all triple collet valves
cat001;chap0102;26;Engine;Cylinder Head, 998CC, 'A' Plus 1980 on;15;AEA311;Valve spring, earlier heads
cat001;chap0102;26;Engine;Cylinder Head, 998CC, 'A' Plus 1980 on;16;88G617;Top cap, single groove
cat001;chap0102;26;Engine;Cylinder Head, 998CC, 'A' Plus 1980 on;16;AHU1897;Top cap, twin groove top cap, triple groove valve
cat001;chap0102;26;Engine;Cylinder Head, 998CC, 'A' Plus 1980 on;17;ADU4905;Valve oil seal
cat001;chap0102;26;Engine;Cylinder Head, 998CC, 'A' Plus 1980 on;18;88G459;Cotter, single groove valve
cat001;chap0102;26;Engine;Cylinder Head, 998CC, 'A' Plus 1980 on;18;CAM6975;Cotter, double groove valve. A Plus
cat001;chap0102;26;Engine;Cylinder Head, 998CC, 'A' Plus 1980 on;19;12A1950;Rocker shaft
cat001;chap0102;26;Engine;Cylinder Head, 998CC, 'A' Plus 1980 on;19;C-AEG399;Rocker shaft high quality
cat001;chap0102;26;Engine;Cylinder Head, 998CC, 'A' Plus 1980 on;22;2A259;Rocker shaft post locking plate
cat001;chap0102;26;Engine;Cylinder Head, 998CC, 'A' Plus 1980 on;23;2A258;Locating plate plug
cat001;chap0102;26;Engine;Cylinder Head, 998CC, 'A' Plus 1980 on;24;6K556;Rocker spacer spring
cat001;chap0102;26;Engine;Cylinder Head, 998CC, 'A' Plus 1980 on;25;CAM289;Rocker sintered
cat001;chap0102;26;Engine;Cylinder Head, 998CC, 'A' Plus 1980 on;26;12G1221;Rocker forged
cat001;chap0102;26;Engine;Cylinder Head, 998CC, 'A' Plus 1980 on;27;2A21;Rocker bush
cat001;chap0102;26;Engine;Cylinder Head, 998CC, 'A' Plus 1980 on;28;AEG167;Adjusting screw
cat001;chap0102;26;Engine;Cylinder Head, 998CC, 'A' Plus 1980 on;29;NT605061;Adjusting nut
cat001;chap0102;26;Engine;Cylinder Head, 998CC, 'A' Plus 1980 on;30;51K1193;Cylinder head nut, until [LINK]CAM4545[/LINK]
cat001;chap0102;26;Engine;Cylinder Head, 998CC, 'A' Plus 1980 on;31;GFK1115;Washer, until [LINK]CAM4545[/LINK] fitted
cat001;chap0102;26;Engine;Cylinder Head, 998CC, 'A' Plus 1980 on;32;CAM4545;Head nut with built in washer
cat001;chap0102;26;Engine;Cylinder Head, 998CC, 'A' Plus 1980 on;33;GUG702560HG;Cylinder head gasket, was TAM2121B and AJM302
cat001;chap0102;26;Engine;Cylinder Head, 998CC, 'A' Plus 1980 on;33;GEG300;Cylinder Head gasket, copper
cat001;chap0102;26;Engine;Cylinder Head, 998CC, 'A' Plus 1980 on;33;C-AEA647;Cylinder head performance composite gasket
cat001;chap0102;26;Engine;Cylinder Head, 998CC, 'A' Plus 1980 on;34;2A18;Rocker shaft spring washer
cat001;chap0102;27;Engine;Cylinder Head Cooper 'S' 970CC, 1071CC & 1275CC;2;CHS2515;Stud, water elbow outlet
cat001;chap0102;27;Engine;Cylinder Head Cooper 'S' 970CC, 1071CC & 1275CC;3;51K885;Stud, rocker cover long
cat001;chap0102;27;Engine;Cylinder Head Cooper 'S' 970CC, 1071CC & 1275CC;4;51K1473;Stud, rocker cover short
cat001;chap0102;27;Engine;Cylinder Head Cooper 'S' 970CC, 1071CC & 1275CC;5;53K487;Stud, manifold
cat001;chap0102;27;Engine;Cylinder Head Cooper 'S' 970CC, 1071CC & 1275CC;6;53K402;Stud, heater tap
cat001;chap0102;27;Engine;Cylinder Head Cooper 'S' 970CC, 1071CC & 1275CC;7;C-AHT281;Extra cylinder head bolt, was AEG248
cat001;chap0102;27;Engine;Cylinder Head Cooper 'S' 970CC, 1071CC & 1275CC;8;12G1963;Valve guide, tapered nose
cat001;chap0102;27;Engine;Cylinder Head Cooper 'S' 970CC, 1071CC & 1275CC;8;C-AJJ4037;Bronze hidural valve guide, when EN214N valves fitted
cat001;chap0102;27;Engine;Cylinder Head Cooper 'S' 970CC, 1071CC & 1275CC;9;2K1345;Oil hole plug
cat001;chap0102;27;Engine;Cylinder Head Cooper 'S' 970CC, 1071CC & 1275CC;11;AEA771;Water and dowel hole plug
cat001;chap0102;27;Engine;Cylinder Head Cooper 'S' 970CC, 1071CC & 1275CC;12;12G3503;Cleaning hole plug, was CAM4133 & 12H1734
cat001;chap0102;27;Engine;Cylinder Head Cooper 'S' 970CC, 1071CC & 1275CC;13;2A180;Heater take-off blanking plate
cat001;chap0102;27;Engine;Cylinder Head Cooper 'S' 970CC, 1071CC & 1275CC;14;88G221;Heater tap gasket
cat001;chap0102;27;Engine;Cylinder Head Cooper 'S' 970CC, 1071CC & 1275CC;16;AEG593;Inlet valve EN214N material 35.6mm (1.4”) short stem length
cat001;chap0102;27;Engine;Cylinder Head Cooper 'S' 970CC, 1071CC & 1275CC;16;AEG592;Inlet valve 35.6mm (1.4”) Long stem valve
cat001;chap0102;27;Engine;Cylinder Head Cooper 'S' 970CC, 1071CC & 1275CC;16;AEG594;Exhaust valve EN214N material 31mm (1.21”) short stem length
cat001;chap0102;27;Engine;Cylinder Head Cooper 'S' 970CC, 1071CC & 1275CC;16;AHU1049;Exhaust valve 29.2mm (1.15”) diameter (long stem) was 12G1322
cat001;chap0102;27;Engine;Cylinder Head Cooper 'S' 970CC, 1071CC & 1275CC;17;C-AEA525;Inner and outer valve spring set
cat001;chap0102;27;Engine;Cylinder Head Cooper 'S' 970CC, 1071CC & 1275CC;17;C-AEA526;Inner and outer valve spring set - Race
cat001;chap0102;27;Engine;Cylinder Head Cooper 'S' 970CC, 1071CC & 1275CC;19;88G617;Top cap
cat001;chap0102;27;Engine;Cylinder Head Cooper 'S' 970CC, 1071CC & 1275CC;19;AEA653;Top cap, steel (was “W” stamped)
cat001;chap0102;27;Engine;Cylinder Head Cooper 'S' 970CC, 1071CC & 1275CC;20;AEA403;Bottom cap
cat001;chap0102;27;Engine;Cylinder Head Cooper 'S' 970CC, 1071CC & 1275CC;21;LJQ101160;Top hat seal - Dupont Viton
cat001;chap0102;27;Engine;Cylinder Head Cooper 'S' 970CC, 1071CC & 1275CC;22;88G459;Valve cotter
cat001;chap0102;27;Engine;Cylinder Head Cooper 'S' 970CC, 1071CC & 1275CC;23;12A1950;Rocker shaft
cat001;chap0102;27;Engine;Cylinder Head Cooper 'S' 970CC, 1071CC & 1275CC;23;C-AEG399;Rocker shaft performance
cat001;chap0102;27;Engine;Cylinder Head Cooper 'S' 970CC, 1071CC & 1275CC;26;AEG168;Spacer rocker shaft .040”
cat001;chap0102;27;Engine;Cylinder Head Cooper 'S' 970CC, 1071CC & 1275CC;26;AEG169;Spacer rocker shaft .010”
cat001;chap0102;27;Engine;Cylinder Head Cooper 'S' 970CC, 1071CC & 1275CC;27;2A259;Rocker post locking plate
cat001;chap0102;27;Engine;Cylinder Head Cooper 'S' 970CC, 1071CC & 1275CC;28;2A258;Locating plate plug
cat001;chap0102;27;Engine;Cylinder Head Cooper 'S' 970CC, 1071CC & 1275CC;29;6K556;Rocker spacer spring
cat001;chap0102;27;Engine;Cylinder Head Cooper 'S' 970CC, 1071CC & 1275CC;30;12G1221;Rocker, forged
cat001;chap0102;27;Engine;Cylinder Head Cooper 'S' 970CC, 1071CC & 1275CC;31;2A21;Rocker bush
cat001;chap0102;27;Engine;Cylinder Head Cooper 'S' 970CC, 1071CC & 1275CC;32;AEG167;Rocker adjusting screw
cat001;chap0102;27;Engine;Cylinder Head Cooper 'S' 970CC, 1071CC & 1275CC;33;NT605061;Rocker adjusting nut
cat001;chap0102;27;Engine;Cylinder Head Cooper 'S' 970CC, 1071CC & 1275CC;34;GEG300;Head gasket, copper
cat001;chap0102;27;Engine;Cylinder Head Cooper 'S' 970CC, 1071CC & 1275CC;34;GUG702560HG;Head gasket, AF470 was GUG2507HG
cat001;chap0102;27;Engine;Cylinder Head Cooper 'S' 970CC, 1071CC & 1275CC;34;TAM1521;Cylinder head gasket, BK450 - For gasket sets see page 28
cat001;chap0102;27;Engine;Cylinder Head Cooper 'S' 970CC, 1071CC & 1275CC;35;51K1193;Cylinder head nut
cat001;chap0102;27;Engine;Cylinder Head Cooper 'S' 970CC, 1071CC & 1275CC;36;GFK1115;Washer
cat001;chap0102;27;Engine;Cylinder Head Cooper 'S' 970CC, 1071CC & 1275CC;37;MSSK061;Cylinder head ancillary stud and nut kit
cat001;chap0102;27;Engine;Cylinder Head Cooper 'S' 970CC, 1071CC & 1275CC;38;2A18;Rocker shaft spring washer
cat001;chap0102;28;Engine;1275 Except Cooper 'S' & Turbo;2;CHS2515;Stud, for thermostat housing
cat001;chap0102;28;Engine;1275 Except Cooper 'S' & Turbo;2;CHS2524;Stud long, when sandwich plate fitted
cat001;chap0102;28;Engine;1275 Except Cooper 'S' & Turbo;3;51K885;Stud, rocker posts/cover long
cat001;chap0102;28;Engine;1275 Except Cooper 'S' & Turbo;5;53K487;Stud, manifold
cat001;chap0102;28;Engine;1275 Except Cooper 'S' & Turbo;6;53K402;Stud, heater valve take-off
cat001;chap0102;28;Engine;1275 Except Cooper 'S' & Turbo;7;12G1963;Valve guide
cat001;chap0102;28;Engine;1275 Except Cooper 'S' & Turbo;8;2K1345;Oil hole plug
cat001;chap0102;28;Engine;1275 Except Cooper 'S' & Turbo;10;AEA771;Water and dowel plug with hole
cat001;chap0102;28;Engine;1275 Except Cooper 'S' & Turbo;11;12G3503;Cleaning hole plug
cat001;chap0102;28;Engine;1275 Except Cooper 'S' & Turbo;12;2A180;Heater tap blanking plate
cat001;chap0102;28;Engine;1275 Except Cooper 'S' & Turbo;13;88G221;Heater take-off gasket
cat001;chap0102;28;Engine;1275 Except Cooper 'S' & Turbo;14;TAM2069;Valve seat insert exhaust (was 12G2675 not lead free)
cat001;chap0102;28;Engine;1275 Except Cooper 'S' & Turbo;15;12G941;Inlet valve (1.3”) 33mm
cat001;chap0102;28;Engine;1275 Except Cooper 'S' & Turbo;15;TAM1058;Inlet valve, triple collet groove (1.3”) 33mm
cat001;chap0102;28;Engine;1275 Except Cooper 'S' & Turbo;15;AHU1049;Exhaust valve (1.15”) 29.2mm, was 12G1322
cat001;chap0102;28;Engine;1275 Except Cooper 'S' & Turbo;15;TAM1061;Exhaust valve, triple collet groove (1.15”) 29.2mm
cat001;chap0102;28;Engine;1275 Except Cooper 'S' & Turbo;16;12G1015;Valve spring
cat001;chap0102;28;Engine;1275 Except Cooper 'S' & Turbo;17;88G617;Top cap
cat001;chap0102;28;Engine;1275 Except Cooper 'S' & Turbo;17;AHU1897;Top cap
cat001;chap0102;28;Engine;1275 Except Cooper 'S' & Turbo;18;ADU4905;Valve seal
cat001;chap0102;28;Engine;1275 Except Cooper 'S' & Turbo;18;LJQ101160;Valve seal (Dupont Viton) upgrade
cat001;chap0102;28;Engine;1275 Except Cooper 'S' & Turbo;19;88G459;Valve cotter
cat001;chap0102;28;Engine;1275 Except Cooper 'S' & Turbo;19;CAM6975;Valve cotter (one half only)
cat001;chap0102;28;Engine;1275 Except Cooper 'S' & Turbo;20;12A1950;Rocker shaft
cat001;chap0102;28;Engine;1275 Except Cooper 'S' & Turbo;23;2A515;Rocker post locking plate
cat001;chap0102;28;Engine;1275 Except Cooper 'S' & Turbo;24;2A258;Locating plate plug
cat001;chap0102;28;Engine;1275 Except Cooper 'S' & Turbo;25;6K556;Rocker spacer spring
cat001;chap0102;28;Engine;1275 Except Cooper 'S' & Turbo;27;CAM289;Rocker sintered (no bush) 1/2” AF spanner size nut
cat001;chap0102;28;Engine;1275 Except Cooper 'S' & Turbo;28;12G1221;Rocker forged
cat001;chap0102;28;Engine;1275 Except Cooper 'S' & Turbo;29;2A21;Rocker bush
cat001;chap0102;28;Engine;1275 Except Cooper 'S' & Turbo;30;AEG168;Spacing washer .040”
cat001;chap0102;28;Engine;1275 Except Cooper 'S' & Turbo;30;AEG169;Spacing washer .010”
cat001;chap0102;28;Engine;1275 Except Cooper 'S' & Turbo;31;AEG167;Rocker screw, uses [LINK]NT605061[/LINK]
cat001;chap0102;28;Engine;1275 Except Cooper 'S' & Turbo;32;NT605061;Rocker screw nut, 1/2” AF spanner size nut
cat001;chap0102;28;Engine;1275 Except Cooper 'S' & Turbo;33;51K1193;Head nut
cat001;chap0102;28;Engine;1275 Except Cooper 'S' & Turbo;34;GFK1115;Head washer was PWN106
cat001;chap0102;28;Engine;1275 Except Cooper 'S' & Turbo;35;CAM4545;Head nut with shoulder
cat001;chap0102;28;Engine;1275 Except Cooper 'S' & Turbo;36;GEG300;Head gasket Payen AF460 - For gasket sets see page 28
cat001;chap0102;28;Engine;1275 Except Cooper 'S' & Turbo;36;GUG702560HG;Cylinder head gasket, AF470
cat001;chap0102;28;Engine;1275 Except Cooper 'S' & Turbo;36;TAM1521;Cylinder head gasket, BK450
cat001;chap0102;28;Engine;1275 Except Cooper 'S' & Turbo;37;2A18;Rocker shaft spring washer
cat001;chap0102;29;Engine;Cylinder Head 1275 Turbo & Heads with Triple Coll;2;CHS2515;Stud, water elbow
cat001;chap0102;29;Engine;Cylinder Head 1275 Turbo & Heads with Triple Coll;2;CHS2524;Stud long, when sandwich plate fitted
cat001;chap0102;29;Engine;Cylinder Head 1275 Turbo & Heads with Triple Coll;3;51K885;Stud, rocker cover long
cat001;chap0102;29;Engine;Cylinder Head 1275 Turbo & Heads with Triple Coll;5;53K487;Stud, manifold
cat001;chap0102;29;Engine;Cylinder Head 1275 Turbo & Heads with Triple Coll;5;LYR10028;Manifold stud, (6mm longer than [LINK]53K487[/LINK])
cat001;chap0102;29;Engine;Cylinder Head 1275 Turbo & Heads with Triple Coll;6;12G1963;Valve guide, was 12G1111
cat001;chap0102;29;Engine;Cylinder Head 1275 Turbo & Heads with Triple Coll;7;2K1345;Oil gallery plug, was CDU2601Rivet - use brass plug
cat001;chap0102;29;Engine;Cylinder Head 1275 Turbo & Heads with Triple Coll;9;AEA771;Water and dowel hole plug
cat001;chap0102;29;Engine;Cylinder Head 1275 Turbo & Heads with Triple Coll;10;12G3503;Cleaning hole plug, was CAM4133 & 12H1734
cat001;chap0102;29;Engine;Cylinder Head 1275 Turbo & Heads with Triple Coll;11;TAM2069;Valve seat insert, exhaust
cat001;chap0102;29;Engine;Cylinder Head 1275 Turbo & Heads with Triple Coll;12;TAM1058;Inlet valve 33mm diameter
cat001;chap0102;29;Engine;Cylinder Head 1275 Turbo & Heads with Triple Coll;12;TAM1330;Inlet valve 33mm diameter, turbo Metro Eng 102641 on
cat001;chap0102;29;Engine;Cylinder Head 1275 Turbo & Heads with Triple Coll;12;TAM1059;Inlet valve 35.6mm diameter
cat001;chap0102;29;Engine;Cylinder Head 1275 Turbo & Heads with Triple Coll;12;TAM1061;Exhaust valve 29.2mm diameter
cat001;chap0102;29;Engine;Cylinder Head 1275 Turbo & Heads with Triple Coll;12;AHU1976;Exhaust valve 29.3mm diameter - Was CAM6572
cat001;chap0102;29;Engine;Cylinder Head 1275 Turbo & Heads with Triple Coll;13;12G1015;Valve spring
cat001;chap0102;29;Engine;Cylinder Head 1275 Turbo & Heads with Triple Coll;14;C-AEA525;Inner and Outer valve spring set
cat001;chap0102;29;Engine;Cylinder Head 1275 Turbo & Heads with Triple Coll;14;C-AEA526;Inner and Outer valve spring set - Race
cat001;chap0102;29;Engine;Cylinder Head 1275 Turbo & Heads with Triple Coll;16;AHU1897;Top cap
cat001;chap0102;29;Engine;Cylinder Head 1275 Turbo & Heads with Triple Coll;16;CAM6582;Top cap
cat001;chap0102;29;Engine;Cylinder Head 1275 Turbo & Heads with Triple Coll;17;ADU4905;Valve seal (with spring)
cat001;chap0102;29;Engine;Cylinder Head 1275 Turbo & Heads with Triple Coll;18;CAM6975;Valve cotter, sold per half cotter
cat001;chap0102;29;Engine;Cylinder Head 1275 Turbo & Heads with Triple Coll;18;CAM6573;Valve cotter, turbo exhaust only
cat001;chap0102;29;Engine;Cylinder Head 1275 Turbo & Heads with Triple Coll;19;AEA403;Valve spring bottom collar, when [LINK]12G1137[/LINK] fitted
cat001;chap0102;29;Engine;Cylinder Head 1275 Turbo & Heads with Triple Coll;20;12A1950;Rocker shaft
cat001;chap0102;29;Engine;Cylinder Head 1275 Turbo & Heads with Triple Coll;20;C-AEG399;Rocker shaft performance - High quality
cat001;chap0102;29;Engine;Cylinder Head 1275 Turbo & Heads with Triple Coll;23;2A259;Rocker post locking plate
cat001;chap0102;29;Engine;Cylinder Head 1275 Turbo & Heads with Triple Coll;24;2A258;Locating plug
cat001;chap0102;29;Engine;Cylinder Head 1275 Turbo & Heads with Triple Coll;25;6K556;Rocker spacer spring
cat001;chap0102;29;Engine;Cylinder Head 1275 Turbo & Heads with Triple Coll;26;CAM289;Rocker (sintered)
cat001;chap0102;29;Engine;Cylinder Head 1275 Turbo & Heads with Triple Coll;27;12G1221;Rocker forged
cat001;chap0102;29;Engine;Cylinder Head 1275 Turbo & Heads with Triple Coll;28;2A21;Rocker bush
cat001;chap0102;29;Engine;Cylinder Head 1275 Turbo & Heads with Triple Coll;29;AEG167;Rocker adjuster screw
cat001;chap0102;29;Engine;Cylinder Head 1275 Turbo & Heads with Triple Coll;30;NT605061;Rocker screw nut
cat001;chap0102;29;Engine;Cylinder Head 1275 Turbo & Heads with Triple Coll;31;AEG168;Rocker spacer washer
cat001;chap0102;29;Engine;Cylinder Head 1275 Turbo & Heads with Triple Coll;32;GUG702560HG;Head gasket, AF470 was GUG2507HG
cat001;chap0102;29;Engine;Cylinder Head 1275 Turbo & Heads with Triple Coll;32;TAM1521;Cylinder Head gasket, BK450
cat001;chap0102;29;Engine;Cylinder Head 1275 Turbo & Heads with Triple Coll;32;GEG300;Head gasket Payen AF460
cat001;chap0102;29;Engine;Cylinder Head 1275 Turbo & Heads with Triple Coll;33;CAM4545;Cylinder head nut
cat001;chap0102;29;Engine;Cylinder Head 1275 Turbo & Heads with Triple Coll;34;2A18;Rocker shaft spring washer
cat001;chap0102;31;Engine;Engine Components Cylinder Head;2;CAM6822;Alloy rocker cover, MG Metro/turbo
cat001;chap0102;31;Engine;Engine Components Cylinder Head;2;FP26;Flat top ribbed alloy rocker cover with polished cap
cat001;chap0102;31;Engine;Engine Components Cylinder Head;2;ROCKERCVR;Flat top ribbed Mini Spares alloy rocker cover with cap
cat001;chap0102;31;Engine;Engine Components Cylinder Head;3;GFE6007;Rocker cap (Red) MG Metro/turbo. No strap
cat001;chap0102;31;Engine;Engine Components Cylinder Head;4;GFE6003;Rocker cap with strap
cat001;chap0102;31;Engine;Engine Components Cylinder Head;4;GFE6003MS;Rocker cap, budget version with strap
cat001;chap0102;31;Engine;Engine Components Cylinder Head;4;12A402;Rocker cap, non breather type
cat001;chap0102;31;Engine;Engine Components Cylinder Head;5;12A1358;Rubber bush
cat001;chap0102;31;Engine;Engine Components Cylinder Head;6;1A2156;Seal cup washer
cat001;chap0102;31;Engine;Engine Components Cylinder Head;6;GM040K;Washer chrome, was 12G679
cat001;chap0102;31;Engine;Engine Components Cylinder Head;6;SAC71L;Rocker cover hardware kit chrome
cat001;chap0102;31;Engine;Engine Components Cylinder Head;7;1B2925;Distance piece
cat001;chap0102;31;Engine;Engine Components Cylinder Head;7;GM039K;Distance piece chrome, was 12G687
cat001;chap0102;31;Engine;Engine Components Cylinder Head;8;GM038P;Nut cap chrome, was CAM6823
cat001;chap0102;31;Engine;Engine Components Cylinder Head;9;GUG705009VC;Rocker cover gasket, was GEG401 - For gasket sets see P27
cat001;chap0102;31;Engine;Engine Components Cylinder Head;9;GUG5038VC;Rocker cover gasket, was GEG417 - For gasket sets see P27
cat001;chap0102;31;Engine;Engine Components Cylinder Head;10;12G103;Thermostat housing
cat001;chap0102;31;Engine;Engine Components Cylinder Head;11;PEQ10019;
cat001;chap0102;31;Engine;Engine Components Cylinder Head;11;PEQ10010;Tapped thermostat housing, HIF38 (12AG03/4 engine)
cat001;chap0102;31;Engine;Engine Components Cylinder Head;12;PEM10036;Sandwich plate, with radiator fixing lug (HIF44 Cooper)
cat001;chap0102;31;Engine;Engine Components Cylinder Head;12;PEG10002;Sandwich plate, with radiator fixing lug
cat001;chap0102;31;Engine;Engine Components Cylinder Head;13;GTG101MS;Thermostat gasket
cat001;chap0102;31;Engine;Engine Components Cylinder Head;14;GFK3212;Nut was GHF201
cat001;chap0102;31;Engine;Engine Components Cylinder Head;15;GFK1114;Washer, spring 5/16”
cat001;chap0102;31;Engine;Engine Components Cylinder Head;16;GTS102;Thermostat 74 centigrade (165F)
cat001;chap0102;31;Engine;Engine Components Cylinder Head;16;GTS104;Thermostat 82 centigrade (180F)
cat001;chap0102;31;Engine;Engine Components Cylinder Head;16;GTS106;Thermostat 88 centigrade (190F)
cat001;chap0102;31;Engine;Engine Components Cylinder Head;17;12A2075;Cylinder head by pass adaptor long
cat001;chap0102;31;Engine;Engine Components Cylinder Head;18;12A1093MS;By pass hose fluted
cat001;chap0102;31;Engine;Engine Components Cylinder Head;18;AEG484;By pass hose straight, Kevlar content
cat001;chap0102;31;Engine;Engine Components Cylinder Head;18;GZA2083;By pass hose straight, Kevlar content
cat001;chap0102;31;Engine;Engine Components Cylinder Head;19;3H2963;Hose clip
cat001;chap0102;31;Engine;Engine Components Cylinder Head;20;CAM4126;Blanking plug for by pass hose
cat001;chap0102;31;Engine;Engine Components Cylinder Head;21;GHC406;Clip for [LINK]CAM4126[/LINK], (alternative clip [LINK]3H2963[/LINK])
cat001;chap0102;31;Engine;Engine Components Cylinder Head;22;ADP210;Plug, for thermal transmitter hole, cyl/head or 12A408
cat001;chap0102;31;Engine;Engine Components Cylinder Head;22;TE5;Adapter, use with mechanical temp gauge
cat001;chap0102;31;Engine;Engine Components Cylinder Head;23;1B3664;Washer for [LINK]ADP210[/LINK]
cat001;chap0102;31;Engine;Engine Components Cylinder Head;24;GTR101;Temperature transmitter, alternative to [LINK]GTR143[/LINK]/[LINK]GTR102[/LINK]
cat001;chap0102;31;Engine;Engine Components Cylinder Head;24;GTR104;Temperature transmitter, Cooper ‘S’ 1964-69
cat001;chap0102;31;Engine;Engine Components Cylinder Head;24;GTR307;Temperature transmitter, fuel injected TBI 10/91 on
cat001;chap0102;31;Engine;Engine Components Cylinder Head;26;MAW10001;Seal for vacuum switch
cat001;chap0102;31;Engine;Engine Components Cylinder Head;27;12A1968;Engine lifting eye
cat001;chap0102;31;Engine;Engine Components Cylinder Head;28;BP6ES;Spark plug NGK
cat001;chap0102;32;Engine;Pressure Valve, Dipsticks;1;GLP110MS;Oil pump, Sureflow slot drive turbo
cat001;chap0102;32;Engine;Pressure Valve, Dipsticks;1;GLP138;Oil pump, slot drive, was AHU1048
cat001;chap0102;32;Engine;Pressure Valve, Dipsticks;1;C-AEG412;Oil pump, Evolution slot drive
cat001;chap0102;32;Engine;Pressure Valve, Dipsticks;1;GLP139;Oil pump, slot drive small bore, was AHU1050
cat001;chap0102;32;Engine;Pressure Valve, Dipsticks;1;C-AEG413;Oil pump, Evolution slot drive
cat001;chap0102;32;Engine;Pressure Valve, Dipsticks;2;GLP141;Oil pump star drive (2 bolt fitting) 1275cc
cat001;chap0102;32;Engine;Pressure Valve, Dipsticks;3;GLP142;Oil pump pin drive, 850/998/1000cc
cat001;chap0102;32;Engine;Pressure Valve, Dipsticks;3;C-AEG410;Oil pump, Evolution pin drive was AEG410
cat001;chap0102;32;Engine;Pressure Valve, Dipsticks;5;GFK5170;Bolt 11/2” for Holburn Eaton and Sureflow
cat001;chap0102;32;Engine;Pressure Valve, Dipsticks;5;BH604131;Bolt 1.625” long, all current stock range
cat001;chap0102;32;Engine;Pressure Valve, Dipsticks;5;BH604141;Bolt 13/4” for original concentric
cat001;chap0102;32;Engine;Pressure Valve, Dipsticks;6;12G730B;Oil pump gasket - Was 88G411
cat001;chap0102;32;Engine;Pressure Valve, Dipsticks;6;GUG705560GM;Oil pump gasket, genuine
cat001;chap0102;32;Engine;Pressure Valve, Dipsticks;8;BLS916;Ball bearing, use with [LINK]AEA536[/LINK]
cat001;chap0102;32;Engine;Pressure Valve, Dipsticks;8;12H865;Valve oil release
cat001;chap0102;32;Engine;Pressure Valve, Dipsticks;9;6K853;Oil valve spring, 60lb
cat001;chap0102;32;Engine;Pressure Valve, Dipsticks;9;AEA536;Oil valve spring, 65lb-Cooper ‘S’
cat001;chap0102;32;Engine;Pressure Valve, Dipsticks;10;6K431;Copper washer
cat001;chap0102;32;Engine;Pressure Valve, Dipsticks;11;12A1851;Nut cap
cat001;chap0102;32;Engine;Pressure Valve, Dipsticks;13;12G107;Dipstick tube, nylon (use [LINK]12A116[/LINK] with nylon tube)
cat001;chap0102;32;Engine;Pressure Valve, Dipsticks;14;AEC671;Dipstick seal for [LINK]12A116[/LINK]
cat001;chap0102;32;Engine;Pressure Valve, Dipsticks;16;MSA1124;Dipstick with blue knob
cat001;chap0102;32;Engine;Pressure Valve, Dipsticks;16;MSA1125;Dipstick with red knob
cat001;chap0102;32;Engine;Pressure Valve, Dipsticks;17;MSA1134;Dipstick with chrome T handle
cat001;chap0102;32;Engine;Pressure Valve, Dipsticks;18;2A797;Oil pressure relief seating in block
cat001;chap0102;32;Engine;Pressure Valve, Dipsticks;19;6K464;Washer for oil priming hole, when applicable
cat001;chap0102;33;Engine;Oil Filter Components;3;508380;Seal was 17H2281
cat001;chap0102;33;Engine;Oil Filter Components;5;7H28;Rubber seal
cat001;chap0102;33;Engine;Oil Filter Components;9;12A1591;Housing to filter head seal
cat001;chap0102;33;Engine;Oil Filter Components;10;TAM2106BRAIDED;Replacement block to filter pipe & union kit Pre 1992 - Block union size 5/8”UNF - Filter head union?size 1/4”NPT
cat001;chap0102;33;Engine;Oil Filter Components;10;MOC1019;Replacement block to filter pipe & union kit Pre 1992 - Block union size 5/8”UNF - Filter head union?size 11/16”UNF
cat001;chap0102;33;Engine;Oil Filter Components;10;MOC1018;Replacement block to filter pipe & union kit 12A engine/1991 on - Block union size 11/16”UNF - Filter head union?size 11/16”UNF
cat001;chap0102;33;Engine;Oil Filter Components;10;MOC1020;Replacement block to filter pipe & union kit 12A engine/1991 on - Block union size 11/16”UNF - Filter head union?size 1/4”NPT
cat001;chap0102;33;Engine;Oil Filter Components;11;2A715;Banjo bolt
cat001;chap0102;33;Engine;Oil Filter Components;12;AED172;Copper washer
cat001;chap0102;33;Engine;Oil Filter Components;12;LYF10017;Metal washer with internal seal (alternative to [LINK]AED172[/LINK])
cat001;chap0102;33;Engine;Oil Filter Components;14;88G402;Filter to block gasket, paper element type plus late billet type
cat001;chap0102;33;Engine;Oil Filter Components;15;TAM2097;Spin on filter head, 1/4” NPT thread
cat001;chap0102;33;Engine;Oil Filter Components;15;12A2032RACE;Spin on filter head, alloy billet, 1/4” NPT thread
cat001;chap0102;33;Engine;Oil Filter Components;15;LPX10026RACE;Spin on filter head, uses [LINK]88G402[/LINK] gasket
cat001;chap0102;33;Engine;Oil Filter Components;17;12A2035;Gasket, for spin on filter
cat001;chap0102;33;Engine;Oil Filter Components;17;GUG705553GM;Gasket, for spin on filter
cat001;chap0102;34;Engine;Timing Cover & Tappet Inspection Cover;2;88G561;Oil seal
cat001;chap0102;34;Engine;Timing Cover & Tappet Inspection Cover;2;LUF10006;Oil seal for [LINK]LJR10168[/LINK] cover, 1990 on
cat001;chap0102;34;Engine;Timing Cover & Tappet Inspection Cover;4;LJR10168;Timing cover with breather and injection pick up point
cat001;chap0102;34;Engine;Timing Cover & Tappet Inspection Cover;5;12A1148;Oil thrower
cat001;chap0102;34;Engine;Timing Cover & Tappet Inspection Cover;7;12G2625;Gasket, timing cover with bulge for tensioner
cat001;chap0102;34;Engine;Timing Cover & Tappet Inspection Cover;7;GUG705550GM;Gasket, timing cover gasket, when tensioner
cat001;chap0102;34;Engine;Timing Cover & Tappet Inspection Cover;8;SH604031;Screw, cover to front plate 1/4” UNF
cat001;chap0102;34;Engine;Timing Cover & Tappet Inspection Cover;9;GFK1113;Washer, was GHF300
cat001;chap0102;34;Engine;Timing Cover & Tappet Inspection Cover;10;GFK1124;Spring washer, was GHF331
cat001;chap0102;34;Engine;Timing Cover & Tappet Inspection Cover;11;GFK5184;Screw, cover to block, was GHF120
cat001;chap0102;34;Engine;Timing Cover & Tappet Inspection Cover;12;GFK1114;Washer, was GHF301
cat001;chap0102;34;Engine;Timing Cover & Tappet Inspection Cover;13;GFK1125;Spring washer, was GHF332
cat001;chap0102;34;Engine;Timing Cover & Tappet Inspection Cover;16;12A1139;Cork gasket
cat001;chap0102;34;Engine;Timing Cover & Tappet Inspection Cover;16;12A1175;Rubber gasket, introduced in 1966
cat001;chap0102;34;Engine;Timing Cover & Tappet Inspection Cover;17;BH605101;Tappet chest bolt
cat001;chap0102;34;Engine;Timing Cover & Tappet Inspection Cover;18;12A1176;Tappet cover seal
cat001;chap0102;34;Engine;Timing Cover & Tappet Inspection Cover;19;12A1177;Washer cup for bush on [LINK]12A1176[/LINK] only
cat001;chap0102;34;Engine;Timing Cover & Tappet Inspection Cover;20;12A1735;Breather hose single carburettor
cat001;chap0102;34;Engine;Timing Cover & Tappet Inspection Cover;21;C-AHH8537;Breather hose twin carburettor
cat001;chap0102;34;Engine;Timing Cover & Tappet Inspection Cover;22;3H2963;Hose clip
cat001;chap0102;34;Engine;Timing Cover & Tappet Inspection Cover;23;12G2134;“Y” piece plastic twin carburettor
cat001;chap0102;35;Engine;Power Unit Gasket Sets 1959-2000;1;GUG701149HS;998cc Head set pre A Plus all 850/1098cc also
cat001;chap0102;35;Engine;Power Unit Gasket Sets 1959-2000;1;GUG701152HS;998cc Head set A Plus with HS4
cat001;chap0102;35;Engine;Power Unit Gasket Sets 1959-2000;1;GUG701133HS;998cc Head set A Plus HIF for Metro
cat001;chap0102;35;Engine;Power Unit Gasket Sets 1959-2000;1;GUG701142HS;1275cc Head set turbo
cat001;chap0102;35;Engine;Power Unit Gasket Sets 1959-2000;1;GUG701186HS;1275cc Head set HIF44 carb Metro and Cooper
cat001;chap0102;35;Engine;Power Unit Gasket Sets 1959-2000;1;GUG701114HS;1275cc Head set HIF38 carb and HIF44
cat001;chap0102;35;Engine;Power Unit Gasket Sets 1959-2000;1;GUG701187HS;1275cc Head set SPI
cat001;chap0102;35;Engine;Power Unit Gasket Sets 1959-2000;1;GUG701159HS;1275cc Head set MPI
cat001;chap0102;35;Engine;Power Unit Gasket Sets 1959-2000;2;GUG701614CS;998cc Engine block set Pre A plus all 850/1098cc also
cat001;chap0102;35;Engine;Power Unit Gasket Sets 1959-2000;3;GUG708015TS;Gearbox gasket set, automatic only
cat001;chap0102;35;Engine;Power Unit Gasket Sets 1959-2000;4;GUG703038SG;Gearbox to Engine gaskets - 3&4 Synchromesh. - Non Genuine
cat001;chap0102;35;Engine;Power Unit Gasket Sets 1959-2000;4;GUG703049SG;Gearbox to Engine gaskets - Genuine
cat001;chap0102;35;Engine;Power Unit Gasket Sets 1959-2000;5;AJM1250MS;Head set for any 850/998/110Occ small bore engines
cat001;chap0102;35;Engine;Power Unit Gasket Sets 1959-2000;5;AJM1140;Head set for any S or 1275cc with TAM1521 head gasket
cat001;chap0102;35;Engine;Power Unit Gasket Sets 1959-2000;5;AJM1140MS;Head set for any S or 1275cc with copper head gasket
cat001;chap0102;35;Engine;Power Unit Gasket Sets 1959-2000;5;AJM1141MS;Head set for any S or 1275cc with GEG300 head gasket
cat001;chap0102;35;Engine;Power Unit Gasket Sets 1959-2000;6;AJM202MS;Engine block set for any engine with tappet chest covers
cat001;chap0102;35;Engine;Power Unit Gasket Sets 1959-2000;6;AJM206MS;Engine block set for any engine without tappet chest covers
cat001;chap0102;35;Engine;Power Unit Gasket Sets 1959-2000;7;AJM804B;Gearbox gasket set for any manual drive
cat001;chap0102;35;Engine;Power Unit Gasket Sets 1959-2000;8;GUG702506HG;Head gasket small bore - 850 / 997 / 998 / 1098cc
cat001;chap0102;35;Engine;Power Unit Gasket Sets 1959-2000;8;GEG302;Head gasket small bore - 850 / 997 / 998 / 1098cc
cat001;chap0102;35;Engine;Power Unit Gasket Sets 1959-2000;8;C-AEA647;Head gasket small bore composite material - Performance
cat001;chap0102;35;Engine;Power Unit Gasket Sets 1959-2000;8;GUG702560HG;Head gasket large bore - 1275cc stamped LVL100380
cat001;chap0102;35;Engine;Power Unit Gasket Sets 1959-2000;8;TAM1521;Head gasket large bore - 1275cc stamped BK450 (black)
cat001;chap0102;35;Engine;Power Unit Gasket Sets 1959-2000;8;GEG300;Head gasket large bore - Performance copper
cat001;chap0102;35;Engine;Power Unit Gasket Sets 1959-2000;8;GEG301;Head gasket large bore - standard copper
cat001;chap0102;35;Engine;Power Unit Gasket Sets 1959-2000;8;C-AHT189;Head gasket large bore - 3 layer steel cometic type - Race
cat001;chap0102;35;Engine;Power Unit Gasket Sets 1959-2000;9;AJM601;Manifold gasket
cat001;chap0102;35;Engine;Power Unit Gasket Sets 1959-2000;9;GUG704053MG;Manifold gasket - Injection cars with metal inserts on inlets
cat001;chap0102;35;Engine;Power Unit Gasket Sets 1959-2000;9;GUG704063MG;Manifold gasket - Turbo metal inserts on exhaust ports
cat001;chap0102;35;Engine;Power Unit Gasket Sets 1959-2000;9;C-AHT381;Manifold gasket - With larger port holes for modified heads
cat001;chap0102;36;Engine;Oil Gauge Pipes & Oil Switches;1;CAM4202;Oil gauge pipe, metal, block to hose
cat001;chap0102;36;Engine;Oil Gauge Pipes & Oil Switches;1;21A804;Oil pipe. metal, gauge to [LINK]FAM2807[/LINK] rubber hose
cat001;chap0102;36;Engine;Oil Gauge Pipes & Oil Switches;1;OL;Oil gauge pipe one piece Nylon, 5 foot long (use with OA)
cat001;chap0102;36;Engine;Oil Gauge Pipes & Oil Switches;1;C-AHT9;Braided oil gauge pipe one piece, 48” long (use with OA)
cat001;chap0102;36;Engine;Oil Gauge Pipes & Oil Switches;2;CAM6431;Block oil pressure union with washer, was 2A269
cat001;chap0102;36;Engine;Oil Gauge Pipes & Oil Switches;2;OA;Block union for [LINK]OL[/LINK], [LINK]C-AHT9[/LINK] and fits in “T” piece
cat001;chap0102;36;Engine;Oil Gauge Pipes & Oil Switches;2;TP;“T” piece to replace [LINK]CAM6431[/LINK] for pressure switch and oil pipe
cat001;chap0102;36;Engine;Oil Gauge Pipes & Oil Switches;3;6K464;Fibre washer, alternative to [LINK]2K4956[/LINK]
cat001;chap0102;36;Engine;Oil Gauge Pipes & Oil Switches;4;GPS133;Oil pressure switch tapered, does not require washer
cat001;chap0102;36;Engine;Oil Gauge Pipes & Oil Switches;4;HPS1;Oil pressure switch (operates at 20-30lb pressure)
cat001;chap0102;36;Engine;Oil Gauge Pipes & Oil Switches;5;C-ARH221;13 row oil cooler
cat001;chap0102;36;Engine;Oil Gauge Pipes & Oil Switches;5;MOC16ROW;16 row oil cooler - was C-ARO9809
cat001;chap0102;36;Engine;Oil Gauge Pipes & Oil Switches;5;MOC10ROW;10 row oil cooler
cat001;chap0102;36;Engine;Oil Gauge Pipes & Oil Switches;6;MOC1013;Complete oil cooler pipe kit with built in unions. Inertia starter
cat001;chap0102;36;Engine;Oil Gauge Pipes & Oil Switches;6;MOC1015;Complete oil cooler pipe kit with built in unions (5/8”-1/4”NPT)
cat001;chap0102;36;Engine;Oil Gauge Pipes & Oil Switches;6;MOC100102;Complete oil cooler pipe kit with built in unions, inertia starter
cat001;chap0102;36;Engine;Oil Gauge Pipes & Oil Switches;6;MOC1014;Complete oil cooler pipe kit with built in 11/16”unions
cat001;chap0102;36;Engine;Oil Gauge Pipes & Oil Switches;6;C-AHT4;Competition braided hose kit with built in unions (5/8”-1/4”NPT)
cat001;chap0102;36;Engine;Oil Gauge Pipes & Oil Switches;6;MOC1017;Competition braided hose kit with built in unions (5/8”-1/4”NPT)
cat001;chap0102;36;Engine;Oil Gauge Pipes & Oil Switches;6;C-AHT3;Competition braided hose kit with built in unions
cat001;chap0102;36;Engine;Oil Gauge Pipes & Oil Switches;7;MOC1;Original union for block, not required for hose kit
cat001;chap0102;36;Engine;Oil Gauge Pipes & Oil Switches;8;MOC2;Original union for filter, not required for hose kit
cat001;chap0102;36;Engine;Oil Gauge Pipes & Oil Switches;9;21A1794;Original oil cooler brackets
cat001;chap0102;36;Engine;Oil Gauge Pipes & Oil Switches;10;24A1918;Front panel reinforcement strip when cooler fitted
cat001;chap0102;37;Engine;Closed Circuit Breathing Components and Gasket Set;1;13H5191;Emmission control valve, twin carburettors
cat001;chap0102;37;Engine;Closed Circuit Breathing Components and Gasket Set;2;27H7758;Diaphragm rubber for [LINK]13H5191[/LINK]
cat001;chap0102;37;Engine;Closed Circuit Breathing Components and Gasket Set;4;C-AHH8537;Breather hose per foot
cat001;chap0102;37;Engine;Closed Circuit Breathing Components and Gasket Set;5;12G2134;“Y” piece to oil separator, when required
cat001;chap0102;37;Engine;Closed Circuit Breathing Components and Gasket Set;7;ACH5854;Clip, if fitted
cat001;chap0102;37;Engine;Closed Circuit Breathing Components and Gasket Set;9;GUG705551GM;Gasket for all breather/oil separators, was LVL10001
cat001;chap0102;37;Engine;Closed Circuit Breathing Components and Gasket Set;10;LLC10047;Oil separator on clutch case (to clear servo)
cat001;chap0102;37;Engine;Closed Circuit Breathing Components and Gasket Set;12;SH505061;Bolt for oil separator UNC thread, was a stud
cat001;chap0102;37;Engine;Closed Circuit Breathing Components and Gasket Set;13;12A1735;Breather hose (different size ends.1/2”-5/16”)
cat001;chap0102;37;Engine;Closed Circuit Breathing Components and Gasket Set;14;C-AHH8537;Breather hose
cat001;chap0102;37;Engine;Closed Circuit Breathing Components and Gasket Set;15;GHC406;Clip, hose to carburettor
cat001;chap0102;38;Engine;Engine Mountings & Brackets;1;12A361;Engine mounting bracket L/H,1969 on plus all Coopers
cat001;chap0102;38;Engine;Engine Mountings & Brackets;3;21A1902;Engine mounting, genuine Rover spec Mini Spares product
cat001;chap0102;38;Engine;Engine Mountings & Brackets;3;21A1902MS;Engine mounting, non genuine
cat001;chap0102;38;Engine;Engine Mountings & Brackets;3;21A1902ST;Engine mounting with captive nuts
cat001;chap0102;38;Engine;Engine Mountings & Brackets;4;22A1018;Engine mounting L/H
cat001;chap0102;38;Engine;Engine Mountings & Brackets;4;22A917;Engine mounting R/H
cat001;chap0102;38;Engine;Engine Mountings & Brackets;5;SH605051;Bolt UNF for engine mounting to radiator bracket 5/8” long
cat001;chap0102;38;Engine;Engine Mountings & Brackets;5;GFK5234;Bolt UNC for engine mounting to clutch case
cat001;chap0102;38;Engine;Engine Mountings & Brackets;6;GFK1125;Spring washer 5/16”
cat001;chap0102;38;Engine;Engine Mountings & Brackets;7;GFK5184;Engine mounting to subframe bolt 3/4” long
cat001;chap0102;38;Engine;Engine Mountings & Brackets;8;GFK3212;Nut for mounting to subframe bolt
cat001;chap0102;38;Engine;Engine Mountings & Brackets;9;21A1109;Engine to bulkhead upper steady bar - Genuine original
cat001;chap0102;38;Engine;Engine Mountings & Brackets;9;MSSK1305;Adjustable upper engine steady bar - Was ERA1020 (turbo)
cat001;chap0102;38;Engine;Engine Mountings & Brackets;9;21A1817;Longer upper engine steady bar, 1300cc 1990 on - Genuine
cat001;chap0102;38;Engine;Engine Mountings & Brackets;10;21A2569;R/H Steady bar lower on gearbox facing rearwards
cat001;chap0102;38;Engine;Engine Mountings & Brackets;11;C-STR401;Bracket for 21A2569 rod to gearbox, was 21A2763
cat001;chap0102;38;Engine;Engine Mountings & Brackets;12;31G1085;Distance piece tube for CRC5329 (on lower brackets)
cat001;chap0102;38;Engine;Engine Mountings & Brackets;13;CRC5329;Rubber bush
cat001;chap0102;38;Engine;Engine Mountings & Brackets;13;CRC5329POLY;Poly bush performance alternative
cat001;chap0102;38;Engine;Engine Mountings & Brackets;13;C-STR630;Poly bush engine set including 21A1108 spacer
cat001;chap0102;38;Engine;Engine Mountings & Brackets;13;C-STR630RACE;Poly bush extra hard engine set including 21A1108 spacer
cat001;chap0102;38;Engine;Engine Mountings & Brackets;14;2A5872;One piece rubber bush up to 1962. Engine end only
cat001;chap0102;38;Engine;Engine Mountings & Brackets;16;BH605151;Bulkhead mounting bolt (alternative replaced 2A5873)
cat001;chap0102;38;Engine;Engine Mountings & Brackets;17;21A2787;L/H steady rod lower, part of kit MSSK001
cat001;chap0102;38;Engine;Engine Mountings & Brackets;18;21A2785;Bracket for 21A2787 to gearbox, part of kit MSSK001
cat001;chap0102;38;Engine;Engine Mountings & Brackets;19;FAM2758;Adjustable R/H steady rod lower gearbox to front
cat001;chap0102;38;Engine;Engine Mountings & Brackets;20;KKU10080;Bracket, heavy duty for KKH10013 rod
cat001;chap0102;38;Engine;Engine Mountings & Brackets;24;21A2387;Bracket for engine steady rod 1971 on
cat001;chap0102;38;Engine;Engine Mountings & Brackets;25;BH605151;Long bolt for 21A1109 tie bar to engine 17/8” long
cat001;chap0102;38;Engine;Engine Mountings & Brackets;26;GFK5185;Short bolt when 21A1106 spacer fitted 1” long
cat001;chap0102;38;Engine;Engine Mountings & Brackets;26;GFK5184;Short bolt when 21A1106/7 spacers deleted 3/4” long
cat001;chap0102;38;Engine;Engine Mountings & Brackets;27;21A1108;Spacer for CRC5329 bushes (upper bar)
cat001;chap0102;38;Engine;Engine Mountings & Brackets;28;21A745;Remote control rear bracket
cat001;chap0102;38;Engine;Engine Mountings & Brackets;29;21A956;Remote control rear mounting
cat001;chap0102;38;Engine;Engine Mountings & Brackets;30;GFK5234;Bolt for mounting to housing UNC thread
cat001;chap0102;38;Engine;Engine Mountings & Brackets;31;GFK1125;Washer for mounting to bracket 5/16”
cat001;chap0102;38;Engine;Engine Mountings & Brackets;32;GFK1115;Plain washer
cat001;chap0102;38;Engine;Engine Mountings & Brackets;33;GFK1126;Spring washer
cat001;chap0102;38;Engine;Engine Mountings & Brackets;34;GFK3213;Nut, 3/8”UNF
cat001;chap0102;38;Engine;Engine Mountings & Brackets;35;GFK5184;Bracket to body bolt
cat001;chap0102;38;Engine;Engine Mountings & Brackets;36;GFK1114;Bracket to body bolt plain washer
cat001;chap0102;38;Engine;Engine Mountings & Brackets;37;GFK1125;Spring washer 5/16”
cat001;chap0102;38;Engine;Engine Mountings & Brackets;38;GFK3212;Nut, 5/16”UNF
cat001;chap0102;38;Engine;Engine Mountings & Brackets;39;HBZ534;Bolt, 5/16”UNF x 43/8” long
cat001;chap0103;39;Clutch;Diaphragm Clutch & Slave Cylinder - 1964 ON;1;C-AHT230;Pressure plate was 22A598 (850/998/1098)
cat001;chap0103;39;Clutch;Diaphragm Clutch & Slave Cylinder - 1964 ON;2;GCP204AF;Clutch plate
cat001;chap0103;39;Clutch;Diaphragm Clutch & Slave Cylinder - 1964 ON;2;C-AHT595;Clutch plate, road/rally performance
cat001;chap0103;39;Clutch;Diaphragm Clutch & Slave Cylinder - 1964 ON;2;C-AHT596;Clutch plate, road/rally/race performance
cat001;chap0103;39;Clutch;Diaphragm Clutch & Slave Cylinder - 1964 ON;3;C-AEG421;Flywheel with ring gear, lightened EN8 steel
cat001;chap0103;39;Clutch;Diaphragm Clutch & Slave Cylinder - 1964 ON;3;C-AEG420;Steel lightened flywheel with ring gear
cat001;chap0103;39;Clutch;Diaphragm Clutch & Slave Cylinder - 1964 ON;4;12G676;Ring gear, 0.500” wide, 107 teeth
cat001;chap0103;39;Clutch;Diaphragm Clutch & Slave Cylinder - 1964 ON;4;22G2613;Ring gear, thin, automatic and [LINK]C-AEG421[/LINK] / [LINK]C-AEG619[/LINK]
cat001;chap0103;39;Clutch;Diaphragm Clutch & Slave Cylinder - 1964 ON;4;PSF10003;Ring gear 129 teeth, pre engaged starter only
cat001;chap0103;39;Clutch;Diaphragm Clutch & Slave Cylinder - 1964 ON;5;88G508;Key - flywheel to crankshaft
cat001;chap0103;39;Clutch;Diaphragm Clutch & Slave Cylinder - 1964 ON;6;22A747;Flywheel bolt
cat001;chap0103;39;Clutch;Diaphragm Clutch & Slave Cylinder - 1964 ON;7;22A1155;Locktab
cat001;chap0103;39;Clutch;Diaphragm Clutch & Slave Cylinder - 1964 ON;8;2A3658;Driving strap
cat001;chap0103;39;Clutch;Diaphragm Clutch & Slave Cylinder - 1964 ON;9;2A3659;Screw,strap to flywheel
cat001;chap0103;39;Clutch;Diaphragm Clutch & Slave Cylinder - 1964 ON;9;C-2A3659;Screw,strap to flywheel
cat001;chap0103;39;Clutch;Diaphragm Clutch & Slave Cylinder - 1964 ON;11;GFK1115;Plain washer, was GHF302
cat001;chap0103;39;Clutch;Diaphragm Clutch & Slave Cylinder - 1964 ON;12;GCC103;Clutch diaphragm assembly 850cc to 1275cc
cat001;chap0103;39;Clutch;Diaphragm Clutch & Slave Cylinder - 1964 ON;12;C-AEG481;Clutch diaphragm assembly 1275cc
cat001;chap0103;39;Clutch;Diaphragm Clutch & Slave Cylinder - 1964 ON;15;2A3657;Clutch bolt long 5/16”UNF
cat001;chap0103;39;Clutch;Diaphragm Clutch & Slave Cylinder - 1964 ON;15;C-2A3657;Clutch bolt long 5/16”UNF
cat001;chap0103;39;Clutch;Diaphragm Clutch & Slave Cylinder - 1964 ON;16;GRB201;Release bearing was 22A1156 & GRB238
cat001;chap0103;39;Clutch;Diaphragm Clutch & Slave Cylinder - 1964 ON;17;GRK4008;Slave cylinder repair kit, was 8G8446
cat001;chap0103;39;Clutch;Diaphragm Clutch & Slave Cylinder - 1964 ON;18;GSY110;Slave cylinder, was 22A233 - uses 2 x [LINK]GFK5240[/LINK] UNC bolts
cat001;chap0103;39;Clutch;Diaphragm Clutch & Slave Cylinder - 1964 ON;18;GSY110MS;Slave cylinder, uses 2 x [LINK]GFK5240[/LINK] UNC bolts
cat001;chap0103;39;Clutch;Diaphragm Clutch & Slave Cylinder - 1964 ON;19;13H396;Push rod
cat001;chap0103;39;Clutch;Diaphragm Clutch & Slave Cylinder - 1964 ON;20;3H2428;Bleed nipple
cat001;chap0103;40;Clutch;Verto Clutch & Slave Cylinder 1982 ON;1;GCU90115AF;Verto 180mm clutch kit and steel flywheel
cat001;chap0103;40;Clutch;Verto Clutch & Slave Cylinder 1982 ON;1;GCU90122AF;Verto 190mm clutch kit and steel flywheel with reluctor ring
cat001;chap0103;40;Clutch;Verto Clutch & Slave Cylinder 1982 ON;2;GCP271AF;Clutch plate, 80mm wide 1982 to 1990
cat001;chap0103;40;Clutch;Verto Clutch & Slave Cylinder 1982 ON;2;C-AHT595;Clutch plate, 180mm ([LINK]C-AHT596[/LINK] - Genuine AP)
cat001;chap0103;40;Clutch;Verto Clutch & Slave Cylinder 1982 ON;2;GCP90832AF;Verto clutch plate, 190mm wide standard fitment from 1990
cat001;chap0103;40;Clutch;Verto Clutch & Slave Cylinder 1982 ON;3;GCC679;Verto pressure plate only
cat001;chap0103;40;Clutch;Verto Clutch & Slave Cylinder 1982 ON;3;C-AEG485;Pressure plate 20% upgraded
cat001;chap0103;40;Clutch;Verto Clutch & Slave Cylinder 1982 ON;4;C-AEG422;Steel lightened flywheel with ring gear
cat001;chap0103;40;Clutch;Verto Clutch & Slave Cylinder 1982 ON;5;PSF10003;Ring gear, 129 teeth, was DAM7487
cat001;chap0103;40;Clutch;Verto Clutch & Slave Cylinder 1982 ON;5;22G2613;Ringear for Inertia starter only, 107 teeth
cat001;chap0103;40;Clutch;Verto Clutch & Slave Cylinder 1982 ON;8;DAM2821;Verto clutch seal protector (plastic shield)
cat001;chap0103;40;Clutch;Verto Clutch & Slave Cylinder 1982 ON;11;DAM5923;Locking plate key
cat001;chap0103;40;Clutch;Verto Clutch & Slave Cylinder 1982 ON;12;DAM5922;Flywheel retaining lock bolt
cat001;chap0103;40;Clutch;Verto Clutch & Slave Cylinder 1982 ON;13;AHU1564;Thrust sleeve
cat001;chap0103;40;Clutch;Verto Clutch & Slave Cylinder 1982 ON;14;AAU2866;“O” ring
cat001;chap0103;40;Clutch;Verto Clutch & Slave Cylinder 1982 ON;15;GRB239;Clutch release bearing complete
cat001;chap0103;40;Clutch;Verto Clutch & Slave Cylinder 1982 ON;16;DAM5353;Clutch release plunger
cat001;chap0103;40;Clutch;Verto Clutch & Slave Cylinder 1982 ON;17;22A427;Overthrow stop nut
cat001;chap0103;40;Clutch;Verto Clutch & Slave Cylinder 1982 ON;18;NT610041;Nut, to lock [LINK]22A427[/LINK]
cat001;chap0103;40;Clutch;Verto Clutch & Slave Cylinder 1982 ON;20;DAM5992;Mounting plate for slave cylinder
cat001;chap0103;40;Clutch;Verto Clutch & Slave Cylinder 1982 ON;21;GFK5240;Bolt for plate to case, was GHF165
cat001;chap0103;40;Clutch;Verto Clutch & Slave Cylinder 1982 ON;22;GSY118;Slave cylinder
cat001;chap0103;40;Clutch;Verto Clutch & Slave Cylinder 1982 ON;22;GSY118MS;Slave cylinder
cat001;chap0103;40;Clutch;Verto Clutch & Slave Cylinder 1982 ON;23;3H2428;Bleed nipple
cat001;chap0103;40;Clutch;Verto Clutch & Slave Cylinder 1982 ON;24;GRK4001;Slave cylinder repair kit was BAU1791
cat001;chap0103;40;Clutch;Verto Clutch & Slave Cylinder 1982 ON;25;GFK5191;Bolt for Slave cylinder to mounting plate
cat001;chap0103;40;Clutch;Verto Clutch & Slave Cylinder 1982 ON;26;13H396;Slave cylinder push rod
cat001;chap0103;40;Clutch;Verto Clutch & Slave Cylinder 1982 ON;27;GCK151MS;Clutch 3 piece kit with 180mm wide plate, numbers 2,3,9,10,15
cat001;chap0103;40;Clutch;Verto Clutch & Slave Cylinder 1982 ON;27;GCK371AF;Clutch 3 piece kit with 180mm wide plate, numbers 2,3,9,10,15
cat001;chap0103;40;Clutch;Verto Clutch & Slave Cylinder 1982 ON;28;DAM5921;Flywheel boss verto only
cat001;chap0103;40;Clutch;Verto Clutch & Slave Cylinder 1982 ON;29;DAM5920;Fixing bolts for [LINK]DAM5921[/LINK]
cat001;chap0103;41;Clutch;Clutch Housing;1;TRD10015;Flywheel housing, was [LINK]DAM6257[/LINK], use with [LINK]AHU1707[/LINK]
cat001;chap0103;41;Clutch;Clutch Housing;2;TUK100320;Idler bearing 1.375” 34.92mm O/D-0.875” 22.22mm I/D
cat001;chap0103;41;Clutch;Clutch Housing;2;DAM3745;Idler bearing 1.375” 34.92mm O/D-0.750” 19mm I/D
cat001;chap0103;41;Clutch;Clutch Housing;2;13H7848;Idler bearing 1.065” 27.05mm O/D
cat001;chap0103;41;Clutch;Clutch Housing;2;88G302;Idler bearing 1.004” 25.5mm O/D
cat001;chap0103;41;Clutch;Clutch Housing;3;AAU8424;1st motion shaft nose bearing, was 13H6080
cat001;chap0103;41;Clutch;Clutch Housing;3;ADU6033;1st motion shaft nose bearing, 1.692” 42.98mm O/D
cat001;chap0103;41;Clutch;Clutch Housing;4;2A3643;Circlip for [LINK]AAU8424[/LINK] in flywheel housing
cat001;chap0103;41;Clutch;Clutch Housing;5;CCN110;Circlip for holding 1st motion shaft bearing
cat001;chap0103;41;Clutch;Clutch Housing;6;13H2934;Clutch oil seal
cat001;chap0103;41;Clutch;Clutch Housing;6;13H2934MS;Oil seal for clutch housing, original Gaco for performance use
cat001;chap0103;41;Clutch;Clutch Housing;6;LUF10005;Clutch oil seal ([LINK]DAM2821[LINK] seal protector available, 1991 on)
cat001;chap0103;41;Clutch;Clutch Housing;7;22A2237B;Flywheel casing gasket (non genuine)
cat001;chap0103;41;Clutch;Clutch Housing;7;GUG705563GM;Flywheel casing gasket (genuine)
cat001;chap0103;41;Clutch;Clutch Housing;8;BH605141;Clutch case screw, long was HBZ514
cat001;chap0103;41;Clutch;Clutch Housing;10;GFK5185;Screw, short was SH605081 or GHF103
cat001;chap0103;41;Clutch;Clutch Housing;14;GFK3212;Nut, was FNZ505
cat001;chap0103;41;Clutch;Clutch Housing;15;GFK1125;Washer, was LWZ305 or GHF332
cat001;chap0103;41;Clutch;Clutch Housing;18;DAM7755;Bolt - clutch cover, UNC thread
cat001;chap0103;41;Clutch;Clutch Housing;20;SH604041;Screw for timing hole cover
cat001;chap0103;41;Clutch;Clutch Housing;21;GFK1124;Washer, was GHF331
cat001;chap0103;41;Clutch;Clutch Housing;22;22A180;Plunger upgraded press fit for release bearing [LINK]GRB201[/LINK]
cat001;chap0103;41;Clutch;Clutch Housing;22;22A180MS;Plunger, press fit for release bearing [LINK]GRB201[/LINK]
cat001;chap0103;41;Clutch;Clutch Housing;24;DAM5353;Plunger verto type
cat001;chap0103;41;Clutch;Clutch Housing;25;22A427;Overthrow stop nut
cat001;chap0103;41;Clutch;Clutch Housing;26;NT610041;Nut, was FNZ210
cat001;chap0103;41;Clutch;Clutch Housing;27;22A2204MS;Clutch arm, was 2A3518, pre verto
cat001;chap0103;41;Clutch;Clutch Housing;27;C-22A2204;Clutch arm and plunger, heavy duty kit
cat001;chap0103;41;Clutch;Clutch Housing;29;CLZ628;Clevis pin, lever to case
cat001;chap0103;41;Clutch;Clutch Housing;30;GFK1115;Washer, was PWZ106 or GHF302
cat001;chap0103;41;Clutch;Clutch Housing;31;SH604071;Adjusting screw, was HZS409 or GHF101
cat001;chap0103;41;Clutch;Clutch Housing;32;GFK3211;Locking nut, was FNZ604
cat001;chap0103;41;Clutch;Clutch Housing;33;CLZ518;Clevis pin, lever to push rod
cat001;chap0103;41;Clutch;Clutch Housing;34;2A3601;Spring anchor
cat001;chap0103;41;Clutch;Clutch Housing;35;GFK1114;Washer was FWZ105 or GHF301
cat001;chap0103;41;Clutch;Clutch Housing;36;1G5999;Clutch spring
cat001;chap0103;41;Clutch;Clutch Housing;37;2A3600;Anchor spring end
cat001;chap0103;41;Clutch;Clutch Housing;38;13H396;Slave cylinder push rod
cat001;chap0103;42;Clutch;Clutch & Pedal Linkage;2;2A3034;Pedal bush for all
cat001;chap0103;42;Clutch;Clutch & Pedal Linkage;6;GPR104;Pedal pad rubber, brake and clutch to 1976 / throttle 1976 on
cat001;chap0103;42;Clutch;Clutch & Pedal Linkage;7;GPR107;Pedal pad rubber, brake and clutch to 1976 on
cat001;chap0103;42;Clutch;Clutch & Pedal Linkage;7;SZU10001;Pedal pad rubber, brake and clutch upgrade 1976 on
cat001;chap0103;42;Clutch;Clutch & Pedal Linkage;8;2A5880;Shaft for brake and clutch pedal
cat001;chap0103;42;Clutch;Clutch & Pedal Linkage;9;GFK3322;Lock nut for [LINK]2A5880[/LINK]
cat001;chap0103;42;Clutch;Clutch & Pedal Linkage;10;CLZ512;Clevis pin master cylinder to pedal
cat001;chap0103;42;Clutch;Clutch & Pedal Linkage;11;2A5652;Pedal return spring
cat001;chap0103;42;Clutch;Clutch & Pedal Linkage;12;GMC1008;Clutch master cylinder, plastic body
cat001;chap0103;42;Clutch;Clutch & Pedal Linkage;12;AAU4969;Clutch master cylinder, metal body
cat001;chap0103;42;Clutch;Clutch & Pedal Linkage;13;513123A;Plastic filler cap
cat001;chap0103;42;Clutch;Clutch & Pedal Linkage;13;17H3723;Original type metal cap
cat001;chap0103;42;Clutch;Clutch & Pedal Linkage;14;GRK3007;
cat001;chap0103;42;Clutch;Clutch & Pedal Linkage;15;GRK3004;Repair kit with 2 ring type seals, 1985 on
cat001;chap0103;42;Clutch;Clutch & Pedal Linkage;16;31G279;Sealing gasket
cat001;chap0103;42;Clutch;Clutch & Pedal Linkage;17;HF12;Metal pipe with unions RHD, was 11”long
cat001;chap0103;42;Clutch;Clutch & Pedal Linkage;17;HF32;Metal pipe with unions LHD
cat001;chap0103;42;Clutch;Clutch & Pedal Linkage;18;TM606031;Clutch pipe unions
cat001;chap0103;42;Clutch;Clutch & Pedal Linkage;19;13H300;Clutch hose for [LINK]GSY110[/LINK] slave cylinder
cat001;chap0103;42;Clutch;Clutch & Pedal Linkage;19;C-AJJ4025;Steel braided hose, pre A plus
cat001;chap0103;42;Clutch;Clutch & Pedal Linkage;20;GVP1009;Clutch hose with banjo end, fits [LINK]GSY118[/LINK]
cat001;chap0103;42;Clutch;Clutch & Pedal Linkage;20;C-AJJ4025B;Banjo type steel braided hose, A plus
cat001;chap0103;42;Clutch;Clutch & Pedal Linkage;20;C-AJJ4025COMP;Steel braided hose, replaces hose and pipe
cat001;chap0103;42;Clutch;Clutch & Pedal Linkage;21;C5192A;Banjo bolt for [LINK]GVP1009[/LINK]
cat001;chap0103;42;Clutch;Clutch & Pedal Linkage;22;233220A;Copper sealing washer
cat001;chap0103;42;Clutch;Clutch & Pedal Linkage;23;3H550;Washer, banjo bolt to banjo
cat001;chap0103;42;Clutch;Clutch & Pedal Linkage;24;WE600101;Shake proof washer
cat001;chap0103;42;Clutch;Clutch & Pedal Linkage;25;2K8686;Locking nut
cat001;chap0103;42;Clutch;Clutch & Pedal Linkage;26;ALA6593;Blanking plate no holes
cat001;chap0103;42;Clutch;Clutch & Pedal Linkage;27;ALA6592;Blanking plate one hole
cat001;chap0103;42;Clutch;Clutch & Pedal Linkage;28;ALA7530;Blanking plate two holes
cat001;chap0103;42;Clutch;Clutch & Pedal Linkage;29;ALA6505;Master cylinder base plate and engine stabiliser bracket
cat001;chap0103;42;Clutch;Clutch & Pedal Linkage;30;14A6733;Master cylinder base plate and engine stabiliser bracket
cat001;chap0103;42;Clutch;Clutch & Pedal Linkage;31;NAM9197;Gasket bulkhead to plate
cat001;chap0104;43;Transmission & Gearshift;Gearbox Casings and Part Numbers;1;BHM5093;Casing Number DAM5626 - ‘A’ plus with 3 bolt bearing retainer
cat001;chap0104;44;Transmission & Gearshift;Gearbox Transmission;1;18G8085;
cat001;chap0104;44;Transmission & Gearshift;Gearbox Transmission;2;GFK5170;Gearbox case, front block to gearbox bolt
cat001;chap0104;44;Transmission & Gearshift;Gearbox Transmission;3;GFK5180;Gearbox case, rear block to gearbox set screw
cat001;chap0104;44;Transmission & Gearshift;Gearbox Transmission;4;BH604141;Bolt for dowel on front was BH604140
cat001;chap0104;44;Transmission & Gearshift;Gearbox Transmission;5;22H983;
cat001;chap0104;44;Transmission & Gearshift;Gearbox Transmission;6;FHS2410;Stud, rear stud for thick flange block
cat001;chap0104;44;Transmission & Gearshift;Gearbox Transmission;7;2A3502;Gear change linkage bush
cat001;chap0104;44;Transmission & Gearshift;Gearbox Transmission;8;13H577;Gear change oil seal
cat001;chap0104;44;Transmission & Gearshift;Gearbox Transmission;9;TAM1617;Stud for diff housing long 3/8” UNC x 45/8” Except Rod change
cat001;chap0104;44;Transmission & Gearshift;Gearbox Transmission;9;22G1834;Stud for diff housing long 3/8”UNC x 43/8” N.L.A use [LINK]51K282[/LINK]
cat001;chap0104;44;Transmission & Gearshift;Gearbox Transmission;9;51K282;Stud for diff housing long 3/8”UNC x 43/8” Chemi black
cat001;chap0104;44;Transmission & Gearshift;Gearbox Transmission;9;CHS2624;Stud for diff housing short 3/8” UNC x 3” or bolt 2 1/4”[LINK]BH506181[/LINK]
cat001;chap0104;44;Transmission & Gearshift;Gearbox Transmission;11;22A152;Long stud for flywheel housing, 5/16”UNC 21/4”long
cat001;chap0104;44;Transmission & Gearshift;Gearbox Transmission;12;53K547;Short stud for flywheel housing 5/16”UNC 11/2”long
cat001;chap0104;44;Transmission & Gearshift;Gearbox Transmission;13;53K1474;Stud for speedo drive housing cover 5/16”UNC 33/4”long
cat001;chap0104;44;Transmission & Gearshift;Gearbox Transmission;15;22A97;Dowel for flywheel housing
cat001;chap0104;44;Transmission & Gearshift;Gearbox Transmission;17;42H500;Diff housing locktab, rod change N.L.A
cat001;chap0104;44;Transmission & Gearshift;Gearbox Transmission;19;2A3505B;
cat001;chap0104;44;Transmission & Gearshift;Gearbox Transmission;20;2A3506B;
cat001;chap0104;44;Transmission & Gearshift;Gearbox Transmission;21;22G1836;
cat001;chap0104;44;Transmission & Gearshift;Gearbox Transmission;22;88G302;Idler gear bearing with 1.004” 25.5mm O/D
cat001;chap0104;44;Transmission & Gearshift;Gearbox Transmission;22;13H7848;Idler gear bearing with 1.065” 27.05mm O/D
cat001;chap0104;44;Transmission & Gearshift;Gearbox Transmission;22;DAM3745;‘A’ plus idler gear bearing 1.375” 34.92mm O/D
cat001;chap0104;44;Transmission & Gearshift;Gearbox Transmission;22;TUK100320;‘A’ plus idler gear bearing 1.375” 34.92mm O/D was AHU1707
cat001;chap0104;44;Transmission & Gearshift;Gearbox Transmission;24;DAM5219;Speedo drive housing cover, was 88G207
cat001;chap0104;44;Transmission & Gearshift;Gearbox Transmission;25;22A541B;Gasket for housing, non genuine
cat001;chap0104;44;Transmission & Gearshift;Gearbox Transmission;26;2A3626;Speedo drive case plate
cat001;chap0104;44;Transmission & Gearshift;Gearbox Transmission;27;GUG705564GM;Gasket for speedo drive case plate, was 2A3627
cat001;chap0104;44;Transmission & Gearshift;Gearbox Transmission;29;22A341;Suction pipe sealing ring
cat001;chap0104;44;Transmission & Gearshift;Gearbox Transmission;32;22G1150;Oil suction pipe 998cc to 1275cc
cat001;chap0104;44;Transmission & Gearshift;Gearbox Transmission;33;GUG705556GM;Pipe to case and flange gasket, was 22A542B
cat001;chap0104;44;Transmission & Gearshift;Gearbox Transmission;35;2A3606;Oil suction sealing ring - case to block
cat001;chap0104;44;Transmission & Gearshift;Gearbox Transmission;37;AED172;Washer for drain plug
cat001;chap0104;44;Transmission & Gearshift;Gearbox Transmission;38;GUG703038SG;Gearbox to enqine gasket, was AJM502, GUG3007SG
cat001;chap0104;44;Transmission & Gearshift;Gearbox Transmission;39;AHU1959;Seal (half moon) was 12G2947
cat001;chap0104;44;Transmission & Gearshift;Gearbox Transmission;39;CAM6548;Seal (half moon) solid type, easy fit
cat001;chap0104;44;Transmission & Gearshift;Gearbox Transmission;40;13H7286;Bush for gear lever steady bar
cat001;chap0104;44;Transmission & Gearshift;Gearbox Transmission;41;AHU1672;Gearchange oil seal was 13H6862
cat001;chap0104;44;Transmission & Gearshift;Gearbox Transmission;42;CHS2514;Stud 5/16” UNC 1 3/4” long for speedo cover housing
cat001;chap0104;45;Transmission & Gearshift;A Type Gears;4;C-22A1731;Layshaft, (Hi spec alternative) was 22A1371
cat001;chap0104;45;Transmission & Gearshift;A Type Gears;6;88G396;Layshaft bearings
cat001;chap0104;45;Transmission & Gearshift;A Type Gears;12;2A3709;1st motion ball bearing
cat001;chap0104;45;Transmission & Gearshift;A Type Gears;14;22G70;3rd motion shaft (mainshaft)
cat001;chap0104;45;Transmission & Gearshift;A Type Gears;15;2A3712;
cat001;chap0104;45;Transmission & Gearshift;A Type Gears;15;AAU1365;Mainshaft double ball bearing
cat001;chap0104;45;Transmission & Gearshift;A Type Gears;16;ADU4992;Spring ring for double ball bearing was 22G721
cat001;chap0104;45;Transmission & Gearshift;A Type Gears;18;BLS107;Synchronizer ball
cat001;chap0104;45;Transmission & Gearshift;A Type Gears;19;22A367;Synchronizer spring
cat001;chap0104;45;Transmission & Gearshift;A Type Gears;23;22A583;3rd gear (23 teeth) 850cc
cat001;chap0104;45;Transmission & Gearshift;A Type Gears;27;DAM4000;Locktab
cat001;chap0104;45;Transmission & Gearshift;A Type Gears;28;2A3548;Nut for 1st motion shaft
cat001;chap0104;45;Transmission & Gearshift;A Type Gears;29;22G943;Idler gear, shaft size .750” (19mm)
cat001;chap0104;45;Transmission & Gearshift;A Type Gears;30;22A1545;Idler gear thrust washer .130”-131” (3.30-3.32mm)
cat001;chap0104;45;Transmission & Gearshift;A Type Gears;30;22A1546;Idler gear thrust washer .132”-133” (3.35-3.37mm)
cat001;chap0104;45;Transmission & Gearshift;A Type Gears;30;22A1547;Idler gear thrust washer .134”-135” (3.40-3.42mm)
cat001;chap0104;45;Transmission & Gearshift;A Type Gears;30;22A1548;Idler gear thrust washer .136”-137” (3.45-3.47mm)
cat001;chap0104;45;Transmission & Gearshift;A Type Gears;30;22A1549;Idler gear thrust washer .138”-139” (3.50-3.53mm)
cat001;chap0104;45;Transmission & Gearshift;A Type Gears;31;22A399;Final drive pinion
cat001;chap0104;45;Transmission & Gearshift;A Type Gears;32;DAM6140;Locktab
cat001;chap0104;45;Transmission & Gearshift;A Type Gears;33;22G48;Mainshaft nut
cat001;chap0104;45;Transmission & Gearshift;A Type Gears;34;DAM2377;Locktab
cat001;chap0104;46;Transmission & Gearshift;B Type 3 Synchro Mesh Gears;1;22G202;Reverse gear
cat001;chap0104;46;Transmission & Gearshift;B Type 3 Synchro Mesh Gears;4;C-22A1731;Layshaft (hi-spec alternative) was 22A1371
cat001;chap0104;46;Transmission & Gearshift;B Type 3 Synchro Mesh Gears;5;88G396;Layshaft needle roller bearings
cat001;chap0104;46;Transmission & Gearshift;B Type 3 Synchro Mesh Gears;11;AAU1365;Double ball bearing
cat001;chap0104;46;Transmission & Gearshift;B Type 3 Synchro Mesh Gears;13;2A3581;Locating plate
cat001;chap0104;46;Transmission & Gearshift;B Type 3 Synchro Mesh Gears;15;ADU4992;Bearing spring clip, was 22G72
cat001;chap0104;46;Transmission & Gearshift;B Type 3 Synchro Mesh Gears;16;22A1021;1st/2nd gear outer track (32 teeth)
cat001;chap0104;46;Transmission & Gearshift;B Type 3 Synchro Mesh Gears;18;22A367;Synchroniser spring, 3 per hub
cat001;chap0104;46;Transmission & Gearshift;B Type 3 Synchro Mesh Gears;19;BLS107;Synchroniser ball
cat001;chap0104;46;Transmission & Gearshift;B Type 3 Synchro Mesh Gears;20;22A980;2nd gear (28 teeth) A B fitted all
cat001;chap0104;46;Transmission & Gearshift;B Type 3 Synchro Mesh Gears;21;22A981;3rd gear was 22G235 (23 teeth) B
cat001;chap0104;46;Transmission & Gearshift;B Type 3 Synchro Mesh Gears;22;22G231;Laygear (28/24/19/13 Teeth) B
cat001;chap0104;46;Transmission & Gearshift;B Type 3 Synchro Mesh Gears;22;22G1100;Laygear was 22G232 (26/23/19/13 teeth) A
cat001;chap0104;46;Transmission & Gearshift;B Type 3 Synchro Mesh Gears;24;22G149;2nd/3rd gear needle rollers
cat001;chap0104;46;Transmission & Gearshift;B Type 3 Synchro Mesh Gears;28;22G154;Locking peg spring for 2nd/3rd gear
cat001;chap0104;46;Transmission & Gearshift;B Type 3 Synchro Mesh Gears;31;2A3709;1st motion ball bearing
cat001;chap0104;46;Transmission & Gearshift;B Type 3 Synchro Mesh Gears;33;CHM172;1st motion needle roller
cat001;chap0104;46;Transmission & Gearshift;B Type 3 Synchro Mesh Gears;36;DAM4000;Lock tab
cat001;chap0104;46;Transmission & Gearshift;B Type 3 Synchro Mesh Gears;37;2A3548;1st motion shaft locking nut
cat001;chap0104;46;Transmission & Gearshift;B Type 3 Synchro Mesh Gears;38;22A399;Final drive pinion 3.7
cat001;chap0104;46;Transmission & Gearshift;B Type 3 Synchro Mesh Gears;38;22A413;Final drive pinion 3.4
cat001;chap0104;46;Transmission & Gearshift;B Type 3 Synchro Mesh Gears;39;DAM6140;Pinion locktab
cat001;chap0104;46;Transmission & Gearshift;B Type 3 Synchro Mesh Gears;40;22G48;Mainshaft locking nut
cat001;chap0104;46;Transmission & Gearshift;B Type 3 Synchro Mesh Gears;41;22G943;Idler Gear
cat001;chap0104;46;Transmission & Gearshift;B Type 3 Synchro Mesh Gears;42;22A1545;Thrust Washer, idler gear, .130”-.131”
cat001;chap0104;47;Transmission & Gearshift;4 Synchro Gears Up to 1979 with 14MM Nose Mainsha;1;22G943;Gear idler, 31 teeth shaft diameter .750” (19.05mm)
cat001;chap0104;47;Transmission & Gearshift;4 Synchro Gears Up to 1979 with 14MM Nose Mainsha;2;22A1545;Thrust washer idler gear .130”-.131” (3.30-3.32mm)
cat001;chap0104;47;Transmission & Gearshift;4 Synchro Gears Up to 1979 with 14MM Nose Mainsha;2;22A1546;Thrust washer idler gear .132”-.133” (3.35-3.37mm)
cat001;chap0104;47;Transmission & Gearshift;4 Synchro Gears Up to 1979 with 14MM Nose Mainsha;2;22A1547;Thrust washer idler gear .134”-.135” (3.40-3.42mm)
cat001;chap0104;47;Transmission & Gearshift;4 Synchro Gears Up to 1979 with 14MM Nose Mainsha;2;22A1548;Thrust washer idler gear .136”-137” (3.45-3.47mm)
cat001;chap0104;47;Transmission & Gearshift;4 Synchro Gears Up to 1979 with 14MM Nose Mainsha;2;22A1549;Thrust washer idler gear .138”-139” (3.50-3.53mm)
cat001;chap0104;47;Transmission & Gearshift;4 Synchro Gears Up to 1979 with 14MM Nose Mainsha;3;22G1093;1st motion shaft 17 teeth
cat001;chap0104;47;Transmission & Gearshift;4 Synchro Gears Up to 1979 with 14MM Nose Mainsha;3;22G1371;1st motion shaft 18 teeth
cat001;chap0104;47;Transmission & Gearshift;4 Synchro Gears Up to 1979 with 14MM Nose Mainsha;4;CHM172;Roller needle bearing
cat001;chap0104;47;Transmission & Gearshift;4 Synchro Gears Up to 1979 with 14MM Nose Mainsha;5;ADU7619;1st motion ball bearing
cat001;chap0104;47;Transmission & Gearshift;4 Synchro Gears Up to 1979 with 14MM Nose Mainsha;6;22G850;Circlip bearing
cat001;chap0104;47;Transmission & Gearshift;4 Synchro Gears Up to 1979 with 14MM Nose Mainsha;7;22G849;1st motion gear shaft drive 24 teeth
cat001;chap0104;47;Transmission & Gearshift;4 Synchro Gears Up to 1979 with 14MM Nose Mainsha;8;DAM4000;Washer locktab
cat001;chap0104;47;Transmission & Gearshift;4 Synchro Gears Up to 1979 with 14MM Nose Mainsha;9;2A3548;Nut
cat001;chap0104;47;Transmission & Gearshift;4 Synchro Gears Up to 1979 with 14MM Nose Mainsha;10;22G931;Layshaft
cat001;chap0104;47;Transmission & Gearshift;4 Synchro Gears Up to 1979 with 14MM Nose Mainsha;11;22G927;Laygear 15.20, 25.29 teeth
cat001;chap0104;47;Transmission & Gearshift;4 Synchro Gears Up to 1979 with 14MM Nose Mainsha;11;22G1040;Laygear 15.20, 25.29, smaller diameter 29 teeth area
cat001;chap0104;47;Transmission & Gearshift;4 Synchro Gears Up to 1979 with 14MM Nose Mainsha;12;88G396;Needle roller bearing
cat001;chap0104;47;Transmission & Gearshift;4 Synchro Gears Up to 1979 with 14MM Nose Mainsha;13;CHM141;Needle roller bearing, was 22G855
cat001;chap0104;47;Transmission & Gearshift;4 Synchro Gears Up to 1979 with 14MM Nose Mainsha;14;22G856;Thrust washer laygear .123”-.124” (3.12-3.14mm)
cat001;chap0104;47;Transmission & Gearshift;4 Synchro Gears Up to 1979 with 14MM Nose Mainsha;15;22G860;Thrust washer laygear, large
cat001;chap0104;47;Transmission & Gearshift;4 Synchro Gears Up to 1979 with 14MM Nose Mainsha;17;TUJ10001;Bush (single one piece bush) was 22G825
cat001;chap0104;47;Transmission & Gearshift;4 Synchro Gears Up to 1979 with 14MM Nose Mainsha;18;DAM8038;Reverse idler gear shaft
cat001;chap0104;47;Transmission & Gearshift;4 Synchro Gears Up to 1979 with 14MM Nose Mainsha;19;22G833;3rd motion shaft with small end nose .550” (13.97mm)
cat001;chap0104;47;Transmission & Gearshift;4 Synchro Gears Up to 1979 with 14MM Nose Mainsha;21;DAM7456;3rd and 4th synchronizer hub
cat001;chap0104;47;Transmission & Gearshift;4 Synchro Gears Up to 1979 with 14MM Nose Mainsha;22;BLS107;Ball for synchronizer hub (3 per hub)
cat001;chap0104;47;Transmission & Gearshift;4 Synchro Gears Up to 1979 with 14MM Nose Mainsha;23;22G2262;Spring for synchronizer hub (3 per hub)
cat001;chap0104;47;Transmission & Gearshift;4 Synchro Gears Up to 1979 with 14MM Nose Mainsha;24;22G1095;3rd speed gear (21 teeth)
cat001;chap0104;47;Transmission & Gearshift;4 Synchro Gears Up to 1979 with 14MM Nose Mainsha;25;AAU1816;3rd gear roller needle bearing was 88G496
cat001;chap0104;47;Transmission & Gearshift;4 Synchro Gears Up to 1979 with 14MM Nose Mainsha;26;22G947;Thrust washer for 3rd gear
cat001;chap0104;47;Transmission & Gearshift;4 Synchro Gears Up to 1979 with 14MM Nose Mainsha;28;22G154;Spring
cat001;chap0104;47;Transmission & Gearshift;4 Synchro Gears Up to 1979 with 14MM Nose Mainsha;29;22G1094;2nd speed gear 26 teeth
cat001;chap0104;47;Transmission & Gearshift;4 Synchro Gears Up to 1979 with 14MM Nose Mainsha;30;AAU1816;Roller needle bearing was 88G495
cat001;chap0104;47;Transmission & Gearshift;4 Synchro Gears Up to 1979 with 14MM Nose Mainsha;31;22G839;Thrust washer
cat001;chap0104;47;Transmission & Gearshift;4 Synchro Gears Up to 1979 with 14MM Nose Mainsha;32;DAM7455;1st and 2nd synchronizer hub was 22G2263
cat001;chap0104;47;Transmission & Gearshift;4 Synchro Gears Up to 1979 with 14MM Nose Mainsha;33;22G1096;1st speed gear 31 teeth
cat001;chap0104;47;Transmission & Gearshift;4 Synchro Gears Up to 1979 with 14MM Nose Mainsha;34;AAU1815;Roller needle bearing was 88G494
cat001;chap0104;47;Transmission & Gearshift;4 Synchro Gears Up to 1979 with 14MM Nose Mainsha;36;AAU1365;3rd motion shaft ball bearing
cat001;chap0104;47;Transmission & Gearshift;4 Synchro Gears Up to 1979 with 14MM Nose Mainsha;37;ADU4992;Spring ring, was 22G72
cat001;chap0104;47;Transmission & Gearshift;4 Synchro Gears Up to 1979 with 14MM Nose Mainsha;39;2A3581;Locating plate
cat001;chap0104;47;Transmission & Gearshift;4 Synchro Gears Up to 1979 with 14MM Nose Mainsha;41;DAM2377;Locktab washer
cat001;chap0104;47;Transmission & Gearshift;4 Synchro Gears Up to 1979 with 14MM Nose Mainsha;42;SH505061;Retainer screw, UNC 5/16”x 3/4” long - Was 7/8” long
cat001;chap0104;47;Transmission & Gearshift;4 Synchro Gears Up to 1979 with 14MM Nose Mainsha;43;22A399;Final drive pinion 17 teeth 3.76:1 ratio
cat001;chap0104;47;Transmission & Gearshift;4 Synchro Gears Up to 1979 with 14MM Nose Mainsha;43;22A413;Final drive pinion 18 teeth 3.44:1 ratio
cat001;chap0104;47;Transmission & Gearshift;4 Synchro Gears Up to 1979 with 14MM Nose Mainsha;44;DAM6140;Locktab washer
cat001;chap0104;47;Transmission & Gearshift;4 Synchro Gears Up to 1979 with 14MM Nose Mainsha;45;22G48;Retaining pinion nut
cat001;chap0104;48;Transmission & Gearshift;4 Synchro Gears 1979 on with 18MM Nose Mainshaft;1;TUB101310;Idler gear, 37 teeth, shaft diameter .875” (22.225mm)
cat001;chap0104;48;Transmission & Gearshift;4 Synchro Gears 1979 on with 18MM Nose Mainshaft;2;DAM4822;Idler gear shim .132”-.133” (3.35-3.37mm)
cat001;chap0104;48;Transmission & Gearshift;4 Synchro Gears 1979 on with 18MM Nose Mainshaft;2;DAM4823;Idler gear shim .134”-.135” (3.40-3.42mm)
cat001;chap0104;48;Transmission & Gearshift;4 Synchro Gears 1979 on with 18MM Nose Mainshaft;2;DAM4824;Idler gear shim .136”-.137” (3.45-3.47mm)
cat001;chap0104;48;Transmission & Gearshift;4 Synchro Gears 1979 on with 18MM Nose Mainshaft;2;DAM4825;Idler gear shim .138”-.139” (3.50-3.53mm)
cat001;chap0104;48;Transmission & Gearshift;4 Synchro Gears 1979 on with 18MM Nose Mainshaft;3;DAM3092;1st motion shaft, 17 teeth, 998/1098cc
cat001;chap0104;48;Transmission & Gearshift;4 Synchro Gears 1979 on with 18MM Nose Mainshaft;3;DAM3167;1st motion shaft, 18 teeth, 1275GT
cat001;chap0104;48;Transmission & Gearshift;4 Synchro Gears 1979 on with 18MM Nose Mainshaft;4;13H9513;1st motion needle roller
cat001;chap0104;48;Transmission & Gearshift;4 Synchro Gears 1979 on with 18MM Nose Mainshaft;5;ADU7619;1st motion ball bearing
cat001;chap0104;48;Transmission & Gearshift;4 Synchro Gears 1979 on with 18MM Nose Mainshaft;6;22G850;Bearing clip
cat001;chap0104;48;Transmission & Gearshift;4 Synchro Gears 1979 on with 18MM Nose Mainshaft;7;DAM2925;1st motion shaft drive gear, 29 teeth
cat001;chap0104;48;Transmission & Gearshift;4 Synchro Gears 1979 on with 18MM Nose Mainshaft;8;DAM4000;Locktab
cat001;chap0104;48;Transmission & Gearshift;4 Synchro Gears 1979 on with 18MM Nose Mainshaft;9;2A3548;Nut
cat001;chap0104;48;Transmission & Gearshift;4 Synchro Gears 1979 on with 18MM Nose Mainshaft;10;DAM3187;Layshaft, 3 step type
cat001;chap0104;48;Transmission & Gearshift;4 Synchro Gears 1979 on with 18MM Nose Mainshaft;11;DAM3169;Laygear, 15.20.25.29 teeth-without A plus marking groove
cat001;chap0104;48;Transmission & Gearshift;4 Synchro Gears 1979 on with 18MM Nose Mainshaft;11;DAM4931;Laygear, 15.21.26.30 teeth-with A plus marking groove
cat001;chap0104;48;Transmission & Gearshift;4 Synchro Gears 1979 on with 18MM Nose Mainshaft;12;13H9513;Needle roller for laygear small end
cat001;chap0104;48;Transmission & Gearshift;4 Synchro Gears 1979 on with 18MM Nose Mainshaft;13;CHM141;Needle roller for laygear large end
cat001;chap0104;48;Transmission & Gearshift;4 Synchro Gears 1979 on with 18MM Nose Mainshaft;14;DAM3181;Laygear thrust washer small .124”-.126” (3.1-3.20mm)
cat001;chap0104;48;Transmission & Gearshift;4 Synchro Gears 1979 on with 18MM Nose Mainshaft;14;DAM3182;Laygear thrust washer small .127”-.129” (3.22-3.27mm)
cat001;chap0104;48;Transmission & Gearshift;4 Synchro Gears 1979 on with 18MM Nose Mainshaft;15;22G860;Laygear thrust washer large
cat001;chap0104;48;Transmission & Gearshift;4 Synchro Gears 1979 on with 18MM Nose Mainshaft;16;TUB10020;Reverse gear, was DAM8046
cat001;chap0104;48;Transmission & Gearshift;4 Synchro Gears 1979 on with 18MM Nose Mainshaft;17;TUJ10001;
cat001;chap0104;48;Transmission & Gearshift;4 Synchro Gears 1979 on with 18MM Nose Mainshaft;18;DAM8038;Reverse gear shaft
cat001;chap0104;48;Transmission & Gearshift;4 Synchro Gears 1979 on with 18MM Nose Mainshaft;19;DAM7484;3rd motion shaft with larger nose end .709” (18mm)
cat001;chap0104;48;Transmission & Gearshift;4 Synchro Gears 1979 on with 18MM Nose Mainshaft;21;DAM7455;1st & 2nd synchronizer hub, was 22G2263
cat001;chap0104;48;Transmission & Gearshift;4 Synchro Gears 1979 on with 18MM Nose Mainshaft;22;BLS107;Ball for synchronizer (3 per hub)
cat001;chap0104;48;Transmission & Gearshift;4 Synchro Gears 1979 on with 18MM Nose Mainshaft;23;22G2262;Spring for synchronizer (3 per hub)
cat001;chap0104;48;Transmission & Gearshift;4 Synchro Gears 1979 on with 18MM Nose Mainshaft;24;22G1095;3rd gear, 21 teeth, use with [LINK]DAM3168[/LINK] / [LINK]DAM3169[/LINK] laygear
cat001;chap0104;48;Transmission & Gearshift;4 Synchro Gears 1979 on with 18MM Nose Mainshaft;24;DAM4933;3rd gear, 21 teeth
cat001;chap0104;48;Transmission & Gearshift;4 Synchro Gears 1979 on with 18MM Nose Mainshaft;25;AAU1816;3rd gear bearing was 88G496
cat001;chap0104;48;Transmission & Gearshift;4 Synchro Gears 1979 on with 18MM Nose Mainshaft;26;22G947;Thrust washer
cat001;chap0104;48;Transmission & Gearshift;4 Synchro Gears 1979 on with 18MM Nose Mainshaft;28;22G154;Spring for 2nd/3rd gear pegs
cat001;chap0104;48;Transmission & Gearshift;4 Synchro Gears 1979 on with 18MM Nose Mainshaft;29;22G1094;2nd gear, 26 teeth, use with [LINK]DAM3168[/LINK] / [LINK]DAM3169[/LINK] laygear
cat001;chap0104;48;Transmission & Gearshift;4 Synchro Gears 1979 on with 18MM Nose Mainshaft;29;DAM4932;2nd gear, 26 teeth
cat001;chap0104;48;Transmission & Gearshift;4 Synchro Gears 1979 on with 18MM Nose Mainshaft;30;AAU1816;2nd gear needle roller was 88G495
cat001;chap0104;48;Transmission & Gearshift;4 Synchro Gears 1979 on with 18MM Nose Mainshaft;31;22G839;2nd gear washer
cat001;chap0104;48;Transmission & Gearshift;4 Synchro Gears 1979 on with 18MM Nose Mainshaft;32;DAM7456;3rd/4th synchronizer hub
cat001;chap0104;48;Transmission & Gearshift;4 Synchro Gears 1979 on with 18MM Nose Mainshaft;33;22G1096;1st gear, 31 teeth
cat001;chap0104;48;Transmission & Gearshift;4 Synchro Gears 1979 on with 18MM Nose Mainshaft;34;AAU1815;1st gear bearing, was 88G494
cat001;chap0104;48;Transmission & Gearshift;4 Synchro Gears 1979 on with 18MM Nose Mainshaft;36;AAU1365;3rd motion shaft ball bearing
cat001;chap0104;48;Transmission & Gearshift;4 Synchro Gears 1979 on with 18MM Nose Mainshaft;37;ADU4992;Bearing clip, was 22G72
cat001;chap0104;48;Transmission & Gearshift;4 Synchro Gears 1979 on with 18MM Nose Mainshaft;38;GUG705645GM;Shim, 3 thou
cat001;chap0104;48;Transmission & Gearshift;4 Synchro Gears 1979 on with 18MM Nose Mainshaft;38;GUG705646GM;Shim, 10 thou
cat001;chap0104;48;Transmission & Gearshift;4 Synchro Gears 1979 on with 18MM Nose Mainshaft;40;2A3581;Locating plate
cat001;chap0104;48;Transmission & Gearshift;4 Synchro Gears 1979 on with 18MM Nose Mainshaft;41;DAM2377;Locktab
cat001;chap0104;48;Transmission & Gearshift;4 Synchro Gears 1979 on with 18MM Nose Mainshaft;42;SH505061;Retainer screw, UNC 5/16”x 3/4” long - Was 7/8” long
cat001;chap0104;48;Transmission & Gearshift;4 Synchro Gears 1979 on with 18MM Nose Mainshaft;43;DAM2679;18 teeth final drive pinion
cat001;chap0104;48;Transmission & Gearshift;4 Synchro Gears 1979 on with 18MM Nose Mainshaft;43;DAM2808;19 teeth final drive pinion, see [LINK]CWP3-1[/LINK]/[LINK]CWP3-2[/LINK]
cat001;chap0104;48;Transmission & Gearshift;4 Synchro Gears 1979 on with 18MM Nose Mainshaft;44;DAM6140;Pinion locktab
cat001;chap0104;48;Transmission & Gearshift;4 Synchro Gears 1979 on with 18MM Nose Mainshaft;45;DAM7485;Locking nut
cat001;chap0104;50;Transmission & Gearshift;Differential Assembly;2;ATA7378;Bush for diff case and crown wheel
cat001;chap0104;50;Transmission & Gearshift;Differential Assembly;3;22A411;62 teeth crown wheel 3.4 ratio ([LINK]DAM2677[/LINK] A plus)
cat001;chap0104;50;Transmission & Gearshift;Differential Assembly;3;DAM6327;59 teeth crown wheel 3.105 ratio
cat001;chap0104;50;Transmission & Gearshift;Differential Assembly;3;DAM2806;61 teeth crown wheel 3.2 ratio
cat001;chap0104;50;Transmission & Gearshift;Differential Assembly;4;ATA7043;Crown wheel bolt
cat001;chap0104;50;Transmission & Gearshift;Differential Assembly;5;ATA7385;Crown wheel locktab
cat001;chap0104;50;Transmission & Gearshift;Differential Assembly;6;BTA154;Thrust block, deleted on DAM6027
cat001;chap0104;50;Transmission & Gearshift;Differential Assembly;7;DAM6624;Pinion was 2A7015
cat001;chap0104;50;Transmission & Gearshift;Differential Assembly;8;DAM5071;Pinion bronze thrust washer with locating lip
cat001;chap0104;50;Transmission & Gearshift;Differential Assembly;9;2A7062;Pinion bronze thrust washer
cat001;chap0104;50;Transmission & Gearshift;Differential Assembly;10;C-BTA166;Differential cross pin, precision ground
cat001;chap0104;50;Transmission & Gearshift;Differential Assembly;11;RPS1418;Roll pin for diff pin to case
cat001;chap0104;50;Transmission & Gearshift;Differential Assembly;12;22A1151;Output shaft for [LINK]22A1152[/LINK], auto/ ‘S’ Hardy Spicer
cat001;chap0104;50;Transmission & Gearshift;Differential Assembly;13;DAM3114;Output shaft, was DAM6138
cat001;chap0104;50;Transmission & Gearshift;Differential Assembly;14;22G2688;Circlip for [LINK]DAM3114[/LINK], on shaft
cat001;chap0104;50;Transmission & Gearshift;Differential Assembly;15;BTA101;Fibre thrust washer
cat001;chap0104;50;Transmission & Gearshift;Differential Assembly;15;BTA102;Fibre thrust washer 8 thou oversize
cat001;chap0104;50;Transmission & Gearshift;Differential Assembly;16;AHU1856;Differential ball bearing
cat001;chap0104;50;Transmission & Gearshift;Differential Assembly;17;DAM3108;Differential bearing shims .006”/.1524mm
cat001;chap0104;50;Transmission & Gearshift;Differential Assembly;17;DAM3109;Differential bearing shims .010”/.2540mm
cat001;chap0104;50;Transmission & Gearshift;Differential Assembly;17;DAM3633;Differential bearing shims .020”/.5080mm
cat001;chap0104;50;Transmission & Gearshift;Differential Assembly;18;CHM85;Output flange cover not automatic
cat001;chap0104;50;Transmission & Gearshift;Differential Assembly;18;22G420;Output flange cover (22G419 with lug for rod change)
cat001;chap0104;50;Transmission & Gearshift;Differential Assembly;19;2A3538;Output flange cover bush
cat001;chap0104;50;Transmission & Gearshift;Differential Assembly;19;22G421;Output flange cover bush - Hardy Spicer
cat001;chap0104;50;Transmission & Gearshift;Differential Assembly;20;ADU5738;Output flange cover oil seal
cat001;chap0104;50;Transmission & Gearshift;Differential Assembly;20;AHU1082;Output flange cover oil seal - Hardy Spicer
cat001;chap0104;50;Transmission & Gearshift;Differential Assembly;21;GUG705567GM;Output flange cover gasket
cat001;chap0104;50;Transmission & Gearshift;Differential Assembly;21;22A1611;Output flange cover gasket
cat001;chap0104;50;Transmission & Gearshift;Differential Assembly;22;22A374;Drive flange for output shaft - Rubber coupling type
cat001;chap0104;50;Transmission & Gearshift;Differential Assembly;24;22A1139;Drive flange bolt
cat001;chap0104;50;Transmission & Gearshift;Differential Assembly;27;88G493;Drive flange collet
cat001;chap0104;50;Transmission & Gearshift;Differential Assembly;28;22A1566;Sealing ring
cat001;chap0104;50;Transmission & Gearshift;Differential Assembly;29;GCD101;Driveshaft rubber coupling kit including U bolts and nuts
cat001;chap0104;50;Transmission & Gearshift;Differential Assembly;29;QL5000;Driveshaft nylon and needle roller coupling kit
cat001;chap0104;50;Transmission & Gearshift;Differential Assembly;30;22A132;U bolt
cat001;chap0104;50;Transmission & Gearshift;Differential Assembly;31;GCV1102MS;Inboard CV Joint (Pot joint) non genuine
cat001;chap0104;50;Transmission & Gearshift;Differential Assembly;32;BHM7012;Boot kit, with plastic clips, non genuine
cat001;chap0104;50;Transmission & Gearshift;Differential Assembly;32;GSV1073;Boot kit, with metal clips, genuine
cat001;chap0104;51;Transmission & Gearshift;Remote Type Selections & Speedo Driv;2;2A3624;Metal seating bush
cat001;chap0104;51;Transmission & Gearshift;Remote Type Selections & Speedo Driv;3;DAM8488;Speedometer cable to pinion housing. Was 28G251 housing
cat001;chap0104;51;Transmission & Gearshift;Remote Type Selections & Speedo Driv;4;GUG705565GM;Housing gasket. Was 2A3628
cat001;chap0104;51;Transmission & Gearshift;Remote Type Selections & Speedo Driv;5;22A862;Spring U plate
cat001;chap0104;51;Transmission & Gearshift;Remote Type Selections & Speedo Driv;6;2A3720;Speedo drive to mainshaft gear. 6 teeth
cat001;chap0104;51;Transmission & Gearshift;Remote Type Selections & Speedo Driv;8;22A169;
cat001;chap0104;51;Transmission & Gearshift;Remote Type Selections & Speedo Driv;9;22G821;1st/2nd selector rod, 4 synchromesh
cat001;chap0104;51;Transmission & Gearshift;Remote Type Selections & Speedo Driv;11;22A611;1st/2nd selector fork, 3 synchromesh
cat001;chap0104;51;Transmission & Gearshift;Remote Type Selections & Speedo Driv;11;22G889MS;1st/2nd selector fork, 4 synchromesh gearbox
cat001;chap0104;51;Transmission & Gearshift;Remote Type Selections & Speedo Driv;12;22A610;3rd/4th selector fork, 3 or 4 synchromesh gearbox
cat001;chap0104;51;Transmission & Gearshift;Remote Type Selections & Speedo Driv;13;2A3492;
cat001;chap0104;51;Transmission & Gearshift;Remote Type Selections & Speedo Driv;15;88G222;Gear change lever
cat001;chap0104;51;Transmission & Gearshift;Remote Type Selections & Speedo Driv;17;BH605101;Bolt for securing Nos. 15/20/21 levers
cat001;chap0104;51;Transmission & Gearshift;Remote Type Selections & Speedo Driv;20;88G224;Gear change knuckle - male
cat001;chap0104;51;Transmission & Gearshift;Remote Type Selections & Speedo Driv;23;88G553;
cat001;chap0104;51;Transmission & Gearshift;Remote Type Selections & Speedo Driv;30;2A3647;Detent spring for detents 29, 34
cat001;chap0104;51;Transmission & Gearshift;Remote Type Selections & Speedo Driv;32;AED172;Sealing washer
cat001;chap0104;51;Transmission & Gearshift;Remote Type Selections & Speedo Driv;35;13H577;Oil seal for remote gear shaft
cat001;chap0104;51;Transmission & Gearshift;Remote Type Selections & Speedo Driv;36;AAU2304;Seal for back of [LINK]DAM8488[/LINK] speedo pinion housing
cat001;chap0104;52;Transmission & Gearshift;Rod Change Gear Selectors and Speedo Drive;2;2A3624;Metal seating bush
cat001;chap0104;52;Transmission & Gearshift;Rod Change Gear Selectors and Speedo Drive;3;DAM8488;Speedometer cable to pinion housing
cat001;chap0104;52;Transmission & Gearshift;Rod Change Gear Selectors and Speedo Drive;4;GUG705565GM;Gasket, was [LINK]2A3628[/LINK]
cat001;chap0104;52;Transmission & Gearshift;Rod Change Gear Selectors and Speedo Drive;5;22A862;U clip for speedo drive
cat001;chap0104;52;Transmission & Gearshift;Rod Change Gear Selectors and Speedo Drive;6;GFK1113;Plain washer 1/4”
cat001;chap0104;52;Transmission & Gearshift;Rod Change Gear Selectors and Speedo Drive;7;GHF160;Bolt 1/4” UNC 3/4” long
cat001;chap0104;52;Transmission & Gearshift;Rod Change Gear Selectors and Speedo Drive;9;TSP100400;Selector fork 3rd / 4th synchroniser
cat001;chap0104;52;Transmission & Gearshift;Rod Change Gear Selectors and Speedo Drive;10;TSP100390;Selector fork 1 st /2nd synchroniser
cat001;chap0104;52;Transmission & Gearshift;Rod Change Gear Selectors and Speedo Drive;11;22G1854;Selector shaft for speed forks
cat001;chap0104;52;Transmission & Gearshift;Rod Change Gear Selectors and Speedo Drive;12;BLS110;Detent ball
cat001;chap0104;52;Transmission & Gearshift;Rod Change Gear Selectors and Speedo Drive;13;22G2083;Detent spring, sits behind drive flange alloy cover
cat001;chap0104;52;Transmission & Gearshift;Rod Change Gear Selectors and Speedo Drive;15;22G1417;O ring for sleeve, sits behind drive flange alloy cover
cat001;chap0104;52;Transmission & Gearshift;Rod Change Gear Selectors and Speedo Drive;16;22G1858;Selector shaft
cat001;chap0104;52;Transmission & Gearshift;Rod Change Gear Selectors and Speedo Drive;17;DAM3022;Gaiter for rod change seal
cat001;chap0104;52;Transmission & Gearshift;Rod Change Gear Selectors and Speedo Drive;18;22G1844;Interlock spool sleeve for selector rod shaft
cat001;chap0104;52;Transmission & Gearshift;Rod Change Gear Selectors and Speedo Drive;19;42H1077;Pivot bush
cat001;chap0104;52;Transmission & Gearshift;Rod Change Gear Selectors and Speedo Drive;20;22G1849;Reverse release lever lower was [LINK]AHU2292[/LINK]
cat001;chap0104;52;Transmission & Gearshift;Rod Change Gear Selectors and Speedo Drive;21;22G1848;Bell crank release lever upper
cat001;chap0104;52;Transmission & Gearshift;Rod Change Gear Selectors and Speedo Drive;22;22G1847;Bell crank release lever centre
cat001;chap0104;52;Transmission & Gearshift;Rod Change Gear Selectors and Speedo Drive;23;42H1081;Spacer for levers
cat001;chap0104;52;Transmission & Gearshift;Rod Change Gear Selectors and Speedo Drive;24;GFK1137;Washer 3/8” hole 1 1/4”wide
cat001;chap0104;52;Transmission & Gearshift;Rod Change Gear Selectors and Speedo Drive;25;GFK3323;Locknut 3/8”UNF
cat001;chap0104;52;Transmission & Gearshift;Rod Change Gear Selectors and Speedo Drive;26;22G1845;Bell crank pivot pin
cat001;chap0104;52;Transmission & Gearshift;Rod Change Gear Selectors and Speedo Drive;27;31B447;Pivot pin O ring oil seal
cat001;chap0104;52;Transmission & Gearshift;Rod Change Gear Selectors and Speedo Drive;28;22G2595;Roll pin to hold selector 3rd/4th fork on shaft
cat001;chap0104;52;Transmission & Gearshift;Rod Change Gear Selectors and Speedo Drive;29;AHU1672;Seal for selector rod housing
cat001;chap0104;52;Transmission & Gearshift;Rod Change Gear Selectors and Speedo Drive;30;CDU1563;O ring for bush DAM8706
cat001;chap0104;52;Transmission & Gearshift;Rod Change Gear Selectors and Speedo Drive;31;DAM8706;Bush alloy behind AHU1672 seal
cat001;chap0104;52;Transmission & Gearshift;Rod Change Gear Selectors and Speedo Drive;32;MSSK050;Leak fix kit
cat001;chap0104;52;Transmission & Gearshift;Rod Change Gear Selectors and Speedo Drive;33;AAU2304;Seal for [LINK]DAM8488[/LINK]
cat001;chap0104;53;Transmission & Gearshift;Gear Change Up to 1972 Not Rod Change;2;GFK5240;Short remote to case bolt, was [LINK]GHF165[/LINK]
cat001;chap0104;53;Transmission & Gearshift;Gear Change Up to 1972 Not Rod Change;3;ZCS628;Long remote to case bolt, 3/8”UNC
cat001;chap0104;53;Transmission & Gearshift;Gear Change Up to 1972 Not Rod Change;4;GFK1126;Spring washer
cat001;chap0104;53;Transmission & Gearshift;Gear Change Up to 1972 Not Rod Change;5;22A285;Rubber plug
cat001;chap0104;53;Transmission & Gearshift;Gear Change Up to 1972 Not Rod Change;9;BH605101;Screw for knuckle to shaft, was 2A3335
cat001;chap0104;53;Transmission & Gearshift;Gear Change Up to 1972 Not Rod Change;10;22G158;Gear seat for gearlever, early type
cat001;chap0104;53;Transmission & Gearshift;Gear Change Up to 1972 Not Rod Change;17;22A84;Anti rattle plunger
cat001;chap0104;53;Transmission & Gearshift;Gear Change Up to 1972 Not Rod Change;18;AEG3123;Anti rattle spring
cat001;chap0104;53;Transmission & Gearshift;Gear Change Up to 1972 Not Rod Change;21;22A271;Dust cover large plug
cat001;chap0104;53;Transmission & Gearshift;Gear Change Up to 1972 Not Rod Change;23;22G292;Nylon flange
cat001;chap0104;53;Transmission & Gearshift;Gear Change Up to 1972 Not Rod Change;24;22G389;Gearlever seat
cat001;chap0104;53;Transmission & Gearshift;Gear Change Up to 1972 Not Rod Change;26;22G286;
cat001;chap0104;53;Transmission & Gearshift;Gear Change Up to 1972 Not Rod Change;29;C-22A1750;Gearlever quickshift type chrome
cat001;chap0104;53;Transmission & Gearshift;Gear Change Up to 1972 Not Rod Change;30;22A608;Gearlever gaiter, see [LINK]14A9942[/LINK] for retainer
cat001;chap0104;53;Transmission & Gearshift;Gear Change Up to 1972 Not Rod Change;31;GAE131;Reverse light switch
cat001;chap0104;53;Transmission & Gearshift;Gear Change Up to 1972 Not Rod Change;33;22G351;
cat001;chap0104;53;Transmission & Gearshift;Gear Change Up to 1972 Not Rod Change;36;22A1380;Gaiter when remote case only
cat001;chap0104;53;Transmission & Gearshift;Gear Change Up to 1972 Not Rod Change;37;22A1381;
cat001;chap0104;53;Transmission & Gearshift;Gear Change Up to 1972 Not Rod Change;38;22G110;Original gear knob
cat001;chap0104;53;Transmission & Gearshift;Gear Change Up to 1972 Not Rod Change;39;22A419;Dust excluder, magic wand, non remote case
cat001;chap0104;53;Transmission & Gearshift;Gear Change Up to 1972 Not Rod Change;40;14A6860;Gearlever gaiter, see [LINK]14A6861[/LINK] for retainer
cat001;chap0104;53;Transmission & Gearshift;Gear Change Up to 1972 Not Rod Change;41;21A956;Remote control rear mounting
cat001;chap0104;53;Transmission & Gearshift;Gear Change Up to 1972 Not Rod Change;42;GFK5234;Bolt for mounting to housing UNC thread
cat001;chap0104;53;Transmission & Gearshift;Gear Change Up to 1972 Not Rod Change;43;GFK1125;Washer for mounting to bracket 5/16”
cat001;chap0104;53;Transmission & Gearshift;Gear Change Up to 1972 Not Rod Change;44;GFK1115;Plain washer
cat001;chap0104;53;Transmission & Gearshift;Gear Change Up to 1972 Not Rod Change;45;GFK1126;Spring washer
cat001;chap0104;53;Transmission & Gearshift;Gear Change Up to 1972 Not Rod Change;46;GFK3213;Nut, 3/8”UNF
cat001;chap0104;53;Transmission & Gearshift;Gear Change Up to 1972 Not Rod Change;47;GFK5184;Bracket to body bolt
cat001;chap0104;53;Transmission & Gearshift;Gear Change Up to 1972 Not Rod Change;48;GFK1114;Bracket to body bolt plain washer
cat001;chap0104;53;Transmission & Gearshift;Gear Change Up to 1972 Not Rod Change;49;GFK1125;Spring washer 5/16”
cat001;chap0104;53;Transmission & Gearshift;Gear Change Up to 1972 Not Rod Change;50;GFK3212;Nut, 5/16”UNF
cat001;chap0104;53;Transmission & Gearshift;Gear Change Up to 1972 Not Rod Change;51;21A745;Remote control rear bracket
cat001;chap0104;54;Transmission & Gearshift;Rod Change Gear Shift Mechanism;2;42H1116;Coupling for extension rod
cat001;chap0104;54;Transmission & Gearshift;Rod Change Gear Shift Mechanism;3;RPS1418;Roll pin (coupling to rod) and eye extension rod
cat001;chap0104;54;Transmission & Gearshift;Rod Change Gear Shift Mechanism;4;UKN10032;Gearbox to gearlever steady rod, 1/2” longer, 1275cc
cat001;chap0104;54;Transmission & Gearshift;Rod Change Gear Shift Mechanism;7;DAM3670;Gearlever housing, was [LINK]42H1194[/LINK]
cat001;chap0104;54;Transmission & Gearshift;Rod Change Gear Shift Mechanism;8;42B413;Housing steady bush, was 42H1214
cat001;chap0104;54;Transmission & Gearshift;Rod Change Gear Shift Mechanism;9;DAM2670;Long gearlever retainer pin was 22G2276 gear lever locating pin
cat001;chap0104;54;Transmission & Gearshift;Rod Change Gear Shift Mechanism;11;22G2792;Extension rod eye
cat001;chap0104;54;Transmission & Gearshift;Rod Change Gear Shift Mechanism;12;DAM8621;Gearlever housing base plate was 22G2355
cat001;chap0104;54;Transmission & Gearshift;Rod Change Gear Shift Mechanism;13;22G2026;Floor to housing bracket
cat001;chap0104;54;Transmission & Gearshift;Rod Change Gear Shift Mechanism;15;22G2205;Bracket to housing mountings
cat001;chap0104;54;Transmission & Gearshift;Rod Change Gear Shift Mechanism;16;GFK1125;Washer, was GHF332
cat001;chap0104;54;Transmission & Gearshift;Rod Change Gear Shift Mechanism;17;GFK3212;Nut, plain was GHF201
cat001;chap0104;54;Transmission & Gearshift;Rod Change Gear Shift Mechanism;18;22G1434;Gearlever retainer
cat001;chap0104;54;Transmission & Gearshift;Rod Change Gear Shift Mechanism;19;C-22A1751;Gearlever chrome quickshift. Should not be used with [LINK]MSG12[/LINK]
cat001;chap0104;54;Transmission & Gearshift;Rod Change Gear Shift Mechanism;22;CZH4278;Gearlever gaiter
cat001;chap0104;54;Transmission & Gearshift;Rod Change Gear Shift Mechanism;23;FJN10003;Retainer for gaiter, was CZH3002
cat001;chap0104;54;Transmission & Gearshift;Rod Change Gear Shift Mechanism;24;GEX7088;Exhaust bracket
cat001;chap0104;54;Transmission & Gearshift;Rod Change Gear Shift Mechanism;25;MSG12;Mini Spares Slickshift gate bias (gives more direct gear change into 3rd)
cat001;chap0104;54;Transmission & Gearshift;Rod Change Gear Shift Mechanism;26;GAE191;Reverse light switch
cat001;chap0104;54;Transmission & Gearshift;Rod Change Gear Shift Mechanism;27;22A1613;Locknut for switch, 3/8”UNC
cat001;chap0105;55;Cooling & Heating;Water Pump, Pulleys & Ancillaries;1;GWP132;Water pump, small impellor protruding - 5/16” 7.90mm
cat001;chap0105;55;Cooling & Heating;Water Pump, Pulleys & Ancillaries;2;12A2075;Bypass hose adaptor. Cut as required
cat001;chap0105;55;Cooling & Heating;Water Pump, Pulleys & Ancillaries;3;88G215;Water pump gasket
cat001;chap0105;55;Cooling & Heating;Water Pump, Pulleys & Ancillaries;3;GUG705555GM;Water pump gasket
cat001;chap0105;55;Cooling & Heating;Water Pump, Pulleys & Ancillaries;4;BH605141;Bolt water pump to block long
cat001;chap0105;55;Cooling & Heating;Water Pump, Pulleys & Ancillaries;5;SH605101;Bolt water pump to block short
cat001;chap0105;55;Cooling & Heating;Water Pump, Pulleys & Ancillaries;6;GFK1125;Washer, spring was GHF332
cat001;chap0105;55;Cooling & Heating;Water Pump, Pulleys & Ancillaries;9;AHU1878;Crankshaft vibration damper pulley - A plus
cat001;chap0105;55;Cooling & Heating;Water Pump, Pulleys & Ancillaries;10;C-AEG454;Steel pulley
cat001;chap0105;55;Cooling & Heating;Water Pump, Pulleys & Ancillaries;11;12A367;Damper ring
cat001;chap0105;55;Cooling & Heating;Water Pump, Pulleys & Ancillaries;12;SH605051;Bolt, 5/16” UNF 5/8”long
cat001;chap0105;55;Cooling & Heating;Water Pump, Pulleys & Ancillaries;13;GFK1125;Washer, spring was GHF332
cat001;chap0105;55;Cooling & Heating;Water Pump, Pulleys & Ancillaries;14;AEA312;
cat001;chap0105;55;Cooling & Heating;Water Pump, Pulleys & Ancillaries;14;TAM2019;Crankshaft pulley bolt 3/4” thread length
cat001;chap0105;55;Cooling & Heating;Water Pump, Pulleys & Ancillaries;14;C-AHT147;Crankshaft pulley bolt / washer
cat001;chap0105;55;Cooling & Heating;Water Pump, Pulleys & Ancillaries;15;12A398;Crankshaft pulley locktab 0.875” hole, except [LINK]TAM2019[/LINK]
cat001;chap0105;55;Cooling & Heating;Water Pump, Pulleys & Ancillaries;15;TAM2020;Crankshaft pulley locktab 11/16” hole
cat001;chap0105;55;Cooling & Heating;Water Pump, Pulleys & Ancillaries;16;CAM116;Water pump alloy pulley 4.2” 1098cc. Fits 1000cc with 940 head fitted. Fits 1275cc with skimmed head
cat001;chap0105;55;Cooling & Heating;Water Pump, Pulleys & Ancillaries;16;CAM6408;Water pump pulley large (4.725” diameter) now made in alloy
cat001;chap0105;55;Cooling & Heating;Water Pump, Pulleys & Ancillaries;16;12A667;
cat001;chap0105;55;Cooling & Heating;Water Pump, Pulleys & Ancillaries;17;12A312;Distance piece fan to pulley
cat001;chap0105;55;Cooling & Heating;Water Pump, Pulleys & Ancillaries;18;12G2452;
cat001;chap0105;55;Cooling & Heating;Water Pump, Pulleys & Ancillaries;19;SH604041;Bolt, fan blade to pump. 1/4”UNF x 1/2” long
cat001;chap0105;55;Cooling & Heating;Water Pump, Pulleys & Ancillaries;19;GFK5180;Bolt, fan blade to pump. 1/4”UNF x 1” long
cat001;chap0105;55;Cooling & Heating;Water Pump, Pulleys & Ancillaries;20;GFK1124;Washer, spring
cat001;chap0105;55;Cooling & Heating;Water Pump, Pulleys & Ancillaries;21;12G2129;Eleven blade thick plastic fan, fins 1.500” wide at tip
cat001;chap0105;55;Cooling & Heating;Water Pump, Pulleys & Ancillaries;22;2A998;Six blade fan, metal
cat001;chap0105;55;Cooling & Heating;Water Pump, Pulleys & Ancillaries;23;2A997;Single blade fan, hot climate or tuning,
cat001;chap0105;55;Cooling & Heating;Water Pump, Pulleys & Ancillaries;24;CAM4126;Blanking plug cap
cat001;chap0105;55;Cooling & Heating;Water Pump, Pulleys & Ancillaries;25;GHC406;Clip, alternative clip [LINK]3H2963[/LINK]
cat001;chap0105;55;Cooling & Heating;Water Pump, Pulleys & Ancillaries;26;GCB10813;Fan belt, short, when [LINK]CAM6239[/LINK] / [LINK]CAM116[/LINK]
cat001;chap0105;55;Cooling & Heating;Water Pump, Pulleys & Ancillaries;26;GCB10825;Fan belt, medium, when [LINK]12A667[/LINK] pulley
cat001;chap0105;55;Cooling & Heating;Water Pump, Pulleys & Ancillaries;26;GCB10838;Fan belt, long when [LINK]CAM6408[/LINK] pulley
cat001;chap0105;55;Cooling & Heating;Water Pump, Pulleys & Ancillaries;28;C-AHT146;Locktab for [LINK]12A367[/LINK] / [LINK]AEG454[/LINK]
cat001;chap0105;56;Cooling & Heating;Radiator & Fittings;1;C-ARA5000;Radiator - Alloy prefabricated, hi efficiency. Mini Spares own
cat001;chap0105;56;Cooling & Heating;Radiator & Fittings;1;ARP2000;Radiator (3 rows of cores)
cat001;chap0105;56;Cooling & Heating;Radiator & Fittings;1;ARP1106;Radiator (3 rows of cores uprated for historic racers)
cat001;chap0105;56;Cooling & Heating;Radiator & Fittings;1;C-ARA4444;Radiator (4 rows of cores)
cat001;chap0105;56;Cooling & Heating;Radiator & Fittings;1;C-ARA4442;Radiator (special design cores 2 row)
cat001;chap0105;56;Cooling & Heating;Radiator & Fittings;1;C-ARA4441;Radiator (alloy prefabricated. 2 core. UK made)
cat001;chap0105;56;Cooling & Heating;Radiator & Fittings;3;ARA2769;Top and bottom cowl kit, except Cooper and ‘S’
cat001;chap0105;56;Cooling & Heating;Radiator & Fittings;3;ARA2770;Top and bottom cowl kit, Cooper and ‘S’ only
cat001;chap0105;56;Cooling & Heating;Radiator & Fittings;4;PGK10034;One piece cowling 1974 on, was ARP1068
cat001;chap0105;56;Cooling & Heating;Radiator & Fittings;5;14A7286;Seal, radiator to body inner wing cowl
cat001;chap0105;56;Cooling & Heating;Radiator & Fittings;6;SH604031;Radiator to cowl screws, 1974 on
cat001;chap0105;56;Cooling & Heating;Radiator & Fittings;7;ARA1117;Original PK screw on early radiators, pre 1974
cat001;chap0105;56;Cooling & Heating;Radiator & Fittings;8;GRH1001M;Overflow pipe rubber
cat001;chap0105;56;Cooling & Heating;Radiator & Fittings;9;GRC101;Radiator cap 7lb pressure, very early 850cc
cat001;chap0105;56;Cooling & Heating;Radiator & Fittings;9;GRC102;Radiator cap 7lb pressure, 850cc
cat001;chap0105;56;Cooling & Heating;Radiator & Fittings;9;GRC1111;Radiator cap 13lb pressure
cat001;chap0105;56;Cooling & Heating;Radiator & Fittings;9;GRC1110;Radiator cap 15lb pressure, 1980-91
cat001;chap0105;56;Cooling & Heating;Radiator & Fittings;9;GRC207;Radiator cap 15lb pressure, better sealing
cat001;chap0105;56;Cooling & Heating;Radiator & Fittings;10;12A201;Top radiator bracket, 850/998cc to 1980
cat001;chap0105;56;Cooling & Heating;Radiator & Fittings;10;12G617;Top radiator bracket
cat001;chap0105;56;Cooling & Heating;Radiator & Fittings;10;12G2453;Top radiator bracket, uses [LINK]11G227[/LINK] grommet
cat001;chap0105;56;Cooling & Heating;Radiator & Fittings;11;CAM4619;Top radiator bracket on one piece cowl
cat001;chap0105;56;Cooling & Heating;Radiator & Fittings;12;PCU10135;Top radiator bracket, uses [LINK]11G227[/LINK]/[LINK]CAM4415[/LINK]
cat001;chap0105;56;Cooling & Heating;Radiator & Fittings;13;12A361;Engine to radiator mounting bracket
cat001;chap0105;56;Cooling & Heating;Radiator & Fittings;14;HBZ534;Long bolt for [LINK]12A361[/LINK] bracket to gearbox
cat001;chap0105;56;Cooling & Heating;Radiator & Fittings;16;12G1318;Adaptor plate
cat001;chap0105;56;Cooling & Heating;Radiator & Fittings;17;12G1319;Screw, for adaptor plate
cat001;chap0105;56;Cooling & Heating;Radiator & Fittings;18;12A293;Split cowl lower radiator bracket, when [LINK]12A361[/LINK] fitted, all Coopers
cat001;chap0105;56;Cooling & Heating;Radiator & Fittings;19;22A29;
cat001;chap0105;56;Cooling & Heating;Radiator & Fittings;20;12A2153;Single cowl lower radiator bracket, when [LINK]12A361[/LINK] fitted
cat001;chap0105;56;Cooling & Heating;Radiator & Fittings;21;ARP1073;Spacer for [LINK]12A215[/LINK]3 bracket
cat001;chap0105;56;Cooling & Heating;Radiator & Fittings;22;12G4270;Bolt for cowl to bracket, 5/16”UNF x 31/4” long
cat001;chap0105;56;Cooling & Heating;Radiator & Fittings;23;SH605051;Screw to bracket
cat001;chap0105;56;Cooling & Heating;Radiator & Fittings;24;11G227;Upper and lower radiator grommet on 2 piece cowling
cat001;chap0105;56;Cooling & Heating;Radiator & Fittings;25;11G228;Original shouldered bolt, 5/16”UNF
cat001;chap0105;56;Cooling & Heating;Radiator & Fittings;25;GFK5184;Plain bolt to go with 12A1985 when required
cat001;chap0105;56;Cooling & Heating;Radiator & Fittings;27;11G227;Upper radiator bracket grommet with one piece cowl
cat001;chap0105;56;Cooling & Heating;Radiator & Fittings;28;CAM4415;Sleeve for [LINK]11G227[/LINK] grommet
cat001;chap0105;56;Cooling & Heating;Radiator & Fittings;29;GFK5179;Bolt when using [LINK]CAM4415[/LINK] sleeve, 1/4”UNF
cat001;chap0105;56;Cooling & Heating;Radiator & Fittings;30;CAM4618;Rubber locating bush, 1974 on
cat001;chap0105;56;Cooling & Heating;Radiator & Fittings;30;CAM4618POLY;Poly locating bush, 1974 on
cat001;chap0105;57;Cooling & Heating;Radiator Hoses;1;GRH467;Top hose 850cc to 1967 and Clubman 998cc
cat001;chap0105;57;Cooling & Heating;Radiator Hoses;1;C-GRH467;Top hose as above in silicon
cat001;chap0105;57;Cooling & Heating;Radiator Hoses;1;GRH245;Top hose 1967 on, 850/998/1100cc
cat001;chap0105;57;Cooling & Heating;Radiator Hoses;2;GRH469KEVLAR;Top hose
cat001;chap0105;57;Cooling & Heating;Radiator Hoses;2;GRH247KEVLAR;Top hose, 1275cc when no sandwich plate
cat001;chap0105;57;Cooling & Heating;Radiator Hoses;2;GRH1212;Top hose, when sandwich plate fitted
cat001;chap0105;57;Cooling & Heating;Radiator Hoses;2;C-GRH1212;Top hose, as above in silicon
cat001;chap0105;57;Cooling & Heating;Radiator Hoses;3;GRH1140;Top hose, Cooper 1990/1 - Large bore
cat001;chap0105;57;Cooling & Heating;Radiator Hoses;3;C-GRH1140;Top hose, as above in silicon
cat001;chap0105;57;Cooling & Heating;Radiator Hoses;4;GRH240KEVLAR;Bottom hose, 850/998/1098/1275 Pre 1989
cat001;chap0105;57;Cooling & Heating;Radiator Hoses;4;C-GRH240;Bottom hose, as above in silicon
cat001;chap0105;57;Cooling & Heating;Radiator Hoses;5;GRH1159;Bottom hose, 1990-92 on, was GRH1139
cat001;chap0105;57;Cooling & Heating;Radiator Hoses;5;C-GRH1159;Bottom hose, as above in silicon
cat001;chap0105;57;Cooling & Heating;Radiator Hoses;6;GRH1242;Bottom hose, was GRH1215 1991-96
cat001;chap0105;57;Cooling & Heating;Radiator Hoses;6;C-GRH1242;Bottom hose, as above in silicon
cat001;chap0105;57;Cooling & Heating;Radiator Hoses;7;GRH1289;Bottom hose, uses 5/8” heater hoses
cat001;chap0105;57;Cooling & Heating;Radiator Hoses;8;GRH802;Bottom hose, when no heater fitted
cat001;chap0105;57;Cooling & Heating;Radiator Hoses;9;PCH10532;Thermostat to manifold, heater hose
cat001;chap0105;57;Cooling & Heating;Radiator Hoses;10;GHC406;Clip, heater outlet on hose, 1/2”hose
cat001;chap0105;57;Cooling & Heating;Radiator Hoses;11;GHC608;Clip, heater outlet on hose, 5/8”hose clip
cat001;chap0105;57;Cooling & Heating;Radiator Hoses;12;GHC811;Clip, top and bottom hoses
cat001;chap0105;57;Cooling & Heating;Radiator Hoses;17;GHC405;Clip for [LINK]LPH630[/LINK], was UKC3803
cat001;chap0105;57;Cooling & Heating;Radiator Hoses;19;GRH1001M;Radiator overflow hose
cat001;chap0105;57;Cooling & Heating;Radiator Hoses;20;ARA951;Clip for overflow hose
cat001;chap0105;57;Cooling & Heating;Radiator Hoses;21;GHC913;Clip, thermostat end of [LINK]GRH1140[/LINK] top hose
cat001;chap0105;57;Cooling & Heating;Radiator Hoses;22;GRH1006;Heater hose 1/2” bore size
cat001;chap0105;57;Cooling & Heating;Radiator Hoses;22;GRH1006KEVLAR;Heater hose 1/2” bore size, Kevlar reinforced
cat001;chap0105;57;Cooling & Heating;Radiator Hoses;22;GRH905;Heater hose 5/8” bore size, (15.75mm)
cat001;chap0105;58;Cooling & Heating;Control Cables, Heater Valves & Heater Radiators;1;NAM7914;Accelerator cable, SU carbs
cat001;chap0105;58;Cooling & Heating;Control Cables, Heater Valves & Heater Radiators;1;C-AHT85;Accelerator cable, nylon sleeved internally 31/2” longer than [LINK]NAM7914[/LINK]
cat001;chap0105;58;Cooling & Heating;Control Cables, Heater Valves & Heater Radiators;1;SBB10099;Accelerator cable, Right hand drive
cat001;chap0105;58;Cooling & Heating;Control Cables, Heater Valves & Heater Radiators;1;SBB10126;Accelerator cable, Left hand drive
cat001;chap0105;58;Cooling & Heating;Control Cables, Heater Valves & Heater Radiators;2;21A1202;Choke cable original Bakerlite type of knob
cat001;chap0105;58;Cooling & Heating;Control Cables, Heater Valves & Heater Radiators;3;21A1204;Choke cable locking, original Bakerlite type of knob
cat001;chap0105;58;Cooling & Heating;Control Cables, Heater Valves & Heater Radiators;4;21A2329;Choke cable, plastic knob, turn to lock
cat001;chap0105;58;Cooling & Heating;Control Cables, Heater Valves & Heater Radiators;4;SBF10027;Choke cable, 27” ratchet type locking
cat001;chap0105;58;Cooling & Heating;Control Cables, Heater Valves & Heater Radiators;4;SBF10031;Choke cable, 31” ratchet type locking
cat001;chap0105;58;Cooling & Heating;Control Cables, Heater Valves & Heater Radiators;5;14A9988;Heater cable original Bakerlite type of knob
cat001;chap0105;58;Cooling & Heating;Control Cables, Heater Valves & Heater Radiators;5;CHM373;Heater cable plastic knob 30” was 24A2738
cat001;chap0105;58;Cooling & Heating;Control Cables, Heater Valves & Heater Radiators;5;JFF10003;Heater cable with looped end, for later valve
cat001;chap0105;58;Cooling & Heating;Control Cables, Heater Valves & Heater Radiators;6;CAM5969;Cable grommet through bulkhead
cat001;chap0105;58;Cooling & Heating;Control Cables, Heater Valves & Heater Radiators;7;13H3472;Clip, choke cable to carburettor bracket
cat001;chap0105;58;Cooling & Heating;Control Cables, Heater Valves & Heater Radiators;7;CZK6491;Clip, choke cable to carburettor bracket (“HIF” Only)
cat001;chap0105;58;Cooling & Heating;Control Cables, Heater Valves & Heater Radiators;8;AUE34;Choke locking screw/nipple
cat001;chap0105;58;Cooling & Heating;Control Cables, Heater Valves & Heater Radiators;9;ADU9102MS;Heater valve was 88G601, 1/2”(12.7mm) bore hose
cat001;chap0105;58;Cooling & Heating;Control Cables, Heater Valves & Heater Radiators;10;53K1016;Heater valve cable screw
cat001;chap0105;58;Cooling & Heating;Control Cables, Heater Valves & Heater Radiators;12;88G221;Heater valve/tap gasket
cat001;chap0105;58;Cooling & Heating;Control Cables, Heater Valves & Heater Radiators;13;JJB10011;Heater valve/non fixed 5/8” bore hose
cat001;chap0105;58;Cooling & Heating;Control Cables, Heater Valves & Heater Radiators;14;12G2534;Heater hose take off on head 5/8”(15.8mm)
cat001;chap0105;58;Cooling & Heating;Control Cables, Heater Valves & Heater Radiators;14;12G2534ALLOY;Heater hose CNC alloy take off on head 5/8”(15.8mm)
cat001;chap0105;58;Cooling & Heating;Control Cables, Heater Valves & Heater Radiators;15;17H8608;Heater radiator 1/2” outlet
cat001;chap0105;58;Cooling & Heating;Control Cables, Heater Valves & Heater Radiators;15;37H7216;Heater radiator 1/2” outlet
cat001;chap0105;58;Cooling & Heating;Control Cables, Heater Valves & Heater Radiators;15;BAU5043;Heater radiator 5/8” outlet
cat001;chap0105;59;Cooling & Heating;Heater and Air Vents;6;JKA10011;Air intake duct to face vent L/H, fuel injected on
cat001;chap0105;59;Cooling & Heating;Heater and Air Vents;15;JPC6876;Seal for JKA10012 hose, except Clubman - was CZH694
cat001;chap0105;59;Cooling & Heating;Heater and Air Vents;17;JPC6876;Seal for EAM7437 hose, was CZH694
cat001;chap0105;59;Cooling & Heating;Heater and Air Vents;20;CZH700;Hose from face vent to air distribution box
cat001;chap0105;59;Cooling & Heating;Heater and Air Vents;22;346999A;Heater to air distribution box R/H
cat001;chap0105;59;Cooling & Heating;Heater and Air Vents;27;ALA6292;Vent to body seal
cat001;chap0105;59;Cooling & Heating;Heater and Air Vents;29;CZH1753;Demist hose, was ALA8033 & JKC10017
cat001;chap0105;59;Cooling & Heating;Heater and Air Vents;31;GRH1006;Heater hose 1/2” bore (sold per metre)
cat001;chap0105;59;Cooling & Heating;Heater and Air Vents;31;GRH1006KEVLAR;Heater hose 1/2” bore (sold per metre) reinforced Kevlar
cat001;chap0105;59;Cooling & Heating;Heater and Air Vents;31;GRH905;Heater hose 5/8” bore (sold per metre)
cat001;chap0105;59;Cooling & Heating;Heater and Air Vents;32;34G3651;Grommet for hose body 1/2” bore
cat001;chap0105;59;Cooling & Heating;Heater and Air Vents;32;CLP6235;Heater hose grommet 5/8” bore
cat001;chap0106;60;Fuel System;Fuel Tanks;1;21A291;Petrol tank, genuine, Estate / Van / Pickup
cat001;chap0106;60;Fuel System;Fuel Tanks;1;21A291MS;Petrol tank, stainless steel, Estate / Van / Pickup
cat001;chap0106;60;Fuel System;Fuel Tanks;2;ARH672;
cat001;chap0106;60;Fuel System;Fuel Tanks;3;ARA967;Drain plug washer
cat001;chap0106;60;Fuel System;Fuel Tanks;4;21A304;Large nylon securing nut, rear
cat001;chap0106;60;Fuel System;Fuel Tanks;5;AB614101;Securing screw for [LINK]21A304[/LINK]
cat001;chap0106;60;Fuel System;Fuel Tanks;6;21A305;Small nylon securing nut front
cat001;chap0106;60;Fuel System;Fuel Tanks;7;AB614061;Securing screw for [LINK]21A305[/LINK]
cat001;chap0106;60;Fuel System;Fuel Tanks;8;AAU8340MS;Petrol tank sender unit
cat001;chap0106;60;Fuel System;Fuel Tanks;9;GUG705711GM;Sender unit cork gasket, was 2H1082
cat001;chap0106;60;Fuel System;Fuel Tanks;10;53K165;Tank unit screw
cat001;chap0106;60;Fuel System;Fuel Tanks;11;WLD100350;Petrol cap chrome/polished, Van / Estate
cat001;chap0106;60;Fuel System;Fuel Tanks;11;GSS154A;Locking vented petrol cap, stainless steel, Van / Estate
cat001;chap0106;60;Fuel System;Fuel Tanks;12;21A2109;Petrol cap seal, (supplied on all new caps)
cat001;chap0106;60;Fuel System;Fuel Tanks;14;14A7057;Fuel neck seal (part of [LINK]MS8[/LINK]2 kit)
cat001;chap0106;60;Fuel System;Fuel Tanks;15;2A2069;Sealing ring, neck to floor
cat001;chap0106;60;Fuel System;Fuel Tanks;16;21A308;Petrol pipe, (134” long original)
cat001;chap0106;60;Fuel System;Fuel Tanks;17;21A307;Tank to pump 6 1/2” repair pipe with union
cat001;chap0106;60;Fuel System;Fuel Tanks;18;21A2183;Petrol tank 5.5 gallon R/H Cooper ‘S’ 1966 on
cat001;chap0106;60;Fuel System;Fuel Tanks;19;ARP1043;Petrol tank 7.5 gallons capacity L/H
cat001;chap0106;60;Fuel System;Fuel Tanks;20;21A2838;Diagonal retaining strap 7.5 gallon tank
cat001;chap0106;60;Fuel System;Fuel Tanks;21;WLD100350;Petrol cap chrome (vented) saloon - (was 18G8601 non vented)
cat001;chap0106;60;Fuel System;Fuel Tanks;21;GSS154A;Locking vented petrol cap, stainless steel, Saloon
cat001;chap0106;60;Fuel System;Fuel Tanks;21;WLD100660;Locking non vented petrol cap, stainless steel, Saloon
cat001;chap0106;60;Fuel System;Fuel Tanks;21;GSS215;Locking vented petrol cap, 3” round top (Wilmot Breedon type)
cat001;chap0106;60;Fuel System;Fuel Tanks;22;XNB10007;Petrol sender unit, when voltage stabiliser fitted, was AHU1029
cat001;chap0106;60;Fuel System;Fuel Tanks;22;2A2163;Petrol sender unit, when voltage stabiliser fitted, 1959-64
cat001;chap0106;60;Fuel System;Fuel Tanks;23;ARA1501;Metal locking ring
cat001;chap0106;60;Fuel System;Fuel Tanks;24;ARA1502;Locking rubber seal ring
cat001;chap0106;60;Fuel System;Fuel Tanks;24;GUG705711GM;Gasket, fuel sender, cork (for early models)
cat001;chap0106;60;Fuel System;Fuel Tanks;25;21A1329;Location plate for [LINK]21A2183[/LINK] R/H tank
cat001;chap0106;60;Fuel System;Fuel Tanks;25;14A6867;Location plate tank support for L/H tank
cat001;chap0106;60;Fuel System;Fuel Tanks;26;ALA7905;Anchor bracket, R/H tank
cat001;chap0106;60;Fuel System;Fuel Tanks;27;2A2231;Lower strap short (part of [LINK]MS82[/LINK] kit)
cat001;chap0106;60;Fuel System;Fuel Tanks;28;2A2226;Upper strap long (part of [LINK]MS82[/LINK] kit)
cat001;chap0106;60;Fuel System;Fuel Tanks;29;21A2331;Joining pipe R/H to L/H tank (part of [LINK]MS82[/LINK] kit)
cat001;chap0106;60;Fuel System;Fuel Tanks;30;CRC7575;Plastic vent pipe
cat001;chap0106;60;Fuel System;Fuel Tanks;31;21A919;Petrol metal pipe 1/4” bore, Saloon 92”
cat001;chap0106;60;Fuel System;Fuel Tanks;32;PPK1;2 1/2” Braided flex hose 1/4” bore
cat001;chap0106;60;Fuel System;Fuel Tanks;32;21A2332;2 1/2” Braided Flex hose 5/16” bore (part of [LINK]MS82[/LINK] kit)
cat001;chap0106;60;Fuel System;Fuel Tanks;33;PPK2;5” Braided flex hose 1/4” bore
cat001;chap0106;60;Fuel System;Fuel Tanks;33;PPK3;7 1/2” Braided flex hose 1/4” bore
cat001;chap0106;60;Fuel System;Fuel Tanks;33;PPK4;10” Braided flex hose 1/4” bore
cat001;chap0106;60;Fuel System;Fuel Tanks;33;PPK5;12” Braided flex hose 1/4” bore
cat001;chap0106;60;Fuel System;Fuel Tanks;33;PPK6;15” Braided flex hose 1/4” bore
cat001;chap0106;60;Fuel System;Fuel Tanks;33;PPK7;22” Braided flex hose 1/4” bore
cat001;chap0106;60;Fuel System;Fuel Tanks;34;ACH5854;Clip for Smiths type hose
cat001;chap0106;61;Fuel System;Fuel Pumps & Petrol Pipe;2;AUE555;Repair kit for AUF705
cat001;chap0106;61;Fuel System;Fuel Pumps & Petrol Pipe;3;AZX1818;Mechanical fuel pump, turret type top
cat001;chap0106;61;Fuel System;Fuel Pumps & Petrol Pipe;3;AZX1818MS;Mechanical fuel pump, turret type top
cat001;chap0106;61;Fuel System;Fuel Pumps & Petrol Pipe;3;AZX1817;Mechanical fuel pump, HIF44 carb
cat001;chap0106;61;Fuel System;Fuel Pumps & Petrol Pipe;3;WND10005;Mechanical fuel pump, 5/16”inlet pipe
cat001;chap0106;61;Fuel System;Fuel Pumps & Petrol Pipe;5;GUG705603GM;Gasket and distance piece, was 12G4520B
cat001;chap0106;61;Fuel System;Fuel Pumps & Petrol Pipe;6;GUG705779GM;Gasket all mechanical pump, was 12G3494B
cat001;chap0106;61;Fuel System;Fuel Pumps & Petrol Pipe;7;AUF214;Electric fuel pump, genuine SU Type - Dual polarity
cat001;chap0106;61;Fuel System;Fuel Pumps & Petrol Pipe;7;AUF214MS;Electric fuel pump, reproduction
cat001;chap0106;61;Fuel System;Fuel Pumps & Petrol Pipe;7;AUF214EN;Electric fuel pump, SU with solid state electrics
cat001;chap0106;61;Fuel System;Fuel Pumps & Petrol Pipe;7;AUF214EP;Electric fuel pump, SU with solid state electrics
cat001;chap0106;61;Fuel System;Fuel Pumps & Petrol Pipe;8;AUB6106A;Contact set, dual type
cat001;chap0106;61;Fuel System;Fuel Pumps & Petrol Pipe;9;AUB663;Banjo
cat001;chap0106;61;Fuel System;Fuel Pumps & Petrol Pipe;10;AUB676;Sealing ring
cat001;chap0106;61;Fuel System;Fuel Pumps & Petrol Pipe;13;21A919;Metal petrol pipe 96” full length for saloon
cat001;chap0106;61;Fuel System;Fuel Pumps & Petrol Pipe;14;PPK1;21/2” Braided flex hose 1/4” bore
cat001;chap0106;61;Fuel System;Fuel Pumps & Petrol Pipe;14;PPK2;5” Braided flex hose 1/4” bore
cat001;chap0106;61;Fuel System;Fuel Pumps & Petrol Pipe;14;PPK3;71/2” Braided flex hose 1/4” bore
cat001;chap0106;61;Fuel System;Fuel Pumps & Petrol Pipe;14;PPK4;10” Braided flex hose 1/4” bore
cat001;chap0106;61;Fuel System;Fuel Pumps & Petrol Pipe;14;PPK5;12” Braided flex hose 1/4” bore
cat001;chap0106;61;Fuel System;Fuel Pumps & Petrol Pipe;14;PPK6;15” Braided flex hose 1/4” bore
cat001;chap0106;61;Fuel System;Fuel Pumps & Petrol Pipe;14;PPK7;22” Braided flex hose 1/4” bore
cat001;chap0106;61;Fuel System;Fuel Pumps & Petrol Pipe;14;PETROLPIPE;Petrol hose 1/4” bore - sold per 30cm
cat001;chap0106;61;Fuel System;Fuel Pumps & Petrol Pipe;15;21A632;Clamp for fuel pump
cat001;chap0106;61;Fuel System;Fuel Pumps & Petrol Pipe;16;21A750;Pump to clip bracket
cat001;chap0106;61;Fuel System;Fuel Pumps & Petrol Pipe;17;ACB9252;Packing strap, synthetic waterproof rubber
cat001;chap0106;61;Fuel System;Fuel Pumps & Petrol Pipe;18;CHS2515;Stud for mechanical pump
cat001;chap0106;62;Fuel System;Carburettors HS2;1;HS2;Carburettors, HS2 11/4” with AAV swinging needle
cat001;chap0106;62;Fuel System;Carburettors HS2;2;AUC8103A;Dashpot damper
cat001;chap0106;62;Fuel System;Carburettors HS2;2;AUC8103HB;Original brass type dashpot damper
cat001;chap0106;62;Fuel System;Carburettors HS2;3;AUC4587;Dashpot spring, blue, 2.5oz
cat001;chap0106;62;Fuel System;Carburettors HS2;3;AUC4387;Dashpot spring, red, 4.5oz
cat001;chap0106;62;Fuel System;Carburettors HS2;4;AUD1261;Fixed needle rich (M)
cat001;chap0106;62;Fuel System;Carburettors HS2;4;AUD1149;Fixed needle standard (EB)
cat001;chap0106;62;Fuel System;Carburettors HS2;4;AUD1227;Fixed needle standard (GX)
cat001;chap0106;62;Fuel System;Carburettors HS2;4;AUD1211;Fixed needle weak (GG)
cat001;chap0106;62;Fuel System;Carburettors HS2;10;WZX1310;Spindle kit with screws
cat001;chap0106;62;Fuel System;Carburettors HS2;11;WZX1320;Butterfly with screws
cat001;chap0106;62;Fuel System;Carburettors HS2;12;AUC1358;Butterfly screw, was RTC5965
cat001;chap0106;62;Fuel System;Carburettors HS2;13;AUD9098A;Jet assembly
cat001;chap0106;62;Fuel System;Carburettors HS2;15;AUD2193;Washer
cat001;chap0106;62;Fuel System;Carburettors HS2;16;AUD2194;Rubber seal
cat001;chap0106;62;Fuel System;Carburettors HS2;18;AUC1152;Float pin
cat001;chap0106;62;Fuel System;Carburettors HS2;19;CA90;Needle and seat, float valve
cat001;chap0106;62;Fuel System;Carburettors HS2;19;WZX1100A;Needle and seat, float valve
cat001;chap0106;62;Fuel System;Carburettors HS2;20;AUE266;Lid with float and needle valve
cat001;chap0106;62;Fuel System;Carburettors HS2;21;AUC8459;Float gasket
cat001;chap0106;62;Fuel System;Carburettors HS2;22;JZX1394;Float lid scew
cat001;chap0106;62;Fuel System;Carburettors HS2;23;CUD1019;Swinging needle (AAV)
cat001;chap0106;62;Fuel System;Carburettors HS2;24;AUD3306;Swinging needle spring
cat001;chap0106;62;Fuel System;Carburettors HS2;26;AUD3079;Spindle repair bushes 1/4” I/D ream body to 8.00mm
cat001;chap0106;62;Fuel System;Carburettors HS2;27;WZX1851;Service kit, needle valve, jet and gaskets
cat001;chap0106;62;Fuel System;Carburettors HS2;28;CRK104;Rebuild kit, with full spindle/disc repair also
cat001;chap0106;63;Fuel System;Carburettors HS2 Twin;1;AUD662;Pair of HS2 carburetors, 11/4” with AAC swinging needle
cat001;chap0106;63;Fuel System;Carburettors HS2 Twin;2;AUC8103A;Dashpot damper
cat001;chap0106;63;Fuel System;Carburettors HS2 Twin;3;AUC4587;Dashpot spring blue, 2.5oz
cat001;chap0106;63;Fuel System;Carburettors HS2 Twin;3;AUC4387;Dashpot spring red, 4.5oz
cat001;chap0106;63;Fuel System;Carburettors HS2 Twin;4;AUD1059;Needle rich (AH2)
cat001;chap0106;63;Fuel System;Carburettors HS2 Twin;4;AUD1261;Needle standard (M)
cat001;chap0106;63;Fuel System;Carburettors HS2 Twin;4;AUD1149;Needle weak (EB)
cat001;chap0106;63;Fuel System;Carburettors HS2 Twin;4;CUD1002;Swinging needle (AAC)
cat001;chap0106;63;Fuel System;Carburettors HS2 Twin;5;AUD9141A;Jet assembly, LH (front), was GSU423
cat001;chap0106;63;Fuel System;Carburettors HS2 Twin;5;AUD9142A;Jet assembly, RH (rear), was GSU431
cat001;chap0106;63;Fuel System;Carburettors HS2 Twin;7;WZX1341;Fixed needle jet bearing kit
cat001;chap0106;63;Fuel System;Carburettors HS2 Twin;7;WZX1442;Swinging needle jet bearing kit, was WZX1342
cat001;chap0106;63;Fuel System;Carburettors HS2 Twin;8;WZX1310;Spindle and screws, was AUC8469
cat001;chap0106;63;Fuel System;Carburettors HS2 Twin;9;WZX1320;Butterfly disc with screws
cat001;chap0106;63;Fuel System;Carburettors HS2 Twin;10;AUC1358;Butterfly screw, was RTC5695
cat001;chap0106;63;Fuel System;Carburettors HS2 Twin;12;AUD2193;Washer
cat001;chap0106;63;Fuel System;Carburettors HS2 Twin;13;AUD2194;Seal
cat001;chap0106;63;Fuel System;Carburettors HS2 Twin;15;AUC1152;Float pin
cat001;chap0106;63;Fuel System;Carburettors HS2 Twin;16;AUE266;Float and lid and needle valve assembly
cat001;chap0106;63;Fuel System;Carburettors HS2 Twin;16;AUE269;Float and lid and needle valve assembly
cat001;chap0106;63;Fuel System;Carburettors HS2 Twin;17;CA90;Needle and seat, float valve
cat001;chap0106;63;Fuel System;Carburettors HS2 Twin;17;WZX1100A;Needle and seat, float valve
cat001;chap0106;63;Fuel System;Carburettors HS2 Twin;18;AUC8459;Float gasket
cat001;chap0106;63;Fuel System;Carburettors HS2 Twin;19;JZX1394;Float and dashpot screw
cat001;chap0106;63;Fuel System;Carburettors HS2 Twin;20;AUC1336;Body to bowl grommet, was AUC1366
cat001;chap0106;63;Fuel System;Carburettors HS2 Twin;20;AUC1316;Body to bowl grommet
cat001;chap0106;63;Fuel System;Carburettors HS2 Twin;21;AUC1426;Pivot bolt
cat001;chap0106;63;Fuel System;Carburettors HS2 Twin;23;AUC1318;Rubber washer
cat001;chap0106;63;Fuel System;Carburettors HS2 Twin;24;AUD3079;Spindle repair bush .250” ID ream body to 8mm
cat001;chap0106;63;Fuel System;Carburettors HS2 Twin;25;AUE586;Lever assembly R/H
cat001;chap0106;63;Fuel System;Carburettors HS2 Twin;26;AUE587;Lever assembly L/H
cat001;chap0106;63;Fuel System;Carburettors HS2 Twin;27;AUC1457;Connecting rod 21/4”
cat001;chap0106;63;Fuel System;Carburettors HS2 Twin;28;AUC1501;Lever, alternative to [LINK]AUE180[/LINK]
cat001;chap0106;63;Fuel System;Carburettors HS2 Twin;29;AUD3306;Swinging needle spring
cat001;chap0106;63;Fuel System;Carburettors HS2 Twin;30;CUD1002;Swinging needle AAC
cat001;chap0106;63;Fuel System;Carburettors HS2 Twin;32;WZX1859;Service repair kit, jet, valve and gaskets
cat001;chap0106;63;Fuel System;Carburettors HS2 Twin;33;CRK101;Twin carb rebuild kit with spindles, bushes, butterflies
cat001;chap0106;63;Fuel System;Carburettors HS2 Twin;34;FZX3052;Twin HS2 carburettor kit complete less air cleaner
cat001;chap0106;63;Fuel System;Carburettors HS2 Twin;34;FZX3052A;Twin HS2 carburettor kit complete less air cleaner
cat001;chap0106;64;Fuel System;Carburettors HS4;1;FZX3003;HS4 Single carburettor 11/2” swinging needle ABP
cat001;chap0106;64;Fuel System;Carburettors HS4;1;FZX3013;HS4 Single carburettors 11/2” swinging needle AAC
cat001;chap0106;64;Fuel System;Carburettors HS4;2;AUC8103A;Dashpot damper
cat001;chap0106;64;Fuel System;Carburettors HS4;3;AUC4387;Dashpot spring red, 4.5oz
cat001;chap0106;64;Fuel System;Carburettors HS4;4;AUD1267;Fixed needle rich (MI)
cat001;chap0106;64;Fuel System;Carburettors HS4;4;AUD1034;Fixed needle standard (AC)
cat001;chap0106;64;Fuel System;Carburettors HS4;4;AUD1076;Fixed needle rich (BQ)
cat001;chap0106;64;Fuel System;Carburettors HS4;4;AUD1528;Fixed needle standard (DZ)
cat001;chap0106;64;Fuel System;Carburettors HS4;5;CUD1015;Swinging needle (AAR) Carb no. AUD453
cat001;chap0106;64;Fuel System;Carburettors HS4;5;CUD1025;Swinging needle (ABB) FZX1047/AUD567
cat001;chap0106;64;Fuel System;Carburettors HS4;5;CUD1037;Swinging needle (ABP) Carb No AUD608
cat001;chap0106;64;Fuel System;Carburettors HS4;5;CUD1040;Swinging needle (ABS) Carb No AUD611
cat001;chap0106;64;Fuel System;Carburettors HS4;5;CUD1045;Swinging needle (ABX) Carb No AUD679
cat001;chap0106;64;Fuel System;Carburettors HS4;5;CUD1006;Swinging needle (AAG) AUD540/AUD548
cat001;chap0106;64;Fuel System;Carburettors HS4;5;NZX4005;Swinging needle (ADE) FZX1064/FZX1146
cat001;chap0106;64;Fuel System;Carburettors HS4;5;NZX4006;Swinging needle (ADF) Carb No FZX1094
cat001;chap0106;64;Fuel System;Carburettors HS4;5;NZX4008;Swinging needle (ADH) FZX1142/FZX1064
cat001;chap0106;64;Fuel System;Carburettors HS4;5;CUD1002;Swinging needle (AAC) Carb No FZX1415
cat001;chap0106;64;Fuel System;Carburettors HS4;6;AUD3306;Swinging needle spring
cat001;chap0106;64;Fuel System;Carburettors HS4;8;WZX1341;Jet bearing kit, fixed needle only
cat001;chap0106;64;Fuel System;Carburettors HS4;8;WZX1442;Jet bearing kit, was WZX1340 (swinging needle)
cat001;chap0106;64;Fuel System;Carburettors HS4;9;WZX1177;Throttle spindle
cat001;chap0106;64;Fuel System;Carburettors HS4;10;WZX1323;Butterfly disc, with screws
cat001;chap0106;64;Fuel System;Carburettors HS4;10;WZX1324;Butterfly disc, anti-stall with screws
cat001;chap0106;64;Fuel System;Carburettors HS4;10;WZX1325;Butterfly disc with air valve type, with screws
cat001;chap0106;64;Fuel System;Carburettors HS4;11;AUC1358;Butterfly screw, was RTC5965
cat001;chap0106;64;Fuel System;Carburettors HS4;12;AUD9451A;Jet (red plastic) black identification band, to Oct 1975
cat001;chap0106;64;Fuel System;Carburettors HS4;12;LZX1111A;Wax stat jet (blue identification band, metal base) 1976 on
cat001;chap0106;64;Fuel System;Carburettors HS4;13;AUD2193;Washer
cat001;chap0106;64;Fuel System;Carburettors HS4;14;AUD2194;Rubber seal
cat001;chap0106;64;Fuel System;Carburettors HS4;17;AUC1152;Float pin
cat001;chap0106;64;Fuel System;Carburettors HS4;18;CA90;Flow jet needle and seat
cat001;chap0106;64;Fuel System;Carburettors HS4;18;WZX1100A;Needle valve and seat
cat001;chap0106;64;Fuel System;Carburettors HS4;19;AUE266;Lid assembly with float and needle valve
cat001;chap0106;64;Fuel System;Carburettors HS4;20;AUC8459;Float gasket
cat001;chap0106;64;Fuel System;Carburettors HS4;22;WZX1335;Return spring kit
cat001;chap0106;64;Fuel System;Carburettors HS4;23;JZX1394;Dashpot and floatlid screw
cat001;chap0106;64;Fuel System;Carburettors HS4;24;AUD3080;Spindle repair bush .3125” I/D ream body to 9.5mm
cat001;chap0106;64;Fuel System;Carburettors HS4;26;WZX1852;Service kit, needle valve, jet and gaskets
cat001;chap0106;64;Fuel System;Carburettors HS4;26;CSK65;Service kit, needle valve, jet and gaskets
cat001;chap0106;64;Fuel System;Carburettors HS4;27;CRK219;Rebuild kit, with full spindle/disc repair also
cat001;chap0106;64;Fuel System;Carburettors HS4;27;CRK227;Rebuild kit, with full spindle/disc repair also
cat001;chap0106;64;Fuel System;Carburettors HS4;27;CRK121;Rebuild kit, with full spindle/disc repair also
cat001;chap0106;65;Fuel System;Twin HS4 Carburettor;1;C-AUD640;Pair of carburettors, swinging needle AAK only
cat001;chap0106;65;Fuel System;Twin HS4 Carburettor;1;FZX3054;Pair of carburettors and manifold kit less air cleaners
cat001;chap0106;65;Fuel System;Twin HS4 Carburettor;4;AUC4587;Dashpot spring blue, 2.5oz
cat001;chap0106;65;Fuel System;Twin HS4 Carburettor;4;AUC4387;Dashpot spring red, 4.5oz
cat001;chap0106;65;Fuel System;Twin HS4 Carburettor;5;AUD1006;Fixed needle number 7
cat001;chap0106;65;Fuel System;Twin HS4 Carburettor;6;AUD9102;Jet assembly R/H (0.09”) longer pipe
cat001;chap0106;65;Fuel System;Twin HS4 Carburettor;6;AUD9098A;Jet assembly L/H (0.09”) longer pipe
cat001;chap0106;65;Fuel System;Twin HS4 Carburettor;6;AUD9141A;Jet assembly L/H (0.09”) alternative set to [LINK]AUD9098[/LINK]
cat001;chap0106;65;Fuel System;Twin HS4 Carburettor;6;AUD9142A;Jet assembly R/H (0.09”) alternative set to [LINK]AUD9102[/LINK]
cat001;chap0106;65;Fuel System;Twin HS4 Carburettor;7;WZX1341;Jet bearing assembly fixed needle
cat001;chap0106;65;Fuel System;Twin HS4 Carburettor;7;WZX1442;Jet bearing assembly swinging needle
cat001;chap0106;65;Fuel System;Twin HS4 Carburettor;8;WZX1177;Spindle
cat001;chap0106;65;Fuel System;Twin HS4 Carburettor;9;WZX1323;Butterfly disc with screws
cat001;chap0106;65;Fuel System;Twin HS4 Carburettor;9;WZX1325;Butterfly disc with air valve plus screws
cat001;chap0106;65;Fuel System;Twin HS4 Carburettor;10;AUC1358;Butterfly screw, was RTC5965
cat001;chap0106;65;Fuel System;Twin HS4 Carburettor;12;AUD2193;Washer
cat001;chap0106;65;Fuel System;Twin HS4 Carburettor;13;AUD2194;Rubber seal
cat001;chap0106;65;Fuel System;Twin HS4 Carburettor;15;AUC1152;Pin
cat001;chap0106;65;Fuel System;Twin HS4 Carburettor;16;CA90;Needle and seat, float valve
cat001;chap0106;65;Fuel System;Twin HS4 Carburettor;17;WZX1100A;Needle and seat, float valve, Grose jet
cat001;chap0106;65;Fuel System;Twin HS4 Carburettor;17;AUC8459;Float gasket
cat001;chap0106;65;Fuel System;Twin HS4 Carburettor;18;JZX1394;Float and dashpot gasket screw
cat001;chap0106;65;Fuel System;Twin HS4 Carburettor;19;AUC1336;Grommet, rubber R/H 30°. Mini
cat001;chap0106;65;Fuel System;Twin HS4 Carburettor;19;AUC1316;Grommet, rubber L/H 30°. Mini
cat001;chap0106;65;Fuel System;Twin HS4 Carburettor;19;AUD2676;Grommet, rubber R/H 20° angle, MGB and Midget
cat001;chap0106;65;Fuel System;Twin HS4 Carburettor;19;AUD2677;Grommet, rubber L/H 20° angle, MGB and Midget
cat001;chap0106;65;Fuel System;Twin HS4 Carburettor;20;AUC1426;Pivot bolt
cat001;chap0106;65;Fuel System;Twin HS4 Carburettor;22;AUC1318;Float chamber bolt seal
cat001;chap0106;65;Fuel System;Twin HS4 Carburettor;23;AUE586;Lever assembly R/H
cat001;chap0106;65;Fuel System;Twin HS4 Carburettor;24;AUE587;Lever assembly L/H
cat001;chap0106;65;Fuel System;Twin HS4 Carburettor;25;AUC1457;Connecting rod 2.2500”
cat001;chap0106;65;Fuel System;Twin HS4 Carburettor;26;AUC1501;Lever alternative to [LINK]AUE180[/LINK]
cat001;chap0106;65;Fuel System;Twin HS4 Carburettor;27;AUD3080;Spindle repair bush .3125” I/D, ream body to 9.5mm
cat001;chap0106;65;Fuel System;Twin HS4 Carburettor;28;AUD3306;Spring for swinging needle
cat001;chap0106;65;Fuel System;Twin HS4 Carburettor;29;CUD1009;Swinging needle AAK
cat001;chap0106;65;Fuel System;Twin HS4 Carburettor;29;CUD1018;Swinging needle AAU
cat001;chap0106;65;Fuel System;Twin HS4 Carburettor;31;WZX1859;Twin carburettor service kit, jet needle valve gaskets
cat001;chap0106;65;Fuel System;Twin HS4 Carburettor;32;CRK254;Rebuild kit with full spindle/disc repair also
cat001;chap0106;65;Fuel System;Twin HS4 Carburettor;33;12G292;Twin carburettor linkage pipe
cat001;chap0106;66;Fuel System;HIF38 Carburettor 38mm 1.5 inch;3;LZX1511;Dashpot damper
cat001;chap0106;66;Fuel System;HIF38 Carburettor 38mm 1.5 inch;5;AUD4355;Dashpot spring (red) 4.5oz
cat001;chap0106;66;Fuel System;HIF38 Carburettor 38mm 1.5 inch;5;AUD4398;Dashpot spring (yellow) 8oz
cat001;chap0106;66;Fuel System;HIF38 Carburettor 38mm 1.5 inch;6;WZX1455A;Jet assembly kit, was MGM10008 (0.090” jet)
cat001;chap0106;66;Fuel System;HIF38 Carburettor 38mm 1.5 inch;7;WZX1441;Bearing and needle jet kit
cat001;chap0106;66;Fuel System;HIF38 Carburettor 38mm 1.5 inch;8;NZX4036;Needle AEM (standard) 1300cc
cat001;chap0106;66;Fuel System;HIF38 Carburettor 38mm 1.5 inch;9;AUD3306;Spring for needle
cat001;chap0106;66;Fuel System;HIF38 Carburettor 38mm 1.5 inch;10;JZX1039;Needle guide
cat001;chap0106;66;Fuel System;HIF38 Carburettor 38mm 1.5 inch;11;WZX1509A;Float kit assembly
cat001;chap0106;66;Fuel System;HIF38 Carburettor 38mm 1.5 inch;12;CUD2082;Float spindle
cat001;chap0106;66;Fuel System;HIF38 Carburettor 38mm 1.5 inch;13;WZX1099A;Needle valve and seat
cat001;chap0106;66;Fuel System;HIF38 Carburettor 38mm 1.5 inch;14;JZX1005;Float lid
cat001;chap0106;66;Fuel System;HIF38 Carburettor 38mm 1.5 inch;16;CUD2399;Bi metal strip (also in [LINK]WZX1257[/LINK] kit)
cat001;chap0106;66;Fuel System;HIF38 Carburettor 38mm 1.5 inch;17;WZX1126;Throttle spindle kit
cat001;chap0106;66;Fuel System;HIF38 Carburettor 38mm 1.5 inch;18;WZX1387;Throttle disc kit
cat001;chap0106;66;Fuel System;HIF38 Carburettor 38mm 1.5 inch;19;AUD3590;Float lid screw
cat001;chap0106;66;Fuel System;HIF38 Carburettor 38mm 1.5 inch;21;CSK94;Service Kit (includes jet needle valve)
cat001;chap0106;66;Fuel System;HIF38 Carburettor 38mm 1.5 inch;22;CRK274;Rebuilt kit with spindle / disc
cat001;chap0106;67;Fuel System;HIF44 Carburettor 44mm 1.75 inch;1;FZX3006;Carburettor was FZX1281 / FZX3005 / FZX1531
cat001;chap0106;67;Fuel System;HIF44 Carburettor 44mm 1.75 inch;2;LZX1521;Suction chamber and piston assembly
cat001;chap0106;67;Fuel System;HIF44 Carburettor 44mm 1.75 inch;3;LZX2085;Dashpot damper
cat001;chap0106;67;Fuel System;HIF44 Carburettor 44mm 1.75 inch;4;AUD4252;
cat001;chap0106;67;Fuel System;HIF44 Carburettor 44mm 1.75 inch;5;AUD4355;Dashpot spring (red) 4.5oz
cat001;chap0106;67;Fuel System;HIF44 Carburettor 44mm 1.75 inch;5;AUD4398;Dashpot spring (yellow) 8oz
cat001;chap0106;67;Fuel System;HIF44 Carburettor 44mm 1.75 inch;6;WZX1453A;Jet assembly kit, was GSU402 (0.100” jet)
cat001;chap0106;67;Fuel System;HIF44 Carburettor 44mm 1.75 inch;7;WZX1441;Bearing and needle jet kit
cat001;chap0106;67;Fuel System;HIF44 Carburettor 44mm 1.75 inch;8;NZX8071;Needle BFY
cat001;chap0106;67;Fuel System;HIF44 Carburettor 44mm 1.75 inch;8;NZX8040;Needle lean BER
cat001;chap0106;67;Fuel System;HIF44 Carburettor 44mm 1.75 inch;9;AUD3306;Spring for needle
cat001;chap0106;67;Fuel System;HIF44 Carburettor 44mm 1.75 inch;10;JZX1039;Needle guide
cat001;chap0106;67;Fuel System;HIF44 Carburettor 44mm 1.75 inch;11;WZX1509A;Float kit assembly
cat001;chap0106;67;Fuel System;HIF44 Carburettor 44mm 1.75 inch;12;CUD2082;Float spindle
cat001;chap0106;67;Fuel System;HIF44 Carburettor 44mm 1.75 inch;13;WZX1099A;Needle valve and seat
cat001;chap0106;67;Fuel System;HIF44 Carburettor 44mm 1.75 inch;14;JZX1005;Float lid
cat001;chap0106;67;Fuel System;HIF44 Carburettor 44mm 1.75 inch;16;CUD2399;Bi metal strip (also in kit [LINK]WZX1257[/LINK])
cat001;chap0106;67;Fuel System;HIF44 Carburettor 44mm 1.75 inch;17;WZX1127;Throttle spindle kit, threaded one end only
cat001;chap0106;67;Fuel System;HIF44 Carburettor 44mm 1.75 inch;17;WZX1128;Throttle spindle kit, threaded both ends
cat001;chap0106;67;Fuel System;HIF44 Carburettor 44mm 1.75 inch;18;WZX1183;Throttle disc kit
cat001;chap0106;67;Fuel System;HIF44 Carburettor 44mm 1.75 inch;19;AUD3590;Float lid screw
cat001;chap0106;67;Fuel System;HIF44 Carburettor 44mm 1.75 inch;20;WZX1505A;Gasket pack with spindle seals plus No15
cat001;chap0106;67;Fuel System;HIF44 Carburettor 44mm 1.75 inch;21;CSK75;Service Kit (includes jet needle valve) except turbo
cat001;chap0106;67;Fuel System;HIF44 Carburettor 44mm 1.75 inch;22;CRK167;Rebuilt kit with spindle / disc, except turbo
cat001;chap0106;68;Fuel System;Carburettor Fixings, Throttle Pedal & Abutment Br;1;1G2624B;Carburettor gasket, for HS2
cat001;chap0106;68;Fuel System;Carburettor Fixings, Throttle Pedal & Abutment Br;2;1G2623;Spacer for HS2 replaces 12A6 alloy type, 5mm (.199”) was .210”
cat001;chap0106;68;Fuel System;Carburettor Fixings, Throttle Pedal & Abutment Br;2;MFA132;HS2 Plastic spacer with vacuum take off, 0.295”
cat001;chap0106;68;Fuel System;Carburettor Fixings, Throttle Pedal & Abutment Br;5;MSSK008;Heat shield kit, black powder coat
cat001;chap0106;68;Fuel System;Carburettor Fixings, Throttle Pedal & Abutment Br;5;MSSK1004;Heat shield kit, black powder coat
cat001;chap0106;68;Fuel System;Carburettor Fixings, Throttle Pedal & Abutment Br;5;MSSK1005;Heat shield kit, stainless steel
cat001;chap0106;68;Fuel System;Carburettor Fixings, Throttle Pedal & Abutment Br;5;MSSK1006;Heat shield kit, stainless steel
cat001;chap0106;68;Fuel System;Carburettor Fixings, Throttle Pedal & Abutment Br;7;AEC2075;Return spring for HS2 twins only
cat001;chap0106;68;Fuel System;Carburettor Fixings, Throttle Pedal & Abutment Br;8;1E5537;Return spring, throttle lever alternative to [LINK]21A839[/LINK]
cat001;chap0106;68;Fuel System;Carburettor Fixings, Throttle Pedal & Abutment Br;10;12A4;Anchor tag for spring on carburettor
cat001;chap0106;68;Fuel System;Carburettor Fixings, Throttle Pedal & Abutment Br;11;AEG349;Throttle bracket on manifold for HS2 twin
cat001;chap0106;68;Fuel System;Carburettor Fixings, Throttle Pedal & Abutment Br;12;12A310;Throttle lever and spindle (original)
cat001;chap0106;68;Fuel System;Carburettor Fixings, Throttle Pedal & Abutment Br;14;12H1389;Alloy spacer for HS4
cat001;chap0106;68;Fuel System;Carburettor Fixings, Throttle Pedal & Abutment Br;14;MFA338;Plastic spacer for HS4 with vacuum take off
cat001;chap0106;68;Fuel System;Carburettor Fixings, Throttle Pedal & Abutment Br;15;AEC2083;Gasket for HS4
cat001;chap0106;68;Fuel System;Carburettor Fixings, Throttle Pedal & Abutment Br;16;CAM4942;Abutment bracket for HIF38 / HIF44
cat001;chap0106;68;Fuel System;Carburettor Fixings, Throttle Pedal & Abutment Br;18;MFA446;HS6/HIF plastic spacer with vacuum take off
cat001;chap0106;68;Fuel System;Carburettor Fixings, Throttle Pedal & Abutment Br;18;GUG705964GM;Spacer HIF44 carbs 0.432” thick, was MAX10001 and GUG5611GM
cat001;chap0106;68;Fuel System;Carburettor Fixings, Throttle Pedal & Abutment Br;18;GUG705602GM;Spacer HIF6 0.563” thick, was 12B561B
cat001;chap0106;68;Fuel System;Carburettor Fixings, Throttle Pedal & Abutment Br;19;88G429B;Gasket for HIF and HS6
cat001;chap0106;68;Fuel System;Carburettor Fixings, Throttle Pedal & Abutment Br;19;GUG705561GM;Gasket for HIF and HS6 - Genuine
cat001;chap0106;68;Fuel System;Carburettor Fixings, Throttle Pedal & Abutment Br;21;12A1735;Emission breather hose, carburettor to oil separator
cat001;chap0106;68;Fuel System;Carburettor Fixings, Throttle Pedal & Abutment Br;22;ACH5854;Clip, hose to carburettor
cat001;chap0106;68;Fuel System;Carburettor Fixings, Throttle Pedal & Abutment Br;23;GHC406;Clip, hose to oil separator
cat001;chap0106;68;Fuel System;Carburettor Fixings, Throttle Pedal & Abutment Br;24;ACC5062;Throttle lever pin
cat001;chap0106;68;Fuel System;Carburettor Fixings, Throttle Pedal & Abutment Br;25;GFK3211;Nut for [LINK]ACC5062[/LINK]
cat001;chap0106;68;Fuel System;Carburettor Fixings, Throttle Pedal & Abutment Br;29;AUE34;Complete trunnion and screw
cat001;chap0106;68;Fuel System;Carburettor Fixings, Throttle Pedal & Abutment Br;32;GPR105;Accelerator pedal rubber
cat001;chap0106;68;Fuel System;Carburettor Fixings, Throttle Pedal & Abutment Br;32;GPR104;Accelerator pedal rubber
cat001;chap0106;68;Fuel System;Carburettor Fixings, Throttle Pedal & Abutment Br;33;CZK6491;Clip for choke cable HIF only
cat001;chap0106;69;Fuel System;Air Cleaner;4;GFE1038;Air filter element, HS2 was GFE1002
cat001;chap0106;69;Fuel System;Air Cleaner;4;E9001;K & N filter replacement, HS2
cat001;chap0106;69;Fuel System;Air Cleaner;5;12H862B;Elbow to carburettor gasket
cat001;chap0106;69;Fuel System;Air Cleaner;8;12G1811;Wing nut bolt for [LINK]12G4298[/LINK]
cat001;chap0106;69;Fuel System;Air Cleaner;9;12A1436;Steel washer
cat001;chap0106;69;Fuel System;Air Cleaner;10;12A1437;Fibre washer
cat001;chap0106;69;Fuel System;Air Cleaner;11;E2601;K & N filter element replacement HS4 plus all HIF
cat001;chap0106;69;Fuel System;Air Cleaner;12;12G1812;Carburettor to filter elbow, HS4
cat001;chap0106;69;Fuel System;Air Cleaner;13;GUG705559GM;Elbow to carburettor gasket HS4, was [LINK]12G2125[/LINK]
cat001;chap0106;69;Fuel System;Air Cleaner;13;GUG705576GM;Elbow to carburettor gasket HIF44
cat001;chap0106;69;Fuel System;Air Cleaner;14;SY505071;Elbow to carburettor bolt, HS2/4 HIF6 (5/16” UNC 7/8”long)
cat001;chap0106;69;Fuel System;Air Cleaner;15;12A1433;Elbow to filter seal, HS2 and HS4 HIF HS2/HS4 and HIF
cat001;chap0106;69;Fuel System;Air Cleaner;18;12H4344;Connecting hose HS4 (51/2” long)
cat001;chap0106;69;Fuel System;Air Cleaner;18;LKM10002;Connecting hose, HIF carb (3” long)
cat001;chap0106;69;Fuel System;Air Cleaner;20;12G2705;Wing nut bolt for [LINK]12G2294[/LINK]
cat001;chap0106;69;Fuel System;Air Cleaner;21;GFE1038;Air filter element, HS2
cat001;chap0106;69;Fuel System;Air Cleaner;21;E9001;K & N filter element replacement, HS2
cat001;chap0107;70;Manifolds & Exhaust Systems;Inlet & Exhaust Manifolds;3;ADP210;Blanking plug, alternative plug [LINK]88G619[/LINK]
cat001;chap0107;70;Manifolds & Exhaust Systems;Inlet & Exhaust Manifolds;4;1B3664;Washer for plug
cat001;chap0107;70;Manifolds & Exhaust Systems;Inlet & Exhaust Manifolds;5;12H1405MS;Manifold union, plain
cat001;chap0107;70;Manifolds & Exhaust Systems;Inlet & Exhaust Manifolds;6;CHS2613;Manifold to carburettor stud, HS2 single
cat001;chap0107;70;Manifolds & Exhaust Systems;Inlet & Exhaust Manifolds;6;CHS2614;Manifold to carburettor stud, HS2 twin carb
cat001;chap0107;70;Manifolds & Exhaust Systems;Inlet & Exhaust Manifolds;6;CHS2514;Manifold to carburettor stud, HS4, HIF38
cat001;chap0107;70;Manifolds & Exhaust Systems;Inlet & Exhaust Manifolds;6;22A152;Manifold to carburettor stud, HS4, HIF38/HIF44 21/4” long
cat001;chap0107;70;Manifolds & Exhaust Systems;Inlet & Exhaust Manifolds;7;AJM601;Manifold gasket
cat001;chap0107;70;Manifolds & Exhaust Systems;Inlet & Exhaust Manifolds;7;C-AHT381;Large bore manifold gasket
cat001;chap0107;70;Manifolds & Exhaust Systems;Inlet & Exhaust Manifolds;8;C-AEG488;Inlet manifold, HS2
cat001;chap0107;70;Manifolds & Exhaust Systems;Inlet & Exhaust Manifolds;8;C-AEG489;Inlet manifold, twin HS4/6
cat001;chap0107;70;Manifolds & Exhaust Systems;Inlet & Exhaust Manifolds;9;12G297;Twin inlet to cylinder head sleeve
cat001;chap0107;70;Manifolds & Exhaust Systems;Inlet & Exhaust Manifolds;11;C-STR816;Freeflow manifold one piece
cat001;chap0107;70;Manifolds & Exhaust Systems;Inlet & Exhaust Manifolds;11;C-STR817;Freeflow manifold one piece small bore 850/998cc
cat001;chap0107;70;Manifolds & Exhaust Systems;Inlet & Exhaust Manifolds;12;C-AEG365;Long centre branch manifold. Three piece (known as LCB)
cat001;chap0107;70;Manifolds & Exhaust Systems;Inlet & Exhaust Manifolds;12;C-AEG364;Long centre branch manifold. Three piece (known as LCB)
cat001;chap0107;70;Manifolds & Exhaust Systems;Inlet & Exhaust Manifolds;12;C-AEG376;Long centre branch manifold. Performance. Large centre pipe
cat001;chap0107;70;Manifolds & Exhaust Systems;Inlet & Exhaust Manifolds;12;C-AEG366;Long centre branch manifold. Can be used instead of [LINK]CAM6745[/LINK]
cat001;chap0107;70;Manifolds & Exhaust Systems;Inlet & Exhaust Manifolds;12;C-AEG373;Long centre branch manifold. Can be used instead of [LINK]CAM6745[/LINK]
cat001;chap0107;70;Manifolds & Exhaust Systems;Inlet & Exhaust Manifolds;12;C-AHT289;Large bore long centre branch manifold. Race
cat001;chap0107;70;Manifolds & Exhaust Systems;Inlet & Exhaust Manifolds;13;C-AHT770;Inlet Manifold for HS4 / HIF44
cat001;chap0107;70;Manifolds & Exhaust Systems;Inlet & Exhaust Manifolds;15;PEH10021;
cat001;chap0107;70;Manifolds & Exhaust Systems;Inlet & Exhaust Manifolds;16;GRH905;Hose - manifold outlet 5/8” bore hose
cat001;chap0107;70;Manifolds & Exhaust Systems;Inlet & Exhaust Manifolds;18;51K1177;Nut, brass, long (used on twin carbs, on centre two studs)
cat001;chap0107;70;Manifolds & Exhaust Systems;Inlet & Exhaust Manifolds;19;12A1211;Washer, manifold 1” wide, inner studs only
cat001;chap0107;70;Manifolds & Exhaust Systems;Inlet & Exhaust Manifolds;20;GFK1114;Washer, plain Manifold 3/4” wide
cat001;chap0107;70;Manifolds & Exhaust Systems;Inlet & Exhaust Manifolds;21;L71;Adapter pipe to make [LINK]C-STR816[/LINK] the same length as LCB
cat001;chap0107;71;Manifolds & Exhaust Systems;Cooper S;1;GEX106;Single box exhaust system
cat001;chap0107;71;Manifolds & Exhaust Systems;Cooper S;3;GEX155;Twin box exhaust (supplied in two sections see note)
cat001;chap0107;71;Manifolds & Exhaust Systems;Cooper S;3;GEX177;Twin box exhaust (supplied in two sections see note)
cat001;chap0107;71;Manifolds & Exhaust Systems;Cooper S;4;GEX7053;Front pipe to gearbox clip (supplied on new exhausts)
cat001;chap0107;71;Manifolds & Exhaust Systems;Cooper S;6;GEX7082;Middle clip strap
cat001;chap0107;71;Manifolds & Exhaust Systems;Cooper S;6;GEX7273;Middle clip strap
cat001;chap0107;71;Manifolds & Exhaust Systems;Cooper S;7;GEX7081;Middle exhaust mounting
cat001;chap0107;71;Manifolds & Exhaust Systems;Cooper S;7;GEX7081POLY;Middle exhaust mounting in poly
cat001;chap0107;71;Manifolds & Exhaust Systems;Cooper S;7;C-19G3257;Middle exhaust competition mounting
cat001;chap0107;71;Manifolds & Exhaust Systems;Cooper S;8;GEX7084;Rear exhaust clip, Saloon and Van / Estate
cat001;chap0107;71;Manifolds & Exhaust Systems;Cooper S;9;GEX7251;Rear exhaust bobbin mounting
cat001;chap0107;71;Manifolds & Exhaust Systems;Cooper S;9;C-19G3258;Heavy duty mounting alternative to [LINK]GEX7251[/LINK]
cat001;chap0107;71;Manifolds & Exhaust Systems;Cooper S;10;GEX7046;Manifold clamp
cat001;chap0107;71;Manifolds & Exhaust Systems;Cooper S;10;GEX7801;Manifold clamp for [LINK]GEX12052[/LINK] HIF38 model
cat001;chap0107;71;Manifolds & Exhaust Systems;Cooper S;11;GEX7526;Gearbox bracket for downpipe clip - Pre rod change
cat001;chap0107;71;Manifolds & Exhaust Systems;Cooper S;12;GEX7088;Gearbox bracket for downpipe clip 1974 on - Rod change type
cat001;chap0107;71;Manifolds & Exhaust Systems;Cooper S;13;GEX9551;Exhaust fitting kit was [LINK]GEX9502[/LINK]
cat001;chap0107;71;Manifolds & Exhaust Systems;Cooper S;16;GEX117;Exhaust assembly Cooper & Cooper ‘S’ (original shape boxes)
cat001;chap0107;71;Manifolds & Exhaust Systems;Cooper S;17;RC40;Twin box rear exhaust less downpipe
cat001;chap0107;71;Manifolds & Exhaust Systems;Cooper S;18;RC40-001;Downpipe for RC40 twin box system
cat001;chap0107;71;Manifolds & Exhaust Systems;Cooper S;18;RC40-002;Downpipe for RC40 twin box system
cat001;chap0107;71;Manifolds & Exhaust Systems;Cooper S;19;C-STR809;Rear exhaust box only less downpipe
cat001;chap0107;71;Manifolds & Exhaust Systems;Cooper S;20;RC40-004;Downpipe long- Van when using [LINK]C-STR809[/LINK]
cat001;chap0107;71;Manifolds & Exhaust Systems;Cooper S;20;AN180V;Downpipe when using [LINK]C-STR809[/LINK] - see [LINK]RC40-003[/LINK] also
cat001;chap0107;71;Manifolds & Exhaust Systems;Cooper S;20;RC40-003;Downpipe when using [LINK]C-STR809[/LINK] with cleaner bends
cat001;chap0107;71;Manifolds & Exhaust Systems;Cooper S;21;AN181T;Pipe from [LINK]C-STR809[/LINK] to catalyst
cat001;chap0107;71;Manifolds & Exhaust Systems;Cooper S;22;C-STR811;Single box to catalyst system
cat001;chap0107;71;Manifolds & Exhaust Systems;Cooper S;22;C-STR811S;Single box to catalyst system, stainless steel
cat001;chap0107;71;Manifolds & Exhaust Systems;Cooper S;24;GEX9007;U bolt clamps to [LINK]GEX7248[/LINK] / [LINK]GEX7249[/LINK] (13/4”)
cat001;chap0107;71;Manifolds & Exhaust Systems;Cooper S;24;GEX9008;
cat001;chap0107;71;Manifolds & Exhaust Systems;Cooper S;25;GEX7081;Middle exhaust mounting
cat001;chap0107;71;Manifolds & Exhaust Systems;Cooper S;26;GEX7248;Middle hanger bracket
cat001;chap0107;71;Manifolds & Exhaust Systems;Cooper S;27;GEX7251;Rear exhaust bobbin mounting
cat001;chap0107;71;Manifolds & Exhaust Systems;Cooper S;28;GEX7249;Rear hanger bracket
cat001;chap0107;71;Manifolds & Exhaust Systems;Cooper S;29;RC40FK;Fitting kit for RC40
cat001;chap0107;71;Manifolds & Exhaust Systems;Cooper S;30;LDP1;Downpipe for standard Mini manifold to RC40
cat001;chap0107;71;Manifolds & Exhaust Systems;Cooper S;31;RC40-005;Stainless steel tailpipe 13” extension and hanger for [LINK]C-STR809[/LINK]
cat001;chap0107;72;Manifolds & Exhaust Systems;Cooper S - Millennium Range;1;RC40-051;S/Steel side exit standard bore tailpipe
cat001;chap0107;72;Manifolds & Exhaust Systems;Cooper S - Millennium Range;2;RC40-052;S/Steel side exit DTM style 2” tailpipe
cat001;chap0107;72;Manifolds & Exhaust Systems;Cooper S - Millennium Range;3;RC40-053;S/Steel side exit large bore 21/4” tailpipe
cat001;chap0107;72;Manifolds & Exhaust Systems;Cooper S - Millennium Range;3;RC40-010;Mild Steel side exit large bore 21/4” tailpipe
cat001;chap0107;72;Manifolds & Exhaust Systems;Cooper S - Millennium Range;4;RC40-054;S/Steel centre exit standard bore tailpipe
cat001;chap0107;72;Manifolds & Exhaust Systems;Cooper S - Millennium Range;4;RC40-011;Mild steel centre exit standard bore tailpipe
cat001;chap0107;72;Manifolds & Exhaust Systems;Cooper S - Millennium Range;5;RC40-056;S/Steel centre exit large bore 21/4” tailpipe
cat001;chap0107;72;Manifolds & Exhaust Systems;Cooper S - Millennium Range;5;RC40-012;Mild Steel centre exit large bore 21/4” tailpipe
cat001;chap0107;72;Manifolds & Exhaust Systems;Cooper S - Millennium Range;6;RC40-055;S/Steel centre exit DTM style 2” tailpipe
cat001;chap0107;72;Manifolds & Exhaust Systems;Cooper S - Millennium Range;7;RC40-058;S/Steel downpipe for [LINK]C-STR816[/LINK] manifold
cat001;chap0107;72;Manifolds & Exhaust Systems;Cooper S - Millennium Range;7;RC40-059;S/Steel downpipe for [LINK]C-AEG365[/LINK] LCB manifold
cat001;chap0107;72;Manifolds & Exhaust Systems;Cooper S - Millennium Range;7;AN180V;Mild steel downpipe for freeflow
cat001;chap0107;72;Manifolds & Exhaust Systems;Cooper S - Millennium Range;7;RC40-004;Mild steel downpipe for freeflow
cat001;chap0107;72;Manifolds & Exhaust Systems;Cooper S - Millennium Range;8;RC40-060;S/Steel downpipe and intermediate box for freeflow
cat001;chap0107;72;Manifolds & Exhaust Systems;Cooper S - Millennium Range;8;RC40-061;S/Steel downpipe and intermediate box for LCB
cat001;chap0107;72;Manifolds & Exhaust Systems;Cooper S - Millennium Range;8;RC40-013;Mild steel downpipe and intermediate box for freeflow
cat001;chap0107;72;Manifolds & Exhaust Systems;Cooper S - Millennium Range;9;RC40-062;S/Steel intermediate box when catalyst
cat001;chap0107;72;Manifolds & Exhaust Systems;Cooper S - Millennium Range;9;RC40-014;Mild steel intermediate box when catalyst
cat001;chap0107;72;Manifolds & Exhaust Systems;Cooper S - Millennium Range;10;RV8009;Standard catalytic converter
cat001;chap0107;72;Manifolds & Exhaust Systems;Cooper S - Millennium Range;10;RC40-015;Sports type catalytic converter
cat001;chap0107;72;Manifolds & Exhaust Systems;Cooper S - Millennium Range;11;RC40-057;S/Steel pipe from catalyst to single rear box
cat001;chap0107;72;Manifolds & Exhaust Systems;Cooper S - Millennium Range;11;AN181T;Mild steel pipe from catalyst to rear single box
cat001;chap0108;73;Front & Rear Suspension;Drive Shafts with Constant Velocity Joint Nut of;4;27H4775;R/H shaft only except inboard pot joint type
cat001;chap0108;73;Front & Rear Suspension;Drive Shafts with Constant Velocity Joint Nut of;4;27H4776;L/H shaft only except inboard pot joint type
cat001;chap0108;73;Front & Rear Suspension;Drive Shafts with Constant Velocity Joint Nut of;4;MS1246;R/H shaft only inboard pot joint only all 1973 on
cat001;chap0108;73;Front & Rear Suspension;Drive Shafts with Constant Velocity Joint Nut of;4;MS1247;L/H shaft only inboard pot joint only all 1973 on
cat001;chap0108;73;Front & Rear Suspension;Drive Shafts with Constant Velocity Joint Nut of;5;GCV1105;
cat001;chap0108;73;Front & Rear Suspension;Drive Shafts with Constant Velocity Joint Nut of;6;GCV1013;Outer constant velocity joint with gaiter kit (Cooper ‘S’ all disc brake set ups except 997/998 Cooper)
cat001;chap0108;73;Front & Rear Suspension;Drive Shafts with Constant Velocity Joint Nut of;7;18G9027MS;Boot kit for either type CV joint (Does not foul hubs)
cat001;chap0108;73;Front & Rear Suspension;Drive Shafts with Constant Velocity Joint Nut of;8;GSV1053;Boot kit for [LINK}GCV1013[/LINK} Genuine with metal clips
cat001;chap0108;73;Front & Rear Suspension;Drive Shafts with Constant Velocity Joint Nut of;9;AKF1457;Grease for CV joint
cat001;chap0108;73;Front & Rear Suspension;Drive Shafts with Constant Velocity Joint Nut of;10;37H8706;Circlip thin, outer CV joint and pot joint, was 17H8596
cat001;chap0108;73;Front & Rear Suspension;Drive Shafts with Constant Velocity Joint Nut of;12;GCV1102MS;Inboard CV Joint (Pot joint) non genuine
cat001;chap0108;73;Front & Rear Suspension;Drive Shafts with Constant Velocity Joint Nut of;13;CDU1563;Oil seal for end of driveshaft inside pot joint, was 37H8705
cat001;chap0108;73;Front & Rear Suspension;Drive Shafts with Constant Velocity Joint Nut of;14;BHM7012;Gaiter kit for [LINK}GCV1102[/LINK}, with grease and plastic clips
cat001;chap0108;73;Front & Rear Suspension;Drive Shafts with Constant Velocity Joint Nut of;14;GSV1073;Gaiter kit for [LINK}GCV1102[/LINK}, with grease and metal clips
cat001;chap0108;73;Front & Rear Suspension;Drive Shafts with Constant Velocity Joint Nut of;17;21A963;Gaiter only-also used on Pre 1990 Hilo
cat001;chap0108;73;Front & Rear Suspension;Drive Shafts with Constant Velocity Joint Nut of;18;27H7880;Hardy Spicer sliding joint
cat001;chap0108;73;Front & Rear Suspension;Drive Shafts with Constant Velocity Joint Nut of;19;GUJ101;Universal joint repair kit
cat001;chap0108;73;Front & Rear Suspension;Drive Shafts with Constant Velocity Joint Nut of;19;GUJ101EVO;Universal joint repair kit, heavy duty for performance use
cat001;chap0108;74;Front & Rear Suspension;Driving Flanges & Front Wheel Bearings;1;GHS173;Oil seal with protector shield inner
cat001;chap0108;74;Front & Rear Suspension;Driving Flanges & Front Wheel Bearings;1;GHS101;Oil seal outer
cat001;chap0108;74;Front & Rear Suspension;Driving Flanges & Front Wheel Bearings;3;GHK1018;Ball bearing kit with seals
cat001;chap0108;74;Front & Rear Suspension;Driving Flanges & Front Wheel Bearings;3;GHK1140;Timken tapered bearing kit with seals
cat001;chap0108;74;Front & Rear Suspension;Driving Flanges & Front Wheel Bearings;3;GHK1140MS;Tapered bearing kit with seals
cat001;chap0108;74;Front & Rear Suspension;Driving Flanges & Front Wheel Bearings;6;21A231;Drive flange drum brakes only
cat001;chap0108;74;Front & Rear Suspension;Driving Flanges & Front Wheel Bearings;7;21A1270MS;Drive flange, EN8 material Cooper ‘S’ 1275GT 71/2” brake disc
cat001;chap0108;74;Front & Rear Suspension;Driving Flanges & Front Wheel Bearings;8;NAM6450F;Drive flange, turbo Metro and ERA 8.4” vented disc
cat001;chap0108;74;Front & Rear Suspension;Driving Flanges & Front Wheel Bearings;8;21A2695MS;Drive flange, EN8 Late 1275GT 8.4” brake disc, Mini 1984 on except turbo
cat001;chap0108;74;Front & Rear Suspension;Driving Flanges & Front Wheel Bearings;9;SF604061;Drive flange to brake disc screw
cat001;chap0108;74;Front & Rear Suspension;Driving Flanges & Front Wheel Bearings;9;CMZ407;Drive flange to brake disc screw
cat001;chap0108;74;Front & Rear Suspension;Driving Flanges & Front Wheel Bearings;10;BTA370;Drive flange to brake disc bolt
cat001;chap0108;74;Front & Rear Suspension;Driving Flanges & Front Wheel Bearings;10;SH110201M;Drive flange to brake disc bolt, was ADU6472
cat001;chap0108;74;Front & Rear Suspension;Driving Flanges & Front Wheel Bearings;11;2A4295;Collar for rear of 21A231/BTA191 drive flange
cat001;chap0108;74;Front & Rear Suspension;Driving Flanges & Front Wheel Bearings;12;FAM9270A;Outer tapered collar was BTA243, with BTA249 only
cat001;chap0108;74;Front & Rear Suspension;Driving Flanges & Front Wheel Bearings;14;2A7323;Washers, for use with 21A79 only
cat001;chap0108;74;Front & Rear Suspension;Driving Flanges & Front Wheel Bearings;15;21A79;Nuts, all drum brakes and Cooper
cat001;chap0108;74;Front & Rear Suspension;Driving Flanges & Front Wheel Bearings;15;BTA249;Nuts, disc type except drum brake & Cooper
cat001;chap0108;74;Front & Rear Suspension;Driving Flanges & Front Wheel Bearings;15;BTA249MS;Nuts, disc type except drum brake & Cooper
cat001;chap0108;74;Front & Rear Suspension;Driving Flanges & Front Wheel Bearings;16;21A2064;Studs Mini and ‘S’ 1.375” (35mm) shaft length
cat001;chap0108;74;Front & Rear Suspension;Driving Flanges & Front Wheel Bearings;16;21A2064L;Studs Mini and ‘S’ 1.968” (50mm) shaft length
cat001;chap0108;74;Front & Rear Suspension;Driving Flanges & Front Wheel Bearings;17;88G322;Wheel nuts, round radius chamfer angle, pre 1984
cat001;chap0108;74;Front & Rear Suspension;Driving Flanges & Front Wheel Bearings;18;GAW115A;Wheel nuts, Mini Special 10” alloy, used GAW116 cover, 1979 on
cat001;chap0108;74;Front & Rear Suspension;Driving Flanges & Front Wheel Bearings;18;NAM9075;Wheel nuts, last Rover Cooper wheel (Minilite look alike)
cat001;chap0108;74;Front & Rear Suspension;Driving Flanges & Front Wheel Bearings;18;FAM5701;Wheel nuts, Mini 10” plastic hub cap round radius chamfer angle
cat001;chap0108;74;Front & Rear Suspension;Driving Flanges & Front Wheel Bearings;18;FAM3428;Wheel nuts, for 10” hub cap 60° chamfer angle, was FAM3721
cat001;chap0108;74;Front & Rear Suspension;Driving Flanges & Front Wheel Bearings;18;AJM1139;Wheel nuts, for 12”/13” alloy wheel 60° chamfer angle
cat001;chap0108;74;Front & Rear Suspension;Driving Flanges & Front Wheel Bearings;19;FAM2563;
cat001;chap0108;74;Front & Rear Suspension;Driving Flanges & Front Wheel Bearings;20;CN1;Chrome wheel nuts, round seat to 1984
cat001;chap0108;74;Front & Rear Suspension;Driving Flanges & Front Wheel Bearings;20;CN4;Chrome wheel nuts, large safety seat
cat001;chap0108;74;Front & Rear Suspension;Driving Flanges & Front Wheel Bearings;20;CN2;Chrome wheel nuts 60° seat angle 1984 on - Was AHA8785
cat001;chap0108;74;Front & Rear Suspension;Driving Flanges & Front Wheel Bearings;20;CN5;Chrome wheel nuts 60° chamfer angle, with larger seat giving greater area of contact
cat001;chap0108;75;Front & Rear Suspension;Front Suspension;1;21A2690;Upper arm R/H, rubber cone dry suspension
cat001;chap0108;75;Front & Rear Suspension;Front Suspension;2;21A2691;Upper arm L/H, rubber cone dry suspension
cat001;chap0108;75;Front & Rear Suspension;Front Suspension;2;21A1482;Upper arm L/H, hydrolastic
cat001;chap0108;75;Front & Rear Suspension;Front Suspension;3;88G302;Needle roller bearing, upper arm
cat001;chap0108;75;Front & Rear Suspension;Front Suspension;4;UHN445;Grease nipple, upper arm
cat001;chap0108;75;Front & Rear Suspension;Front Suspension;5;GSJ166MS;Swivel pin kit, one each upper and lower
cat001;chap0108;75;Front & Rear Suspension;Front Suspension;6;FNZ507;High tensile nut 7/16”UNF
cat001;chap0108;75;Front & Rear Suspension;Front Suspension;7;GFK1127;Spring washer, was LWZ307
cat001;chap0108;75;Front & Rear Suspension;Front Suspension;8;BTA377;Dust cover
cat001;chap0108;75;Front & Rear Suspension;Front Suspension;9;2A4238;Locktab
cat001;chap0108;75;Front & Rear Suspension;Front Suspension;11;2A4242;Washer kit (2 of each size only as above)
cat001;chap0108;75;Front & Rear Suspension;Front Suspension;14;FAM2390;Swivel hub R/H, was BTA186
cat001;chap0108;75;Front & Rear Suspension;Front Suspension;15;FAM2391;Swivel hub L/H, was BTA187
cat001;chap0108;75;Front & Rear Suspension;Front Suspension;16;LN10051;Grease nipple hub
cat001;chap0108;75;Front & Rear Suspension;Front Suspension;17;BTA896;Steering arm R/H, MK2 on - Except Cooper ‘S’ 1275GT
cat001;chap0108;75;Front & Rear Suspension;Front Suspension;17;BTA894;Steering arm R/H, thicker upgrade-Cooper ‘S’ (1275GT to 1974)
cat001;chap0108;75;Front & Rear Suspension;Front Suspension;18;BTA897;Steering arm L/H, MK2 on - Except Cooper ‘S’ 1275GT
cat001;chap0108;75;Front & Rear Suspension;Front Suspension;18;BTA895;Steering arm L/H, thicker upgrade-Cooper ‘S’ (1275GT to 1974)
cat001;chap0108;75;Front & Rear Suspension;Front Suspension;18;21A74;Steering arm L/H, MK1 only except ‘Cooper
cat001;chap0108;75;Front & Rear Suspension;Front Suspension;19;2A4315;Steering arm bolt
cat001;chap0108;75;Front & Rear Suspension;Front Suspension;20;FAM6924;Steering arm dowel, was 2A4314
cat001;chap0108;75;Front & Rear Suspension;Front Suspension;21;2K5377;Locktab
cat001;chap0108;75;Front & Rear Suspension;Front Suspension;22;21A1879;Lower arm R/H (tapered bush hole)
cat001;chap0108;75;Front & Rear Suspension;Front Suspension;23;21A1881;Lower arm L/H (tapered bush hole)
cat001;chap0108;75;Front & Rear Suspension;Front Suspension;23;C-AJJ3364;Lower arm kit (negative camber)
cat001;chap0108;75;Front & Rear Suspension;Front Suspension;24;C-AJJ3360;Lower arm kit, on car adjustable
cat001;chap0108;75;Front & Rear Suspension;Front Suspension;25;C-AJJ3360B;Spherical joints, cover and spacer kit for lower arm
cat001;chap0108;75;Front & Rear Suspension;Front Suspension;26;C-AJJ3360A;Lower arm & spherical joints, cover and spacer kit
cat001;chap0108;76;Front & Rear Suspension;Front Rubber Cone Spring Suspension ( Known as Dr;1;342001;Damper assembly front
cat001;chap0108;76;Front & Rear Suspension;Front Rubber Cone Spring Suspension ( Known as Dr;1;442001;Damper assembly front
cat001;chap0108;76;Front & Rear Suspension;Front Rubber Cone Spring Suspension ( Known as Dr;1;C-STR1675;
cat001;chap0108;76;Front & Rear Suspension;Front Rubber Cone Spring Suspension ( Known as Dr;1;552018;Damper assembly front
cat001;chap0108;76;Front & Rear Suspension;Front Rubber Cone Spring Suspension ( Known as Dr;1;C-STR306;
cat001;chap0108;76;Front & Rear Suspension;Front Rubber Cone Spring Suspension ( Known as Dr;1;C-STR304;Damper assembly adjustable
cat001;chap0108;76;Front & Rear Suspension;Front Rubber Cone Spring Suspension ( Known as Dr;1;C-STN231;Damper assembly front adjustable upgrade
cat001;chap0108;76;Front & Rear Suspension;Front Rubber Cone Spring Suspension ( Known as Dr;1;C-STN236;Damper assembly front adjustable upgrade
cat001;chap0108;76;Front & Rear Suspension;Front Rubber Cone Spring Suspension ( Known as Dr;1;743039;Damper assembly front on car adjustable upgrade
cat001;chap0108;76;Front & Rear Suspension;Front Rubber Cone Spring Suspension ( Known as Dr;1;B36-0370;Damper assembly Bilstein
cat001;chap0108;76;Front & Rear Suspension;Front Rubber Cone Spring Suspension ( Known as Dr;4;C-AJJ3361;
cat001;chap0108;76;Front & Rear Suspension;Front Rubber Cone Spring Suspension ( Known as Dr;5;21A471;R/H damper upper bracket
cat001;chap0108;76;Front & Rear Suspension;Front Rubber Cone Spring Suspension ( Known as Dr;6;21A474;L/H damper upper bracket
cat001;chap0108;76;Front & Rear Suspension;Front Rubber Cone Spring Suspension ( Known as Dr;6;C-AJJ3359;Pair of upper damper brackets for lowered suspension
cat001;chap0108;76;Front & Rear Suspension;Front Rubber Cone Spring Suspension ( Known as Dr;7;GFK1124;Spring washer was LWZ204
cat001;chap0108;76;Front & Rear Suspension;Front Rubber Cone Spring Suspension ( Known as Dr;8;GFK5179;Bolt, bracket to inner wing, was GHF117
cat001;chap0108;76;Front & Rear Suspension;Front Rubber Cone Spring Suspension ( Known as Dr;9;GFK3323;Nylon nut for [LINK]C-AJJ3361[/LINK], was GHF223
cat001;chap0108;76;Front & Rear Suspension;Front Rubber Cone Spring Suspension ( Known as Dr;10;AJD7162;Washer to retain shock absorber bush/ferrule
cat001;chap0108;76;Front & Rear Suspension;Front Rubber Cone Spring Suspension ( Known as Dr;11;2A4332;Bump stop, early two-bolt
cat001;chap0108;76;Front & Rear Suspension;Front Rubber Cone Spring Suspension ( Known as Dr;12;FAM2764;Single bolt bump stop mounted subframe
cat001;chap0108;76;Front & Rear Suspension;Front Rubber Cone Spring Suspension ( Known as Dr;12;FAM2764MS;Single bolt bump stop mounted subframe, non genuine
cat001;chap0108;76;Front & Rear Suspension;Front Rubber Cone Spring Suspension ( Known as Dr;13;FAM2767;Packing washer for [LINK]FAM2764[/LINK]
cat001;chap0108;76;Front & Rear Suspension;Front Rubber Cone Spring Suspension ( Known as Dr;14;GFK1124;Spring washer, was GHF331
cat001;chap0108;76;Front & Rear Suspension;Front Rubber Cone Spring Suspension ( Known as Dr;15;GFK3211;Nut for bump stop, was GHF200
cat001;chap0108;76;Front & Rear Suspension;Front Rubber Cone Spring Suspension ( Known as Dr;16;21A530;Suspension cone strut (trumpet)
cat001;chap0108;76;Front & Rear Suspension;Front Rubber Cone Spring Suspension ( Known as Dr;17;GSV1118MS;Suspension knuckle
cat001;chap0108;76;Front & Rear Suspension;Front Rubber Cone Spring Suspension ( Known as Dr;19;21A425;Dust cover
cat001;chap0108;76;Front & Rear Suspension;Front Rubber Cone Spring Suspension ( Known as Dr;20;FAM3968;Suspension rubber cone spring
cat001;chap0108;76;Front & Rear Suspension;Front Rubber Cone Spring Suspension ( Known as Dr;21;2A4325;Upper arm support shaft
cat001;chap0108;76;Front & Rear Suspension;Front Rubber Cone Spring Suspension ( Known as Dr;23;2A7324;Thrust washer
cat001;chap0108;76;Front & Rear Suspension;Front Rubber Cone Spring Suspension ( Known as Dr;24;2A7327;Rubber sealing ring
cat001;chap0108;76;Front & Rear Suspension;Front Rubber Cone Spring Suspension ( Known as Dr;26;GFK1128;Spring washer was LWZ308
cat001;chap0108;76;Front & Rear Suspension;Front Rubber Cone Spring Suspension ( Known as Dr;27;GFK3215;Plain nut, was FNZ508
cat001;chap0108;76;Front & Rear Suspension;Front Rubber Cone Spring Suspension ( Known as Dr;28;MSSK001;Upper arm support kit - includes 2 x [LINK]88G302[/LINK] bearing per side
cat001;chap0108;76;Front & Rear Suspension;Front Rubber Cone Spring Suspension ( Known as Dr;29;2A4362;Lower arm support shaft, was 21A1889
cat001;chap0108;76;Front & Rear Suspension;Front Rubber Cone Spring Suspension ( Known as Dr;30;21A1882;Lower arm bushes with metal insert
cat001;chap0108;76;Front & Rear Suspension;Front Rubber Cone Spring Suspension ( Known as Dr;30;21A1882MS;Lower arm bushes in poly
cat001;chap0108;76;Front & Rear Suspension;Front Rubber Cone Spring Suspension ( Known as Dr;30;C-STR632;Lower arm bush car set - performance & geometry correction
cat001;chap0108;76;Front & Rear Suspension;Front Rubber Cone Spring Suspension ( Known as Dr;30;2A4294;Lower arm shouldered bush, pre 1966
cat001;chap0108;76;Front & Rear Suspension;Front Rubber Cone Spring Suspension ( Known as Dr;31;GFK1126;Spring washer, was GHF333
cat001;chap0108;76;Front & Rear Suspension;Front Rubber Cone Spring Suspension ( Known as Dr;32;GFK3323;Nut for support shaft was FNZ506
cat001;chap0108;76;Front & Rear Suspension;Front Rubber Cone Spring Suspension ( Known as Dr;33;21A1091;Tie rod pair only, heavy duty adjustable
cat001;chap0108;76;Front & Rear Suspension;Front Rubber Cone Spring Suspension ( Known as Dr;34;53K1031;Tie rod bolt, special length shank
cat001;chap0108;76;Front & Rear Suspension;Front Rubber Cone Spring Suspension ( Known as Dr;35;GFK1125;Spring washer, was GHF332
cat001;chap0108;76;Front & Rear Suspension;Front Rubber Cone Spring Suspension ( Known as Dr;36;GFK3212;Plain nut, was FNZ505
cat001;chap0108;76;Front & Rear Suspension;Front Rubber Cone Spring Suspension ( Known as Dr;37;31G1155;Tie rod bush, genuine original
cat001;chap0108;76;Front & Rear Suspension;Front Rubber Cone Spring Suspension ( Known as Dr;37;C-STR627;Tie rod bush, set of four, special bushes
cat001;chap0108;76;Front & Rear Suspension;Front Rubber Cone Spring Suspension ( Known as Dr;38;2A4328;Cup washer, was ACA9759
cat001;chap0108;76;Front & Rear Suspension;Front Rubber Cone Spring Suspension ( Known as Dr;39;PWZ207;Plain washer
cat001;chap0108;76;Front & Rear Suspension;Front Rubber Cone Spring Suspension ( Known as Dr;40;GFK3224;Locking nut, was GHF224
cat001;chap0108;76;Front & Rear Suspension;Front Rubber Cone Spring Suspension ( Known as Dr;41;8G4249;Tie rod kit, standard - non adjustable
cat001;chap0108;76;Front & Rear Suspension;Front Rubber Cone Spring Suspension ( Known as Dr;41;21A1092;Tie rod pair kit, heavy duty adjustable
cat001;chap0108;76;Front & Rear Suspension;Front Rubber Cone Spring Suspension ( Known as Dr;42;2A4267MS;Rebound buffer, non genuine
cat001;chap0108;76;Front & Rear Suspension;Front Rubber Cone Spring Suspension ( Known as Dr;43;13H2776;Screw
cat001;chap0108;76;Front & Rear Suspension;Front Rubber Cone Spring Suspension ( Known as Dr;44;21A1845;Packing washer to raise suspension
cat001;chap0108;77;Front & Rear Suspension;Front Hydrolastic Displacer Suspension ( Known as;1;21A2008;
cat001;chap0108;77;Front & Rear Suspension;Front Hydrolastic Displacer Suspension ( Known as;2;21A1496;Dust excluder
cat001;chap0108;77;Front & Rear Suspension;Front Hydrolastic Displacer Suspension ( Known as;3;21A1515;Protection sleeve for hose
cat001;chap0108;77;Front & Rear Suspension;Front Hydrolastic Displacer Suspension ( Known as;4;21A1487;Protection sleeve retainer
cat001;chap0108;77;Front & Rear Suspension;Front Hydrolastic Displacer Suspension ( Known as;5;21A1522;Adaptor plate bracket R/H under clutch pipe
cat001;chap0108;77;Front & Rear Suspension;Front Hydrolastic Displacer Suspension ( Known as;5;ALA6599;Adaptor plate bracket L/H
cat001;chap0108;77;Front & Rear Suspension;Front Hydrolastic Displacer Suspension ( Known as;6;21A1524;Adaptor
cat001;chap0108;77;Front & Rear Suspension;Front Hydrolastic Displacer Suspension ( Known as;7;17H8236;Nut
cat001;chap0108;77;Front & Rear Suspension;Front Hydrolastic Displacer Suspension ( Known as;8;WE600101;Shake proof washer, was LWZ410
cat001;chap0108;77;Front & Rear Suspension;Front Hydrolastic Displacer Suspension ( Known as;10;14A7031;Plug for bracket
cat001;chap0108;77;Front & Rear Suspension;Front Hydrolastic Displacer Suspension ( Known as;11;21A1575;Steel hydrolastic pipe, front to rear R/H
cat001;chap0108;77;Front & Rear Suspension;Front Hydrolastic Displacer Suspension ( Known as;12;21A1577;Steel hydrolastic pipe, front to rear L/H
cat001;chap0108;77;Front & Rear Suspension;Front Hydrolastic Displacer Suspension ( Known as;13;2A4325;Upper arm support
cat001;chap0108;77;Front & Rear Suspension;Front Hydrolastic Displacer Suspension ( Known as;15;2A7324;Thrust washer
cat001;chap0108;77;Front & Rear Suspension;Front Hydrolastic Displacer Suspension ( Known as;16;2A7327;Rubber sealing ring
cat001;chap0108;77;Front & Rear Suspension;Front Hydrolastic Displacer Suspension ( Known as;18;GFK1128;Spring washer was LWZ308
cat001;chap0108;77;Front & Rear Suspension;Front Hydrolastic Displacer Suspension ( Known as;19;GFK3215;Plain nut, was FNZ508
cat001;chap0108;77;Front & Rear Suspension;Front Hydrolastic Displacer Suspension ( Known as;20;2A4362;Lower arm support shaft was 21A1889
cat001;chap0108;77;Front & Rear Suspension;Front Hydrolastic Displacer Suspension ( Known as;21;2A4294;Lower arm shouldered bush, no insert
cat001;chap0108;77;Front & Rear Suspension;Front Hydrolastic Displacer Suspension ( Known as;21;21A1882;Lower arm bushes with metal insert, all ‘S’ and 1966 on
cat001;chap0108;77;Front & Rear Suspension;Front Hydrolastic Displacer Suspension ( Known as;21;21A1882MS;Lower arm bushes in poly
cat001;chap0108;77;Front & Rear Suspension;Front Hydrolastic Displacer Suspension ( Known as;21;C-STR632;Lower arm bush set of four performance
cat001;chap0108;77;Front & Rear Suspension;Front Hydrolastic Displacer Suspension ( Known as;22;GFK1126;Spring washer was LWZ206
cat001;chap0108;77;Front & Rear Suspension;Front Hydrolastic Displacer Suspension ( Known as;23;GFK3323;Locking nut, was FNZ506
cat001;chap0108;77;Front & Rear Suspension;Front Hydrolastic Displacer Suspension ( Known as;24;21A1091;Tie rod, uprated adjustable pair
cat001;chap0108;77;Front & Rear Suspension;Front Hydrolastic Displacer Suspension ( Known as;25;53K1031;Tie rod bolt
cat001;chap0108;77;Front & Rear Suspension;Front Hydrolastic Displacer Suspension ( Known as;26;GFK3212;Nut, was FNZ505
cat001;chap0108;77;Front & Rear Suspension;Front Hydrolastic Displacer Suspension ( Known as;27;GFK1125;Washer, was GHF332
cat001;chap0108;77;Front & Rear Suspension;Front Hydrolastic Displacer Suspension ( Known as;28;31G1155;Tie bar bush, genuine original
cat001;chap0108;77;Front & Rear Suspension;Front Hydrolastic Displacer Suspension ( Known as;28;C-STR627;Tie bar bush kit, set of 4 special bushes
cat001;chap0108;77;Front & Rear Suspension;Front Hydrolastic Displacer Suspension ( Known as;29;2A4238;Cup washer, was ACA9759
cat001;chap0108;77;Front & Rear Suspension;Front Hydrolastic Displacer Suspension ( Known as;30;PWZ207;Flat washer
cat001;chap0108;77;Front & Rear Suspension;Front Hydrolastic Displacer Suspension ( Known as;31;GFK3323;Lock nut, was GHF223
cat001;chap0108;77;Front & Rear Suspension;Front Hydrolastic Displacer Suspension ( Known as;32;8G4249;Tie rod kit, standard - non adjustable
cat001;chap0108;77;Front & Rear Suspension;Front Hydrolastic Displacer Suspension ( Known as;32;21A1092;Tie rod pair kit, heavy duty adjustable
cat001;chap0108;77;Front & Rear Suspension;Front Hydrolastic Displacer Suspension ( Known as;33;21A1598;Bump stop
cat001;chap0108;77;Front & Rear Suspension;Front Hydrolastic Displacer Suspension ( Known as;35;GFK1124;Spring washer, was LWZ204
cat001;chap0108;77;Front & Rear Suspension;Front Hydrolastic Displacer Suspension ( Known as;36;GFK3211;Plain nut, was FNZ104
cat001;chap0108;77;Front & Rear Suspension;Front Hydrolastic Displacer Suspension ( Known as;37;2A4267MS;Rebound buffer - Non genuine
cat001;chap0108;77;Front & Rear Suspension;Front Hydrolastic Displacer Suspension ( Known as;38;13H2776;Screw
cat001;chap0108;77;Front & Rear Suspension;Front Hydrolastic Displacer Suspension ( Known as;39;GSV1118MS;Knuckle joint
cat001;chap0108;77;Front & Rear Suspension;Front Hydrolastic Displacer Suspension ( Known as;40;21A423MS;Nylon cup - Non genuine
cat001;chap0108;77;Front & Rear Suspension;Front Hydrolastic Displacer Suspension ( Known as;41;21A425;Dust cover
cat001;chap0108;77;Front & Rear Suspension;Front Hydrolastic Displacer Suspension ( Known as;42;21A1845;Packing washer to raise suspension
cat001;chap0108;78;Front & Rear Suspension;Rear Radius Arms, Cone Suspension;1;NAM7162;Swing arm R/H, was 21A392
cat001;chap0108;78;Front & Rear Suspension;Rear Radius Arms, Cone Suspension;1;TRA33;Swing arm R/H, rebuilt
cat001;chap0108;78;Front & Rear Suspension;Rear Radius Arms, Cone Suspension;1;NAM7163;Swing arm L/H, was 21A393
cat001;chap0108;78;Front & Rear Suspension;Rear Radius Arms, Cone Suspension;1;TRA32;Swing arm L/H, rebuilt
cat001;chap0108;78;Front & Rear Suspension;Rear Radius Arms, Cone Suspension;2;2A7351;Radius arm stub axle R/H
cat001;chap0108;78;Front & Rear Suspension;Rear Radius Arms, Cone Suspension;2;2A7364;Radius arm stub axle L/H
cat001;chap0108;78;Front & Rear Suspension;Rear Radius Arms, Cone Suspension;3;CDU1173;Seal on stub arm for [LINK]NAM7162[/LINK]/[LINK]NAM7163[/LINK] arms
cat001;chap0108;78;Front & Rear Suspension;Rear Radius Arms, Cone Suspension;4;2A7352;Stub axle circlip
cat001;chap0108;78;Front & Rear Suspension;Rear Radius Arms, Cone Suspension;5;21A397;
cat001;chap0108;78;Front & Rear Suspension;Rear Radius Arms, Cone Suspension;7;ATJ4098;Roller bearing inner, was 13H442
cat001;chap0108;78;Front & Rear Suspension;Rear Radius Arms, Cone Suspension;8;2A7325;Bronze bush outer
cat001;chap0108;78;Front & Rear Suspension;Rear Radius Arms, Cone Suspension;9;21A396;
cat001;chap0108;78;Front & Rear Suspension;Rear Radius Arms, Cone Suspension;10;2A7324;Outer thrust washer
cat001;chap0108;78;Front & Rear Suspension;Rear Radius Arms, Cone Suspension;11;ACA9302;Inner thrust washer
cat001;chap0108;78;Front & Rear Suspension;Rear Radius Arms, Cone Suspension;12;2A7327;Sealing rubber ring
cat001;chap0108;78;Front & Rear Suspension;Rear Radius Arms, Cone Suspension;13;GFK1128;Spring washer, was LWZ208
cat001;chap0108;78;Front & Rear Suspension;Rear Radius Arms, Cone Suspension;14;GFK3215;Plain nut was FNZ508
cat001;chap0108;78;Front & Rear Suspension;Rear Radius Arms, Cone Suspension;15;LN10051;Grease nipple, was UHN400
cat001;chap0108;78;Front & Rear Suspension;Rear Radius Arms, Cone Suspension;16;GSV1125;Radius arm repair kit, contains parts 6-15
cat001;chap0108;78;Front & Rear Suspension;Rear Radius Arms, Cone Suspension;17;RLH10021;Rear hub less studs
cat001;chap0108;78;Front & Rear Suspension;Rear Radius Arms, Cone Suspension;18;21A2064;Wheel stud, shaft length 1.375” 35mm
cat001;chap0108;78;Front & Rear Suspension;Rear Radius Arms, Cone Suspension;18;21A2064L;Wheel stud, shaft length 1.968” 50mm
cat001;chap0108;78;Front & Rear Suspension;Rear Radius Arms, Cone Suspension;18;21A1278;Wheel stud, shaft length 2.175” 55mm, was RLJ10001
cat001;chap0108;78;Front & Rear Suspension;Rear Radius Arms, Cone Suspension;18;ENJO-1039;Wheel stud, shaft length 2.283” 58mm
cat001;chap0108;78;Front & Rear Suspension;Rear Radius Arms, Cone Suspension;18;ENJO-1040;Wheel stud, shaft length 3.070” 78mm
cat001;chap0108;78;Front & Rear Suspension;Rear Radius Arms, Cone Suspension;19;88G322;Wheel nuts, round radius chamfer angle
cat001;chap0108;78;Front & Rear Suspension;Rear Radius Arms, Cone Suspension;20;CN1;Chrome wheel nut
cat001;chap0108;78;Front & Rear Suspension;Rear Radius Arms, Cone Suspension;20;CN4;Chrome wheel nut, wide base
cat001;chap0108;78;Front & Rear Suspension;Rear Radius Arms, Cone Suspension;20;CN2;Chrome wheel nut, 60° chamfer angle, was AHA8785
cat001;chap0108;78;Front & Rear Suspension;Rear Radius Arms, Cone Suspension;20;CN5;Chrome wheel nut, wide base
cat001;chap0108;78;Front & Rear Suspension;Rear Radius Arms, Cone Suspension;21;GHS102;Hub oil seal, replaced [LINK]GHS134[/LINK]
cat001;chap0108;78;Front & Rear Suspension;Rear Radius Arms, Cone Suspension;24;GHK1805;
cat001;chap0108;78;Front & Rear Suspension;Rear Radius Arms, Cone Suspension;25;BTA672;Hub washer
cat001;chap0108;78;Front & Rear Suspension;Rear Radius Arms, Cone Suspension;26;NL610041;Hub nut R/H
cat001;chap0108;78;Front & Rear Suspension;Rear Radius Arms, Cone Suspension;26;FNN2410;Hub nut L/H
cat001;chap0108;78;Front & Rear Suspension;Rear Radius Arms, Cone Suspension;27;ATB4098;Grease retaining cap
cat001;chap0108;78;Front & Rear Suspension;Rear Radius Arms, Cone Suspension;28;21A2454;Hand brake quadrant, to 1976
cat001;chap0108;78;Front & Rear Suspension;Rear Radius Arms, Cone Suspension;28;C-AJJ4018;Hand brake quadrant, to 1976
cat001;chap0108;78;Front & Rear Suspension;Rear Radius Arms, Cone Suspension;29;CLZ549;Clevis pin, was BH605281 bolt
cat001;chap0108;78;Front & Rear Suspension;Rear Radius Arms, Cone Suspension;30;AWZ105;Washer
cat001;chap0108;79;Front & Rear Suspension;Rear Radius Arms, Hydrolastic Suspension;1;21A1489;Hydrolastic radius arm L/H
cat001;chap0108;79;Front & Rear Suspension;Rear Radius Arms, Hydrolastic Suspension;2;21A1490;Stub axle L/H
cat001;chap0108;79;Front & Rear Suspension;Rear Radius Arms, Hydrolastic Suspension;3;2A7352;Stub axle circlip
cat001;chap0108;79;Front & Rear Suspension;Rear Radius Arms, Hydrolastic Suspension;7;ATJ4098;Roller bearing inner, was 13H442
cat001;chap0108;79;Front & Rear Suspension;Rear Radius Arms, Hydrolastic Suspension;8;2A7325;Bronze bush outer
cat001;chap0108;79;Front & Rear Suspension;Rear Radius Arms, Hydrolastic Suspension;9;21A396;
cat001;chap0108;79;Front & Rear Suspension;Rear Radius Arms, Hydrolastic Suspension;10;2A7324;Outer thrust washer
cat001;chap0108;79;Front & Rear Suspension;Rear Radius Arms, Hydrolastic Suspension;11;ACA9302;Inner thrust washer
cat001;chap0108;79;Front & Rear Suspension;Rear Radius Arms, Hydrolastic Suspension;12;2A7327;Sealing rubber ring
cat001;chap0108;79;Front & Rear Suspension;Rear Radius Arms, Hydrolastic Suspension;13;GFK1128;Spring washer, was LWZ208
cat001;chap0108;79;Front & Rear Suspension;Rear Radius Arms, Hydrolastic Suspension;14;GFK3215;Plain nut, was FNZ508
cat001;chap0108;79;Front & Rear Suspension;Rear Radius Arms, Hydrolastic Suspension;15;LN10051;Grease nipple was UHN400
cat001;chap0108;79;Front & Rear Suspension;Rear Radius Arms, Hydrolastic Suspension;16;GSV1125;Radius arm repair kit, was 8G7134
cat001;chap0108;79;Front & Rear Suspension;Rear Radius Arms, Hydrolastic Suspension;17;RLH10021;Rear hub less studs, was 21A2023/21A1277
cat001;chap0108;79;Front & Rear Suspension;Rear Radius Arms, Hydrolastic Suspension;18;21A2064;Wheel stud shaft length 1.375” 35mm
cat001;chap0108;79;Front & Rear Suspension;Rear Radius Arms, Hydrolastic Suspension;18;21A2064L;Wheel stud shaft length 1.968” 50mm
cat001;chap0108;79;Front & Rear Suspension;Rear Radius Arms, Hydrolastic Suspension;18;21A1278;Wheel stud ‘S’ shaft length 2.175” 55mm
cat001;chap0108;79;Front & Rear Suspension;Rear Radius Arms, Hydrolastic Suspension;18;ENJO-1039;Wheel stud shaft length 2.283” 58mm
cat001;chap0108;79;Front & Rear Suspension;Rear Radius Arms, Hydrolastic Suspension;18;ENJO-1040;Wheel stud shaft length 3.070” 78mm
cat001;chap0108;79;Front & Rear Suspension;Rear Radius Arms, Hydrolastic Suspension;19;88G322;Wheel nuts, round radius chamfer angle
cat001;chap0108;79;Front & Rear Suspension;Rear Radius Arms, Hydrolastic Suspension;20;CN1;Chrome wheel nut
cat001;chap0108;79;Front & Rear Suspension;Rear Radius Arms, Hydrolastic Suspension;20;CN4;Chrome wheel nut, wide base
cat001;chap0108;79;Front & Rear Suspension;Rear Radius Arms, Hydrolastic Suspension;20;CN2;Chrome wheel nut, 60° chamfer angle - Was AHA8785
cat001;chap0108;79;Front & Rear Suspension;Rear Radius Arms, Hydrolastic Suspension;20;CN5;Chrome wheel nut, wide base
cat001;chap0108;79;Front & Rear Suspension;Rear Radius Arms, Hydrolastic Suspension;21;GHS102;Rear hub oil seal, replaces GHS134
cat001;chap0108;79;Front & Rear Suspension;Rear Radius Arms, Hydrolastic Suspension;24;GHK1805;
cat001;chap0108;79;Front & Rear Suspension;Rear Radius Arms, Hydrolastic Suspension;25;BTA672;Hub washer, was 21A1892
cat001;chap0108;79;Front & Rear Suspension;Rear Radius Arms, Hydrolastic Suspension;26;NL610041;Hub nut R/H
cat001;chap0108;79;Front & Rear Suspension;Rear Radius Arms, Hydrolastic Suspension;26;FNN2410;Hub nut L/H
cat001;chap0108;79;Front & Rear Suspension;Rear Radius Arms, Hydrolastic Suspension;27;ATB4098;Grease retaining cap
cat001;chap0108;79;Front & Rear Suspension;Rear Radius Arms, Hydrolastic Suspension;28;21A1507;Hand brake quadrant
cat001;chap0108;79;Front & Rear Suspension;Rear Radius Arms, Hydrolastic Suspension;29;2K2545;Spring washer
cat001;chap0108;79;Front & Rear Suspension;Rear Radius Arms, Hydrolastic Suspension;30;21A1512;Thrust washer
cat001;chap0108;79;Front & Rear Suspension;Rear Radius Arms, Hydrolastic Suspension;31;21A1513;Spire clip
cat001;chap0108;80;Front & Rear Suspension;Rear Suspension Rubber Cone;1;FAM3968;Suspension cone, genuine original Rover tooling
cat001;chap0108;80;Front & Rear Suspension;Rear Suspension Rubber Cone;2;21A1684;Alloy strut - All vans, plus saloons 1984 on with 12” wheels
cat001;chap0108;80;Front & Rear Suspension;Rear Suspension Rubber Cone;3;GSV1118MS;Suspension knuckle joint complete
cat001;chap0108;80;Front & Rear Suspension;Rear Suspension Rubber Cone;4;21A425;Knuckle gaiter
cat001;chap0108;80;Front & Rear Suspension;Rear Suspension Rubber Cone;5;21A423MS;Knuckle nylon cup, non genuine
cat001;chap0108;80;Front & Rear Suspension;Rear Suspension Rubber Cone;6;21A1845;Washer to raise suspension
cat001;chap0108;80;Front & Rear Suspension;Rear Suspension Rubber Cone;7;342002;Damper assembly rear except Sportspack and turbo
cat001;chap0108;80;Front & Rear Suspension;Rear Suspension Rubber Cone;7;442002;Damper assembly rear except Sportspack and turbo
cat001;chap0108;80;Front & Rear Suspension;Rear Suspension Rubber Cone;7;C-STR1794;Damper assembly rear adjustable for Sportspack or upgrade
cat001;chap0108;80;Front & Rear Suspension;Rear Suspension Rubber Cone;7;552019;Damper assembly rear for standard or Sportspack use
cat001;chap0108;80;Front & Rear Suspension;Rear Suspension Rubber Cone;7;C-STR307;Damper assembly rear adjustable for ERA Turbo or upgrade
cat001;chap0108;80;Front & Rear Suspension;Rear Suspension Rubber Cone;7;C-STR305;Damper assembly rear adjustable upgrade for lowered cars
cat001;chap0108;80;Front & Rear Suspension;Rear Suspension Rubber Cone;7;C-STN233;Damper assembly rear adjustable upgrade
cat001;chap0108;80;Front & Rear Suspension;Rear Suspension Rubber Cone;7;C-STN237;Damper assembly rear adjustable upgrade for lowered cars
cat001;chap0108;80;Front & Rear Suspension;Rear Suspension Rubber Cone;7;B36-0380;Damper assembly rear upgrade
cat001;chap0108;80;Front & Rear Suspension;Rear Suspension Rubber Cone;8;SPAX-EYE;Shock absorber lower bush and sleeve, for Spax & GAZ
cat001;chap0108;80;Front & Rear Suspension;Rear Suspension Rubber Cone;10;AJD7162;Washer
cat001;chap0108;80;Front & Rear Suspension;Rear Suspension Rubber Cone;11;GFK3323;Locknut 3/8”UNF
cat001;chap0108;80;Front & Rear Suspension;Rear Suspension Rubber Cone;16;C2542;Bush kit KYB and some UNIPART
cat001;chap0108;80;Front & Rear Suspension;Rear Suspension Rubber Cone;17;ERA1190;
cat001;chap0108;80;Front & Rear Suspension;Rear Suspension Rubber Cone;18;GM038P;Cap bolt for bump stop, fits through [LINK]FAM3968[/LINK]
cat001;chap0108;80;Front & Rear Suspension;Rear Suspension Rubber Cone;19;21A640;Buffer
cat001;chap0108;81;Front & Rear Suspension;Rear Suspension, Hydrolastic;1;21A2008;
cat001;chap0108;81;Front & Rear Suspension;Rear Suspension, Hydrolastic;2;21A1496;Dust cover
cat001;chap0108;81;Front & Rear Suspension;Rear Suspension, Hydrolastic;5;21A1515;Sleeve
cat001;chap0108;81;Front & Rear Suspension;Rear Suspension, Hydrolastic;6;21A1757;Sleeve retainer
cat001;chap0108;81;Front & Rear Suspension;Rear Suspension, Hydrolastic;7;21A1519;Elbow for pipe to hose
cat001;chap0108;81;Front & Rear Suspension;Rear Suspension, Hydrolastic;8;WE600101;Locking washer, was LWZ410
cat001;chap0108;81;Front & Rear Suspension;Rear Suspension, Hydrolastic;9;17H8236;Nut
cat001;chap0108;81;Front & Rear Suspension;Rear Suspension, Hydrolastic;10;13H1705;Valve assembly
cat001;chap0108;81;Front & Rear Suspension;Rear Suspension, Hydrolastic;12;GSV1118MS;Suspension knuckle joint complete
cat001;chap0108;81;Front & Rear Suspension;Rear Suspension, Hydrolastic;13;21A425;Knuckle nylon cup
cat001;chap0108;81;Front & Rear Suspension;Rear Suspension, Hydrolastic;16;12A1358;Helper spring bush was 21A1492
cat001;chap0108;81;Front & Rear Suspension;Rear Suspension, Hydrolastic;18;GFK3322;Lock nut, was GHF222
cat001;chap0108;81;Front & Rear Suspension;Rear Suspension, Hydrolastic;19;21A1493;Felt washer
cat001;chap0108;81;Front & Rear Suspension;Rear Suspension, Hydrolastic;21;13H2193;Retainer clip
cat001;chap0108;81;Front & Rear Suspension;Rear Suspension, Hydrolastic;22;21A1517;Rebound buffer
cat001;chap0108;81;Front & Rear Suspension;Rear Suspension, Hydrolastic;23;SH605051;Bolt 5/16” UNF x 5/8” long
cat001;chap0108;81;Front & Rear Suspension;Rear Suspension, Hydrolastic;24;GFK1125;Spring washer 5/16”, was GHF332
cat001;chap0108;81;Front & Rear Suspension;Rear Suspension, Hydrolastic;25;GFK3212;Plain nut 5/16” UNF, was GHF201
cat001;chap0108;81;Front & Rear Suspension;Rear Suspension, Hydrolastic;26;21A1520;Bump stop buffer
cat001;chap0108;81;Front & Rear Suspension;Rear Suspension, Hydrolastic;27;14A6615;Radius arm shroud R/H
cat001;chap0108;81;Front & Rear Suspension;Rear Suspension, Hydrolastic;28;14A6616;Radius arm shroud L/H
cat001;chap0108;81;Front & Rear Suspension;Rear Suspension, Hydrolastic;29;14A7091;Rubber plug for grease hole, on [LINK]14A6615[/LINK]/ [LINK]14A6616[/LINK]
cat001;chap0108;82;Front & Rear Suspension;Steering Rack;1;FAM7306;Steering rack, new right hand drive
cat001;chap0108;82;Front & Rear Suspension;Steering Rack;1;FAM7307;Steering rack, New, left hand drive
cat001;chap0108;82;Front & Rear Suspension;Steering Rack;1;C-AJJ1570;Steering rack, right hand drive, quick rack
cat001;chap0108;82;Front & Rear Suspension;Steering Rack;1;C-AJJ1571;Steering rack, left hand drive, quick rack
cat001;chap0108;82;Front & Rear Suspension;Steering Rack;1;GSR1185;Steering rack, LHD, for 13” wheels
cat001;chap0108;82;Front & Rear Suspension;Steering Rack;1;GSR3386;Steering rack, RHD for 13” wheels
cat001;chap0108;82;Front & Rear Suspension;Steering Rack;3;37H8064;Nylon rack bearing, original racks only 1967 on
cat001;chap0108;82;Front & Rear Suspension;Steering Rack;5;88G499;Oil seal for bearing (oil filled racks only)
cat001;chap0108;82;Front & Rear Suspension;Steering Rack;8;GSV1004;Gaiter kit, 2 different diameter gaiters, 6” long
cat001;chap0108;82;Front & Rear Suspension;Steering Rack;8;BHM7113;Gaiter kit with clips (rubber) 41/2” long
cat001;chap0108;82;Front & Rear Suspension;Steering Rack;8;17H6298;Gaiter rubber, single without clips 41/2” long
cat001;chap0108;82;Front & Rear Suspension;Steering Rack;8;GSV1056;Gaiter kit with clips 71/2” long
cat001;chap0108;82;Front & Rear Suspension;Steering Rack;10;ACH5854;Clip small, Tie rod end
cat001;chap0108;82;Front & Rear Suspension;Steering Rack;11;GSJ734MS;Track rod end, non genuine
cat001;chap0108;82;Front & Rear Suspension;Steering Rack;11;C-AJJ1572;Track rod end, longer when extra negative camber
cat001;chap0108;82;Front & Rear Suspension;Steering Rack;12;21A425;Gaiter for track rod, was 17H3481
cat001;chap0108;82;Front & Rear Suspension;Steering Rack;13;GFK3323;Locking nut, was GHF223- 3/8” UNF
cat001;chap0108;82;Front & Rear Suspension;Steering Rack;14;2A6208;U Bolt, rack to body
cat001;chap0108;82;Front & Rear Suspension;Steering Rack;15;GFK3322;Locking nut for U bolt, was GHF222 5/16”UNF
cat001;chap0108;82;Front & Rear Suspension;Steering Rack;16;21A2553;Anti-friction packing piece plastic strip
cat001;chap0108;82;Front & Rear Suspension;Steering Rack;17;21A30;Rack to body seal
cat001;chap0108;83;Front & Rear Suspension;Steering Columns, Locks & Cowlings;3;FAM5285MS;Inner column, non genuine, 1985 on
cat001;chap0108;83;Front & Rear Suspension;Steering Columns, Locks & Cowlings;5;GSV1095;Steering column top bush, was FAM2406
cat001;chap0108;83;Front & Rear Suspension;Steering Columns, Locks & Cowlings;6;GSV1127;Steering column lower felt bush, was 21A998
cat001;chap0108;83;Front & Rear Suspension;Steering Columns, Locks & Cowlings;6;NAM8563;Steering column lower bush
cat001;chap0108;83;Front & Rear Suspension;Steering Columns, Locks & Cowlings;9;21A30;Rack to body seal
cat001;chap0108;83;Front & Rear Suspension;Steering Columns, Locks & Cowlings;10;BH604111;Steering column lower pinch bolt 1/4” UNF x 1 3/8” long
cat001;chap0108;83;Front & Rear Suspension;Steering Columns, Locks & Cowlings;11;GFK1124;Spring washer 1/4”, was GHF331
cat001;chap0108;83;Front & Rear Suspension;Steering Columns, Locks & Cowlings;12;GFK3211;Plain nut 1/4” UNF, was GHF200
cat001;chap0108;83;Front & Rear Suspension;Steering Columns, Locks & Cowlings;15;51K4006;Column to clamp bolt 5/16” UNF x 2 1/8” thread/shank
cat001;chap0108;83;Front & Rear Suspension;Steering Columns, Locks & Cowlings;16;51K4002;Clip to body shear bolt 5/16” UNF x 7/8” thread
cat001;chap0108;83;Front & Rear Suspension;Steering Columns, Locks & Cowlings;17;21H295;Nut, bracket to column
cat001;chap0108;83;Front & Rear Suspension;Steering Columns, Locks & Cowlings;22;BHM7107;Steering lock (key enters in front of driver)
cat001;chap0108;83;Front & Rear Suspension;Steering Columns, Locks & Cowlings;23;51K4001;Steering lock shear bolt M8 x 3/4” thread
cat001;chap0108;83;Front & Rear Suspension;Steering Columns, Locks & Cowlings;24;8G6027;Plastic column cowl MK1
cat001;chap0108;83;Front & Rear Suspension;Steering Columns, Locks & Cowlings;25;8G6035;Plastic column cowl MK2/3
cat001;chap0108;83;Front & Rear Suspension;Steering Columns, Locks & Cowlings;26;BHM7085;Plastic column cowl MK4
cat001;chap0108;83;Front & Rear Suspension;Steering Columns, Locks & Cowlings;27;ACH6001;Steering wheel nut
cat001;chap0108;83;Front & Rear Suspension;Steering Columns, Locks & Cowlings;28;53K3480;Shake proof washer
cat001;chap0108;83;Front & Rear Suspension;Steering Columns, Locks & Cowlings;32;AT606084;Screw for [LINK]BHM7085[/LINK] side of cowling long - No.6 screw 7/8”
cat001;chap0108;83;Front & Rear Suspension;Steering Columns, Locks & Cowlings;33;AC606051;Screw for [LINK]BHM7085[/LINK] bottom of cowling short - No.6 screw 1/2”
cat001;chap0109;84;Brake System;Road Wheels, Spacer and Trims;2;21A1282;Steel wheel 31/2x10”silver with air holes-Cooper ‘S’
cat001;chap0109;84;Brake System;Road Wheels, Spacer and Trims;2;21A1282WHITE;Steel wheel 31/2x10”white with air holes-Cooper ‘S’
cat001;chap0109;84;Brake System;Road Wheels, Spacer and Trims;2;21A1286;Steel wheel 41/2x10” silver, air holes-Cooper ‘S’
cat001;chap0109;84;Brake System;Road Wheels, Spacer and Trims;2;21A1286WHITE;Steel wheel 41/2x10” white, air holes-Cooper ‘S’
cat001;chap0109;84;Brake System;Road Wheels, Spacer and Trims;5;C-21A1071;Alloy wheel 43/4x10”Rose Petal Historic Race wheel
cat001;chap0109;84;Brake System;Road Wheels, Spacer and Trims;6;C-21A1900;Alloy wheel 41/2x10” silver MINILITE “S “ disc offset
cat001;chap0109;84;Brake System;Road Wheels, Spacer and Trims;6;C-21A1900GOLD;Alloy wheel 41/2x10”Gold colour MINILITE “S” disc offset
cat001;chap0109;84;Brake System;Road Wheels, Spacer and Trims;6;C-21A1900A;Alloy wheel 41/2x10” silver MINILITE drum brake offset
cat001;chap0109;84;Brake System;Road Wheels, Spacer and Trims;6;C-21A1901;Alloy wheel 5x10” silver MINILITE “S” disc offset
cat001;chap0109;84;Brake System;Road Wheels, Spacer and Trims;6;C-21A1901A;Alloy wheel 5x10” silver MINILITE “S” drum brake offset
cat001;chap0109;84;Brake System;Road Wheels, Spacer and Trims;6;C-21A1902;Alloy wheel 6x10” silver MINILITE “S” 100mm backspace
cat001;chap0109;84;Brake System;Road Wheels, Spacer and Trims;6;C-21A1902A;Alloy wheel 6x10” silver MINILITE “S” 70mm backspace
cat001;chap0109;84;Brake System;Road Wheels, Spacer and Trims;6;C-21A1963;Alloy wheel 41/2x10”anthracite, diamond cut silver edge
cat001;chap0109;84;Brake System;Road Wheels, Spacer and Trims;6;C-21A1964;Alloy wheel 41/2x10” silver, diamond cut silver edge MiniLIFE
cat001;chap0109;84;Brake System;Road Wheels, Spacer and Trims;6;C-21A1968;Alloy wheel 41/2x10” silver MiniLIFE
cat001;chap0109;84;Brake System;Road Wheels, Spacer and Trims;6;WHL1000;Alloy wheel 5x10” silver Minator diamond cut edge
cat001;chap0109;84;Brake System;Road Wheels, Spacer and Trims;6;WHL1001;Alloy wheel 6x10” silver Minator diamond cut edge
cat001;chap0109;84;Brake System;Road Wheels, Spacer and Trims;7;WHL1016;Alloy wheel 5x10” black Mamba silver edge
cat001;chap0109;84;Brake System;Road Wheels, Spacer and Trims;7;WHL1012;Alloy wheel 5x10” silver Mamba with silver edge
cat001;chap0109;84;Brake System;Road Wheels, Spacer and Trims;7;WHL1017;Alloy wheel 6x10” black Mamba with silver edge
cat001;chap0109;84;Brake System;Road Wheels, Spacer and Trims;7;WHL1013;Alloy wheel 6x10” silver Mamba with silver edge
cat001;chap0109;84;Brake System;Road Wheels, Spacer and Trims;7;WHL1015;Alloy wheel 6x12” black Mamba with silver edge
cat001;chap0109;84;Brake System;Road Wheels, Spacer and Trims;8;WHL1004;Alloy wheel 5x10” black Dunlop silver edge/spokes
cat001;chap0109;84;Brake System;Road Wheels, Spacer and Trims;9;88G337;Hub cap centre for 10” wheels chrome to 1984
cat001;chap0109;84;Brake System;Road Wheels, Spacer and Trims;9;88G337S;Hub cap centre for 10” wheels stainless steel to 1984
cat001;chap0109;84;Brake System;Road Wheels, Spacer and Trims;18;88G322;Wheel nut 10” except Clubman Rostyle wheel No3
cat001;chap0109;84;Brake System;Road Wheels, Spacer and Trims;18;CN1;Wheel nut chrome 10” except Clubman Rostyle wheel No3
cat001;chap0109;84;Brake System;Road Wheels, Spacer and Trims;18;CN2;Wheel nut chrome 10” Rostyle only plus 12” wheel 1984 on
cat001;chap0109;84;Brake System;Road Wheels, Spacer and Trims;18;113087;Wheel nut 12”wheel from 1984
cat001;chap0109;84;Brake System;Road Wheels, Spacer and Trims;19;FAM2563;Washer for wheel nut FAM5701 and FAM3428
cat001;chap0109;84;Brake System;Road Wheels, Spacer and Trims;20;FAM5701;Wheel nut for FAM5359 Cap 10”wheel only
cat001;chap0109;84;Brake System;Road Wheels, Spacer and Trims;20;FAM3428;Wheel nut for FAM3138 Cap 12”wheel Mini 25 only
cat001;chap0109;84;Brake System;Road Wheels, Spacer and Trims;21;GAW116A;
cat001;chap0109;84;Brake System;Road Wheels, Spacer and Trims;22;GAW115A;Wheel nut and washer combined, For GAW113A only
cat001;chap0109;84;Brake System;Road Wheels, Spacer and Trims;25;SR3;Spacer for rear wheel 3/16”(3mm) without studs
cat001;chap0109;84;Brake System;Road Wheels, Spacer and Trims;25;SR4;Spacer for rear wheel 1/8” (5mm) without studs
cat001;chap0109;84;Brake System;Road Wheels, Spacer and Trims;25;CW1;Spacer for rear wheel 3/8” (9.5mm) with studs
cat001;chap0109;84;Brake System;Road Wheels, Spacer and Trims;25;CW15;Spacer for rear wheel 3/4” (19mm) with studs
cat001;chap0109;84;Brake System;Road Wheels, Spacer and Trims;25;CW16;Spacer for rear wheel 1” (25.4mm) with studs
cat001;chap0109;84;Brake System;Road Wheels, Spacer and Trims;25;CW17;Spacer kit for rear wheel 3/4”(19mm) with longer thread studs
cat001;chap0109;84;Brake System;Road Wheels, Spacer and Trims;26;14A6511;Spare wheel clamp MK1/2 & van with wood load floor
cat001;chap0109;85;Brake System;Front Brakes ( Disc Type );1;27H4653;997 Cooper caliper L/H (uses 2.120” wide pad)
cat001;chap0109;85;Brake System;Front Brakes ( Disc Type );1;27H4656;‘S’ and 1275GT caliper R/H up to 1974 - Fits 71/2” disc
cat001;chap0109;85;Brake System;Front Brakes ( Disc Type );1;27H4656MS;‘S’ and 1275GT caliper R/H up to 1974 - Fits 71/2” disc
cat001;chap0109;85;Brake System;Front Brakes ( Disc Type );1;27H4657;‘S’ and 1275GT caliper L/H up to 1974 - Fits 71/2” disc
cat001;chap0109;85;Brake System;Front Brakes ( Disc Type );1;27H4657MS;‘S’ and 1275GT caliper L/H up to 1974 - Fits 71/2” disc
cat001;chap0109;85;Brake System;Front Brakes ( Disc Type );1;37H8128;1275GT 1974 on, plus all 1984 models on caliper R/H
cat001;chap0109;85;Brake System;Front Brakes ( Disc Type );1;37H8129;1275GT 1974 on, plus all 1984 models on caliper L/H
cat001;chap0109;85;Brake System;Front Brakes ( Disc Type );2;17H8764;Seal between caliper halves 7” and 71/2” disc type
cat001;chap0109;85;Brake System;Front Brakes ( Disc Type );2;17H8765;Seal and caliper joining bolts 71/2” disc type
cat001;chap0109;85;Brake System;Front Brakes ( Disc Type );2;17H7679;Seal between caliper halves GBC138 / GBC141
cat001;chap0109;85;Brake System;Front Brakes ( Disc Type );3;GRK5009;997/998 caliper piston seal kit
cat001;chap0109;85;Brake System;Front Brakes ( Disc Type );3;GRK5006;Caliper piston seal kit for 27H4656 / 27H4657
cat001;chap0109;85;Brake System;Front Brakes ( Disc Type );3;GRK5008;Caliper piston seal kit for GBC138 / GBC141
cat001;chap0109;85;Brake System;Front Brakes ( Disc Type );3;GRK5003;Caliper piston seal kit for GBC2030 / GBC2031
cat001;chap0109;85;Brake System;Front Brakes ( Disc Type );4;3H2428;Bleed nipple except turbo
cat001;chap0109;85;Brake System;Front Brakes ( Disc Type );4;BAU1790;Bleed nipple turbo and Metro
cat001;chap0109;85;Brake System;Front Brakes ( Disc Type );5;17H7913;Caliper piston 997/998 Cooper for 7” disc
cat001;chap0109;85;Brake System;Front Brakes ( Disc Type );5;SAAS501;Caliper piston Cooper ‘S’ for 71/2” disc
cat001;chap0109;85;Brake System;Front Brakes ( Disc Type );5;SAAS1022;Caliper piston Metro / turbo Mini
cat001;chap0109;85;Brake System;Front Brakes ( Disc Type );6;GBP102ULTIMAX;998cc pad set less pins, was GBP102AF
cat001;chap0109;85;Brake System;Front Brakes ( Disc Type );6;GBP281MS;1275GT and all Mini 1984 on (12” wheel)less pins
cat001;chap0109;85;Brake System;Front Brakes ( Disc Type );6;GBP258AF;Metro/Mini (4 pot caliper) less pins
cat001;chap0109;85;Brake System;Front Brakes ( Disc Type );8;53K1048;Caliper to hub bolt
cat001;chap0109;85;Brake System;Front Brakes ( Disc Type );9;3H550;Sealing washer
cat001;chap0109;85;Brake System;Front Brakes ( Disc Type );10;GBD101;Brake disc Cooper ‘S’ 71/2” diameter
cat001;chap0109;85;Brake System;Front Brakes ( Disc Type );10;GBD101MS;Brake disc Cooper ‘S’ 71/2” diameter
cat001;chap0109;85;Brake System;Front Brakes ( Disc Type );10;BTA193;Brake disc 997/8 Cooper 7”diameter
cat001;chap0109;85;Brake System;Front Brakes ( Disc Type );11;21A2064;Wheel stud - Not 8.4” disc
cat001;chap0109;85;Brake System;Front Brakes ( Disc Type );11;21A2064L;Wheel stud (.500” longer) - Not 8.4” disc
cat001;chap0109;85;Brake System;Front Brakes ( Disc Type );12;21A2612MS;Brake disc 8.4” diameter, best grade non genuine
cat001;chap0109;85;Brake System;Front Brakes ( Disc Type );12;GBD90806MS;Brake disc 8.4” diameter budget quality
cat001;chap0109;85;Brake System;Front Brakes ( Disc Type );12;GBD496;Vented brake disc, 8.4” diameter (not standard)
cat001;chap0109;85;Brake System;Front Brakes ( Disc Type );13;21A1273;R/H top disc cover 71/2” disc only, early 1275GT ‘S’
cat001;chap0109;85;Brake System;Front Brakes ( Disc Type );14;21A1274;L/H top disc cover 71/2” disc only, 1275GT ‘S’
cat001;chap0109;85;Brake System;Front Brakes ( Disc Type );15;21A1271;R/H lower disc cover only 71/2” disc, early 1275GT ‘S’
cat001;chap0109;85;Brake System;Front Brakes ( Disc Type );16;21A1272;L/H lower disc 71/2” disc only, early 1275GT ‘S
cat001;chap0109;85;Brake System;Front Brakes ( Disc Type );17;MSSK1400;R/H top and lower disc cover kit less BTA1208
cat001;chap0109;85;Brake System;Front Brakes ( Disc Type );18;MSSK1401;L/H top and lower disc cover kit less BTA1209
cat001;chap0109;85;Brake System;Front Brakes ( Disc Type );19;BTA1208;R/H support bracket
cat001;chap0109;85;Brake System;Front Brakes ( Disc Type );20;BTA1209;L/H support bracket
cat001;chap0109;85;Brake System;Front Brakes ( Disc Type );21;SE910161;Screw to join disc shields, was PMZ307
cat001;chap0109;85;Brake System;Front Brakes ( Disc Type );22;GFK3210;Plain nut for PMZ307
cat001;chap0109;85;Brake System;Front Brakes ( Disc Type );27;MSSK1402;R/H top and lower disc cover kit with BTA1208 - Non genuine
cat001;chap0109;85;Brake System;Front Brakes ( Disc Type );28;MSSK1403;L/H top and lower disc cover kit with BTA1209 - Non genuine
cat001;chap0109;85;Brake System;Front Brakes ( Disc Type );29;GBK1010;Split pins only kit (8.4”) non vented kit
cat001;chap0109;85;Brake System;Front Brakes ( Disc Type );29;GBK1026;Split pins and metal clip kit (8.4”) non vented car set
cat001;chap0109;85;Brake System;Front Brakes ( Disc Type );29;PS610241;Single split pin, brake pad retaining
cat001;chap0109;87;Brake System;Front drum Brakes DRY 1959-1964 ALL HYDROLAST;1;37H2013;Backplate R/H stamped 4561-732/734
cat001;chap0109;87;Brake System;Front drum Brakes DRY 1959-1964 ALL HYDROLAST;1;37H2014;Backplate L/H stamped 4561-733/735
cat001;chap0109;87;Brake System;Front drum Brakes DRY 1959-1964 ALL HYDROLAST;2;SH605051;Backplate to hub bolt, was 21A1299
cat001;chap0109;87;Brake System;Front drum Brakes DRY 1959-1964 ALL HYDROLAST;3;GFK1125;Spring washer, was GHF332
cat001;chap0109;87;Brake System;Front drum Brakes DRY 1959-1964 ALL HYDROLAST;6;AAU8243;Brake shoe spring
cat001;chap0109;87;Brake System;Front drum Brakes DRY 1959-1964 ALL HYDROLAST;6;GBK1733;Brake shoe spring set (car set of Four [LINK]AAU8243[/LINK])
cat001;chap0109;87;Brake System;Front drum Brakes DRY 1959-1964 ALL HYDROLAST;7;GWC102;R/H wheel cylinder for [LINK]17H8145[/LINK] backplate 0.8125” bore-
cat001;chap0109;87;Brake System;Front drum Brakes DRY 1959-1964 ALL HYDROLAST;7;GWC103;L/H wheel cylinder for [LINK]17H8159[/LINK] backplate 0.8125” bore-
cat001;chap0109;87;Brake System;Front drum Brakes DRY 1959-1964 ALL HYDROLAST;7;GWC126;R/H wheel cylinder for [LINK]37H2013[/LINK] backplate 0.9375” bore -
cat001;chap0109;87;Brake System;Front drum Brakes DRY 1959-1964 ALL HYDROLAST;7;GWC126MS;R/H wheel cylinder for [LINK]37H2013[/LINK] backplate 0.9375” bore -
cat001;chap0109;87;Brake System;Front drum Brakes DRY 1959-1964 ALL HYDROLAST;7;GWC127;L/H wheel cylinder for [LINK]37H2014[/LINK] backplate 0.9375” bore -
cat001;chap0109;87;Brake System;Front drum Brakes DRY 1959-1964 ALL HYDROLAST;7;GWC127MS;L/H wheel cylinder for [LINK]37H2014[/LINK] backplate 0.9375” bore -
cat001;chap0109;87;Brake System;Front drum Brakes DRY 1959-1964 ALL HYDROLAST;8;8G8816;Wheel cylinder repair kit for [LINK]GWC102[LINK] / [LINK]GWC103[/LINK]
cat001;chap0109;87;Brake System;Front drum Brakes DRY 1959-1964 ALL HYDROLAST;8;GRK2002;Wheel cylinder repair kit for [LINK]GWC126[/LINK] /[LINK]GWC127[/LINK]
cat001;chap0109;87;Brake System;Front drum Brakes DRY 1959-1964 ALL HYDROLAST;9;3H2428;Bleed nipple
cat001;chap0109;87;Brake System;Front drum Brakes DRY 1959-1964 ALL HYDROLAST;10;37H3833;Gasket for cylinder to backplate
cat001;chap0109;87;Brake System;Front drum Brakes DRY 1959-1964 ALL HYDROLAST;11;SH604031;Wheel cylinder to backplate small bolt
cat001;chap0109;87;Brake System;Front drum Brakes DRY 1959-1964 ALL HYDROLAST;12;GFK1124;Spring washer, was GHF331
cat001;chap0109;87;Brake System;Front drum Brakes DRY 1959-1964 ALL HYDROLAST;13;SH605051;Wheel cylinder to backplate large bolt
cat001;chap0109;87;Brake System;Front drum Brakes DRY 1959-1964 ALL HYDROLAST;14;GFK1125;Spring washer, was GHF332
cat001;chap0109;87;Brake System;Front drum Brakes DRY 1959-1964 ALL HYDROLAST;15;27H3753;Cylinder to shoe spring on [LINK]GWC126[/LINK] / [LINK]GWC127[/LINK] only
cat001;chap0109;87;Brake System;Front drum Brakes DRY 1959-1964 ALL HYDROLAST;16;GDB105;Brake drum
cat001;chap0109;87;Brake System;Front drum Brakes DRY 1959-1964 ALL HYDROLAST;17;CMZ407;Brake drum screw
cat001;chap0109;87;Brake System;Front drum Brakes DRY 1959-1964 ALL HYDROLAST;19;SH605051;Backplate to hub bolt
cat001;chap0109;87;Brake System;Front drum Brakes DRY 1959-1964 ALL HYDROLAST;20;GFK1125;Spring washer, was GHF332
cat001;chap0109;87;Brake System;Front drum Brakes DRY 1959-1964 ALL HYDROLAST;22;17H8092;Brake shoe spring cylinder end
cat001;chap0109;87;Brake System;Front drum Brakes DRY 1959-1964 ALL HYDROLAST;23;17H7621;Brake shoe spring adjuster end
cat001;chap0109;87;Brake System;Front drum Brakes DRY 1959-1964 ALL HYDROLAST;23;GBK1834;Brake shoe spring kit - car set
cat001;chap0109;87;Brake System;Front drum Brakes DRY 1959-1964 ALL HYDROLAST;24;GWC101;Wheel cylinder
cat001;chap0109;87;Brake System;Front drum Brakes DRY 1959-1964 ALL HYDROLAST;25;GRK2013;Wheel cylinder 15/16” repair kit for [LINK]GWC101[/LINK] was 8G8254
cat001;chap0109;87;Brake System;Front drum Brakes DRY 1959-1964 ALL HYDROLAST;26;513118A;Bleed screw was 17H7623
cat001;chap0109;87;Brake System;Front drum Brakes DRY 1959-1964 ALL HYDROLAST;28;17H7949;Wheel cylinder to backplate clip
cat001;chap0109;87;Brake System;Front drum Brakes DRY 1959-1964 ALL HYDROLAST;29;37H4642;Wheel cylinder to plate gasket
cat001;chap0109;87;Brake System;Front drum Brakes DRY 1959-1964 ALL HYDROLAST;30;17H7619;Brake shoe adjuster pin (known as wedge)
cat001;chap0109;87;Brake System;Front drum Brakes DRY 1959-1964 ALL HYDROLAST;31;17H7618;Tappet for adjuster pin
cat001;chap0109;87;Brake System;Front drum Brakes DRY 1959-1964 ALL HYDROLAST;32;GDB105;Brake drum, was 21A22
cat001;chap0109;87;Brake System;Front drum Brakes DRY 1959-1964 ALL HYDROLAST;33;CMZ407;Brake drum screw
cat001;chap0109;88;Brake System;Rear Brakes Single Line & Tandem;1;21A1058;Backplate R/H
cat001;chap0109;88;Brake System;Rear Brakes Single Line & Tandem;1;21A1060;Backplate L/H
cat001;chap0109;88;Brake System;Rear Brakes Single Line & Tandem;2;21A1669;Handbrake cable bracket R/H
cat001;chap0109;88;Brake System;Rear Brakes Single Line & Tandem;2;21A1670;Handbrake cable bracket L/H
cat001;chap0109;88;Brake System;Rear Brakes Single Line & Tandem;4;GBS834AF;Genuine rear brake shoe set
cat001;chap0109;88;Brake System;Rear Brakes Single Line & Tandem;5;17H8092;Return spring, cylinder end
cat001;chap0109;88;Brake System;Rear Brakes Single Line & Tandem;6;17H7621;Return spring, adjuster end
cat001;chap0109;88;Brake System;Rear Brakes Single Line & Tandem;7;GBK1834;Return spring kit for cylinder end and adjuster end - Car set
cat001;chap0109;88;Brake System;Rear Brakes Single Line & Tandem;8;17H7620;Kit of one brake shoe adjuster pin and two tappets
cat001;chap0109;88;Brake System;Rear Brakes Single Line & Tandem;9;17H7619;Brake shoe adjuster pin
cat001;chap0109;88;Brake System;Rear Brakes Single Line & Tandem;10;17H7618;Tappet for adjuster pin (known as wedge)
cat001;chap0109;88;Brake System;Rear Brakes Single Line & Tandem;11;GWC1126;Wheel cylinder 1/2” bore size 1976/7 - diagonal split system
cat001;chap0109;88;Brake System;Rear Brakes Single Line & Tandem;11;GWC1129;Wheel cylinder late 11/16” bore size
cat001;chap0109;88;Brake System;Rear Brakes Single Line & Tandem;11;GWC1131;Wheel cylinder 9/16” bore size - diagonal split & ERA turbo
cat001;chap0109;88;Brake System;Rear Brakes Single Line & Tandem;11;GWC1101;Wheel cylinder up to 1962-67 plus Coopers & ‘S’ 1963 on 5/8” bore - see [LINK]GWC1101MS[/LINK] also
cat001;chap0109;88;Brake System;Rear Brakes Single Line & Tandem;11;GWC1101MS;Wheel cylinder up to 1962-67 plus Coopers & ‘S’ 1963 on 5/8” bore - Non genuine
cat001;chap0109;88;Brake System;Rear Brakes Single Line & Tandem;11;GWC1102;Wheel cylinder 1959 - 62 plus 1967 on except Cooper & ’S’ 3/4” bore - see [LINK]GWC1102MS[/LINK] also
cat001;chap0109;88;Brake System;Rear Brakes Single Line & Tandem;11;GWC1102MS;Wheel cylinder 1959 - 62 plus 1967 on except Cooper & ’S’ 3/4” bore - Non genuine
cat001;chap0109;88;Brake System;Rear Brakes Single Line & Tandem;12;513118A;Bleed screw for [LINK]GWC1126[/LINK]/[LINK]GWC1129[/LINK]/[LINK]GWC1102[/LINK]/[LINK]GWC1102[/LINK]
cat001;chap0109;88;Brake System;Rear Brakes Single Line & Tandem;12;3H2428;Bleed screw for [LINK]GWC1131[/LINK]/[LINK]GWC1134[/LINK]
cat001;chap0109;88;Brake System;Rear Brakes Single Line & Tandem;13;GRK2004;Wheel cylinder repair kit for [LINK]GWC1129[/LINK] - 1 1/16” bore
cat001;chap0109;88;Brake System;Rear Brakes Single Line & Tandem;13;GRK2076;Wheel cylinder repair kit for [LINK]GWC1101[/LINK] - 5/8” bore
cat001;chap0109;88;Brake System;Rear Brakes Single Line & Tandem;13;GRK2014;Wheel cylinder repair kit for [LINK]GWC1102[/LINK] - 3/4” bore
cat001;chap0109;88;Brake System;Rear Brakes Single Line & Tandem;14;17H7949;Wheel cylinder locating clip
cat001;chap0109;88;Brake System;Rear Brakes Single Line & Tandem;15;37H4642;Wheel cylinder to backplate gasket
cat001;chap0109;88;Brake System;Rear Brakes Single Line & Tandem;16;GDB105;Brake drum, was 21A22
cat001;chap0109;88;Brake System;Rear Brakes Single Line & Tandem;17;CMZ407;Brake drum screw for [LINK]GDB105[/LINK]
cat001;chap0109;88;Brake System;Rear Brakes Single Line & Tandem;18;GDB106;Brake drum (1” wider than [LINK]GDB105[/LINK])’S’/1275GT and 1984 on
cat001;chap0109;88;Brake System;Rear Brakes Single Line & Tandem;19;CMZ422;Brake drum screw for [LINK]GDB106[/LINK]
cat001;chap0109;88;Brake System;Rear Brakes Single Line & Tandem;20;SMN10005;Brake lever kit (includes R/H and L/H)
cat001;chap0109;88;Brake System;Rear Brakes Single Line & Tandem;21;17H7612;Brake lever gaiter
cat001;chap0109;89;Brake System;Brake Pedal & Master Cylinders;3;2A3034;Brake pedal bush
cat001;chap0109;89;Brake System;Brake Pedal & Master Cylinders;4;2A5880;Shaft for brake and clutch pedal
cat001;chap0109;89;Brake System;Brake Pedal & Master Cylinders;5;2A5652;Pedal return spring manual only
cat001;chap0109;89;Brake System;Brake Pedal & Master Cylinders;6;GPR104;Pedal pad pre 1976
cat001;chap0109;89;Brake System;Brake Pedal & Master Cylinders;7;GPR107;Pedal pad 1976 to 1990
cat001;chap0109;89;Brake System;Brake Pedal & Master Cylinders;7;SZU10001;Pedal pad 1990 on - improved quality
cat001;chap0109;89;Brake System;Brake Pedal & Master Cylinders;8;GMC153;
cat001;chap0109;89;Brake System;Brake Pedal & Master Cylinders;8;GMC171;Brake master cylinder, 0.70” bore
cat001;chap0109;89;Brake System;Brake Pedal & Master Cylinders;8;GMC171ORIGINAL;Brake master cylinder, 0.70” bore
cat001;chap0109;89;Brake System;Brake Pedal & Master Cylinders;8;GMC172;Brake master cylinder, 0.70” larger metal reservoir
cat001;chap0109;89;Brake System;Brake Pedal & Master Cylinders;10;GMC167;
cat001;chap0109;89;Brake System;Brake Pedal & Master Cylinders;11;GMC227;Brake m/cyl, failure switch on cap, Nov 1985 on, 12mm lower union
cat001;chap0109;89;Brake System;Brake Pedal & Master Cylinders;12;GMC90376;Brake master cylinder for built in servo - 1988 on
cat001;chap0109;89;Brake System;Brake Pedal & Master Cylinders;14;GRK1026;Repair kit for GMC153, was 8G8258
cat001;chap0109;89;Brake System;Brake Pedal & Master Cylinders;14;GRK1028;Repair kit for [LINK]GMC171[LINK] / [LINK]GMC172[/LINK], one end cap seal, one ring seal. Was 8G8689
cat001;chap0109;89;Brake System;Brake Pedal & Master Cylinders;15;GRK1006;Repair kit for [LINK]GMC171[LINK] / [LINK]GMC172[/LINK] with two ring seals
cat001;chap0109;89;Brake System;Brake Pedal & Master Cylinders;16;GRK1019;Repair kit for GMC159/160
cat001;chap0109;89;Brake System;Brake Pedal & Master Cylinders;17;GRK1002;Repair kit for GMC167 metric thread master cylinder
cat001;chap0109;89;Brake System;Brake Pedal & Master Cylinders;17;GRK1016;Repair kit for GMC173/GMC198/GMC192/GMC195 (metric union) pre yellow band
cat001;chap0109;89;Brake System;Brake Pedal & Master Cylinders;17;GRK1035;Repair kit for GMC227 (yellow identity band) (metric union)
cat001;chap0109;89;Brake System;Brake Pedal & Master Cylinders;18;GRK1032;Repair kit for [LINK]GMC90376[/LINK] (metric union)
cat001;chap0109;89;Brake System;Brake Pedal & Master Cylinders;18;GRK1039;Repair kit for [LINK]GMC90376[/LINK] (metric union)
cat001;chap0109;89;Brake System;Brake Pedal & Master Cylinders;19;BAU5654;RHD brake pipe kit to fit GMC227 when GMC173/198/192/195 was fitted
cat001;chap0109;89;Brake System;Brake Pedal & Master Cylinders;19;BAU5655MS;LHD brake pipe kit to fit GMC227 when GMC173/198/192/195 was fitted
cat001;chap0109;89;Brake System;Brake Pedal & Master Cylinders;20;AAU3815;Filler cap for GMC159/160
cat001;chap0109;89;Brake System;Brake Pedal & Master Cylinders;21;513123A;Filler cap for GMC153/171/172
cat001;chap0109;89;Brake System;Brake Pedal & Master Cylinders;23;GRK6009;Filler cap and float switch for [LINK]GMC227[/LINK] / [LINK]GMC90376[/LINK]
cat001;chap0109;89;Brake System;Brake Pedal & Master Cylinders;24;GRK907014;Filler cap and seal [LINK]GMC167[LINK]/GMC173, was AAU8240
cat001;chap0109;89;Brake System;Brake Pedal & Master Cylinders;27;CLZ512;Clevis pin pedal to cylinder
cat001;chap0109;89;Brake System;Brake Pedal & Master Cylinders;28;31G840;Gasket under dual master cylinder
cat001;chap0109;89;Brake System;Brake Pedal & Master Cylinders;29;31G279;Gasket under single line master cylinder
cat001;chap0109;89;Brake System;Brake Pedal & Master Cylinders;30;21A2031;Regulator valve single line MK3 Mini 850/998 only
cat001;chap0109;89;Brake System;Brake Pedal & Master Cylinders;30;21A1774;Regulator valve single line MK1/2 plus all Cooper ‘S’
cat001;chap0109;89;Brake System;Brake Pedal & Master Cylinders;31;GRK6002;Repair kit for regulator valve
cat001;chap0109;89;Brake System;Brake Pedal & Master Cylinders;32;37H2009;Regulator spring for [LINK]21A2031[/LINK]
cat001;chap0109;89;Brake System;Brake Pedal & Master Cylinders;33;FAM7821;PDWA valve fitted on bulkhead, 1978 on, metric unions
cat001;chap0109;89;Brake System;Brake Pedal & Master Cylinders;34;BHA4661;Plastic extension piece fits to master cylinder, single line only
cat001;chap0109;90;Brake System;Single Line Brake Pipes;1;HF14;Master cylinder to 3 way connection RHD 13”
cat001;chap0109;90;Brake System;Single Line Brake Pipes;1;HF32;Master cylinder to 3 way connection LHD 32”
cat001;chap0109;90;Brake System;Single Line Brake Pipes;2;HF19;3 way connection to R/H front hose
cat001;chap0109;90;Brake System;Single Line Brake Pipes;3;HF44;R/H front to L/H front 43”
cat001;chap0109;90;Brake System;Single Line Brake Pipes;4;HF9;Connecting pipe, cylinder to cylinder 10” original
cat001;chap0109;90;Brake System;Single Line Brake Pipes;4;HF10;Connecting pipe, cylinder to cylinder 10” easy bend copper
cat001;chap0109;90;Brake System;Single Line Brake Pipes;5;HF101;3 way to regulator valve, saloon
cat001;chap0109;90;Brake System;Single Line Brake Pipes;5;HF105;3 way to regulator valve, van
cat001;chap0109;90;Brake System;Single Line Brake Pipes;6;HD6;Regulator valve to R/H rear hose, dry suspension
cat001;chap0109;90;Brake System;Single Line Brake Pipes;6;HD8;Regulator valve to R/H rear hose, hydrolastic suspension
cat001;chap0109;90;Brake System;Single Line Brake Pipes;7;HD24;Regulator valve to L/H rear hose, dry suspension
cat001;chap0109;90;Brake System;Single Line Brake Pipes;7;HD26;Regulator valve to L/H rear hose, hydrolastic suspension
cat001;chap0109;90;Brake System;Single Line Brake Pipes;8;HD10;R/H rear hose to wheel cylinder, dry suspension
cat001;chap0109;90;Brake System;Single Line Brake Pipes;8;HD8;R/H rear hose to wheel cylinder, hydrolastic suspension
cat001;chap0109;90;Brake System;Single Line Brake Pipes;9;HD10;L/H rear hose to wheel cylinder, dry suspension
cat001;chap0109;90;Brake System;Single Line Brake Pipes;9;HD8;L/H rear hose to wheel cylinder, hydrolastic suspension
cat001;chap0109;90;Brake System;Single Line Brake Pipes;10;TN606031;Brake pipe female union UNF thread
cat001;chap0109;90;Brake System;Single Line Brake Pipes;11;TM606031;Brake pipe male union UNF thread
cat001;chap0109;90;Brake System;Single Line Brake Pipes;12;GBH249;Front brake hose, was GBH174
cat001;chap0109;90;Brake System;Single Line Brake Pipes;12;GBH170;Front brake hose
cat001;chap0109;90;Brake System;Single Line Brake Pipes;13;GBH250;Rear brake hose, was GBH173
cat001;chap0109;90;Brake System;Single Line Brake Pipes;14;2K8686;Nut for locking hose L/H
cat001;chap0109;90;Brake System;Single Line Brake Pipes;15;233220A;Hose to banjo washer (also on front brake hose)
cat001;chap0109;90;Brake System;Single Line Brake Pipes;16;21A654;2 way 180° union UNF thread
cat001;chap0109;90;Brake System;Single Line Brake Pipes;17;3H550;Gasket washer
cat001;chap0109;90;Brake System;Single Line Brake Pipes;18;7H7995;Banjo bolt to accept switch
cat001;chap0109;90;Brake System;Single Line Brake Pipes;19;C16062A;Brake light switch
cat001;chap0109;90;Brake System;Single Line Brake Pipes;20;21A2031;Regulator valve, 850/998 MK3 only except Cooper ‘S’ MK3
cat001;chap0109;90;Brake System;Single Line Brake Pipes;20;21A1774;Regulator valve, MK1/2 plus Cooper ‘S’ MK3
cat001;chap0109;90;Brake System;Single Line Brake Pipes;21;3H2424;3 way union UNF thread
cat001;chap0109;91;Brake System;Diagonal Split System with 4 way Failure Switch-E;3;HF17;BCA4002 connector to L/H/F hose 17” long
cat001;chap0109;91;Brake System;Diagonal Split System with 4 way Failure Switch-E;4;HD96;4 way to R/H rear hose 96” (Van is 101”)
cat001;chap0109;91;Brake System;Diagonal Split System with 4 way Failure Switch-E;7;HF32;4 way to master cylinder LHD 32”
cat001;chap0109;91;Brake System;Diagonal Split System with 4 way Failure Switch-E;7;HF10;4 way to master cylinder RHD 9 1/2”
cat001;chap0109;91;Brake System;Diagonal Split System with 4 way Failure Switch-E;8;HF9;Bridge pipe between wheel cylinders
cat001;chap0109;91;Brake System;Diagonal Split System with 4 way Failure Switch-E;9;HD10;Rear hose to wheel cylinder
cat001;chap0109;91;Brake System;Diagonal Split System with 4 way Failure Switch-E;10;BCA4002;Pipe connector UNF thread
cat001;chap0109;91;Brake System;Diagonal Split System with 4 way Failure Switch-E;11;TM606031;Male pipe union 3/8”UNF thread
cat001;chap0109;91;Brake System;Diagonal Split System with 4 way Failure Switch-E;12;TN606031;Female union UNF thread
cat001;chap0109;91;Brake System;Diagonal Split System with 4 way Failure Switch-E;14;233220A;Copper washer
cat001;chap0109;91;Brake System;Diagonal Split System with 4 way Failure Switch-E;16;3H550;Copper washer for 21A2518
cat001;chap0109;91;Brake System;Diagonal Split System with 4 way Failure Switch-E;18;BAU1704A;Repair kit for 13H5905
cat001;chap0109;91;Brake System;Diagonal Split System with 4 way Failure Switch-E;19;GBH170;Front brake hose
cat001;chap0109;91;Brake System;Diagonal Split System with 4 way Failure Switch-E;19;GBH249;Front brake hose, was GBH174
cat001;chap0109;91;Brake System;Diagonal Split System with 4 way Failure Switch-E;20;GBH250;Rear hose, was GBH173
cat001;chap0109;91;Brake System;Diagonal Split System with 4 way Failure Switch-E;20;GB5014;Brake pipe kit with imperial union master cylinder
cat001;chap0109;91;Brake System;Diagonal Split System with 4 way Failure Switch-E;20;GL5014;Brake pipe kit with imperial union master cylinder
cat001;chap0109;92;Brake System;Diagonal Split;1;HF10;Master cylinder to front 3 way R/H 9 1/2”
cat001;chap0109;92;Brake System;Diagonal Split;2;HF32;Master cylinder to front 3 way L/H 32 1/2”
cat001;chap0109;92;Brake System;Diagonal Split;3;HF17;R/H 3 way to front R/H hose 16 1/2”
cat001;chap0109;92;Brake System;Diagonal Split;4;HF19;L/H 3 way to front L/H hose 18 1/2”
cat001;chap0109;92;Brake System;Diagonal Split;5;HF10;Cylinder to cylinder bridge pipe 10”
cat001;chap0109;92;Brake System;Diagonal Split;8;BMK2466A;Connector tube, metric (delete on new brake pipe kit)
cat001;chap0109;92;Brake System;Diagonal Split;10;HD10;Wheel cylinder to hose
cat001;chap0109;92;Brake System;Diagonal Split;11;3H2424;3 way connector
cat001;chap0109;92;Brake System;Diagonal Split;12;GBH170;Front brake hose, drum brakes
cat001;chap0109;92;Brake System;Diagonal Split;12;GBH249;Front brake hose, was GBH174
cat001;chap0109;92;Brake System;Diagonal Split;13;GBH250;Rear brake hose, was GHB173
cat001;chap0109;92;Brake System;Diagonal Split;14;TM606031;Male union UNF thread
cat001;chap0109;92;Brake System;Diagonal Split;14;TM110051;Male union metric was BHA5234
cat001;chap0109;92;Brake System;Diagonal Split;15;TN606031;Female union UNF thread
cat001;chap0109;92;Brake System;Diagonal Split;17;GB4989;Complete brake pipe kit,RHD and LHD - Saloon
cat001;chap0109;92;Brake System;Diagonal Split;17;GB5007;Complete brake pipe kit,RHD and LHD - Van/Estate
cat001;chap0109;92;Brake System;Diagonal Split;17;GB5021;Complete brake pipe kit,RHD and LHD - Saloon
cat001;chap0109;93;Brake System;Brake Pipes - Front to Rear;1;HMV013;Master cylinder [LINK]GMC173[/LINK] (green band) to PDWA 1978-80
cat001;chap0109;93;Brake System;Brake Pipes - Front to Rear;1;HMK011;Master cylinder [LINK]GMC198[/LINK] (black band) to PDWA 1980-85, see 9” long also
cat001;chap0109;93;Brake System;Brake Pipes - Front to Rear;1;HMM09K;Master cylinder [LINK]GMC227[/LINK] (yellow band) to PDWA 10mm & 12mm ends 1985-88
cat001;chap0109;93;Brake System;Brake Pipes - Front to Rear;1;HMM29K;Master cylinder [LINK]GMC227[/LINK] (yellow band) to PDWA 10mm & 12mm ends 1985-88
cat001;chap0109;93;Brake System;Brake Pipes - Front to Rear;1;HMK022;Master cylinder [LINK]GMC90376[/LINK] with servo to PDWA valve, 1988 on
cat001;chap0109;93;Brake System;Brake Pipes - Front to Rear;2;HMV013;Master cylinder [LINK]GMC173[/LINK] (green band) to PDWA 1978-80
cat001;chap0109;93;Brake System;Brake Pipes - Front to Rear;2;HMK31K;
cat001;chap0109;93;Brake System;Brake Pipes - Front to Rear;2;HMK014;
cat001;chap0109;93;Brake System;Brake Pipes - Front to Rear;2;HMK026;Master cylinder GMC90376 with servo to PDWA valve. RHD and LHD
cat001;chap0109;93;Brake System;Brake Pipes - Front to Rear;4;BMK2466A;Metric female connector, deleted from 1988 by using a female end pipe
cat001;chap0109;93;Brake System;Brake Pipes - Front to Rear;6;HF44;Front hose bridging pipe
cat001;chap0109;93;Brake System;Brake Pipes - Front to Rear;7;HMV102;PDWA to rear T piece junction - Van/Estate,
cat001;chap0109;93;Brake System;Brake Pipes - Front to Rear;9;HD6;3 way piece to O/S/R hose
cat001;chap0109;93;Brake System;Brake Pipes - Front to Rear;10;HD10;Wheel cylinder to hose rear
cat001;chap0109;93;Brake System;Brake Pipes - Front to Rear;11;HF10;Front wheel cylinder bridge pipe
cat001;chap0109;93;Brake System;Brake Pipes - Front to Rear;12;GBH170;Front brake hose, see [LINK]GBH249KIT[/LINK] also
cat001;chap0109;93;Brake System;Brake Pipes - Front to Rear;12;GBH249;Front brake hose, was GBH174
cat001;chap0109;93;Brake System;Brake Pipes - Front to Rear;13;GBH250;Rear brake hose, was GBH173
cat001;chap0109;93;Brake System;Brake Pipes - Front to Rear;14;C5192A;Banjo bolt UNF threads
cat001;chap0109;93;Brake System;Brake Pipes - Front to Rear;15;3H550;Gasket washer
cat001;chap0109;93;Brake System;Brake Pipes - Front to Rear;16;21A654;Connecting banjo UNF threads
cat001;chap0109;93;Brake System;Brake Pipes - Front to Rear;17;233220A;Hose to banjo gasket
cat001;chap0109;93;Brake System;Brake Pipes - Front to Rear;19;2K8686;Nut for locking hose to subframe L/H
cat001;chap0109;93;Brake System;Brake Pipes - Front to Rear;20;WE600101;Shake proof washer
cat001;chap0109;93;Brake System;Brake Pipes - Front to Rear;21;3H2424;3 way union UNF thread
cat001;chap0109;93;Brake System;Brake Pipes - Front to Rear;22;NT606041;Hose to radius arm 3/8” UNF half nut
cat001;chap0109;93;Brake System;Brake Pipes - Front to Rear;23;GHF323;Shake proof washer 3/8” for [LINK]NT606041[/LINK]
cat001;chap0109;93;Brake System;Brake Pipes - Front to Rear;24;GFK3213;Plain nut 3/8” UNF, was GHF202
cat001;chap0109;93;Brake System;Brake Pipes - Front to Rear;25;11K9181;Clip, pipe to subframe
cat001;chap0109;93;Brake System;Brake Pipes - Front to Rear;26;FAM7821;Pressure differential warning activator (PDWA)
cat001;chap0109;94;Brake System;Brake Pipes Era Turbo Only;13;3H2424;Rear 3 way connector UNF
cat001;chap0109;94;Brake System;Brake Pipes Era Turbo Only;16;GBH246;
cat001;chap0109;94;Brake System;Brake Pipes Era Turbo Only;17;GBH250;Rear hose - was GBH173
cat001;chap0109;94;Brake System;Brake Pipes Era Turbo Only;18;HD10;Hose to rear cylinder
cat001;chap0109;95;Brake System;Handbrake Lever & Cables;5;13H5541;Handbrake grip
cat001;chap0109;95;Brake System;Handbrake Lever & Cables;7;FAM8356;Handbrake grip
cat001;chap0109;95;Brake System;Handbrake Lever & Cables;8;GVC2022;Handbrake cable, dry suspension saloon
cat001;chap0109;95;Brake System;Handbrake Lever & Cables;8;GVC1020;Handbrake cable, van, estate, pick-up
cat001;chap0109;95;Brake System;Handbrake Lever & Cables;8;GVC1021;Handbrake cable, hydrolastic suspension
cat001;chap0109;95;Brake System;Handbrake Lever & Cables;9;GVC2135;Handbrake front cable, saloon
cat001;chap0109;95;Brake System;Handbrake Lever & Cables;10;FAM625;Handbrake front cable, van, estate, pick-up
cat001;chap0109;95;Brake System;Handbrake Lever & Cables;11;GVC2134;Handbrake rear cable, wheel to wheel
cat001;chap0109;95;Brake System;Handbrake Lever & Cables;12;CLZ409;Clevis pin
cat001;chap0109;95;Brake System;Handbrake Lever & Cables;13;31G5049;Adjusting nut - front cable to fork end
cat001;chap0109;95;Brake System;Handbrake Lever & Cables;14;FAM628;Fork end
cat001;chap0109;95;Brake System;Handbrake Lever & Cables;15;FAM621;Compensator where cables meet
cat001;chap0109;95;Brake System;Handbrake Lever & Cables;16;ACH8508;Adjusting spring
cat001;chap0109;95;Brake System;Handbrake Lever & Cables;18;2A5858;Adjusting nut (twin cable only)
cat001;chap0109;95;Brake System;Handbrake Lever & Cables;19;ACA5522;Fair lead for cable
cat001;chap0109;95;Brake System;Handbrake Lever & Cables;20;21A385;Sealing pad for fair lead
cat001;chap0109;95;Brake System;Handbrake Lever & Cables;21;SE910201;Screw was PMZ310
cat001;chap0109;95;Brake System;Handbrake Lever & Cables;22;GFK3210;Nut for screw, was GHF206
cat001;chap0109;96;Brake System;Brake Servo Unit;1;21A1293;Servo assembly MK1/2 ‘S’ - (Remote Type 51/2)
cat001;chap0109;96;Brake System;Brake Servo Unit;1;SEN43;Servo and universal bracket and hose kit - (Remote type)
cat001;chap0109;96;Brake System;Brake Servo Unit;2;18G8938;Servo repair kit - 63/4” diaphram with 2.4” central hole
cat001;chap0109;96;Brake System;Brake Servo Unit;3;17H2646ORIGINAL;Non return valve on 21A1293 servo - (Remote type) - Original
cat001;chap0109;96;Brake System;Brake Servo Unit;4;606030A;Non return valve on 13H7939 servo - (Remote type)
cat001;chap0109;96;Brake System;Brake Servo Unit;5;17H2646;In-line non return valve
cat001;chap0109;96;Brake System;Brake Servo Unit;6;LK11032;Air valve cover and filter - (Remote type) was 37H3812
cat001;chap0109;96;Brake System;Brake Servo Unit;8;SPL116;Brake servo hose, per foot - (Remote Type)
cat001;chap0109;96;Brake System;Brake Servo Unit;9;21A1294;Pair of original servo brackets for 21A1293 - (Remote type)
cat001;chap0109;96;Brake System;Brake Servo Unit;9;21A2254;Pair of original servo brackets for 13H7939 - (Remote type)
cat001;chap0109;96;Brake System;Brake Servo Unit;10;GSM119;Servo - (Non remote type) attached to master cylinder
cat001;chap0109;96;Brake System;Brake Servo Unit;11;GSM120;Repair kit- (Non remote type) attached to master cylinder
cat001;chap0109;96;Brake System;Brake Servo Unit;13;NAM8569;Grommet pipe to servo
cat001;chap0109;96;Brake System;Brake Servo Unit;14;MSSK007;Servo fitting kit for 13H7939 to all Minis - (Remote type)
cat001;chap0110;97;Wiper;Distributors;1;12G2140;23D Distributor, no vacuum-Cooper ‘S’
cat001;chap0110;97;Wiper;Distributors;2;GEU930;25D Distributor, vacuum advance - 850 and 998cc
cat001;chap0110;97;Wiper;Distributors;4;GDC102;23/25D Type side entry distributor cap
cat001;chap0110;97;Wiper;Distributors;5;GDC103;23/25D Top entry distributor cap
cat001;chap0110;97;Wiper;Distributors;6;GRA2101;23/25D Type rotor arm
cat001;chap0110;97;Wiper;Distributors;7;GSC2111;23/25D Condenser
cat001;chap0110;97;Wiper;Distributors;8;GCS2101;23/25D Contact set (one piece)
cat001;chap0110;97;Wiper;Distributors;8;GCS3001;23D Contact set Cooper ‘S’ (two piece)
cat001;chap0110;97;Wiper;Distributors;9;37H2981;Low tension bush and lead
cat001;chap0110;97;Wiper;Distributors;10;37H3840;Vacuum unit (54414868)
cat001;chap0110;97;Wiper;Distributors;11;513682A;‘O’ ring on spindle
cat001;chap0110;97;Wiper;Distributors;12;501134;Retaining clamp for distributor
cat001;chap0110;97;Wiper;Distributors;13;BAU1962;Distributor, with vacuum unit, 45D - 850/998/1100cc 1974 on
cat001;chap0110;97;Wiper;Distributors;13;12G4180;Distributor, with vacuum unit, 45D - 1275GT and 1275cc
cat001;chap0110;97;Wiper;Distributors;13;C-27H7766;Distributor, with vacuum unit, 45D road performance
cat001;chap0110;97;Wiper;Distributors;13;C-27H7771;Distributor, with vacuum unit, 123 electronic
cat001;chap0110;97;Wiper;Distributors;14;C-27H7770;Distributor, 123 electronic no vacuum unit
cat001;chap0110;97;Wiper;Distributors;15;C-27H7703;Distributor, electronic for performance 310-315 cam profiles, A Plus
cat001;chap0110;97;Wiper;Distributors;15;C-27H7773;Distributor, 123 electronic with vacuum
cat001;chap0110;97;Wiper;Distributors;15;C-27H7701;
cat001;chap0110;97;Wiper;Distributors;15;C-27H7702;Distributor, electronic for performance 285-296 cam profiles
cat001;chap0110;97;Wiper;Distributors;15;C-27H7772;Distributor, 123 electronic no vacuum unit
cat001;chap0110;97;Wiper;Distributors;15;ADU5789;59D Lucas distributor with vacuum unit, lead free 1989on
cat001;chap0110;97;Wiper;Distributors;16;GDC136;45D/59D Lucas distributor cap, top entry
cat001;chap0110;97;Wiper;Distributors;16;GDC214;Ducellier distributor cap
cat001;chap0110;97;Wiper;Distributors;16;GDC156;Lucas distributor cap (held on by 2 bolts)
cat001;chap0110;97;Wiper;Distributors;16;GDC123;Distributor cap for [LINK]C-27H7770[/LINK] /[LINK]C-27H7771[/LINK]/[LINK]C-27H7772[/LINK]/[LINK]C-27H7773[/LINK]
cat001;chap0110;97;Wiper;Distributors;17;GRA2123;Ducellier rotor arm
cat001;chap0110;97;Wiper;Distributors;17;GRA2143;Rotor arm, electronic ignition
cat001;chap0110;97;Wiper;Distributors;18;GSC2109;45D/59D Lucas condenser
cat001;chap0110;97;Wiper;Distributors;18;GSC2113;Ducellier condenser
cat001;chap0110;97;Wiper;Distributors;19;GCS2118;45D Lucas contact set Red
cat001;chap0110;97;Wiper;Distributors;19;GCS2261;59D Lucas contact set Blue
cat001;chap0110;97;Wiper;Distributors;19;GCS119;Ducellier contact set, was GCS2119
cat001;chap0110;97;Wiper;Distributors;20;37H8225;45D Lucas vacuum unit (54424152) 850/1100cc
cat001;chap0110;97;Wiper;Distributors;20;37H8226;59D Vacuum unit (54424167) (Fits No.15 [LINK]ADU4049[/LINK]/[LINK]ADU5789[/LINK])
cat001;chap0110;97;Wiper;Distributors;21;TAM1706;Clamp bolt for A Plus distributor - 1985 on, use 3/8”UNF 1” long
cat001;chap0110;97;Wiper;Distributors;22;TAM1671;Clamp for A Plus distributor - 1985 on
cat001;chap0110;97;Wiper;Distributors;23;17H5106;Screw kit for points, baseplate, condenser
cat001;chap0110;97;Wiper;Distributors;23;57H5135;Screw kit for points, baseplate, condenser
cat001;chap0110;97;Wiper;Distributors;24;7H6949;Baseplate for [LINK]GCS3001[/LINK] contact set. Cooper ‘S’
cat001;chap0110;98;Wiper;Coil, Vacuum Control Pipes, Ignition Cables & Shi;1;37H4229M;Vacuum plastic pipe with connectors
cat001;chap0110;98;Wiper;Coil, Vacuum Control Pipes, Ignition Cables & Shi;2;12B2062;Angled connector
cat001;chap0110;98;Wiper;Coil, Vacuum Control Pipes, Ignition Cables & Shi;3;12B2095;Straight connector
cat001;chap0110;98;Wiper;Coil, Vacuum Control Pipes, Ignition Cables & Shi;5;GCL216;Ignition coil, non ballast to 1983
cat001;chap0110;98;Wiper;Coil, Vacuum Control Pipes, Ignition Cables & Shi;5;MSC105;Mini Spares high energy sports coil, non ballast
cat001;chap0110;98;Wiper;Coil, Vacuum Control Pipes, Ignition Cables & Shi;5;GCL217;Ignition coil, ballast use with contact set (points)
cat001;chap0110;98;Wiper;Coil, Vacuum Control Pipes, Ignition Cables & Shi;5;GCL143;Ignition coil, non ballast, original electronic ignition
cat001;chap0110;98;Wiper;Coil, Vacuum Control Pipes, Ignition Cables & Shi;6;8G727;Coil cover
cat001;chap0110;98;Wiper;Coil, Vacuum Control Pipes, Ignition Cables & Shi;9;HV22;Silicon Ignition 7mm red wire set
cat001;chap0110;98;Wiper;Coil, Vacuum Control Pipes, Ignition Cables & Shi;9;GHT241;Ignition lead set 6mm double silicon
cat001;chap0110;98;Wiper;Coil, Vacuum Control Pipes, Ignition Cables & Shi;9;C-27H7779;Silicon hi-performance lead set 8mm
cat001;chap0110;98;Wiper;Coil, Vacuum Control Pipes, Ignition Cables & Shi;9;BLS529;Silicon 8mm blue lead set
cat001;chap0110;98;Wiper;Coil, Vacuum Control Pipes, Ignition Cables & Shi;10;BHM1675;Ignition shield kit large, Saloon / Clubman
cat001;chap0110;98;Wiper;Coil, Vacuum Control Pipes, Ignition Cables & Shi;11;13H6461;Shield turn button kit
cat001;chap0110;98;Wiper;Coil, Vacuum Control Pipes, Ignition Cables & Shi;14;8G726;Early side entry cap rubber cover
cat001;chap0110;98;Wiper;Coil, Vacuum Control Pipes, Ignition Cables & Shi;16;MAW10001;Seal for vacuum switch, 1992 on
cat001;chap0110;98;Wiper;Coil, Vacuum Control Pipes, Ignition Cables & Shi;17;12G2994;Coil bracket, when alternator equipped
cat001;chap0110;98;Wiper;Coil, Vacuum Control Pipes, Ignition Cables & Shi;18;NJT10004;Shield cover only
cat001;chap0110;98;Wiper;Coil, Vacuum Control Pipes, Ignition Cables & Shi;19;NJU10002;Top shield bracket to rocker cover
cat001;chap0110;98;Wiper;Coil, Vacuum Control Pipes, Ignition Cables & Shi;20;JZV1073;Lower shield bracket
cat001;chap0110;98;Wiper;Coil, Vacuum Control Pipes, Ignition Cables & Shi;21;8B12397;Stainless steel coil bracket only
cat001;chap0110;98;Wiper;Coil, Vacuum Control Pipes, Ignition Cables & Shi;21;8B12398;Stainless steel coil cover and bracket 4 5/16” (11cm) long
cat001;chap0110;99;Wiper;Alternator, Dynamo & Fittings;1;GXE2211;Alternator, New 45amp replaces 16/17ACR with pulleys fitted
cat001;chap0110;99;Wiper;Alternator, Dynamo & Fittings;1;GXE1002;Alternator lightweight competition 55 amp output. Not MPI
cat001;chap0110;99;Wiper;Alternator, Dynamo & Fittings;1;GXE1003;Alternator lightweight competition 50 amp output. Not MPI
cat001;chap0110;99;Wiper;Alternator, Dynamo & Fittings;5;17D11;Fan for dynamo and alternator
cat001;chap0110;99;Wiper;Alternator, Dynamo & Fittings;6;12A34;Dynamo/Alternator Alloy pulley 2.95” (75mm) diameter
cat001;chap0110;99;Wiper;Alternator, Dynamo & Fittings;7;12G2627;Adjustment bracket link
cat001;chap0110;99;Wiper;Alternator, Dynamo & Fittings;8;12G1053;Pre A-Plus fitting bracket
cat001;chap0110;99;Wiper;Alternator, Dynamo & Fittings;8;C-AHT32;Pre A-Plus alternator bracket Special Tuning Works heavy duty
cat001;chap0110;99;Wiper;Alternator, Dynamo & Fittings;8;CAM4853;A-Plus fitting bracket
cat001;chap0110;99;Wiper;Alternator, Dynamo & Fittings;9;12G289;Pillar for adjustment bracket
cat001;chap0110;99;Wiper;Alternator, Dynamo & Fittings;10;GXE2297;A127, New 70amp alternator, was GEU2276 fitted with pulleys and has 17mm shaft and no keyways
cat001;chap0110;99;Wiper;Alternator, Dynamo & Fittings;16;GEU250;Fitting plug for wires to 16/17 ACR alternator
cat001;chap0110;99;Wiper;Alternator, Dynamo & Fittings;17;GXE3101N;Dynamo, new outright sale, less pulleys
cat001;chap0110;99;Wiper;Alternator, Dynamo & Fittings;17;GXE1006;Alternator with look of dynamo, negative earth
cat001;chap0110;99;Wiper;Alternator, Dynamo & Fittings;17;GXE1007;Alternator with look of dynamo, positive earth
cat001;chap0110;99;Wiper;Alternator, Dynamo & Fittings;18;GGB102;Brush set
cat001;chap0110;100;Wiper;Starters & Solenoids;1;GXE4527;Pre engaged starter
cat001;chap0110;100;Wiper;Starters & Solenoids;1;GXE1001;Light weight, better cranking speed, pre engaged
cat001;chap0110;100;Wiper;Starters & Solenoids;1;GXE1005;High torque pre engaged starter
cat001;chap0110;100;Wiper;Starters & Solenoids;2;NAF10004;Solenoid, pre engaged
cat001;chap0110;100;Wiper;Starters & Solenoids;5;GXE4404;Starter new outright sale, 9 tooth pinion
cat001;chap0110;100;Wiper;Starters & Solenoids;5;GXE1004;High torque inertia starter
cat001;chap0110;100;Wiper;Starters & Solenoids;8;67H5010;Pinion assembly 9 teeth
cat001;chap0110;100;Wiper;Starters & Solenoids;9;13H5952;Starter solenoid 3 terminals
cat001;chap0110;100;Wiper;Starters & Solenoids;9;BMK1727;Starter solenoid, original push start button
cat001;chap0110;100;Wiper;Starters & Solenoids;9;ADU5728;Starter solenoid, 4 terminals
cat001;chap0110;100;Wiper;Starters & Solenoids;10;17H5260;Floor switch starter solenoid
cat001;chap0110;100;Wiper;Starters & Solenoids;11;5L245;Rubber cover for knob
cat001;chap0110;100;Wiper;Starters & Solenoids;11;5L24;Switch knob
cat001;chap0110;100;Wiper;Starters & Solenoids;12;YWB10032;Starter relay for pre engaged starter
cat001;chap0110;101;Wiper;Fuse Boxes & Flashers Un;1;5L877;Ribbed battery box cover
cat001;chap0110;101;Wiper;Fuse Boxes & Flashers Un;2;14A7776;Cover strap
cat001;chap0110;101;Wiper;Fuse Boxes & Flashers Un;3;HAM2457;Battery bar, last rover design
cat001;chap0110;101;Wiper;Fuse Boxes & Flashers Un;4;5L1158;Rear battery bolt, loop end - 2 1/2” long
cat001;chap0110;101;Wiper;Fuse Boxes & Flashers Un;5;5L1159;Front battery bolt, hook end - 2 1/4” long
cat001;chap0110;101;Wiper;Fuse Boxes & Flashers Un;9;GEU6603;Control box
cat001;chap0110;101;Wiper;Fuse Boxes & Flashers Un;9;GXE1008;Dummy control box for dynamo [LINK]GXE1006[/LINK] / [LINK]GXE1007[/LINK]
cat001;chap0110;101;Wiper;Fuse Boxes & Flashers Un;10;606253A;Fuse box-to 1976 (2 fuse type)
cat001;chap0110;101;Wiper;Fuse Boxes & Flashers Un;11;505158A;Fuse cover
cat001;chap0110;101;Wiper;Fuse Boxes & Flashers Un;12;GFS15;15 amp fuse
cat001;chap0110;101;Wiper;Fuse Boxes & Flashers Un;12;GFS25;25 amp fuse
cat001;chap0110;101;Wiper;Fuse Boxes & Flashers Un;12;GFS35;35 amp fuse
cat001;chap0110;101;Wiper;Fuse Boxes & Flashers Un;13;RTC440A;Fuse box (4 fuse type)
cat001;chap0110;101;Wiper;Fuse Boxes & Flashers Un;14;518995A;Cover for [LINK]RTC440A[LINK]
cat001;chap0110;101;Wiper;Fuse Boxes & Flashers Un;15;GFU2103;Flasher unit
cat001;chap0110;101;Wiper;Fuse Boxes & Flashers Un;16;GFU2218;Flasher unit, 1967-91, was GFU2125
cat001;chap0110;101;Wiper;Fuse Boxes & Flashers Un;16;GFU2507;Hazard warning unit - 1969-91, was GFU2204 / GFU2221
cat001;chap0110;101;Wiper;Fuse Boxes & Flashers Un;17;GFU2208;Hazard and flasher combined unit - 1992 on
cat001;chap0110;102;Wiper;Wiring Looms and Cables;1;5L191;Braided wiring loom as original, floor start
cat001;chap0110;102;Wiper;Wiring Looms and Cables;1;5L322;PVC wrapped wiring loom, floor start
cat001;chap0110;102;Wiper;Wiring Looms and Cables;1;WL322;Braided wiring loom, floor start, with temp gauge
cat001;chap0110;102;Wiper;Wiring Looms and Cables;1;WL302;PVC wiring loom, floor start, with temp gauge
cat001;chap0110;102;Wiper;Wiring Looms and Cables;1;5L224;PVC wrapped wiring loom, dynamo,oil filter light
cat001;chap0110;102;Wiper;Wiring Looms and Cables;1;5L503;Braided wiring loom,dynamo,oil filter light
cat001;chap0110;102;Wiper;Wiring Looms and Cables;1;5L670;Braided wiring loom, alternator conversion
cat001;chap0110;102;Wiper;Wiring Looms and Cables;1;5L594;Braided wiring loom, three wires to wiper motor
cat001;chap0110;102;Wiper;Wiring Looms and Cables;1;5L1331;PVC wiring loom
cat001;chap0110;102;Wiper;Wiring Looms and Cables;1;5L397;Braided wiring loom, no oil filter light - 1071cc
cat001;chap0110;102;Wiper;Wiring Looms and Cables;1;5L832;PVC wiring loom, with oil filter light, dynamo
cat001;chap0110;102;Wiper;Wiring Looms and Cables;1;5L518;Braided wiring loom, with oil filter light
cat001;chap0110;102;Wiper;Wiring Looms and Cables;1;5L672;Braided wiring loom, alternator conversion
cat001;chap0110;102;Wiper;Wiring Looms and Cables;1;5L691;Braided wiring loom, three wires to wiper motor
cat001;chap0110;102;Wiper;Wiring Looms and Cables;1;5L692;Braided wiring loom, alternator conversion
cat001;chap0110;102;Wiper;Wiring Looms and Cables;1;5L954;PVC wiring loom, dynamo 12H397 engine
cat001;chap0110;102;Wiper;Wiring Looms and Cables;1;5L1334;PVC wiring loom
cat001;chap0110;102;Wiper;Wiring Looms and Cables;1;HAM1200;PVC wiring loom
cat001;chap0110;102;Wiper;Wiring Looms and Cables;1;WL3225;Braided wiring loom, Van & Countryman, key start
cat001;chap0110;102;Wiper;Wiring Looms and Cables;1;WL318;Braided wiring loom
cat001;chap0110;102;Wiper;Wiring Looms and Cables;1;WL319;
cat001;chap0110;102;Wiper;Wiring Looms and Cables;2;5L502;Braided rear loom no heated backlight
cat001;chap0110;102;Wiper;Wiring Looms and Cables;2;5L638;Braided MK1 rear loom with heated backlight
cat001;chap0110;102;Wiper;Wiring Looms and Cables;2;5L875;PVC rear loom MK2 on with heated backlight
cat001;chap0110;102;Wiper;Wiring Looms and Cables;5;5L1137;Cable, engine to body earth
cat001;chap0110;102;Wiper;Wiring Looms and Cables;6;5L925;Cable, solenoid to starter 24” long
cat001;chap0110;102;Wiper;Wiring Looms and Cables;7;14A7033;Floor grommet in toe board
cat001;chap0110;102;Wiper;Wiring Looms and Cables;8;RFR210;Plug, dash panel
cat001;chap0110;102;Wiper;Wiring Looms and Cables;9;AEU1313A;Bulb holder for speedo, see [LINK]PM05[/LINK] also
cat001;chap0110;102;Wiper;Wiring Looms and Cables;10;GLB987;Bulb
cat001;chap0110;102;Wiper;Wiring Looms and Cables;11;13H5270;Bulb holder plastic, Smiths clocks to 1990
cat001;chap0110;102;Wiper;Wiring Looms and Cables;11;YAJ10012;
cat001;chap0110;102;Wiper;Wiring Looms and Cables;12;GLB2132;Bulb, capless
cat001;chap0110;102;Wiper;Wiring Looms and Cables;13;GFS35;Glass fuse 35 amp
cat001;chap0110;102;Wiper;Wiring Looms and Cables;13;GFS25;Glass fuse 25 amp
cat001;chap0110;102;Wiper;Wiring Looms and Cables;13;GFS15;Glass fuse 15 amp
cat001;chap0110;102;Wiper;Wiring Looms and Cables;14;5L888MS;Battery earth strap, open clamp end, replaced [LINK]5L924[/LINK]
cat001;chap0110;102;Wiper;Wiring Looms and Cables;15;AUU1089;Main positive cable to solenoid, with open clamp end - 1991 on
cat001;chap0110;102;Wiper;Wiring Looms and Cables;15;YTA10037;Main positive cable to solenoid, with open clamp end - 1985-90
cat001;chap0110;103;Wiper;Indicator & Wiper Stalk Switches;1;2A6215;Indicator switch (31945E)
cat001;chap0110;103;Wiper;Indicator & Wiper Stalk Switches;2;47H5200;Green indicator lens
cat001;chap0110;103;Wiper;Indicator & Wiper Stalk Switches;3;GLB280;Bulb for indicator switch
cat001;chap0110;103;Wiper;Indicator & Wiper Stalk Switches;5;13H7779;Horn indicator switch (with wiring plug) (39384M)
cat001;chap0110;103;Wiper;Indicator & Wiper Stalk Switches;6;21A2658;Indicator switch R/H side (30443H) - 1976 to 1984
cat001;chap0110;103;Wiper;Indicator & Wiper Stalk Switches;6;21A2660;Indicator switch L/H side (30445J) - 1984-1989 plus all LHD
cat001;chap0110;103;Wiper;Indicator & Wiper Stalk Switches;6;BAU5345;Indicator switch L/H side (35483A) - 1989 on
cat001;chap0110;103;Wiper;Indicator & Wiper Stalk Switches;7;37H8285;Wiper switch L/H side (30444H) - 1976-1984
cat001;chap0110;103;Wiper;Indicator & Wiper Stalk Switches;7;37H8286;Wiper switch R/H side (30446H) - 1984-1989 plus all LHD
cat001;chap0110;103;Wiper;Indicator & Wiper Stalk Switches;7;BAU5346;Wiper switch R/H side (35485A) - 1989 on
cat001;chap0110;104;Wiper;Switches;1;1H9077;Light switch MK1/2
cat001;chap0110;104;Wiper;Switches;1;2A9129;Wiper switch MK1/2
cat001;chap0110;104;Wiper;Switches;2;13H6342;Light switch, 4.1cm (1.62”) tall, was 13H8404
cat001;chap0110;104;Wiper;Switches;3;13H6343;Wiper switch, single speed 4.1cm tall
cat001;chap0110;104;Wiper;Switches;3;13H6444;Wiper switch, twin speed 4.1cm tall, was 13H8405
cat001;chap0110;104;Wiper;Switches;5;YUF101680;Heated rear screen switch, was ADU4799
cat001;chap0110;104;Wiper;Switches;6;YUF101650;Brake switch, 3.1cm(11/4”) tall, was ADU4794
cat001;chap0110;104;Wiper;Switches;7;YUF101030;
cat001;chap0110;104;Wiper;Switches;9;YUF101660;Hazard switch, 3.1cm tall, was ADU4795
cat001;chap0110;104;Wiper;Switches;11;YUF101690;Rear fog switch, 3.1cm tall, was ADU4791 / ADU4792
cat001;chap0110;104;Wiper;Switches;12;GLB280;Bulb for all illuminated switches
cat001;chap0110;104;Wiper;Switches;14;13H337;Ignition and starter switch
cat001;chap0110;104;Wiper;Switches;15;24G1345;Barrel and key
cat001;chap0110;104;Wiper;Switches;16;RTC432A;Headlamp dip switch floor mounted
cat001;chap0110;104;Wiper;Switches;17;YUF101090;Heater switch, was 37H3922
cat001;chap0110;104;Wiper;Switches;18;13H3735;Brake light switch
cat001;chap0110;104;Wiper;Switches;19;BMK1903A;Nut
cat001;chap0110;104;Wiper;Switches;21;YUE100470;Courtesy light switch, was 13H9481
cat001;chap0110;104;Wiper;Switches;25;PM07;
cat001;chap0110;104;Wiper;Switches;26;PM08;Repair plug only for switches 1976 on
cat001;chap0110;105;Wiper;Horn & Windscreen Wiper;1;GGE101;Low tone horn with bracket - single terminal
cat001;chap0110;105;Wiper;Horn & Windscreen Wiper;1;GGE102;High tone horn with bracket - single terminal
cat001;chap0110;105;Wiper;Horn & Windscreen Wiper;1;GGE164;High tone horn with bracket - twin terminal
cat001;chap0110;105;Wiper;Horn & Windscreen Wiper;1;GGE165;Low tone horn with bracket - twin terminal
cat001;chap0110;105;Wiper;Horn & Windscreen Wiper;2;GGE124;Bracket for horn, was GGE113
cat001;chap0110;105;Wiper;Horn & Windscreen Wiper;3;GXE7708;Wiper motor 4 wire, strap fitting, two speed
cat001;chap0110;105;Wiper;Horn & Windscreen Wiper;4;RTC198A;Brush kit
cat001;chap0110;105;Wiper;Horn & Windscreen Wiper;5;520160A;Parking switch, see [LINK]520161[/LINK] plug and loom repair also
cat001;chap0110;105;Wiper;Horn & Windscreen Wiper;6;608092A;Gear (110°) 46 teeth
cat001;chap0110;105;Wiper;Horn & Windscreen Wiper;7;37H6100;Wiper wheelbox (22 teeth)
cat001;chap0110;105;Wiper;Horn & Windscreen Wiper;7;37H7200;Wiper wheelbox (32 teeth)
cat001;chap0110;105;Wiper;Horn & Windscreen Wiper;8;37H7201MS;Wiper bush kit, can modify as [LINK]37H6042[/LINK]
cat001;chap0110;105;Wiper;Horn & Windscreen Wiper;9;37H6316;Wiper wheelbox nut
cat001;chap0110;105;Wiper;Horn & Windscreen Wiper;9;37H7738;Wiper wheelbox nut
cat001;chap0110;105;Wiper;Horn & Windscreen Wiper;10;37H6042C;Wiper bush kit, chrome, including 6 sided nut & seal
cat001;chap0110;105;Wiper;Horn & Windscreen Wiper;10;37H7201C;Wiper bush kit chrome, including 8 sided nut & seal
cat001;chap0110;105;Wiper;Horn & Windscreen Wiper;11;RTC202A;Wiper rack cable, was 508182A
cat001;chap0110;105;Wiper;Horn & Windscreen Wiper;12;37H3694;Ferrule in wiper motor to accept [LINK]AAU1909A[/LINK]
cat001;chap0110;105;Wiper;Horn & Windscreen Wiper;13;37H4836;Stainless steel strap and seal for motor
cat001;chap0110;105;Wiper;Horn & Windscreen Wiper;14;ALA6642;Rubber pad - For MK3 round body type wiper motors
cat001;chap0110;105;Wiper;Horn & Windscreen Wiper;15;14A7091;Grommet for wheelbox hole
cat001;chap0110;105;Wiper;Horn & Windscreen Wiper;16;CZG778;Plug for wiper motor hole in dash
cat001;chap0110;105;Wiper;Horn & Windscreen Wiper;17;AAU1909A;Wiper rack outer tube kit MK3 on
cat001;chap0110;105;Wiper;Horn & Windscreen Wiper;17;AAU1908;Wiper rack outer tube kit MK1/2
cat001;chap0110;105;Wiper;Horn & Windscreen Wiper;18;AB614061;Screw to fix wiper motor strap
cat001;chap0110;105;Wiper;Horn & Windscreen Wiper;19;21A305;Plastic nut in body to hold wiper motor strap
cat001;chap0110;105;Wiper;Horn & Windscreen Wiper;20;DKB101490;Wiper arm with hook fitting 1990 on, right hand park
cat001;chap0110;105;Wiper;Horn & Windscreen Wiper;20;DKB101480;Wiper arm with hook fitting 1990 on, left hand park
cat001;chap0110;105;Wiper;Horn & Windscreen Wiper;20;13H5626;Wiper arm, standard stainless steel arm, right hand park
cat001;chap0110;105;Wiper;Horn & Windscreen Wiper;20;13H5629;Wiper arm, standard stainless steel arm, left hand park
cat001;chap0110;105;Wiper;Horn & Windscreen Wiper;20;13H5627;Wiper arm, heavy duty stainless steel arm, right hand park
cat001;chap0110;105;Wiper;Horn & Windscreen Wiper;20;13H5630;Wiper arm, heavy duty stainless steel arm, left hand park
cat001;chap0110;105;Wiper;Horn & Windscreen Wiper;21;GWB911;"11"" Wiper blade with hook and bayonet fitting, standard stainless steel"
cat001;chap0110;105;Wiper;Horn & Windscreen Wiper;21;GWB219;"10"" Wiper blade, standard stainless steel"
cat001;chap0110;105;Wiper;Horn & Windscreen Wiper;21;GWB220;"11"" Wiper blade, heavy duty stainless steel"
cat001;chap0110;105;Wiper;Horn & Windscreen Wiper;22;14A7090A;Rubber plug for extra holes in windscreen scuttle panel, for boot panel & for floor panel
cat001;chap0110;106;Wiper;Windscreen Washer;1;GWW918;Washer bottle round with 2” (51mm) cap - Tudor type
cat001;chap0110;106;Wiper;Windscreen Washer;1;17H2536;Washer bottle round with 13/8” (35mm) cap - Winguard type
cat001;chap0110;106;Wiper;Windscreen Washer;2;37H9712ORIGINAL;Bracket for bottle MK1/2
cat001;chap0110;106;Wiper;Windscreen Washer;3;37H9672;Wire clip for bottle
cat001;chap0110;106;Wiper;Windscreen Washer;4;24A1387;Clip for bottle (bicycle type)
cat001;chap0110;106;Wiper;Windscreen Washer;5;GFK1123;Spring washer
cat001;chap0110;106;Wiper;Windscreen Washer;6;GFK3210;Nut 3/16”UNF
cat001;chap0110;106;Wiper;Windscreen Washer;7;SE910201;Screw 3/16”UNF 3/4”long
cat001;chap0110;106;Wiper;Windscreen Washer;8;37H9712;Bracket stainless steel for round bottle No.1
cat001;chap0110;106;Wiper;Windscreen Washer;9;GWW916;Small 1/2 litre washer bottle, takes small cap [LINK]GWW951[/LINK] - C.W.E
cat001;chap0110;106;Wiper;Windscreen Washer;10;GWW906;Large 1 litre washer bottle, takes [LINK]GWW951/[LINK] cap
cat001;chap0110;106;Wiper;Windscreen Washer;12;GWW935;Bottle and cap for integral electric pump 1982-88
cat001;chap0110;106;Wiper;Windscreen Washer;13;CZH1624;
cat001;chap0110;106;Wiper;Windscreen Washer;13;CZG1496;Bracket for windscreen bottle in boot 1991 on
cat001;chap0110;106;Wiper;Windscreen Washer;14;GWW951;Cap for [LINK]GWW916[/LINK]/[LINK]GWW906[/LINK] (fits in[LINK] GWW952[/LINK], cap for [LINK]GWW907[/LINK])
cat001;chap0110;106;Wiper;Windscreen Washer;15;GWW952;Cap for [LINK]GWW907[/LINK] ([LINK]GWW951[/LINK] fits into centre hole)
cat001;chap0110;106;Wiper;Windscreen Washer;16;GWW102;Manual washer pump to 1980
cat001;chap0110;106;Wiper;Windscreen Washer;17;GWW125;Electric washer pump
cat001;chap0110;106;Wiper;Windscreen Washer;18;GWW1192;Electric integral washer pump, fits to [LINK]GWW935[/LINK] bottle
cat001;chap0110;106;Wiper;Windscreen Washer;19;GWW807;Jet, MK1/2, black
cat001;chap0110;106;Wiper;Windscreen Washer;19;MS389;Jet, MK1/2, twin jet nut fit
cat001;chap0110;106;Wiper;Windscreen Washer;20;GWW810;Jet, Chrome, nut fit single jet MK1/2 - 1/8”bore
cat001;chap0110;106;Wiper;Windscreen Washer;20;GWW801;Jet, Chrome, nut fit twin jet - 3/16”bore 4.8mm
cat001;chap0110;106;Wiper;Windscreen Washer;21;GWW804;Jet, MK3 fits round locating hole
cat001;chap0110;106;Wiper;Windscreen Washer;21;GWW1080;Jet, fits D shaped locating hole - was GWW842 / GWW829
cat001;chap0110;106;Wiper;Windscreen Washer;22;GWW504;Valve for use with [LINK]GWW807[/LINK] jet - MK1/2 - Winguard type
cat001;chap0110;106;Wiper;Windscreen Washer;23;GWW506;Valve for use with [LINK]GWW804[LINK] jet - Tudor type
cat001;chap0110;106;Wiper;Windscreen Washer;24;GWW401;T piece, (3/16”) 4.8mm ends for washer hose
cat001;chap0110;106;Wiper;Windscreen Washer;24;GWW404;T piece, 2 small bore ends one large
cat001;chap0110;106;Wiper;Windscreen Washer;26;GWW201M;Washer tubing 1/8” (3.2mm), small bore (per metre)
cat001;chap0110;106;Wiper;Windscreen Washer;26;GWW202M;Washer tubing 3/16”(4.8mm), large bore (per metre)
cat001;chap0110;106;Wiper;Windscreen Washer;27;BAU2043A;Grommet for pump mount in washer bottle
cat001;chap0110;106;Wiper;Windscreen Washer;28;GWW975;Blue cap for [LINK]GWW935[/LINK] Bottle
cat001;chap0110;107;Wiper;Headlamps;1;BHM7198;Headlamp assembly sealed beam RHD - N.L.A
cat001;chap0110;107;Wiper;Headlamps;2;13H3471A;Sealed beam light unit RHD.(Left hand dip)
cat001;chap0110;107;Wiper;Headlamps;3;17H5143;
cat001;chap0110;107;Wiper;Headlamps;3;500929MS;Rim for headlamp, stainless steel
cat001;chap0110;107;Wiper;Headlamps;3;500929;Rim for headlamp, chrome on steel. Genuine with dimple
cat001;chap0110;107;Wiper;Headlamps;4;RTC465;Screw and washer for headlamp rim (supplied with rims)
cat001;chap0110;107;Wiper;Headlamps;6;AB606021;Screw for holding inner rim
cat001;chap0110;107;Wiper;Headlamps;7;BAU2111;Wiring loom connector for sealed beam and side lamp
cat001;chap0110;107;Wiper;Headlamps;9;MS14K;Headlamp adjuster kit
cat001;chap0110;107;Wiper;Headlamps;10;GLB501;Bulb for side lamp, cap less push in type
cat001;chap0110;107;Wiper;Headlamps;11;37H7421;Bracket clip for metal bowl to hold outer rim
cat001;chap0110;107;Wiper;Headlamps;12;MS14;Metal headlamp bowl with clip [LINK]37H7421[/LINK]
cat001;chap0110;107;Wiper;Headlamps;12;S5400;Plastic headlamp bowl with seal, inner rim and adjuster kit
cat001;chap0110;107;Wiper;Headlamps;12;XBC105240;Plastic headlamp bowl for self level lamps
cat001;chap0110;107;Wiper;Headlamps;14;27H5981A;Light unit 700 series LHD
cat001;chap0110;107;Wiper;Headlamps;16;BAU4447;Bulb holder for side lamp uses [LINK]GLB233[/LINK] bulb
cat001;chap0110;107;Wiper;Headlamps;17;GLB410;Headlamp bulb 40/45 watt
cat001;chap0110;107;Wiper;Headlamps;17;GLB414;Headlamp bulb 50/40 watt for [LINK]GLU502[/LINK] only
cat001;chap0110;107;Wiper;Headlamps;18;GLB233;Side lamp bulb 4 watt
cat001;chap0110;107;Wiper;Headlamps;24;XBC10197;Headlamp Quadoptic assembly less outer rim
cat001;chap0110;107;Wiper;Headlamps;24;XBC105220;Headlamp self levelling assembly less outer rim RHD
cat001;chap0110;107;Wiper;Headlamps;24;XBC105230;Headlamp self levelling assembly less outer rim LHD
cat001;chap0110;107;Wiper;Headlamps;25;S6072;Freeform light unit with polycarbonate lens
cat001;chap0110;107;Wiper;Headlamps;25;XBC104430;Light unit Quadoptic RHD Cooper SE and MPI
cat001;chap0110;107;Wiper;Headlamps;25;XBC103410;Light unit Quadoptic LHD Cooper SE and Injection
cat001;chap0110;107;Wiper;Headlamps;25;S4698B;Quadoptic conversion kit RHD for earlier cars
cat001;chap0110;107;Wiper;Headlamps;25;S4699B;Quadoptic conversion kit LHD for earlier cars
cat001;chap0110;107;Wiper;Headlamps;25;S4700;Light unit Quadoptic replacement for [LINK]S4698B[/LINK] - RHD
cat001;chap0110;107;Wiper;Headlamps;25;S4701;Light unit Quadoptic replacement for [LINK]S4699B[/LINK] - LHD
cat001;chap0110;107;Wiper;Headlamps;26;DHF100060;Rim for Headlamp with no dimples, genuine
cat001;chap0110;107;Wiper;Headlamps;26;500929MS;Rim for headlamp, stainless steel less top dimples
cat001;chap0110;107;Wiper;Headlamps;27;DHF100010MMM;Inner rim, MPI and all Wipac Quadoptic lamps
cat001;chap0110;107;Wiper;Headlamps;27;DHF100010SS;Inner rim, gtainless steel. Universal as above
cat001;chap0110;107;Wiper;Headlamps;28;XBS100140;Motor for self levelling headlamp
cat001;chap0110;107;Wiper;Headlamps;29;BAU4447;Bulb holder for side lamp in original headlamp
cat001;chap0110;107;Wiper;Headlamps;29;S4276;Bulb holder for No.12 & 25 - [LINK]S4698B[/LINK]/[LINK]S4699B[/LINK]/[LINK]S5400[/LINK]
cat001;chap0110;107;Wiper;Headlamps;30;GLB233;Side lamp bulb 4 watt
cat001;chap0110;107;Wiper;Headlamps;30;GLB501;Side lamp bulb 5 watt
cat001;chap0110;107;Wiper;Headlamps;31;GLB472;Headlamp bulb Halogen 60/65 watt
cat001;chap0110;107;Wiper;Headlamps;31;GLB472X;Headlamp bulb Xenon Blue alternative upgrade
cat001;chap0110;107;Wiper;Headlamps;32;27H6481;Inner bowl - (Lucas original headlamp)
cat001;chap0110;108;Wiper;Front Lamps;1;CHM13;Indicator lamp orange plastic lens to 1986
cat001;chap0110;108;Wiper;Front Lamps;1;CHM13WHITE;Indicator lamp clear plastic lens to 1986
cat001;chap0110;108;Wiper;Front Lamps;1;2A9013;Indicator lamp orange glass lens original to 1970
cat001;chap0110;108;Wiper;Front Lamps;1;1B9100;Flasher and park lamp assy with clear glass lens
cat001;chap0110;108;Wiper;Front Lamps;1;1B9100MS;Flasher and park lamp assy with clear plastic lens
cat001;chap0110;108;Wiper;Front Lamps;1;1B9101;Flasher and park lamp assy with amber glass lens
cat001;chap0110;108;Wiper;Front Lamps;2;508162;Front indicator rubber lamp to body seal
cat001;chap0110;108;Wiper;Front Lamps;3;7H5182;Chrome rim
cat001;chap0110;108;Wiper;Front Lamps;3;7H5182MS;Stainless steel rim
cat001;chap0110;108;Wiper;Front Lamps;4;37H8130;Amber lens plastic
cat001;chap0110;108;Wiper;Front Lamps;4;37H5520;Amber lens glass
cat001;chap0110;108;Wiper;Front Lamps;4;37H6928;Clear lens glass
cat001;chap0110;108;Wiper;Front Lamps;4;37H6928MS;Clear lens plastic
cat001;chap0110;108;Wiper;Front Lamps;4;37H5531;Red lens glass
cat001;chap0110;108;Wiper;Front Lamps;5;37H5528;Single filament bulb holder (indicator only) original metal type
cat001;chap0110;108;Wiper;Front Lamps;5;27H5545;Double filament bulb holder (side and indicator [LINK]1B9100[/LINK])
cat001;chap0110;108;Wiper;Front Lamps;6;GLB382;Bulb, flasher single element
cat001;chap0110;108;Wiper;Front Lamps;6;GLB343;Bulb, orange glass, single element for clear lens in UK
cat001;chap0110;108;Wiper;Front Lamps;7;GLB380;Bulb, dual element
cat001;chap0110;108;Wiper;Front Lamps;7;GLB380RED;Bulb, red glass, dual element
cat001;chap0110;108;Wiper;Front Lamps;8;GFK2256;Fixing screw, was GHF421
cat001;chap0110;108;Wiper;Front Lamps;9;AK606021;Fixing clip
cat001;chap0110;108;Wiper;Front Lamps;12;AFU3389;Orange lens indicator lamp
cat001;chap0110;108;Wiper;Front Lamps;12;AFU3389WHITE;White less indicator lamp
cat001;chap0110;108;Wiper;Front Lamps;13;CDU3374;Orange lens
cat001;chap0110;108;Wiper;Front Lamps;13;CDU3374W;White lens
cat001;chap0110;108;Wiper;Front Lamps;14;ADU3017;Clubman front indicator lamp L/H
cat001;chap0110;108;Wiper;Front Lamps;14;ADU3018;Clubman front indicator lamp R/H
cat001;chap0110;108;Wiper;Front Lamps;15;BAU1796;Lens, park and indicator lens with seal
cat001;chap0110;108;Wiper;Front Lamps;16;37H4190;Seal - Lens to lamp
cat001;chap0110;108;Wiper;Front Lamps;16;37H4189;Seal - Lamp to body
cat001;chap0110;108;Wiper;Front Lamps;17;GLB233;Sidelamp bulb
cat001;chap0110;108;Wiper;Front Lamps;18;GLB382;Flasher bulb
cat001;chap0110;108;Wiper;Front Lamps;19;AAU3296;Wing side repeater lamp, special fitment
cat001;chap0110;108;Wiper;Front Lamps;21;GLB989;Bulb
cat001;chap0110;108;Wiper;Front Lamps;22;PRC9916A;Wing orange side repeater lamp, was AHU2592
cat001;chap0110;108;Wiper;Front Lamps;22;AHU2592W;White wing side repeater lamp
cat001;chap0110;108;Wiper;Front Lamps;23;DCP8004;Bulb holder
cat001;chap0110;108;Wiper;Front Lamps;24;AFU3112;Bulb holder sealing ring
cat001;chap0110;108;Wiper;Front Lamps;25;GLB501A;Orange capless bulb
cat001;chap0110;108;Wiper;Front Lamps;25;GLB501;Bulb, capless
cat001;chap0110;108;Wiper;Front Lamps;27;GFK2257;Screw 3/4” long for side lamp No.13
cat001;chap0110;109;Wiper;& Interior;1;13H223;Rear lamp R/H 53798
cat001;chap0110;109;Wiper;& Interior;1;13H222;Rear lamp L/H 53797
cat001;chap0110;109;Wiper;& Interior;2;47H5362;Rear flasher amber lens R/H
cat001;chap0110;109;Wiper;& Interior;2;47H5355;Rear flasher amber lens L/H
cat001;chap0110;109;Wiper;& Interior;3;47H5363;Stop and tail lens R/H
cat001;chap0110;109;Wiper;& Interior;3;47H5358;Stop and tail lens L/H
cat001;chap0110;109;Wiper;& Interior;4;47H5360;Lens screw set for one lamp
cat001;chap0110;109;Wiper;& Interior;5;57H5399;Rear lamp gasket kit for one lamp
cat001;chap0110;109;Wiper;& Interior;6;13H6436;
cat001;chap0110;109;Wiper;& Interior;7;37H4964;
cat001;chap0110;109;Wiper;& Interior;8;37H4963;Rear stop and tail, Van/estate
cat001;chap0110;109;Wiper;& Interior;13;13H6479;Rear lamp assy R/H no rev lens
cat001;chap0110;109;Wiper;& Interior;13;13H6480;Rear lamp assy L/H no rev lens
cat001;chap0110;109;Wiper;& Interior;14;37H2690;Lamp seating gasket for [LINK]13H6479[/LINK] only R/H
cat001;chap0110;109;Wiper;& Interior;14;37H2689;Lamp seating gasket for [LINK]13H6480[/LINK] only L/H
cat001;chap0110;109;Wiper;& Interior;15;37H4837;Lens for [LINK]13H6480[/LINK] L/H less gasket MK2
cat001;chap0110;109;Wiper;& Interior;15;37H4838;Lens for [LINK]13H6479[/LINK] R/H less gasket MK2
cat001;chap0110;109;Wiper;& Interior;16;XFB101200;Lucas rear lamp, with rev lens R/H
cat001;chap0110;109;Wiper;& Interior;16;XFB101210;Lucas rear lamp, with rev lens L/H
cat001;chap0110;109;Wiper;& Interior;16;XFB101200WHITE;Lucas rear lamp, with white lens R/H
cat001;chap0110;109;Wiper;& Interior;16;XFB101210WHITE;Lucas rear lamp, with white lens L/H
cat001;chap0110;109;Wiper;& Interior;18;XFJ10026;Lucas stop/flasher lens, R/H
cat001;chap0110;109;Wiper;& Interior;18;XFJ10027;Lucas stop/flasher lens, L/H
cat001;chap0110;109;Wiper;& Interior;18;XFJ10026WHITE;Lucas stop/flasher lens, R/H
cat001;chap0110;109;Wiper;& Interior;18;XFJ10027WHITE;Lucas stop/flasher lens, L/H
cat001;chap0110;109;Wiper;& Interior;19;XFJ10028;Lucas reverse lens and reflector, R/H
cat001;chap0110;109;Wiper;& Interior;20;13H6900;Number plate lamp body
cat001;chap0110;109;Wiper;& Interior;21;PRC1230A;Number plate lamp lens (Screw supplied separately [LINK]PMZ207[/LINK])
cat001;chap0110;109;Wiper;& Interior;22;GLB239;Festoon bulb
cat001;chap0110;109;Wiper;& Interior;23;13H6010;Number plate gasket
cat001;chap0110;109;Wiper;& Interior;24;BHA4153;Chrome metal number plate lamp assembly
cat001;chap0110;109;Wiper;& Interior;24;BHA4154;Chrome plastic number plate lamp assembly
cat001;chap0110;109;Wiper;& Interior;25;7H5123;Chrome screw for [LINK]BHA4153[/LINK] cover
cat001;chap0110;109;Wiper;& Interior;26;83H335;D shaped rear number plate lamp, black
cat001;chap0110;109;Wiper;& Interior;27;13H4398;Interior lamp, pointed ends - Early type
cat001;chap0110;109;Wiper;& Interior;28;17H9971;Original round interior lamp lens (as per picture)
cat001;chap0110;109;Wiper;& Interior;29;37H6778;Gasket, lens to lamp for lenses [LINK]37H4837[/LINK], [LINK]37H4838[/LINK]
cat001;chap0110;109;Wiper;& Interior;30;XFH100460;Gasket, lens to lamp when built in reverse lamp
cat001;chap0110;109;Wiper;& Interior;31;XYP100310;Screw for rear lens when built in reverse
cat001;chap0110;109;Wiper;& Interior;32;EAM1650;Interior lamp, rectangular with white plastic lens
cat001;chap0110;109;Wiper;& Interior;33;GFK2259;Screw for lamp No 8 3/4” long
cat001;chap0110;109;Wiper;& Interior;34;24G3389;White lens for [LINK]EAM1650[/LINK]
cat001;chap0110;109;Wiper;& Interior;35;GLB245;Bulb, bayonet type 10 watt
cat001;chap0110;109;Wiper;& Interior;36;AFU4092;Interior lamp (fits recess in head lining)
cat001;chap0110;109;Wiper;& Interior;37;37H5751;Lens screw kit for MK2/3 - [LINK]37H4837[/LINK] / [LINK]37H4838[/LINK]
cat001;chap0110;110;Wiper;Speedos, Gauges, & Cables;1;ADU2341;Speedo MPH, 90MPH 3.4 final drive
cat001;chap0110;110;Wiper;Speedos, Gauges, & Cables;1;13H4442;“S” Speedo SN4421/130 MPH-3.4 fd MK3 “S” - Black face
cat001;chap0110;110;Wiper;Speedos, Gauges, & Cables;1;13H4442MG;“S” Speedo SN4421/130 MPH-3.4 fd MK3 “S” - Magnolia face
cat001;chap0110;110;Wiper;Speedos, Gauges, & Cables;2;ADU2343;Speedo KPH, 140KPH 3.4 final drive
cat001;chap0110;110;Wiper;Speedos, Gauges, & Cables;2;13H4444;“S” Speedo SN4421/200 KPH-3.4 fd MK3”S” - Black face
cat001;chap0110;110;Wiper;Speedos, Gauges, & Cables;2;13H4444MG;“S” Speedo SN4421/200 KPH-3.4 fd MK3”S” - Magnolia face
cat001;chap0110;110;Wiper;Speedos, Gauges, & Cables;3;C34770A;Voltage stabiliser BR1310/00
cat001;chap0110;110;Wiper;Speedos, Gauges, & Cables;4;13H2133;Fuel gauge - Black face
cat001;chap0110;110;Wiper;Speedos, Gauges, & Cables;4;13H2133MG;Fuel gauge - Magnolia face
cat001;chap0110;110;Wiper;Speedos, Gauges, & Cables;5;GSD101MS;Speedo cable 26” long, standard for centre binnacle
cat001;chap0110;110;Wiper;Speedos, Gauges, & Cables;5;0722-30;Speedo cable, 30” long
cat001;chap0110;110;Wiper;Speedos, Gauges, & Cables;5;0722-36;Speedo cable, 36” long
cat001;chap0110;110;Wiper;Speedos, Gauges, & Cables;5;0722-39;Speedo cable 39” long
cat001;chap0110;110;Wiper;Speedos, Gauges, & Cables;5;0722-48;Speedo cable 48” long
cat001;chap0110;110;Wiper;Speedos, Gauges, & Cables;5;0722-66;Speedo cable 66” long
cat001;chap0110;110;Wiper;Speedos, Gauges, & Cables;6;13H4460;Water temperature gauge - Black face
cat001;chap0110;110;Wiper;Speedos, Gauges, & Cables;6;13H4460MG;Water temperature gauge - Magnolia face
cat001;chap0110;110;Wiper;Speedos, Gauges, & Cables;7;13H4459;Oil pressure gauge - Black face
cat001;chap0110;110;Wiper;Speedos, Gauges, & Cables;7;13H4459MG;Oil pressure gauge - Magnolia face
cat001;chap0110;110;Wiper;Speedos, Gauges, & Cables;8;21A804;Oil pipe, metal with union (gauge to hose)
cat001;chap0110;110;Wiper;Speedos, Gauges, & Cables;10;2K4936B;Sealing washer
cat001;chap0110;110;Wiper;Speedos, Gauges, & Cables;11;FAM2807;Oil hose (rubber for 21A804 metal pipe use)
cat001;chap0110;110;Wiper;Speedos, Gauges, & Cables;11;OL;Oil gauge one piece plastic hose with ends (requires [LINK]OA[/LINK])
cat001;chap0110;110;Wiper;Speedos, Gauges, & Cables;12;AAU1818;Oil hose clip
cat001;chap0110;110;Wiper;Speedos, Gauges, & Cables;13;BMK1539A;Voltage stabiliser BR1303/20
cat001;chap0110;110;Wiper;Speedos, Gauges, & Cables;14;GSD102;Speedo cable for dials in front of driver 33” long - to 1976
cat001;chap0110;110;Wiper;Speedos, Gauges, & Cables;14;GSD415;Speedo cable for dials in front of driver 48” long - 1976 - 1989
cat001;chap0110;110;Wiper;Speedos, Gauges, & Cables;15;37H4881;Printed circuit
cat001;chap0110;110;Wiper;Speedos, Gauges, & Cables;15;BAU1930;Printed circuit 1275GT
cat001;chap0110;110;Wiper;Speedos, Gauges, & Cables;16;13H5270;Bulb holder, plastic
cat001;chap0110;110;Wiper;Speedos, Gauges, & Cables;17;GLB2132;Bulb
cat001;chap0110;110;Wiper;Speedos, Gauges, & Cables;18;13H5893;Fuel gauge to 1983
cat001;chap0110;110;Wiper;Speedos, Gauges, & Cables;20;14A7081;Plug for unused speedo hole
cat001;chap0110;110;Wiper;Speedos, Gauges, & Cables;21;OA;Block union for [LINK]OL[/LINK], [LINK]C-AHT9[/LINK] pipes and fits in “T” piece
cat001;chap0110;110;Wiper;Speedos, Gauges, & Cables;21;TP;“T” piece union to take [LINK]OA[/LINK], when using oil switch and [LINK]OL[/LINK] hose
cat002;chap0201;111;Engine;Engine and Block 998cc;1;P22463-20;Piston high compression flat top. Available in 20 / 40 / 60
cat002;chap0201;111;Engine;Engine and Block 998cc;2;R43240-00;Ring set for [LINK]TAM2052[/LINK] original equipment was BHM1629
cat002;chap0201;111;Engine;Engine and Block 998cc;3;AEC876;Core plug
cat002;chap0201;111;Engine;Engine and Block 998cc;4;12G3503;Brass core plug for oil galleries
cat002;chap0201;111;Engine;Engine and Block 998cc;5;2K1345;Plug for oil release valve 6mm or [LINK]CDU2601[/LINK] rivet 6.3mm
cat002;chap0201;111;Engine;Engine and Block 998cc;6;CAM150;Stud 3/8”UNC 53/4”long for block rear to head
cat002;chap0201;111;Engine;Engine and Block 998cc;7;CAM151;Stud 3/8”UNC 4”long for block front to head
cat002;chap0201;111;Engine;Engine and Block 998cc;8;CHS2613;Stud 3/8”UNC 15/8” long for oil filter head to block
cat002;chap0201;111;Engine;Engine and Block 998cc;8;LYG10008;Bolt 3/8” UNC 1”long for filter head to block except MPI
cat002;chap0201;111;Engine;Engine and Block 998cc;9;CHS2515;Stud 5/16”UNC 115/16” long for petrol pump to block
cat002;chap0201;111;Engine;Engine and Block 998cc;10;2A54;Dowel for main bearing caps
cat002;chap0201;111;Engine;Engine and Block 998cc;14;ADU3490-00;Piston high compression. Flat top available in Std / 20 / 40 / 60
cat002;chap0201;111;Engine;Engine and Block 998cc;14;P20773-00;Piston low compression (4 ring) available in Std / 20 / 40 / 60
cat002;chap0201;111;Engine;Engine and Block 998cc;15;R33636-00;Ring set for [LINK]P20773[/LINK]
cat002;chap0201;111;Engine;Engine and Block 998cc;17;53K2853;Plug 1/4”BSP for block drain off
cat002;chap0201;111;Engine;Engine and Block 998cc;18;6K638;Washer for plug
cat002;chap0201;111;Engine;Engine and Block 998cc;19;12G164;Liner for piston bore
cat002;chap0201;111;Engine;Engine and Block 998cc;21;CAM6126;Con rod bolt ([LINK]2A660[/LINK] locktab deleted)
cat002;chap0201;111;Engine;Engine and Block 998cc;23;VP572-00;Con rod bearing set MAHLE, plus 10 and 20 over size available only
cat002;chap0201;111;Engine;Engine and Block 998cc;23;AEB572-00;Con rod bearing set, ACL, available in Std / 10 / 20 / 30 / 40
cat002;chap0201;111;Engine;Engine and Block 998cc;24;AEM3427-00;Main bearing set ACL, available in Std / 10 / 20, centre locating lug
cat002;chap0201;112;Engine;Engine and Block 1275cc;2;ENG001;Performance 1/2 engine recon built up less head 1380cc not SPI/MPI
cat002;chap0201;112;Engine;Engine and Block 1275cc;2;ENG002;Performance 1/2 engine recon built up less head 1380cc not SPI/MPI
cat002;chap0201;112;Engine;Engine and Block 1275cc;2;ENG003;Performance 1/2 engine recon built up less head 1310cc not SPI/MPI
cat002;chap0201;112;Engine;Engine and Block 1275cc;2;ENG004;Half engine reconditioned unit 1293cc not SPI/MPI
cat002;chap0201;112;Engine;Engine and Block 1275cc;2;LBB109100N;Half engine brand new for MPI only
cat002;chap0201;112;Engine;Engine and Block 1275cc;3;AEC876;Core plug
cat002;chap0201;112;Engine;Engine and Block 1275cc;4;2K1345;Plug for oil release valve 6mm or [LINK]CDU2601[/LINK] rivet 6.3mm
cat002;chap0201;112;Engine;Engine and Block 1275cc;5;12G3503;Brass core plug for oil galleries
cat002;chap0201;112;Engine;Engine and Block 1275cc;7;CAM150;Stud 3/8” UNC 53/4” long for block rear to head
cat002;chap0201;112;Engine;Engine and Block 1275cc;8;CAM151;Stud 3/8” UNC 4” long for block front to head
cat002;chap0201;112;Engine;Engine and Block 1275cc;8;TAM1617;Stud 3/8” UNC 41/2” long for coil fitting except MPI
cat002;chap0201;112;Engine;Engine and Block 1275cc;9;CHS2613;Stud 3/8” UNC 15/8” long for filter head to block except MPI
cat002;chap0201;112;Engine;Engine and Block 1275cc;9;LYG10008;Bolt 3/8” UNC 1” long for filter head to block except MPI
cat002;chap0201;112;Engine;Engine and Block 1275cc;10;CHS2515;Stud 5/16” UNC 115/16” long when pump fitted, see No.25 when blanked off
cat002;chap0201;112;Engine;Engine and Block 1275cc;12;12G1268;Dowel for main bearing caps
cat002;chap0201;112;Engine;Engine and Block 1275cc;13;12G1398;Bolt 7/16” UNF 23/4” long, main cap to block
cat002;chap0201;112;Engine;Engine and Block 1275cc;14;AEG428;Liner for piston bore
cat002;chap0201;112;Engine;Engine and Block 1275cc;15;53K2853;Plug 1/4” BSP for block drain off except MPI
cat002;chap0201;112;Engine;Engine and Block 1275cc;16;6K638;Washer for plug
cat002;chap0201;112;Engine;Engine and Block 1275cc;18;P21253-00;Piston high compression (over sizes available)
cat002;chap0201;112;Engine;Engine and Block 1275cc;18;P21251-00;Piston low compression (over sizes available) 8.8cr
cat002;chap0201;112;Engine;Engine and Block 1275cc;18;P20659-00;Piston 73.5 Powermax 9cc dish - Double heat treated
cat002;chap0201;112;Engine;Engine and Block 1275cc;18;C-STR311;Piston 73.5 Mar Motorsport 9cc dish (Mini Spares own)
cat002;chap0201;112;Engine;Engine and Block 1275cc;19;R41570-00;Ring set for pistons P21253 (over sizes available)
cat002;chap0201;112;Engine;Engine and Block 1275cc;19;R35960-00;Ring set for pistons P21251 (over sizes available)
cat002;chap0201;112;Engine;Engine and Block 1275cc;21;LFH10006;Con rod bolt
cat002;chap0201;112;Engine;Engine and Block 1275cc;21;C-STR289;Con rod bolt and nut set - performance use
cat002;chap0201;112;Engine;Engine and Block 1275cc;22;C-STR290;Con rod nut - performance use
cat002;chap0201;112;Engine;Engine and Block 1275cc;22;13H5872;Nut for con rod
cat002;chap0201;112;Engine;Engine and Block 1275cc;23;2A265;Blanking plate for petrol pump hole SPI engines
cat002;chap0201;112;Engine;Engine and Block 1275cc;24;GUG705779GM;Gasket for petrol pump or blanking plate except MPI
cat002;chap0201;112;Engine;Engine and Block 1275cc;25;SH505061;Screw 5/16” UNC 3/4” long for blanking plate [LINK]2A265[/LINK]
cat002;chap0201;112;Engine;Engine and Block 1275cc;26;GFK1125;Spring washer 5/16” for blanking plate screw
cat002;chap0201;112;Engine;Engine and Block 1275cc;27;CAM6232;Crankshaft
cat002;chap0201;112;Engine;Engine and Block 1275cc;28;VC1003-00;Con rod bearing set MAHLE RACE
cat002;chap0201;112;Engine;Engine and Block 1275cc;29;AEM91886-00;Main bearing set ACL
cat002;chap0201;112;Engine;Engine and Block 1275cc;30;AEW2136;Thrust washer set for crankshaft
cat002;chap0201;112;Engine;Engine and Block 1275cc;30;VPW41;Thrust washer set, Vandervell
cat002;chap0201;113;Engine;Camshaft and Timing Chain;1;12G2626;Front plate
cat002;chap0201;113;Engine;Camshaft and Timing Chain;2;CAM4700B;Gasket for front plate to block
cat002;chap0201;113;Engine;Camshaft and Timing Chain;2;GUG705554GM;Gasket for front plate to block
cat002;chap0201;113;Engine;Camshaft and Timing Chain;3;53K2016;Screw 1/4”UNF 5/8” long for front plate to bearing main cap
cat002;chap0201;113;Engine;Camshaft and Timing Chain;4;GFK1124;Spring washer 1/4” ([LINK]GFK321[/LINK] alternative)
cat002;chap0201;113;Engine;Camshaft and Timing Chain;5;AHU2379;Camshaft retainer plate
cat002;chap0201;113;Engine;Camshaft and Timing Chain;6;GFK5179;Setscrew 1/4”UNF 3/4”long, camshaft retainer plate to block
cat002;chap0201;113;Engine;Camshaft and Timing Chain;7;GHF321;Shake proof washer 1/4”
cat002;chap0201;113;Engine;Camshaft and Timing Chain;8;12G4337;Gear for camshaft
cat002;chap0201;113;Engine;Camshaft and Timing Chain;9;WKN505;Woodruff key for camshaft
cat002;chap0201;113;Engine;Camshaft and Timing Chain;10;2A759;Locktab for camshaft retaining nut
cat002;chap0201;113;Engine;Camshaft and Timing Chain;11;6K629;Nut for retaining camshaft
cat002;chap0201;113;Engine;Camshaft and Timing Chain;12;3H2127;Timing chain single row
cat002;chap0201;113;Engine;Camshaft and Timing Chain;13;12G2621;Tensioner pad
cat002;chap0201;113;Engine;Camshaft and Timing Chain;14;12G2629;Pin to retain tensioner pad
cat002;chap0201;113;Engine;Camshaft and Timing Chain;15;12G2628;Mounting plate for tensioner
cat002;chap0201;113;Engine;Camshaft and Timing Chain;16;GFK5184;Bolt 5/16”UNF 3/4”long, tensioner mounting plate to block
cat002;chap0201;113;Engine;Camshaft and Timing Chain;17;GFK1125;Spring washer 5/16”
cat002;chap0201;113;Engine;Camshaft and Timing Chain;18;GFK1114;Plain washer 5/16”
cat002;chap0201;113;Engine;Camshaft and Timing Chain;19;8G725;Gear for crankshaft
cat002;chap0201;113;Engine;Camshaft and Timing Chain;20;6K836;Woodruff key for crankshaft
cat002;chap0201;113;Engine;Camshaft and Timing Chain;21;6K628;Shim 5thou, for packing crank gear to correct alignment
cat002;chap0201;113;Engine;Camshaft and Timing Chain;22;12A1148;Oil thrower plate
cat002;chap0201;113;Engine;Camshaft and Timing Chain;23;AHU1878;Crank pulley and torsional vibration damper except MPI
cat002;chap0201;113;Engine;Camshaft and Timing Chain;24;TAM2019;Bolt for crankshaft pulley
cat002;chap0201;113;Engine;Camshaft and Timing Chain;25;TAM2020;Lock washer for crankshaft bolt
cat002;chap0201;113;Engine;Camshaft and Timing Chain;26;2A13EVO;Tappet-camshaft follower without oil hole, genuine AE
cat002;chap0201;113;Engine;Camshaft and Timing Chain;26;AEG584;Tappet-camshaft follower with oil hole
cat002;chap0201;113;Engine;Camshaft and Timing Chain;26;C-AEG579;Tappet-camshaft follower set, lightened with oil hole
cat002;chap0201;113;Engine;Camshaft and Timing Chain;26;C-AEG580;High grade tappet-camshaft follower set
cat002;chap0201;113;Engine;Camshaft and Timing Chain;27;2A14;Push rod
cat002;chap0201;113;Engine;Camshaft and Timing Chain;27;C-AEG581;3 piece performance push rod
cat002;chap0201;113;Engine;Camshaft and Timing Chain;27;AEG314MS;Push rod
cat002;chap0201;113;Engine;Camshaft and Timing Chain;27;C-AEG582;3 piece performance push rod
cat002;chap0201;113;Engine;Camshaft and Timing Chain;28;LGC10231;Camshaft - 1275cc pre injection plus auto
cat002;chap0201;113;Engine;Camshaft and Timing Chain;28;LGC10230;Camshaft SPI injection (See [LINK]MD274[/LINK] for upgrade alternative)
cat002;chap0201;113;Engine;Camshaft and Timing Chain;28;LGC105380;Camshaft MPI
cat002;chap0201;113;Engine;Camshaft and Timing Chain;29;12G3560;Distributor drive spindle - not MPI - Limited second hand available
cat002;chap0201;113;Engine;Camshaft and Timing Chain;30;LHF100130;Crank Pulley and torsional vibration damper, multi V groove
cat002;chap0201;114;Engine;Cylinder Head;1;C-AHT347;Cylinder head bare with guides alloy - 1275cc - 12G940 style
cat002;chap0201;114;Engine;Cylinder Head;1;LDF105800;Cylinder head bare with guides - 1275cc MPI only
cat002;chap0201;114;Engine;Cylinder Head;1;GCG1007MS;Replacement Cylinder Heads - Lead Free - Reconditioned - 998cc
cat002;chap0201;114;Engine;Cylinder Head;1;GCG1009MS;Replacement Cylinder Heads - Lead Free - Reconditioned -1275cc pre 1992
cat002;chap0201;114;Engine;Cylinder Head;1;GCG1009;Replacement Cylinder Heads - Lead Free - Reconditioned - MPI (Twin Point)
cat002;chap0201;114;Engine;Cylinder Head;1;C-AHT135;Replacement Cylinder Heads - Lead Free - Road/Rally - 1275cc pre 1992
cat002;chap0201;114;Engine;Cylinder Head;1;C-AHT136;Replacement Cylinder Heads - Lead Free - Road/Rally - MPI (Twin Point)
cat002;chap0201;114;Engine;Cylinder Head;1;C-AHT88;Replacement Cylinder Heads - Lead Free - Race Quality Valves - 998cc
cat002;chap0201;114;Engine;Cylinder Head;1;MSE4;Replacement Cylinder Heads - Lead Free - Race Quality Valves - 1275 cc 1992 on
cat002;chap0201;114;Engine;Cylinder Head;1;MSE7;Replacement Cylinder Heads - Lead Free - Race Quality Valves - MPI (Twin Point)
cat002;chap0201;114;Engine;Cylinder Head;2;12G1963;Valve guide, steel except turbo
cat002;chap0201;114;Engine;Cylinder Head;5;AEA771;Brass tapered plug in face of head with hole 15-16mm wide
cat002;chap0201;114;Engine;Cylinder Head;6;TAM2068;Seat for lead free exhaust valve 998cc
cat002;chap0201;114;Engine;Cylinder Head;6;TAM2069;Seat for lead free exhaust valve 1275cc
cat002;chap0201;114;Engine;Cylinder Head;7;51K885;Stud 5/16” UNC 3”long for rocker cover and posts
cat002;chap0201;114;Engine;Cylinder Head;8;51K1473;Stud 5/16” UNC 23/4”long for inner two rocker posts - was CHS522
cat002;chap0201;114;Engine;Cylinder Head;9;53K487;Stud 5/16”UNF 11/2” long for manifold to head
cat002;chap0201;114;Engine;Cylinder Head;9;LYR10028;Stud 5/16”UNF 13/4”long for inner 4, manifold to head
cat002;chap0201;114;Engine;Cylinder Head;10;TAM1058;Valve, inlet 33mm with triple collet groove 1275cc
cat002;chap0201;114;Engine;Cylinder Head;10;TAM1059;Valve, inlet 35.6mm with triple collet groove 1275cc
cat002;chap0201;114;Engine;Cylinder Head;10;TAM1062;Valve, inlet 27.8mm with triple collet groove 998cc
cat002;chap0201;114;Engine;Cylinder Head;10;TAM1061;Valve, exhaust 29.2mm with triple collet groove 1275cc
cat002;chap0201;114;Engine;Cylinder Head;10;TAM1770;Valve, exhaust 25.4mm with triple groove 998cc
cat002;chap0201;114;Engine;Cylinder Head;11;12G1015;Valve spring single
cat002;chap0201;114;Engine;Cylinder Head;12;ADU4905;Seal for valve stems
cat002;chap0201;114;Engine;Cylinder Head;12;LJQ101160;Seal for valve stems, better quality alternative (Viton)
cat002;chap0201;114;Engine;Cylinder Head;13;AHU1897;Top cap for valve springs
cat002;chap0201;114;Engine;Cylinder Head;14;CAM6975;Collet for valves, twin grooves sold as one half only
cat002;chap0201;114;Engine;Cylinder Head;15;12A1950;Rocker shaft – see upgrade [LINK]C-AEG399[/LINK]
cat002;chap0201;114;Engine;Cylinder Head;15;C-AEG399;Rocker shaft performance upgrade
cat002;chap0201;114;Engine;Cylinder Head;18;CAM289;Rocker, sintered type 1.3 lift (fitted as standard)
cat002;chap0201;114;Engine;Cylinder Head;18;12G1221;Rocker, forged with bush 1.3 lift - Alternative
cat002;chap0201;114;Engine;Cylinder Head;19;AEG167;Adjuster screw was [LINK]12H3376[/LINK]
cat002;chap0201;114;Engine;Cylinder Head;20;NT605061;Nut for adjuster screw 5/16”UNF
cat002;chap0201;114;Engine;Cylinder Head;21;2A18;Spring double coil washer for rocker shaft
cat002;chap0201;114;Engine;Cylinder Head;22;6K556;Spacer spring for rockers
cat002;chap0201;114;Engine;Cylinder Head;23;2A258;Screw for rocker post No2
cat002;chap0201;114;Engine;Cylinder Head;24;2A259;Locking plate for [LINK]2A258[/LINK] screw (use 2A515 and modify)
cat002;chap0201;114;Engine;Cylinder Head;25;6K555;Washer at end of rocker shaft, see [LINK]AEG168[/LINK] and [LINK]AEG169[/LINK] also
cat002;chap0201;114;Engine;Cylinder Head;26;GFK1114;Plain washer 5/16”UNF
cat002;chap0201;114;Engine;Cylinder Head;27;GFK3212;Plain nut 5/16”UNF
cat002;chap0201;114;Engine;Cylinder Head;28;GUG702506HG;Cylinder head gasket 998cc
cat002;chap0201;114;Engine;Cylinder Head;28;GEG302;Cylinder head gasket 998cc - Budget copper type
cat002;chap0201;114;Engine;Cylinder Head;28;C-AEA647;Cylinder head gasket 998cc performance composite material
cat002;chap0201;114;Engine;Cylinder Head;28;TAM1521;Cylinder head gasket 1275cc - Black BK450 less rubber ‘O’ ring seal
cat002;chap0201;114;Engine;Cylinder Head;28;GEG300;Cylinder head gasket 1275cc - Original copper type AF460
cat002;chap0201;114;Engine;Cylinder Head;29;CAM4545;Head nut with shoulder 3/8”UNF
cat002;chap0201;114;Engine;Cylinder Head;30;53K402;Stud 1/4”UNF 1 1/8” long for heater valve take off
cat002;chap0201;114;Engine;Cylinder Head;30;53K402S;Stainless steel stud 1/4”UNF 1 1/8” long for heater valve take off
cat002;chap0201;114;Engine;Cylinder Head;30;C-STR285;Stud kit 1/4”UNF 1 1/8” long for heater valve take off
cat002;chap0201;114;Engine;Cylinder Head;30;C-STR281;Stud kit 1/4”UNF 1 1/8” long for heater valve take off - Flanged nuts
cat002;chap0201;114;Engine;Cylinder Head;31;88G221;Gasket for heater valve take off
cat002;chap0201;114;Engine;Cylinder Head;32;2A180;Heater tap blanking plate
cat002;chap0201;115;Engine;Timing, side plate and rocker covers;2;GFE6003;Oil filler cap-plastic
cat002;chap0201;115;Engine;Timing, side plate and rocker covers;2;GFE6007;Oil filler cap-red plastic
cat002;chap0201;115;Engine;Timing, side plate and rocker covers;4;GUG705009VC;Gasket for rocker cover
cat002;chap0201;115;Engine;Timing, side plate and rocker covers;4;GUG5038VC;Gasket for rocker cover when 11 stud head fitted
cat002;chap0201;115;Engine;Timing, side plate and rocker covers;5;12A1358;Bush for rocker cover
cat002;chap0201;115;Engine;Timing, side plate and rocker covers;6;1A2156;Washer dished for bush
cat002;chap0201;115;Engine;Timing, side plate and rocker covers;6;GM040K;Washer dished for bush in chrome
cat002;chap0201;115;Engine;Timing, side plate and rocker covers;7;1B2925;Spacer for dished washer
cat002;chap0201;115;Engine;Timing, side plate and rocker covers;7;GM039K;Spacer for dished washer chrome
cat002;chap0201;115;Engine;Timing, side plate and rocker covers;8;GM038P;Rocker cover fixing bolt in chrome
cat002;chap0201;115;Engine;Timing, side plate and rocker covers;9;LJR10168;Timing cover with oil separator, SPI only
cat002;chap0201;115;Engine;Timing, side plate and rocker covers;10;88G561;Oil seal for timing cover, pre injection models
cat002;chap0201;115;Engine;Timing, side plate and rocker covers;10;LUF10006;Oil seal for timing cover, injection models on
cat002;chap0201;115;Engine;Timing, side plate and rocker covers;11;12G2625;Gasket for timing cover
cat002;chap0201;115;Engine;Timing, side plate and rocker covers;11;GUG705550GM;Gasket for timing cover genuine
cat002;chap0201;115;Engine;Timing, side plate and rocker covers;12;SH604031;Bolt 1/4”UNF 3/8” long for timing cover to front plate
cat002;chap0201;115;Engine;Timing, side plate and rocker covers;13;GFK1113;Plain washer 1/4” for timing cover to front plate
cat002;chap0201;115;Engine;Timing, side plate and rocker covers;14;GFK1124;Spring washer 1/4” for timing cover to front plate
cat002;chap0201;115;Engine;Timing, side plate and rocker covers;15;GFK5184;Bolt 5/16”UNF 3/4”long for timing cover to block
cat002;chap0201;115;Engine;Timing, side plate and rocker covers;16;GFK1125;Spring washer 5/16” for timing cover to block bolt
cat002;chap0201;115;Engine;Timing, side plate and rocker covers;17;GFK1114;Plain washer 5/16” for timing cover to block
cat002;chap0201;115;Engine;Timing, side plate and rocker covers;18;GFK5184;Bolt 5/16”UNF 3/4” long Timing cover to plate
cat002;chap0201;115;Engine;Timing, side plate and rocker covers;19;GFK3212;Nut 5/16” for timing cover to front plate
cat002;chap0201;115;Engine;Timing, side plate and rocker covers;20;GFK1125;Spring washer 5/16” for timing cover to front plate
cat002;chap0201;115;Engine;Timing, side plate and rocker covers;21;GFK1114;Plain washer 5/16” for timing cover to front plate
cat002;chap0201;115;Engine;Timing, side plate and rocker covers;22;CAM6822;Minifin alloy rocker cover
cat002;chap0201;115;Engine;Timing, side plate and rocker covers;23;DAF10397;Mini Cooper winged stick on emblem
cat002;chap0201;115;Engine;Timing, side plate and rocker covers;26;12A1175;Tappet chest gasket in rubber
cat002;chap0201;115;Engine;Timing, side plate and rocker covers;28;BH605101;Bolt 5/16” UNF 1 1/4” long to hold tappet chest cover
cat002;chap0201;115;Engine;Timing, side plate and rocker covers;29;12A1176;Seal for tappet chest cover
cat002;chap0201;115;Engine;Timing, side plate and rocker covers;30;12A1177;Washer for seal
cat002;chap0201;115;Engine;Timing, side plate and rocker covers;31;12A1968;Engine lifting eye
cat002;chap0201;116;Engine;Oil Pumps, Filters and Coolers;1;TAM2097;Filter head, pre 1992 1/4” NPT thread
cat002;chap0201;116;Engine;Oil Pumps, Filters and Coolers;1;12A2032RACE;Filter head, pre 1992 1/4” NPT thread - Upgraded
cat002;chap0201;116;Engine;Oil Pumps, Filters and Coolers;1;LPX10026RACE;Filter head, 1991 on with 12A engine numbers 11/16” thread
cat002;chap0201;116;Engine;Oil Pumps, Filters and Coolers;3;LYG10008;Bolt 3/8” UNC 1” long, oil filter head to block
cat002;chap0201;116;Engine;Oil Pumps, Filters and Coolers;3;CHS2613;Stud 3/8” UNC 15/8” long, oil filter head to block
cat002;chap0201;116;Engine;Oil Pumps, Filters and Coolers;4;12A2035;Gasket, filter head to block
cat002;chap0201;116;Engine;Oil Pumps, Filters and Coolers;4;GUG705553GM;Gasket, filter head to block, genuine
cat002;chap0201;116;Engine;Oil Pumps, Filters and Coolers;6;2A715;Bolt, pipe to block pre 1992
cat002;chap0201;116;Engine;Oil Pumps, Filters and Coolers;7;LYF10017;Washer with internal seal
cat002;chap0201;116;Engine;Oil Pumps, Filters and Coolers;11;LZB10017;Seal o ring for oil pipe 12A engines only from 1991 on
cat002;chap0201;116;Engine;Oil Pumps, Filters and Coolers;12;CAM5331;Union for filter to block MPI only 1996 on
cat002;chap0201;116;Engine;Oil Pumps, Filters and Coolers;13;GFE210;Oil filter short, 55mm deep (for use when oil cooler fitted)
cat002;chap0201;116;Engine;Oil Pumps, Filters and Coolers;15;GLP139;Oil pump, slot drive 998cc only
cat002;chap0201;116;Engine;Oil Pumps, Filters and Coolers;15;GLP138;Oil pump, slot drive 1275cc only
cat002;chap0201;116;Engine;Oil Pumps, Filters and Coolers;15;GLP110MS;Oil pump, slot drive 1275cc turbo
cat002;chap0201;116;Engine;Oil Pumps, Filters and Coolers;15;C-AEG413;Oil pump, Evolution slot drive, 998cc only
cat002;chap0201;116;Engine;Oil Pumps, Filters and Coolers;15;C-AEG412;Oil pump, Evolution slot drive, 1275cc only
cat002;chap0201;116;Engine;Oil Pumps, Filters and Coolers;16;12G730B;Gasket for oil pump
cat002;chap0201;116;Engine;Oil Pumps, Filters and Coolers;16;GUG705560GM;Gasket for oil filter genuine
cat002;chap0201;116;Engine;Oil Pumps, Filters and Coolers;17;GFK5170;Bolt 1/4” UNF 11/2” long, oil pump to block except GLP110MS
cat002;chap0201;116;Engine;Oil Pumps, Filters and Coolers;17;BH604131;Bolt 1/4” UNF 15/8” long, oil pump to block for GLP110MA
cat002;chap0201;116;Engine;Oil Pumps, Filters and Coolers;19;12H865;Plunger for oil release valve
cat002;chap0201;116;Engine;Oil Pumps, Filters and Coolers;19;BLS916;Ball bearing for oil release valve, alternative to [LINK]12H865[/LINK]
cat002;chap0201;116;Engine;Oil Pumps, Filters and Coolers;20;6K853;Spring for plunger valve, [LINK]AEA536[/LINK] alternative for 1275cc
cat002;chap0201;116;Engine;Oil Pumps, Filters and Coolers;20;AEA536;Spring for plunger valve, alternative for 1275cc
cat002;chap0201;116;Engine;Oil Pumps, Filters and Coolers;20;6K853KIT;Oil pressure release valve & spring
cat002;chap0201;116;Engine;Oil Pumps, Filters and Coolers;21;6K431;Washer for oil release valve cap
cat002;chap0201;116;Engine;Oil Pumps, Filters and Coolers;22;12A1851;Cap nut for oil release valve spring
cat002;chap0201;116;Engine;Oil Pumps, Filters and Coolers;23;C-ARH221;Oil cooler 13 row, original union fitment
cat002;chap0201;116;Engine;Oil Pumps, Filters and Coolers;23;MOC10ROW;Oil cooler 10 row, original union fitment, except MPI
cat002;chap0201;116;Engine;Oil Pumps, Filters and Coolers;25;MOC1015;Pipe kit for [LINK]MOC10ROW[/LINK] and [LINK]C-ARH221[/LINK] oil coolers, except MPI
cat002;chap0201;116;Engine;Oil Pumps, Filters and Coolers;25;MOC1014;Pipe kit for [LINK]MOC10ROW[/LINK] and [LINK]C-ARH221[/LINK] oil coolers, except MPI
cat002;chap0201;116;Engine;Oil Pumps, Filters and Coolers;26;MOC2000;Oil cooler kit 10 row, 18mm union fitment - Complete kit MPI
cat002;chap0201;116;Engine;Oil Pumps, Filters and Coolers;26;MOC2001;
cat002;chap0201;116;Engine;Oil Pumps, Filters and Coolers;27;2A797;Seating for valve fixed in block
cat002;chap0201;117;Engine;Water Pump and thermostat - Pre 1996 Not MPI;2;88G215;Gasket for water pump
cat002;chap0201;117;Engine;Water Pump and thermostat - Pre 1996 Not MPI;2;GUG705555GM;Gasket for water pump genuine
cat002;chap0201;117;Engine;Water Pump and thermostat - Pre 1996 Not MPI;3;BH605141;Bolt 5/16” UNF 13/4” long
cat002;chap0201;117;Engine;Water Pump and thermostat - Pre 1996 Not MPI;4;SH605101;Bolt 5/16” UNF 11/4” long
cat002;chap0201;117;Engine;Water Pump and thermostat - Pre 1996 Not MPI;5;PEQ10019;Thermostat housing HIF44 carb Cooper
cat002;chap0201;117;Engine;Water Pump and thermostat - Pre 1996 Not MPI;6;12G103;Thermostat housing 998cc and SPI
cat002;chap0201;117;Engine;Water Pump and thermostat - Pre 1996 Not MPI;6;PEQ10010;Thermostat housing 1275cc with HIF38 carb
cat002;chap0201;117;Engine;Water Pump and thermostat - Pre 1996 Not MPI;7;PEM10036;Sandwich plate HIF44 carb Cooper
cat002;chap0201;117;Engine;Water Pump and thermostat - Pre 1996 Not MPI;8;PEG10002;Sandwich plate, SPI and carb models
cat002;chap0201;117;Engine;Water Pump and thermostat - Pre 1996 Not MPI;9;GTG101MS;Thermostat and sandwich plate gasket
cat002;chap0201;117;Engine;Water Pump and thermostat - Pre 1996 Not MPI;9;GUG705558GM;Thermostat and sandwich plate gasket genuine
cat002;chap0201;117;Engine;Water Pump and thermostat - Pre 1996 Not MPI;10;GFK1114;Plain washer 5/16”
cat002;chap0201;117;Engine;Water Pump and thermostat - Pre 1996 Not MPI;11;GFK3212;Plain nut 5/16” UNF
cat002;chap0201;117;Engine;Water Pump and thermostat - Pre 1996 Not MPI;12;DAM7760;Bolt, housings and plate to head, circa 1985 on
cat002;chap0201;117;Engine;Water Pump and thermostat - Pre 1996 Not MPI;12;CHS2524;Stud, housings and plate to head
cat002;chap0201;117;Engine;Water Pump and thermostat - Pre 1996 Not MPI;13;GTS102;Thermostat 74 degrees
cat002;chap0201;117;Engine;Water Pump and thermostat - Pre 1996 Not MPI;13;GTS104;Thermostat 82 degrees
cat002;chap0201;117;Engine;Water Pump and thermostat - Pre 1996 Not MPI;13;GTS106;Thermostat 88 degrees
cat002;chap0201;117;Engine;Water Pump and thermostat - Pre 1996 Not MPI;14;CAM6408;Water pump pulley 4.75” diameter alloy type
cat002;chap0201;117;Engine;Water Pump and thermostat - Pre 1996 Not MPI;14;CAM116;Water pump pulley 4.2” diameter alloy type
cat002;chap0201;117;Engine;Water Pump and thermostat - Pre 1996 Not MPI;15;GFK5179;Setscrew 1/4” UNF 3/4”long
cat002;chap0201;117;Engine;Water Pump and thermostat - Pre 1996 Not MPI;16;GFK1124;Spring washer 1/4”
cat002;chap0201;117;Engine;Water Pump and thermostat - Pre 1996 Not MPI;17;GCB10813;Fanbelt cogged type 813mm long
cat002;chap0201;117;Engine;Water Pump and thermostat - Pre 1996 Not MPI;17;GCB10825;Fanbelt cogged type 825mm long
cat002;chap0201;117;Engine;Water Pump and thermostat - Pre 1996 Not MPI;17;GCB10838;Fanbelt cogged type 838mm long
cat002;chap0201;117;Engine;Water Pump and thermostat - Pre 1996 Not MPI;19;12A2075;By pass adaptor for cylinder head
cat002;chap0201;117;Engine;Water Pump and thermostat - Pre 1996 Not MPI;20;12A1093MS;By pass fluted soft rubber, easy fit hose and clips - 998cc
cat002;chap0201;117;Engine;Water Pump and thermostat - Pre 1996 Not MPI;20;GZA2083;By pass solid rubber hose - 998cc
cat002;chap0201;117;Engine;Water Pump and thermostat - Pre 1996 Not MPI;20;AEG484;By pass solid rubber hose - 1275cc only if fitted
cat002;chap0201;117;Engine;Water Pump and thermostat - Pre 1996 Not MPI;20;C-GZA2083;By pass hose in long life blue silicon
cat002;chap0201;117;Engine;Water Pump and thermostat - Pre 1996 Not MPI;21;3H2963;By pass hose clips
cat002;chap0201;117;Engine;Water Pump and thermostat - Pre 1996 Not MPI;22;CHS2515;Thermostat stud 5/16” UNF 1.9375” long (1 15/16”)
cat002;chap0201;117;Engine;Water Pump and thermostat - Pre 1996 Not MPI;22;C-STR281;Stainless steel stud and nut kit (alternative to above)
cat002;chap0201;117;Engine;Water Pump and thermostat - Pre 1996 Not MPI;23;12G2129;Plastic fan 11 blade genuine
cat002;chap0201;117;Engine;Water Pump and thermostat - Pre 1996 Not MPI;24;2A998;Metal 6 blade fan for hot climates
cat002;chap0201;117;Engine;Water Pump and thermostat - Pre 1996 Not MPI;25;PGX10001;Spacer to clear timing cover 11.6mm wide
cat002;chap0201;117;Engine;Water Pump and thermostat - Pre 1996 Not MPI;25;12A312;Spacer to clear timing cover 4.1mm wide
cat002;chap0201;117;Engine;Water Pump and thermostat - Pre 1996 Not MPI;26;2A997;Metal single fan blade use 2 for 4 blade fan
cat002;chap0201;117;Engine;Water Pump and thermostat - Pre 1996 Not MPI;27;GFK1124;Spring Washer 1/4”
cat002;chap0201;117;Engine;Water Pump and thermostat - Pre 1996 Not MPI;28;GFK5180;Bolt 1/4” UNF 1” long for [LINK]12A312[/LINK] spacer
cat002;chap0201;117;Engine;Water Pump and thermostat - Pre 1996 Not MPI;30;MAW10001;Washer for switch
cat002;chap0201;118;Engine;Water Pump and thermostat from V134455 1275 MPI 96;2;88G215;Gasket for water pump
cat002;chap0201;118;Engine;Water Pump and thermostat from V134455 1275 MPI 96;2;GUG705555GM;Gasket for water pump genuine
cat002;chap0201;118;Engine;Water Pump and thermostat from V134455 1275 MPI 96;3;BH605141;Bolt 5/16” UNF 13/4” long
cat002;chap0201;118;Engine;Water Pump and thermostat from V134455 1275 MPI 96;4;SH605101;Bolt 5/16” UNF 11/4” long
cat002;chap0201;118;Engine;Water Pump and thermostat from V134455 1275 MPI 96;5;PEQ100650;Thermostat housing - front mounted radiator - MPI only
cat002;chap0201;118;Engine;Water Pump and thermostat from V134455 1275 MPI 96;5;PEQ100650MS;
cat002;chap0201;118;Engine;Water Pump and thermostat from V134455 1275 MPI 96;6;PEQ100690;Thermostat housing - Automatic and SPI export
cat002;chap0201;118;Engine;Water Pump and thermostat from V134455 1275 MPI 96;7;PEG100030;Sandwich plate - Front mounted radiator
cat002;chap0201;118;Engine;Water Pump and thermostat from V134455 1275 MPI 96;8;PEG10002;Sandwich plate - Automatic and SPI export
cat002;chap0201;118;Engine;Water Pump and thermostat from V134455 1275 MPI 96;9;GTG101MS;Thermostat and sandwich plate gasket
cat002;chap0201;118;Engine;Water Pump and thermostat from V134455 1275 MPI 96;9;GUG705558GM;Thermostat and sandwich plate gasket genuine
cat002;chap0201;118;Engine;Water Pump and thermostat from V134455 1275 MPI 96;10;DAM7760;Bolt, housing and sandwich plate to head
cat002;chap0201;118;Engine;Water Pump and thermostat from V134455 1275 MPI 96;11;GTS106;Thermostat 88 degrees
cat002;chap0201;118;Engine;Water Pump and thermostat from V134455 1275 MPI 96;12;PEZ100100;Water pump pulley-multi grooved poly V type
cat002;chap0201;118;Engine;Water Pump and thermostat from V134455 1275 MPI 96;13;GFK5179;Setscrew 1/4” UNF 3/4”long
cat002;chap0201;118;Engine;Water Pump and thermostat from V134455 1275 MPI 96;14;GFK1124;Spring washer 1/4”
cat002;chap0201;118;Engine;Water Pump and thermostat from V134455 1275 MPI 96;15;PQU100220;Tensioner bracket for fanbelt adjustment
cat002;chap0201;118;Engine;Water Pump and thermostat from V134455 1275 MPI 96;16;PQR10028;Fanbelt adjustment pulley
cat002;chap0201;118;Engine;Water Pump and thermostat from V134455 1275 MPI 96;17;WAM3719;Nut to hold pulley M8 metric
cat002;chap0201;118;Engine;Water Pump and thermostat from V134455 1275 MPI 96;23;GMB50920;Fanbelt when no compressor for air conditioner
cat002;chap0201;118;Engine;Water Pump and thermostat from V134455 1275 MPI 96;23;GMB51005;Fanbelt when compressor for air conditioner fitted
cat002;chap0201;119;Engine;Inlet and Exhaust manifolds except Injection;1;C-AHT770;Inlet manifold with 1/2” water outlets, Mini Spares product
cat002;chap0201;119;Engine;Inlet and Exhaust manifolds except Injection;4;AJM601;Manifold gasket
cat002;chap0201;119;Engine;Inlet and Exhaust manifolds except Injection;4;GUG704053MG;Manifold gasket with reinforced exhaust ports and backing
cat002;chap0201;119;Engine;Inlet and Exhaust manifolds except Injection;4;GUG704063MG;Manifold gasket with reinforced exhaust ports
cat002;chap0201;119;Engine;Inlet and Exhaust manifolds except Injection;4;C-AHT381;Manifold gasket with large bore holes for modified cylinder heads
cat002;chap0201;119;Engine;Inlet and Exhaust manifolds except Injection;5;CHS2514;Stud 5/16” UNC 13/4” long, carb to manifold
cat002;chap0201;119;Engine;Inlet and Exhaust manifolds except Injection;6;GFK1114;Plain washer 5/16” manifolds to cylinder head
cat002;chap0201;119;Engine;Inlet and Exhaust manifolds except Injection;7;GFK3436;Brass nut 5/16” UNF manifolds to cylinder head
cat002;chap0201;119;Engine;Inlet and Exhaust manifolds except Injection;7;51K1177;Brass nut 5/16” UNF 1” long manifolds (inner manifold nuts)
cat002;chap0201;119;Engine;Inlet and Exhaust manifolds except Injection;8;12G297;Sleeve, inlet port to manifold
cat002;chap0201;119;Engine;Inlet and Exhaust manifolds except Injection;9;GRH905;Hose 5/8”bore size, sold per metre - was PEH10021
cat002;chap0201;119;Engine;Inlet and Exhaust manifolds except Injection;10;GRH905;Hose 5/8”bore size, sold per metre - was PEH10022
cat002;chap0201;119;Engine;Inlet and Exhaust manifolds except Injection;12;12A1211;Thick 5/16” manifold washer 1”wide
cat002;chap0201;119;Engine;Inlet and Exhaust manifolds except Injection;13;C-AEG367;Downpipe without sensor hole
cat002;chap0201;119;Engine;Inlet and Exhaust manifolds except Injection;13;C-AEG370;Downpipe kit with Lambda sensor hole includes [LINK]C-AEG375[/LINK]. for HIF44
cat002;chap0201;119;Engine;Inlet and Exhaust manifolds except Injection;14;C-AEG375;Knuckle joint pipe. Links LCB and catalyst
cat002;chap0201;119;Engine;Inlet and Exhaust manifolds except Injection;16;C-AEG366;LCB only for use when when [LINK]CAM6618[/LINK] inlet is fitted
cat002;chap0201;119;Engine;Inlet and Exhaust manifolds except Injection;16;C-AEG365;LCB only for use when when [LINK]C-AHT770[/LINK] inlet is fitted
cat002;chap0201;119;Engine;Inlet and Exhaust manifolds except Injection;16;C-AEG364;Budget LCB only for use when when [LINK]C-AHT770[/LINK] inlet is fitted
cat002;chap0201;119;Engine;Inlet and Exhaust manifolds except Injection;16;C-AEG373;LCB for use when HIF38 carb is fitted
cat002;chap0201;119;Engine;Inlet and Exhaust manifolds except Injection;16;C-AEG368;LCB for use when HIF38 carb is fitted, with link pipe [LINK]C-AEG375[/LINK]
cat002;chap0201;119;Engine;Inlet and Exhaust manifolds except Injection;17;C-AHT195;Y piece with sensor hole - Except budget exhaust [LINK]C-AEG363[/LINK]
cat002;chap0201;119;Engine;Inlet and Exhaust manifolds except Injection;17;C-AHT197;Y piece - no sensor hole - Except budget exhaust [LINK]C-AEG364[/LINK]
cat002;chap0201;119;Engine;Inlet and Exhaust manifolds except Injection;18;C-AHT97;Clamp. Y piece to manifold 15/8”
cat002;chap0201;119;Engine;Inlet and Exhaust manifolds except Injection;19;C-AHT98;Clamp. Y piece to manifold 13/4” - with bracket
cat002;chap0201;120;Engine;Inlet and Exhaust manifolds for Injection Cars;4;TD108051A;Stud for manifold to exhaust down pipes
cat002;chap0201;120;Engine;Inlet and Exhaust manifolds for Injection Cars;5;GUG704053MG;Manifold gasket reinforced exhaust ports and backing
cat002;chap0201;120;Engine;Inlet and Exhaust manifolds for Injection Cars;7;GFK3436;Manifold 5/16” UNF brass nut outer manifold studs
cat002;chap0201;120;Engine;Inlet and Exhaust manifolds for Injection Cars;8;GFK1114;Plain washer 5/16” for outer manifold studs
cat002;chap0201;120;Engine;Inlet and Exhaust manifolds for Injection Cars;9;LYH10008;Manifold nut with built in washer
cat002;chap0201;120;Engine;Inlet and Exhaust manifolds for Injection Cars;10;12G297;Sleeve, inlet manifold to cylinder head
cat002;chap0201;120;Engine;Inlet and Exhaust manifolds for Injection Cars;12;FS106107;Screw with flanged head for heat shield (metric M6x10)
cat002;chap0201;120;Engine;Inlet and Exhaust manifolds for Injection Cars;13;C-AEG372;Downpipe only from existing manifold
cat002;chap0201;120;Engine;Inlet and Exhaust manifolds for Injection Cars;13;C-AEG371;Downpipe kit includes No. 14 [LINK]C-AEG375[/LINK] knuckle joint
cat002;chap0201;120;Engine;Inlet and Exhaust manifolds for Injection Cars;14;C-AEG375;Knuckle joint pipe. Links LCB and catalyst
cat002;chap0201;120;Engine;Inlet and Exhaust manifolds for Injection Cars;16;C-AEG374;LCB with sensor hole
cat002;chap0201;120;Engine;Inlet and Exhaust manifolds for Injection Cars;16;C-AEG369;LCB kit with sensor hole, includes No. 14 [LINK]C-AEG375[/LINK] knuckle joint
cat002;chap0201;120;Engine;Inlet and Exhaust manifolds for Injection Cars;17;C-AHT195;Y piece with sensor hole - Except budget exhaust [LINK]C-AEG363[/LINK]
cat002;chap0201;120;Engine;Inlet and Exhaust manifolds for Injection Cars;18;C-AHT97;Clamp. Y piece to manifold 1 5/8”
cat002;chap0201;120;Engine;Inlet and Exhaust manifolds for Injection Cars;19;C-AHT98;Clamp with tag, 1 3/4” manifold to engine
cat002;chap0201;120;Engine;Inlet and Exhaust manifolds for Injection Cars;20;GEX7779;Gasket between manifold and downpipe on all injection cars
cat002;chap0201;121;Engine;Engine Breathers;1;LLC10047;Breather canister to clutch housing
cat002;chap0201;121;Engine;Engine Breathers;3;GUG705551GM;Gasket for breather to clutch housing
cat002;chap0201;121;Engine;Engine Breathers;4;SH505061;Bolt 5/16” UNC 3/4” long for breather to clutch housing
cat002;chap0201;121;Engine;Engine Breathers;5;GFK1125;Spring washer 5/16”
cat002;chap0201;121;Engine;Engine Breathers;7;SH604031;Setscrew 1/4” UNF 3/8” long, breather pipe to cylinder head
cat002;chap0201;121;Engine;Engine Breathers;8;C-AHH8537;Hose, rear breather to pipe was LLH10135 manual
cat002;chap0201;121;Engine;Engine Breathers;9;C-AHH8537;Hose, rear breather to pipe was LLH10122 automatic
cat002;chap0201;121;Engine;Engine Breathers;10;C-AHH8537;Hose, front breather to pipe was LLH10132
cat002;chap0201;121;Engine;Engine Breathers;11;LPH630;Hose, SPI unit to breather rail was LLH10082
cat002;chap0201;121;Engine;Engine Breathers;12;C-AHH8537;Hose, valve to pipe was LLH10148
cat002;chap0201;121;Engine;Engine Breathers;13;12G2134;Y piece 3 way connector for hose (2 ends 3/8”- 1 end 1/2”)
cat002;chap0201;121;Engine;Engine Breathers;14;C-AHH8537;Hose, order to length required
cat002;chap0201;121;Engine;Engine Breathers;15;12A1735;Breather hose to carb (different size ends) 998/1275cc
cat002;chap0201;121;Engine;Engine Breathers;23;PETROLPIPE;Rubber petrol hose 1/4” bore - sold per 30cm (12” lengths)
cat002;chap0201;121;Engine;Engine Breathers;28;MAW10001;Seal for vacuum switch
cat002;chap0201;122;Engine;Emission, Carburettor Fittings and engine controls;1;AEC2083;Gasket for HS4 carburettor
cat002;chap0201;122;Engine;Emission, Carburettor Fittings and engine controls;2;12H1389;Alloy spacer for HS4 carburettor
cat002;chap0201;122;Engine;Emission, Carburettor Fittings and engine controls;3;MFA338;Plastic spacer with vacuum take off, HS4 when required
cat002;chap0201;122;Engine;Emission, Carburettor Fittings and engine controls;6;MFA446;Plastic spacer with vacuum take off, HIF44 - 0.248”thick - 6.3mm
cat002;chap0201;122;Engine;Emission, Carburettor Fittings and engine controls;6;GUG705964GM;Plastic spacer, 0.432”thick HIF44 with gaskets on
cat002;chap0201;122;Engine;Emission, Carburettor Fittings and engine controls;6;GUG705602GM;Plastic spacer, 0.56”thick HIF44 with gaskets on - 14.46mm
cat002;chap0201;122;Engine;Emission, Carburettor Fittings and engine controls;7;88G429B;Gasket for HIF and HS6
cat002;chap0201;122;Engine;Emission, Carburettor Fittings and engine controls;7;GUG705561GM;Gasket for HIF and HS6 genuine
cat002;chap0201;122;Engine;Emission, Carburettor Fittings and engine controls;9;CAM4942;Abutment bracket HIF38 and HIF44 carburettor
cat002;chap0201;122;Engine;Emission, Carburettor Fittings and engine controls;10;AUE34;Trunnion and screw set for choke cable
cat002;chap0201;122;Engine;Emission, Carburettor Fittings and engine controls;11;CZK6491;Clip for choke cable HIF only
cat002;chap0201;122;Engine;Emission, Carburettor Fittings and engine controls;12;ACC5062;Throttle lever pin HS4 only
cat002;chap0201;122;Engine;Emission, Carburettor Fittings and engine controls;13;12A4;Anchor tab for throttle spring
cat002;chap0201;122;Engine;Emission, Carburettor Fittings and engine controls;14;GFK3211;Plain nut 1/4” for throttle lever pin
cat002;chap0201;122;Engine;Emission, Carburettor Fittings and engine controls;15;1E5537;Throttle return spring HS4 only
cat002;chap0201;122;Engine;Emission, Carburettor Fittings and engine controls;16;12A1735;Hose from carburettor to breather HS4 only (to Y piece on HIF44)
cat002;chap0201;122;Engine;Emission, Carburettor Fittings and engine controls;17;GHC405;Clip for breather end of hose
cat002;chap0201;122;Engine;Emission, Carburettor Fittings and engine controls;18;ACH5854;Clip for carburettor end of hose
cat002;chap0201;122;Engine;Emission, Carburettor Fittings and engine controls;19;LPH630;Hose from carburettor to Y piece, was MAP10055 - 8mm bore
cat002;chap0201;122;Engine;Emission, Carburettor Fittings and engine controls;20;37H4229M;Vacuum pipe with rubber ends 26”(660mm)long
cat002;chap0201;122;Engine;Emission, Carburettor Fittings and engine controls;23;GFK3321;Lock nut 1/4” UNF to hold pedal assembly RHD
cat002;chap0201;122;Engine;Emission, Carburettor Fittings and engine controls;24;GFK1124;Spring washer 1/4”
cat002;chap0201;122;Engine;Emission, Carburettor Fittings and engine controls;25;SH604041;Screw 1/4” UNF 1/2”long to hold pedal assembly LHD
cat002;chap0201;122;Engine;Emission, Carburettor Fittings and engine controls;27;NAM7914;Throttle cable HS4 carburettor
cat002;chap0201;122;Engine;Emission, Carburettor Fittings and engine controls;27;C-AHT85;Anti friction ST cable 32mm longer outer case 95mm inner cable
cat002;chap0201;122;Engine;Emission, Carburettor Fittings and engine controls;28;SBB10099;Throttle cable HIF carburettor RHD
cat002;chap0201;122;Engine;Emission, Carburettor Fittings and engine controls;28;SBB10126;Throttle cable HIF carburettor LHD
cat002;chap0201;122;Engine;Emission, Carburettor Fittings and engine controls;28;SBB10186;Throttle cable SPI Injection LHD
cat002;chap0201;122;Engine;Emission, Carburettor Fittings and engine controls;28;SBB10187;Throttle cable SPI Injection RHD
cat002;chap0201;122;Engine;Emission, Carburettor Fittings and engine controls;28;SBB103400;Throttle cable MPI Injection RHD
cat002;chap0201;122;Engine;Emission, Carburettor Fittings and engine controls;28;SBB103720;Throttle cable MPI Injection LHD
cat002;chap0201;122;Engine;Emission, Carburettor Fittings and engine controls;29;21A2329;Choke cable, pull and twist to 1987 998cc
cat002;chap0201;122;Engine;Emission, Carburettor Fittings and engine controls;29;SBF10027;Choke cable, 32” long, ratchet type 998cc 1987-1990
cat002;chap0201;122;Engine;Emission, Carburettor Fittings and engine controls;29;SBF10031;Choke cable, 36” long, ratchet type 1275cc 1990-1992
cat002;chap0201;122;Engine;Emission, Carburettor Fittings and engine controls;30;ADU5065;Clip for choke cable at dash end
cat002;chap0201;122;Engine;Emission, Carburettor Fittings and engine controls;31;CAM5969;Grommet for choke cable through body
cat002;chap0201;123;Engine;Engine Mountings;1;12A361;Engine to radiator mounting bracket
cat002;chap0201;123;Engine;Engine Mountings;3;21A1902MS;Engine mounting
cat002;chap0201;123;Engine;Engine Mountings;3;21A1902;Engine mounting genuine Mini Spares part to rover drawings
cat002;chap0201;123;Engine;Engine Mountings;3;21A1902ST;Engine mounting with captive nuts
cat002;chap0201;123;Engine;Engine Mountings;4;22A917;Engine mounting right hand side auto only
cat002;chap0201;123;Engine;Engine Mountings;5;22A1018;Engine mounting left hand side auto only
cat002;chap0201;123;Engine;Engine Mountings;6;SH605051;Setscrew 5/16” UNF 5/8” long, mounting to [LINK]12A361[/LINK]
cat002;chap0201;123;Engine;Engine Mountings;6;GFK5234;Setscrew 5/16” UNC 1” long, mounting to clutch case
cat002;chap0201;123;Engine;Engine Mountings;7;GFK1125;Spring washer
cat002;chap0201;123;Engine;Engine Mountings;8;GFK3212;Plain nut 5/16” mounting to subframe
cat002;chap0201;123;Engine;Engine Mountings;9;GFK5184;Bolt 5/16” UNF 3/4” long, mounting to subframe
cat002;chap0201;123;Engine;Engine Mountings;9;GFK5185;Bolt 5/16” UNF 1” long, mounting to subframe, longer alternative
cat002;chap0201;123;Engine;Engine Mountings;10;GFK1125;Spring washer 5/16”, mounting to subframe
cat002;chap0201;123;Engine;Engine Mountings;11;HBZ534;Bolt 5/16” 43/8” holds [LINK]12A361[/LINK] to [LINK]12G1318[/LINK] alloy mounting block
cat002;chap0201;123;Engine;Engine Mountings;12;GFK1125;Spring washer for [LINK]HBZ534[/LINK]
cat002;chap0201;123;Engine;Engine Mountings;13;KKU10080;Bracket for lower R/H engine steady rod, 5mm thick for 1275cc
cat002;chap0201;123;Engine;Engine Mountings;14;FAM2758;Adjustable engine lower forwards R/H steady rod 998cc
cat002;chap0201;123;Engine;Engine Mountings;15;21A1109;Engine upper steady rod 998cc. Original
cat002;chap0201;123;Engine;Engine Mountings;15;21A1817;Engine upper steady rod 1275cc plus automatics. Original
cat002;chap0201;123;Engine;Engine Mountings;15;MSSK1305;Adjustable engine upper steady rod ERA Turbo and any Mini
cat002;chap0201;123;Engine;Engine Mountings;16;21A1108;Spacer, engine upper steady to block. 5/16” internal bore
cat002;chap0201;123;Engine;Engine Mountings;17;CRC5329;Stabiliser bush pre 1996 (2 per end)
cat002;chap0201;123;Engine;Engine Mountings;17;CRC5329POLY;Stabiliser polyurethane bush pre 1996 (2 per end)
cat002;chap0201;123;Engine;Engine Mountings;17;C-STR630;Polyurethane upper steady rod bush kit
cat002;chap0201;123;Engine;Engine Mountings;17;SBK2;Stabiliser bush kit with metal inserts includes 4 bushes
cat002;chap0201;123;Engine;Engine Mountings;18;KKF101320;Stabiliser upper bush one piece, from 1996 (one per end)
cat002;chap0201;123;Engine;Engine Mountings;18;KKF101320EVO;Upgraded version of above for all uses
cat002;chap0201;123;Engine;Engine Mountings;19;31G1085;Spacer for lower engine steady. 3/8” internal bore
cat002;chap0201;123;Engine;Engine Mountings;20;BH605151;Bolt, 5/16”UNF 1 7/8” long, upper steady
cat002;chap0201;123;Engine;Engine Mountings;21;GFK1125;Spring washer 5/16”
cat002;chap0201;123;Engine;Engine Mountings;22;GFK3212;Plain nut 5/16”or [LINK]GFK3322[/LINK] locknut
cat002;chap0201;123;Engine;Engine Mountings;23;21A2387;Bracket for upper engine steady to block
cat002;chap0201;123;Engine;Engine Mountings;24;GFK5184;Short Bolt 5/16”UNF 3/4”long for [LINK]21A2387[/LINK]
cat002;chap0201;123;Engine;Engine Mountings;25;BT606171;Bolt,3/8”UNF 2 1/4”lower steady rod
cat002;chap0201;123;Engine;Engine Mountings;26;GFK1126;Spring washer 3/8”
cat002;chap0201;123;Engine;Engine Mountings;27;GFK3213;Plain nut 3/8” or [LINK]GFK3323[/LINK] locknut
cat002;chap0201;123;Engine;Engine Mountings;28;21A2569;Engine lower steady extra rod R/H backwards
cat002;chap0201;123;Engine;Engine Mountings;29;C-STR401;Bracket for [LINK]21A2569[/LINK] rod to gearbox
cat002;chap0201;123;Engine;Engine Mountings;30;21A2785;Bracket for [LINK]21A2787[/LINK] rod to gearbox
cat002;chap0201;123;Engine;Engine Mountings;31;21A2787;Engine lower steady extra rod L/H backwards
cat002;chap0201;123;Engine;Engine Mountings;32;MSSK;Engine lower gearbox complete steady kit R/H backwards
cat002;chap0201;123;Engine;Engine Mountings;33;MSSK001;Engine lower gearbox complete steady kit L/H backwards
cat002;chap0202;124;Flywheel & Clutch;Flywheel and Clutch;1;GCU90115AF;Clutch plate and steel flywheel kit -998cc
cat002;chap0202;124;Flywheel & Clutch;Flywheel and Clutch;1;GCU90122AF;Clutch plate and steel flywheel kit –1 275cc carburettor only
cat002;chap0202;124;Flywheel & Clutch;Flywheel and Clutch;1;GCU90121AF;Clutch plate and steel flywheel kit – 1275cc SPI only
cat002;chap0202;124;Flywheel & Clutch;Flywheel and Clutch;1;GCU90123AF;Clutch plate and flywheel assembly – 1275cc TPI only C.W.E
cat002;chap0202;124;Flywheel & Clutch;Flywheel and Clutch;2;GCP271AF;Clutch plate 180mm wide 998cc
cat002;chap0202;124;Flywheel & Clutch;Flywheel and Clutch;2;C-AHT596;Clutch plate 180mm wide performance use
cat002;chap0202;124;Flywheel & Clutch;Flywheel and Clutch;2;C-AHT595;Clutch plate 180mm wide performance use
cat002;chap0202;124;Flywheel & Clutch;Flywheel and Clutch;2;GCP90832AF;Clutch plate 190mm wide 1275cc
cat002;chap0202;124;Flywheel & Clutch;Flywheel and Clutch;2;C-AHT594;Clutch plate 190mm wide Performance 1275cc
cat002;chap0202;124;Flywheel & Clutch;Flywheel and Clutch;3;C-AEG422;Steel lightened flywheel with better clamping pressures
cat002;chap0202;124;Flywheel & Clutch;Flywheel and Clutch;3;C-AEG425;Steel lightened flywheel with better clamping pressures
cat002;chap0202;124;Flywheel & Clutch;Flywheel and Clutch;3;C-AEG424;Steel lightened flywheel with better clamping pressures
cat002;chap0202;124;Flywheel & Clutch;Flywheel and Clutch;4;PSF10003;Ringear
cat002;chap0202;124;Flywheel & Clutch;Flywheel and Clutch;9;GCC679;AP Pressure plate only
cat002;chap0202;124;Flywheel & Clutch;Flywheel and Clutch;9;C-AEG485;AP Pressure plate only. 20% uprated, standard for turbo. Fits all
cat002;chap0202;124;Flywheel & Clutch;Flywheel and Clutch;10;GCK371AF;AP Pressure plate, clutch plate & release bearing kit 20% uprated,
cat002;chap0202;124;Flywheel & Clutch;Flywheel and Clutch;10;GCK151MS;AP Pressure plate, clutch plate and release bearing kit to 1990
cat002;chap0202;124;Flywheel & Clutch;Flywheel and Clutch;10;GCK152MS;AP Pressure plate, clutch plate and release bearing kit from 1990
cat002;chap0202;124;Flywheel & Clutch;Flywheel and Clutch;11;GRB239;Clutch release bearing built up
cat002;chap0202;124;Flywheel & Clutch;Flywheel and Clutch;12;DAM5923;Flywheel Keyway locating plate
cat002;chap0202;124;Flywheel & Clutch;Flywheel and Clutch;13;DAM5922;Flywheel bolt
cat002;chap0202;124;Flywheel & Clutch;Flywheel and Clutch;14;AHU1564;Clutch sleeve
cat002;chap0202;124;Flywheel & Clutch;Flywheel and Clutch;15;AAU2866;O ring bearing to plunger
cat002;chap0202;124;Flywheel & Clutch;Flywheel and Clutch;16;DAM5353MS;Plunger for clutch
cat002;chap0202;124;Flywheel & Clutch;Flywheel and Clutch;16;DAM5353;Plunger for clutch genuine
cat002;chap0202;124;Flywheel & Clutch;Flywheel and Clutch;17;22A427;Stop for plunger
cat002;chap0202;124;Flywheel & Clutch;Flywheel and Clutch;18;NT610041;Nut to lock [LINK]22A427[/LINK]
cat002;chap0202;124;Flywheel & Clutch;Flywheel and Clutch;20;DAM7755;Bolt 5/16”UNC 1”long
cat002;chap0202;124;Flywheel & Clutch;Flywheel and Clutch;21;GFK1125;Spring washer 5/16”
cat002;chap0202;124;Flywheel & Clutch;Flywheel and Clutch;23;SH604041;Screw 1/4”UNF 1/2”long
cat002;chap0202;124;Flywheel & Clutch;Flywheel and Clutch;24;GFK1124;Spring washer 1/4”
cat002;chap0202;124;Flywheel & Clutch;Flywheel and Clutch;26;CLZ628;Clevis pin 3/8” for bottom of clutch lever
cat002;chap0202;124;Flywheel & Clutch;Flywheel and Clutch;27;GFK1115;Plain washer 3/8” for clevis pin
cat002;chap0202;124;Flywheel & Clutch;Flywheel and Clutch;28;GFK102;Split pin
cat002;chap0202;124;Flywheel & Clutch;Flywheel and Clutch;29;GFK5180;Adjusting screw for clutch arm 1/4” UNF 1” long
cat002;chap0202;124;Flywheel & Clutch;Flywheel and Clutch;30;GFK3211;Plain nut for locking bolt 1/4” UNF
cat002;chap0202;124;Flywheel & Clutch;Flywheel and Clutch;31;13H396;Push rod for slave cylinder
cat002;chap0202;124;Flywheel & Clutch;Flywheel and Clutch;32;CLZ518;Clevis pin for push rod to arm
cat002;chap0202;124;Flywheel & Clutch;Flywheel and Clutch;33;GFK1114;Plain washer
cat002;chap0202;124;Flywheel & Clutch;Flywheel and Clutch;34;GFK102;Split pin
cat002;chap0202;124;Flywheel & Clutch;Flywheel and Clutch;35;DAM5921;Flywheel boss
cat002;chap0202;124;Flywheel & Clutch;Flywheel and Clutch;36;DAM5920;Fixing bolts for [LINK]DAM5921[/LINK]
cat002;chap0202;125;Flywheel & Clutch;Clutch cylinders and flywheel case;1;TRD10015;Clutch housing –Manual only
cat002;chap0202;125;Flywheel & Clutch;Clutch cylinders and flywheel case;2;TUK100320;Bearing, upgraded needle roller for idler gear
cat002;chap0202;125;Flywheel & Clutch;Clutch cylinders and flywheel case;3;13H2934;Oil seal for clutch housing
cat002;chap0202;125;Flywheel & Clutch;Clutch cylinders and flywheel case;3;13H2934MS;Oil seal for clutch housing, original Gaco for performance use
cat002;chap0202;125;Flywheel & Clutch;Clutch cylinders and flywheel case;3;LUF10005;Oil seal for clutch housing, used with [LINK]DAM2821[/LINK] shield
cat002;chap0202;125;Flywheel & Clutch;Clutch cylinders and flywheel case;4;22A2237B;Housing gasket to engine and transmission
cat002;chap0202;125;Flywheel & Clutch;Clutch cylinders and flywheel case;4;GUG705563GM;Housing gasket to engine and transmission genuine
cat002;chap0202;125;Flywheel & Clutch;Clutch cylinders and flywheel case;5;BH605141;Bolt 5/16” UNF 13/4” long for housing to block
cat002;chap0202;125;Flywheel & Clutch;Clutch cylinders and flywheel case;6;GFK1125;Spring washer 5/16” UNF
cat002;chap0202;125;Flywheel & Clutch;Clutch cylinders and flywheel case;7;GFK5185;Bolt 5/16” UNF 1” long for housing to block
cat002;chap0202;125;Flywheel & Clutch;Clutch cylinders and flywheel case;11;GFK3212;Plain nut 5/16” UNF - Case to gearbox
cat002;chap0202;125;Flywheel & Clutch;Clutch cylinders and flywheel case;12;GFK1125;Spring washer 5/16”
cat002;chap0202;125;Flywheel & Clutch;Clutch cylinders and flywheel case;15;DAM7758;Bolt flanged head
cat002;chap0202;125;Flywheel & Clutch;Clutch cylinders and flywheel case;17;GSY118;Slave cylinder - Genuine
cat002;chap0202;125;Flywheel & Clutch;Clutch cylinders and flywheel case;17;GSY118MS;Slave cylinder - Non genuine
cat002;chap0202;125;Flywheel & Clutch;Clutch cylinders and flywheel case;18;3H2428;Bleed nipple
cat002;chap0202;125;Flywheel & Clutch;Clutch cylinders and flywheel case;19;GRK4001;Repair kit for [LINK]GSY118[/LINK]
cat002;chap0202;125;Flywheel & Clutch;Clutch cylinders and flywheel case;20;GFK5191;Screw 3/8” UNF 1”long, slave cylinder to plate
cat002;chap0202;125;Flywheel & Clutch;Clutch cylinders and flywheel case;21;GFK1126;Spring washer 3/8”
cat002;chap0202;125;Flywheel & Clutch;Clutch cylinders and flywheel case;22;DAM5992;Plate for mounting slave cylinder
cat002;chap0202;125;Flywheel & Clutch;Clutch cylinders and flywheel case;23;GFK5240;Bolt 3/8” UNC 1” long, plate to clutch housing
cat002;chap0202;125;Flywheel & Clutch;Clutch cylinders and flywheel case;24;21A1108;Spacer 5/16”between bracket and case, was ADU7036
cat002;chap0202;125;Flywheel & Clutch;Clutch cylinders and flywheel case;25;SH604145;Screw 1/4” UNF 13/4” long was SH604141
cat002;chap0202;125;Flywheel & Clutch;Clutch cylinders and flywheel case;26;GFK1124;Spring washer 1/4”
cat002;chap0202;125;Flywheel & Clutch;Clutch cylinders and flywheel case;27;GMC1008;Clutch master cylinder with plastic tank
cat002;chap0202;125;Flywheel & Clutch;Clutch cylinders and flywheel case;27;AAU4969;Clutch master cylinder with metal tank
cat002;chap0202;125;Flywheel & Clutch;Clutch cylinders and flywheel case;28;513123A;Cap for master cylinder
cat002;chap0202;125;Flywheel & Clutch;Clutch cylinders and flywheel case;29;GRK3004;Repair kit with 2 ring seals from 1985 on
cat002;chap0202;125;Flywheel & Clutch;Clutch cylinders and flywheel case;29;GRK3007;Repair kit with 1 ring seal and 1 cup type seal to 1985
cat002;chap0202;125;Flywheel & Clutch;Clutch cylinders and flywheel case;30;31G279;Sealing gasket for master cylinder
cat002;chap0202;125;Flywheel & Clutch;Clutch cylinders and flywheel case;31;HF12;Clutch metal pipe to master cylinder RHD complete
cat002;chap0202;125;Flywheel & Clutch;Clutch cylinders and flywheel case;31;HF32;Clutch metal pipe to master cylinder LHD complete
cat002;chap0202;125;Flywheel & Clutch;Clutch cylinders and flywheel case;32;TM606031;Male union 3/8” UNF
cat002;chap0202;125;Flywheel & Clutch;Clutch cylinders and flywheel case;33;GVP1009;Clutch hose with banjo end
cat002;chap0202;125;Flywheel & Clutch;Clutch cylinders and flywheel case;33;C-AJJ4025B;Braided clutch hose
cat002;chap0202;125;Flywheel & Clutch;Clutch cylinders and flywheel case;33;C-AJJ4025COMP;Braided clutch hose to replace existing hose and pipe
cat002;chap0202;125;Flywheel & Clutch;Clutch cylinders and flywheel case;34;C5192A;Banjo bolt for hose to slave cylinder
cat002;chap0202;125;Flywheel & Clutch;Clutch cylinders and flywheel case;35;3H550;Copper sealing washer, banjo bolt to banjo
cat002;chap0202;125;Flywheel & Clutch;Clutch cylinders and flywheel case;36;233220A;Copper sealing washer, banjo to slave cylinder
cat002;chap0202;125;Flywheel & Clutch;Clutch cylinders and flywheel case;37;2K8686;Nut to lock hose
cat002;chap0202;125;Flywheel & Clutch;Clutch cylinders and flywheel case;38;WE600101;Shake proof washer
cat002;chap0203;126;Gearbox & Gear Train;Primary Gear Train;1;DAM8888;Primary Gear 29 teeth - 998cc only
cat002;chap0203;126;Gearbox & Gear Train;Primary Gear Train;1;DAM8890;Primary Gear 29 teeth - 1275cc only
cat002;chap0203;126;Gearbox & Gear Train;Primary Gear Train;2;DAM8889;Inner bush for primary gear 1275cc only
cat002;chap0203;126;Gearbox & Gear Train;Primary Gear Train;3;22G109;Outer bush for primary gear, all types
cat002;chap0203;126;Gearbox & Gear Train;Primary Gear Train;4;22A321;Thrust washer 0.110-112” (2.79-2.84mm )
cat002;chap0203;126;Gearbox & Gear Train;Primary Gear Train;4;22A322;Thrust washer 0.112-114” (2.84-2.89mm)
cat002;chap0203;126;Gearbox & Gear Train;Primary Gear Train;4;22A323;Thrust washer 0.114-116” (2.89-2.94mm)
cat002;chap0203;126;Gearbox & Gear Train;Primary Gear Train;4;22A324;Thrust washer 0.116-118” (2.94-2.99mm)
cat002;chap0203;126;Gearbox & Gear Train;Primary Gear Train;4;22A450;Thrust washer 0.118-120” (2.99-3.04mm)
cat002;chap0203;126;Gearbox & Gear Train;Primary Gear Train;4;22A451;Thrust washer 0.120-122” (3.04-3.09mm)
cat002;chap0203;126;Gearbox & Gear Train;Primary Gear Train;4;DAM6490;Thrust washer 0.112-114” (2.84-2.89mm)
cat002;chap0203;126;Gearbox & Gear Train;Primary Gear Train;4;DAM6486;Thrust washer 0.114-116” (2.89-2.94mm)
cat002;chap0203;126;Gearbox & Gear Train;Primary Gear Train;4;DAM6487;Thrust washer 0.116-118” (2.94-2.99mm)
cat002;chap0203;126;Gearbox & Gear Train;Primary Gear Train;4;DAM6488;Thrust washer 0.118-120” (2.99-3.04mm)
cat002;chap0203;126;Gearbox & Gear Train;Primary Gear Train;4;DAM6489;Thrust washer 0.120-122” (3.04-3.09mm)
cat002;chap0203;126;Gearbox & Gear Train;Primary Gear Train;4;DAM6492;Thrust washer 0.122-124” (3.09-3.14mm)
cat002;chap0203;126;Gearbox & Gear Train;Primary Gear Train;5;22A319;U clip for backing ring 0.124-126” (3.14-3.20mm)
cat002;chap0203;126;Gearbox & Gear Train;Primary Gear Train;6;88G549;Backing ring 0.163-0.165” (4.14-4.19mm)
cat002;chap0203;126;Gearbox & Gear Train;Primary Gear Train;7;DAM2821;Dust shield for clutch oil seal
cat002;chap0203;126;Gearbox & Gear Train;Primary Gear Train;8;TUB101310;Idler Gear 37 teeth
cat002;chap0203;126;Gearbox & Gear Train;Primary Gear Train;9;DAM4822;Thrust washer 0.132-133” (3.35-3.37mm)
cat002;chap0203;126;Gearbox & Gear Train;Primary Gear Train;9;DAM4823;Thrust washer 0.134-135” (3.40-3.42mm)
cat002;chap0203;126;Gearbox & Gear Train;Primary Gear Train;9;DAM4824;Thrust washer 0.136-137” (3.45-3.47mm)
cat002;chap0203;126;Gearbox & Gear Train;Primary Gear Train;9;DAM4825;Thrust washer 0.138-139” (3.50-3.53mm)
cat002;chap0203;126;Gearbox & Gear Train;Primary Gear Train;10;2A3548;Nut for 1st motion shaft drive gear
cat002;chap0203;126;Gearbox & Gear Train;Primary Gear Train;11;DAM4000;Lockwasher
cat002;chap0203;126;Gearbox & Gear Train;Primary Gear Train;12;DAM2925;Drive gear for 1st motion shaft 29 teeth
cat002;chap0203;126;Gearbox & Gear Train;Primary Gear Train;12;DAM6337;Drive gear for 1st motion shaft 28 teeth economy model
cat002;chap0203;126;Gearbox & Gear Train;Primary Gear Train;13;AAU8424;Bearing and outer track for 1st motion shaft
cat002;chap0203;126;Gearbox & Gear Train;Primary Gear Train;13;ADU6033;Bearing and outer track for 1st motion shaft - Turbo only
cat002;chap0203;126;Gearbox & Gear Train;Primary Gear Train;14;2A3643;Circlip for outer track to clutch case
cat002;chap0203;126;Gearbox & Gear Train;Primary Gear Train;15;CCN110;Circlip for bearing to 1st motion shaft
cat002;chap0203;126;Gearbox & Gear Train;Primary Gear Train;16;TUK100320;Roller bearing
cat002;chap0203;127;Gearbox & Gear Train;Gearbox Transmission Case;1;AHU1959;Half moon soft seal, engine to gearbox case
cat002;chap0203;127;Gearbox & Gear Train;Gearbox Transmission Case;1;CAM6548;Half moon solid seal, engine to gearbox case
cat002;chap0203;127;Gearbox & Gear Train;Gearbox Transmission Case;2;GUG703038SG;Gearbox to engine gaskets
cat002;chap0203;127;Gearbox & Gear Train;Gearbox Transmission Case;2;GUG703049SG;Gearbox to engine gaskets
cat002;chap0203;127;Gearbox & Gear Train;Gearbox Transmission Case;3;GFK5170;Bolt, 1/4” UNF 1 1/2” long
cat002;chap0203;127;Gearbox & Gear Train;Gearbox Transmission Case;4;GFK5180;Setscrew 1/4” UNF 1” long (also 2 - [LINK]FHS2410[/LINK] stud)
cat002;chap0203;127;Gearbox & Gear Train;Gearbox Transmission Case;5;GFK1124;Spring washer 1/4”
cat002;chap0203;127;Gearbox & Gear Train;Gearbox Transmission Case;6;BH604141;Bolt 1/4” UNF 13/4”long
cat002;chap0203;127;Gearbox & Gear Train;Gearbox Transmission Case;8;GFK1113;Plain washer 1/4”
cat002;chap0203;127;Gearbox & Gear Train;Gearbox Transmission Case;9;GFK3211;Plain nut 1/4” UNF
cat002;chap0203;127;Gearbox & Gear Train;Gearbox Transmission Case;11;BHM5093;Transmission case 4 speed
cat002;chap0203;127;Gearbox & Gear Train;Gearbox Transmission Case;12;TUK100320;Bearing for idler gear
cat002;chap0203;127;Gearbox & Gear Train;Gearbox Transmission Case;13;13H7286;Bush for gear lever steady bar
cat002;chap0203;127;Gearbox & Gear Train;Gearbox Transmission Case;14;22G1834;Stud 3/8” UNC for diff housing 43/8” long uses 3/8” UNF nuts
cat002;chap0203;127;Gearbox & Gear Train;Gearbox Transmission Case;14;51K282;Stud 3/8” UNC for diff housing long 43/8” Chemi black
cat002;chap0203;127;Gearbox & Gear Train;Gearbox Transmission Case;14;CHS2624;Stud 3/8” UNC for diff housing 3” long
cat002;chap0203;127;Gearbox & Gear Train;Gearbox Transmission Case;16;22A152;Stud 5/16” UNC upper flywheel housing 21/4” long
cat002;chap0203;127;Gearbox & Gear Train;Gearbox Transmission Case;17;53K547;Stud 5/16” UNC lower flywheel housing 11/2”long
cat002;chap0203;127;Gearbox & Gear Train;Gearbox Transmission Case;18;53K1474;Stud 5/16” UNC speedo housing cover 33/4” long
cat002;chap0203;127;Gearbox & Gear Train;Gearbox Transmission Case;18;CHS2514;Stud 5/16” UNC speedo housing cover 13/4”long
cat002;chap0203;127;Gearbox & Gear Train;Gearbox Transmission Case;20;22A97;Dowel for flywheel housing
cat002;chap0203;127;Gearbox & Gear Train;Gearbox Transmission Case;22;42H500;Locktab for diff housing
cat002;chap0203;127;Gearbox & Gear Train;Gearbox Transmission Case;24;GFK1125;Spring washer for diff housing 5/16”
cat002;chap0203;127;Gearbox & Gear Train;Gearbox Transmission Case;24;GFK1126;Spring washer for diff housing 3/8”
cat002;chap0203;127;Gearbox & Gear Train;Gearbox Transmission Case;25;GFK3212;Nut for diff housing 5/16” UNF
cat002;chap0203;127;Gearbox & Gear Train;Gearbox Transmission Case;25;GFK3213;Nut for diff housing 3/8” UNF
cat002;chap0203;127;Gearbox & Gear Train;Gearbox Transmission Case;26;2A3505B;Gasket diff to case upper
cat002;chap0203;127;Gearbox & Gear Train;Gearbox Transmission Case;27;22G1836;Gasket diff to case lower
cat002;chap0203;127;Gearbox & Gear Train;Gearbox Transmission Case;28;AHU1672;Seal for selector rod housing
cat002;chap0203;127;Gearbox & Gear Train;Gearbox Transmission Case;29;DAM8706;Bush alloy behind [LINK]AHU1672[/LINK] seal
cat002;chap0203;127;Gearbox & Gear Train;Gearbox Transmission Case;30;CDU1563;‘O’ ring for bush [LINK]DAM8706[/LINK]
cat002;chap0203;127;Gearbox & Gear Train;Gearbox Transmission Case;31;DAM3022;Gaiter to protect oil seal
cat002;chap0203;127;Gearbox & Gear Train;Gearbox Transmission Case;32;MSSK050;Rod change anti leak kit
cat002;chap0203;127;Gearbox & Gear Train;Gearbox Transmission Case;33;DAM7759;Bolt 5/16” UNC for upper clutch case 1 3/4”long
cat002;chap0203;127;Gearbox & Gear Train;Gearbox Transmission Case;34;DAM7756;Bolt 5/16” UNC for lower clutch case 1 1/8” long
cat002;chap0203;127;Gearbox & Gear Train;Gearbox Transmission Case;34;CHS2514;Stud replaces [LINK]DAM7757[/LINK] - 5/16” UNC - lower clutch case 15/8” long
cat002;chap0203;127;Gearbox & Gear Train;Gearbox Transmission Case;35;DAM7761;Bolt 5/16” UNC for speedo housing 3 1/4” long
cat002;chap0203;127;Gearbox & Gear Train;Gearbox Transmission Case;36;DAM7760;Bolt 5/16” UNC for diff housing 2 5/8” long
cat002;chap0203;128;Gearbox & Gear Train;Gearbox Transmission Case 2;1;DAM5219;Speedo drive housing alloy front cover
cat002;chap0203;128;Gearbox & Gear Train;Gearbox Transmission Case 2;2;22A541B;Gasket for front cover
cat002;chap0203;128;Gearbox & Gear Train;Gearbox Transmission Case 2;3;GFK5234;Bolt 5/16” UNC 1”long
cat002;chap0203;128;Gearbox & Gear Train;Gearbox Transmission Case 2;3;DAM7755;Bolt 5/16” UNC 1”long (shouldered type)
cat002;chap0203;128;Gearbox & Gear Train;Gearbox Transmission Case 2;4;GFK1125;Spring washer 5/16”
cat002;chap0203;128;Gearbox & Gear Train;Gearbox Transmission Case 2;5;GFK3212;Plain nut 5/16” UNF
cat002;chap0203;128;Gearbox & Gear Train;Gearbox Transmission Case 2;6;GFK1125;Spring washer 5/16”
cat002;chap0203;128;Gearbox & Gear Train;Gearbox Transmission Case 2;7;2A3626;Speedo drive housing metal plate
cat002;chap0203;128;Gearbox & Gear Train;Gearbox Transmission Case 2;8;GUG705564GM;Gasket for housing metal plate
cat002;chap0203;128;Gearbox & Gear Train;Gearbox Transmission Case 2;9;GHF160;Bolt for metal plate 1/4” UNC 3/4” long
cat002;chap0203;128;Gearbox & Gear Train;Gearbox Transmission Case 2;10;GFK1113;Plain washer 1/4”
cat002;chap0203;128;Gearbox & Gear Train;Gearbox Transmission Case 2;12;22A341;Suction pipe sealing ‘O’ ring
cat002;chap0203;128;Gearbox & Gear Train;Gearbox Transmission Case 2;14;SH604031;Bolt 1/4” UNF 3/8” long
cat002;chap0203;128;Gearbox & Gear Train;Gearbox Transmission Case 2;16;GFK5180;Setscrew 1/4” UNF 1” long
cat002;chap0203;128;Gearbox & Gear Train;Gearbox Transmission Case 2;18;22G1150;Oil suction pipe
cat002;chap0203;128;Gearbox & Gear Train;Gearbox Transmission Case 2;19;22A542B;Gasket for oil pipe
cat002;chap0203;128;Gearbox & Gear Train;Gearbox Transmission Case 2;19;GUG705556GM;Gasket for oil pipe genuine
cat002;chap0203;128;Gearbox & Gear Train;Gearbox Transmission Case 2;21;22A542B;Gasket for oil pipe
cat002;chap0203;128;Gearbox & Gear Train;Gearbox Transmission Case 2;21;GUG705556GM;Gasket for oil pipe genuine
cat002;chap0203;128;Gearbox & Gear Train;Gearbox Transmission Case 2;22;BH604131;Bolt 1/4” UNF 1 5/8” long, flange to case
cat002;chap0203;128;Gearbox & Gear Train;Gearbox Transmission Case 2;24;2A3606;Suction seal for top groove in gearbox case
cat002;chap0203;128;Gearbox & Gear Train;Gearbox Transmission Case 2;25;DAM7335;Sump plug original
cat002;chap0203;128;Gearbox & Gear Train;Gearbox Transmission Case 2;25;DP1;Sump plug with extended nose
cat002;chap0203;128;Gearbox & Gear Train;Gearbox Transmission Case 2;25;DP2;Sump repair plug, non magnetic
cat002;chap0203;128;Gearbox & Gear Train;Gearbox Transmission Case 2;26;AED172;Washer for drain plug
cat002;chap0203;128;Gearbox & Gear Train;Gearbox Transmission Case 2;27;12G1318;Adaptor alloy plate for [LINK]12A361[/LINK] to gearbox
cat002;chap0203;128;Gearbox & Gear Train;Gearbox Transmission Case 2;28;12G1319;Screw – Special countersunk head for [LINK]12G1318[/LINK]
cat002;chap0203;128;Gearbox & Gear Train;Gearbox Transmission Case 2;29;CHS2514;Stud 5/16” UNC 1 3/4” long speedo housing cover
cat002;chap0203;128;Gearbox & Gear Train;Gearbox Transmission Case 2;30;C-AHT54;Oil pickup pipe
cat002;chap0203;129;Gearbox & Gear Train;Gearbox Selector Forks;2;2A3624;Metal seating bush
cat002;chap0203;129;Gearbox & Gear Train;Gearbox Selector Forks;3;DAM8488;Speedometer cable to pinion housing
cat002;chap0203;129;Gearbox & Gear Train;Gearbox Selector Forks;4;GUG705565GM;Gasket, was [Link]2A3628[/Link]
cat002;chap0203;129;Gearbox & Gear Train;Gearbox Selector Forks;5;22A862;U clip for speedo drive
cat002;chap0203;129;Gearbox & Gear Train;Gearbox Selector Forks;6;GFK1113;Plain washer 1/4”
cat002;chap0203;129;Gearbox & Gear Train;Gearbox Selector Forks;7;GHF160;Bolt 1/4” UNC 3/4” long
cat002;chap0203;129;Gearbox & Gear Train;Gearbox Selector Forks;9;TSP100400;Selector fork 3rd / 4th synchroniser
cat002;chap0203;129;Gearbox & Gear Train;Gearbox Selector Forks;10;TSP100390;Selector fork 1 st /2nd synchroniser
cat002;chap0203;129;Gearbox & Gear Train;Gearbox Selector Forks;11;22G1854;Selector shaft for speed forks
cat002;chap0203;129;Gearbox & Gear Train;Gearbox Selector Forks;12;BLS110;Detent ball
cat002;chap0203;129;Gearbox & Gear Train;Gearbox Selector Forks;13;22G2083;Detent spring, sits behind drive flange alloy cover
cat002;chap0203;129;Gearbox & Gear Train;Gearbox Selector Forks;15;22G1417;O ring for sleeve, sits behind drive flange alloy cover
cat002;chap0203;129;Gearbox & Gear Train;Gearbox Selector Forks;16;22G1858;Selector shaft
cat002;chap0203;129;Gearbox & Gear Train;Gearbox Selector Forks;17;DAM3022;Gaiter for rod change seal
cat002;chap0203;129;Gearbox & Gear Train;Gearbox Selector Forks;18;22G1844;Interlock spool sleeve for selector rod shaft
cat002;chap0203;129;Gearbox & Gear Train;Gearbox Selector Forks;19;42H1077;Pivot bush
cat002;chap0203;129;Gearbox & Gear Train;Gearbox Selector Forks;20;22G1849;Reverse release lever lower was [Link]AHU2292[/Link]
cat002;chap0203;129;Gearbox & Gear Train;Gearbox Selector Forks;21;22G1848;Bell crank release lever upper
cat002;chap0203;129;Gearbox & Gear Train;Gearbox Selector Forks;22;22G1847;Bell crank release lever centre
cat002;chap0203;129;Gearbox & Gear Train;Gearbox Selector Forks;23;42H1081;Spacer for levers
cat002;chap0203;129;Gearbox & Gear Train;Gearbox Selector Forks;24;GFK1137;Washer 3/8” hole 1 1/4” wide
cat002;chap0203;129;Gearbox & Gear Train;Gearbox Selector Forks;25;GFK3323;Locknut 3/8” UNF
cat002;chap0203;129;Gearbox & Gear Train;Gearbox Selector Forks;26;22G1845;Bell crank pivot pin
cat002;chap0203;129;Gearbox & Gear Train;Gearbox Selector Forks;27;31B447;Pivot pin ‘O’ ring oil seal
cat002;chap0203;129;Gearbox & Gear Train;Gearbox Selector Forks;28;22G2595;Roll pin to hold selector 3rd/4th fork on shaft
cat002;chap0203;129;Gearbox & Gear Train;Gearbox Selector Forks;29;AHU1672;Seal for selector rod housing
cat002;chap0203;129;Gearbox & Gear Train;Gearbox Selector Forks;30;CDU1563;O ring for bush [Link]DAM8706[/Link]
cat002;chap0203;129;Gearbox & Gear Train;Gearbox Selector Forks;31;DAM8706;Bush alloy behind [Link]AHU1672[/Link] seal
cat002;chap0203;129;Gearbox & Gear Train;Gearbox Selector Forks;32;MSSK050;Leak fix kit
cat002;chap0203;129;Gearbox & Gear Train;Gearbox Selector Forks;33;AAU2304;Seal for [Link]DAM8488[/Link]
cat002;chap0203;130;Gearbox & Gear Train;Gears;1;DAM6242;1st motion shaft 16 teeth - Two identification grooves on teeth
cat002;chap0203;130;Gearbox & Gear Train;Gears;2;13H9513;Bearing for 1st motion inner
cat002;chap0203;130;Gearbox & Gear Train;Gears;3;ADU7619;Ball Bearing for 1st motion shaft
cat002;chap0203;130;Gearbox & Gear Train;Gears;4;22G850;Circlip to retain roller bearing
cat002;chap0203;130;Gearbox & Gear Train;Gears;5;DAM3187;Layshaft
cat002;chap0203;130;Gearbox & Gear Train;Gears;5;C-22A1739;Layshaft, upgraded and precision ground
cat002;chap0203;130;Gearbox & Gear Train;Gears;6;DAM4931;Laygear (30/26/21/15 teeth) - One identification groove on teeth
cat002;chap0203;130;Gearbox & Gear Train;Gears;6;DAM6238;Laygear (31/27/21/15 teeth) - Two identification grooves on teeth
cat002;chap0203;130;Gearbox & Gear Train;Gears;7;13H9513;Bearing for laygear small end
cat002;chap0203;130;Gearbox & Gear Train;Gears;8;CHM141;Bearing for laygear large end
cat002;chap0203;130;Gearbox & Gear Train;Gears;10;DAM3181;Thrust washer 0.124-126”(3.14-3.20mm)
cat002;chap0203;130;Gearbox & Gear Train;Gears;10;DAM3182;Thrust washer 0.127-129”(3.22-3.27mm)
cat002;chap0203;130;Gearbox & Gear Train;Gears;11;TUB10020;Reverse gear with single bush
cat002;chap0203;130;Gearbox & Gear Train;Gears;12;TUJ10001;Bush for reverse gear
cat002;chap0203;130;Gearbox & Gear Train;Gears;13;DAM8038;Idler shaft for reverse gear
cat002;chap0203;130;Gearbox & Gear Train;Gears;14;DAM7484;Main shaft
cat002;chap0203;130;Gearbox & Gear Train;Gears;15;C-22A1741;Baulk ring steel performance
cat002;chap0203;130;Gearbox & Gear Train;Gears;16;DAM7456;Synchroniser 3rd/4th hub assembly
cat002;chap0203;130;Gearbox & Gear Train;Gears;17;BLS107;Ball bearing for synchroniser hub
cat002;chap0203;130;Gearbox & Gear Train;Gears;18;22G2262;Spring for synchroniser hub
cat002;chap0203;130;Gearbox & Gear Train;Gears;19;DAM4933;3rd gear 21 teeth - One identification groove on teeth
cat002;chap0203;130;Gearbox & Gear Train;Gears;20;AAU1816;Roller bearing for 3rd gear
cat002;chap0203;130;Gearbox & Gear Train;Gears;21;22G947;Thrust retaining collar for 3rd gear
cat002;chap0203;130;Gearbox & Gear Train;Gears;23;22G154;Spring for 2nd/3rd retaining peg
cat002;chap0203;130;Gearbox & Gear Train;Gears;24;DAM4932;2nd gear 26 teeth - One identification groove on teeth
cat002;chap0203;130;Gearbox & Gear Train;Gears;24;DAM6240;2nd gear 25 teeth - Two identification grooves on teeth
cat002;chap0203;130;Gearbox & Gear Train;Gears;25;AAU1816;Roller bearing for 2nd gear
cat002;chap0203;130;Gearbox & Gear Train;Gears;26;22G839;Thrust retaining collar 2nd gear
cat002;chap0203;130;Gearbox & Gear Train;Gears;27;DAM7456;Synchroniser 1st/2nd hub assembly
cat002;chap0203;130;Gearbox & Gear Train;Gears;28;22G1096;1st gear
cat002;chap0203;130;Gearbox & Gear Train;Gears;29;AAU1815;Roller bearing for 1st gear
cat002;chap0203;130;Gearbox & Gear Train;Gears;31;AAU1365;Mainshaft double row ball bearing
cat002;chap0203;130;Gearbox & Gear Train;Gears;32;ADU4992;Snap ring, spacer for bearing
cat002;chap0203;130;Gearbox & Gear Train;Gears;33;GUG705645GM;Shim 3 thou
cat002;chap0203;130;Gearbox & Gear Train;Gears;33;GUG705646GM;Shim 10 thou
cat002;chap0203;130;Gearbox & Gear Train;Gears;34;2A3581;Locking plate
cat002;chap0203;130;Gearbox & Gear Train;Gears;36;DAM2377;Locktab for retainer
cat002;chap0203;130;Gearbox & Gear Train;Gears;37;SH505061;Screw 5/16”UNC 3/4”long
cat002;chap0203;130;Gearbox & Gear Train;Gears;38;DAM2679;Pinion for final drive 18 teeth (3.4)
cat002;chap0203;130;Gearbox & Gear Train;Gears;38;DAM2808;Pinion for final drive 19 teeth (3.1 and 3.2)
cat002;chap0203;130;Gearbox & Gear Train;Gears;39;DAM6140;Locktab for pinion
cat002;chap0203;130;Gearbox & Gear Train;Gears;40;DAM7485;Nut for locking mainshaft
cat002;chap0203;131;Gearbox & Gear Train;Differential;2;ATA7378;Bush for case
cat002;chap0203;131;Gearbox & Gear Train;Differential;3;DAM6327;Crown wheel gear 3.1 ratio - 59 teeth - 998cc
cat002;chap0203;131;Gearbox & Gear Train;Differential;3;DAM2806;Crown wheel gear 3.2 ratio - 61 teeth - 1275cc
cat002;chap0203;131;Gearbox & Gear Train;Differential;3;DAM2677;Crown wheel gear 3.44 ratio - 62 teeth
cat002;chap0203;131;Gearbox & Gear Train;Differential;4;ATA7385;Bush for crown wheel gear
cat002;chap0203;131;Gearbox & Gear Train;Differential;5;ATA7043;Bolt, crown wheel to differential case
cat002;chap0203;131;Gearbox & Gear Train;Differential;6;ATA7378;Locktab for crown wheel
cat002;chap0203;131;Gearbox & Gear Train;Differential;7;BTA154;Thrust block
cat002;chap0203;131;Gearbox & Gear Train;Differential;8;DAM6624;Planet gear
cat002;chap0203;131;Gearbox & Gear Train;Differential;8;DAM6624BUSHED;Planet gear with bush - See notes
cat002;chap0203;131;Gearbox & Gear Train;Differential;9;DAM5071;Bronze thrust washer
cat002;chap0203;131;Gearbox & Gear Train;Differential;10;C-BTA166;Upgraded differential pin
cat002;chap0203;131;Gearbox & Gear Train;Differential;10;C-BTA164;Molybdenum coated differential pin
cat002;chap0203;131;Gearbox & Gear Train;Differential;10;C-BTA167;Diff pin kit - Includes 2 x [link]DAM6624BUSHED[/link] and [link]C-BTA166[/link]
cat002;chap0203;131;Gearbox & Gear Train;Differential;11;RPS1418;Roll pin
cat002;chap0203;131;Gearbox & Gear Train;Differential;12;DAM3114;Output shaft
cat002;chap0203;131;Gearbox & Gear Train;Differential;13;22G2688;Circlip
cat002;chap0203;131;Gearbox & Gear Train;Differential;14;BTA101;Fibre thrust washer - 35 thou thick
cat002;chap0203;131;Gearbox & Gear Train;Differential;14;BTA102;Fibre thrust washer - 43 thou thick
cat002;chap0203;131;Gearbox & Gear Train;Differential;15;AHU1856;Differential ball bearing
cat002;chap0203;131;Gearbox & Gear Train;Differential;16;DAM3108;Differential bearing shims .006”/.1524mm
cat002;chap0203;131;Gearbox & Gear Train;Differential;16;DAM3109;Differential bearing shims .010”/.2540mm
cat002;chap0203;131;Gearbox & Gear Train;Differential;16;DAM3633;Differential bearing shims .020”/.5080mm
cat002;chap0203;131;Gearbox & Gear Train;Differential;17;CHM85;Alloy output shaft/flange cover
cat002;chap0203;131;Gearbox & Gear Train;Differential;18;2A3538;Bush for output flange cover
cat002;chap0203;131;Gearbox & Gear Train;Differential;19;ADU5738;Oil Seal for output flange cover
cat002;chap0203;131;Gearbox & Gear Train;Differential;20;22A1611;Gasket for output flange cover
cat002;chap0203;131;Gearbox & Gear Train;Differential;20;GUG705567GM;Gasket for output flange cover - Genuine
cat002;chap0203;131;Gearbox & Gear Train;Differential;21;GFK5234;Bolt 5/16” UNC 1”long
cat002;chap0203;131;Gearbox & Gear Train;Differential;22;GFK1125;Spring washer
cat002;chap0203;131;Gearbox & Gear Train;Differential;23;GCV1102MS;Inboard CV joint (pot joint) non genuine
cat002;chap0203;131;Gearbox & Gear Train;Differential;24;BHM7012;Gaiter kit for pot joint
cat002;chap0203;131;Gearbox & Gear Train;Differential;24;GSV1073;Gaiter kit for pot joint - Genuine
cat002;chap0203;131;Gearbox & Gear Train;Differential;25;AKF1457;Grease for pot joint (supplied in kit)
cat002;chap0203;132;Gearbox & Gear Train;Gear Lever and Selector Mechanism;1;DAM3670;Gear lever alloy housing
cat002;chap0203;132;Gearbox & Gear Train;Gear Lever and Selector Mechanism;2;42B413;Housing steady bush was 42H1214
cat002;chap0203;132;Gearbox & Gear Train;Gear Lever and Selector Mechanism;3;DAM2670;Pin for gear lever retainer long
cat002;chap0203;132;Gearbox & Gear Train;Gear Lever and Selector Mechanism;5;DAM8621;Base plate for housing
cat002;chap0203;132;Gearbox & Gear Train;Gear Lever and Selector Mechanism;6;22G2026;Bracket, housing to floor
cat002;chap0203;132;Gearbox & Gear Train;Gear Lever and Selector Mechanism;7;BH606281;Bolt for No.6 bracket 3/8” UNF 31/2”long
cat002;chap0203;132;Gearbox & Gear Train;Gear Lever and Selector Mechanism;8;GFK3323;Locknut 3/8” UNF for No.7
cat002;chap0203;132;Gearbox & Gear Train;Gear Lever and Selector Mechanism;9;22G2205;Mounting rubber, bracket to floor
cat002;chap0203;132;Gearbox & Gear Train;Gear Lever and Selector Mechanism;10;GFK1125;Spring washer 5/16”
cat002;chap0203;132;Gearbox & Gear Train;Gear Lever and Selector Mechanism;11;GFK3212;Nut 5/16” UNF
cat002;chap0203;132;Gearbox & Gear Train;Gear Lever and Selector Mechanism;12;C-22A1751;Gear lever chrome - Quick shift - Aftermarket product
cat002;chap0203;132;Gearbox & Gear Train;Gear Lever and Selector Mechanism;12;C-22A1752;Gear lever chrome - Quick shift - Performance product
cat002;chap0203;132;Gearbox & Gear Train;Gear Lever and Selector Mechanism;13;BG2602;Gear lever knob, wooden less emblem
cat002;chap0203;132;Gearbox & Gear Train;Gear Lever and Selector Mechanism;13;BG2702;Gear lever knob, leather less emblem
cat002;chap0203;132;Gearbox & Gear Train;Gear Lever and Selector Mechanism;14;MSA0198;Gear lever knob 31/2” tall in burr walnut
cat002;chap0203;132;Gearbox & Gear Train;Gear Lever and Selector Mechanism;15;22G1434;Retainer cup for gear lever
cat002;chap0203;132;Gearbox & Gear Train;Gear Lever and Selector Mechanism;16;22G2792;Extension and gear lever alloy base
cat002;chap0203;132;Gearbox & Gear Train;Gear Lever and Selector Mechanism;18;RPS1416;Roll pin, extension rod and coupling
cat002;chap0203;132;Gearbox & Gear Train;Gear Lever and Selector Mechanism;19;42H1116;Coupling yoke for extension rod
cat002;chap0203;132;Gearbox & Gear Train;Gear Lever and Selector Mechanism;21;UKN10032;Steady rod, gearbox to gear lever 1275cc only
cat002;chap0203;132;Gearbox & Gear Train;Gear Lever and Selector Mechanism;23;GFK3212;Nut plain 5/16” UNF
cat002;chap0203;132;Gearbox & Gear Train;Gear Lever and Selector Mechanism;24;GFK1125;Spring washer 5/16”
cat002;chap0203;132;Gearbox & Gear Train;Gear Lever and Selector Mechanism;25;GFK3225;Locking nut 1/2” UNF
cat002;chap0203;132;Gearbox & Gear Train;Gear Lever and Selector Mechanism;26;GFK1117;Washer plain 1/2” UNF
cat002;chap0203;132;Gearbox & Gear Train;Gear Lever and Selector Mechanism;27;CZH4278;Gear lever PVC rubber gaiter
cat002;chap0203;132;Gearbox & Gear Train;Gear Lever and Selector Mechanism;28;FJN10003;Retainer for gear lever gaiter
cat002;chap0203;132;Gearbox & Gear Train;Gear Lever and Selector Mechanism;29;GEX7088;Exhaust bracket use [link]GEX7526[/link]
cat002;chap0203;132;Gearbox & Gear Train;Gear Lever and Selector Mechanism;30;12G1318;Adaptor alloy plate for [link]12A361[/link] to gearbox
cat002;chap0203;132;Gearbox & Gear Train;Gear Lever and Selector Mechanism;31;12G1319;Screw-special countersunk head for [link]12G1318[/link]
cat002;chap0203;132;Gearbox & Gear Train;Gear Lever and Selector Mechanism;32;MSG12;Barrel bias for slicker gear change (slickshift)
cat002;chap0203;132;Gearbox & Gear Train;Gear Lever and Selector Mechanism;33;BHH2002AM;Vinyl Cooper style gaiter, black/red stitching
cat002;chap0203;132;Gearbox & Gear Train;Gear Lever and Selector Mechanism;33;BHH2002;Vinyl Cooper style gaiter, black/black stitching
cat002;chap0204;149;Driveshafts Suspension & Wheels;Driveshafts and CV joints, Drive Flange and Front;2;GCV1013;Constant velocity joint with gaiter, clips, grease and hub nut
cat002;chap0204;149;Driveshafts Suspension & Wheels;Driveshafts and CV joints, Drive Flange and Front;3;18G9027MS;Gaiter kit with plastic clips and grease
cat002;chap0204;149;Driveshafts Suspension & Wheels;Driveshafts and CV joints, Drive Flange and Front;3;GSV1053;Gaiter kit Heavy duty with metal clips
cat002;chap0204;149;Driveshafts Suspension & Wheels;Driveshafts and CV joints, Drive Flange and Front;4;37H8706;Circlip inner, thin
cat002;chap0204;149;Driveshafts Suspension & Wheels;Driveshafts and CV joints, Drive Flange and Front;6;CDU1563;Oil seal, shaft to inboard joint, discontinued from 1994
cat002;chap0204;149;Driveshafts Suspension & Wheels;Driveshafts and CV joints, Drive Flange and Front;7;GCV1102MS;Inboard CV Joint (pot joint) non genuine
cat002;chap0204;149;Driveshafts Suspension & Wheels;Driveshafts and CV joints, Drive Flange and Front;8;BHM7012;Gaiter kit for inboard joint with grease and plastic clips
cat002;chap0204;149;Driveshafts Suspension & Wheels;Driveshafts and CV joints, Drive Flange and Front;8;GSV1073;Gaiter kit for inboard joint with grease and metal clips
cat002;chap0204;149;Driveshafts Suspension & Wheels;Driveshafts and CV joints, Drive Flange and Front;9;AKF1457;Grease sachet for all joints (supplied in all gaiter kits)
cat002;chap0204;149;Driveshafts Suspension & Wheels;Driveshafts and CV joints, Drive Flange and Front;10;MS1246;Shaft only, R/H thick type in upgraded material
cat002;chap0204;149;Driveshafts Suspension & Wheels;Driveshafts and CV joints, Drive Flange and Front;10;MS1247;Shaft only, L/H thick type in upgraded material
cat002;chap0204;149;Driveshafts Suspension & Wheels;Driveshafts and CV joints, Drive Flange and Front;10;C-BTA1268;Competition drive shaft with circlip No.5 built in
cat002;chap0204;149;Driveshafts Suspension & Wheels;Driveshafts and CV joints, Drive Flange and Front;11;GHF510;Split pin supplied in CV joint kit item 2
cat002;chap0204;149;Driveshafts Suspension & Wheels;Driveshafts and CV joints, Drive Flange and Front;12;GHK1140;Front hub Timken tapered bearing kit with seals and split pin
cat002;chap0204;149;Driveshafts Suspension & Wheels;Driveshafts and CV joints, Drive Flange and Front;12;GHK1140MS;Front hub tapered bearing kit with seals and split pin
cat002;chap0204;149;Driveshafts Suspension & Wheels;Driveshafts and CV joints, Drive Flange and Front;13;GHS101;Oil seal outer
cat002;chap0204;149;Driveshafts Suspension & Wheels;Driveshafts and CV joints, Drive Flange and Front;14;GHS173;Oil seal inner with plastic protective shield
cat002;chap0204;149;Driveshafts Suspension & Wheels;Driveshafts and CV joints, Drive Flange and Front;16;21A2695MS;Drive flange to original material grade with studs (EN8)
cat002;chap0204;149;Driveshafts Suspension & Wheels;Driveshafts and CV joints, Drive Flange and Front;16;NAM6450F;Drive flange with studs, ERA Turbo and Metro
cat002;chap0204;149;Driveshafts Suspension & Wheels;Driveshafts and CV joints, Drive Flange and Front;17;21A2064;Wheel stud, 35mm stud shaft length with 22mm thread
cat002;chap0204;149;Driveshafts Suspension & Wheels;Driveshafts and CV joints, Drive Flange and Front;17;21A2064L;Wheel stud, 50mm stud shaft length with 26mm thread
cat002;chap0204;149;Driveshafts Suspension & Wheels;Driveshafts and CV joints, Drive Flange and Front;18;FAM9270A;Tappered Collar for drive flange
cat002;chap0204;149;Driveshafts Suspension & Wheels;Driveshafts and CV joints, Drive Flange and Front;19;BTA249;Castle nut 33.3mm (15/16”) wide for drive flange to cv joint
cat002;chap0204;149;Driveshafts Suspension & Wheels;Driveshafts and CV joints, Drive Flange and Front;19;BTA249MS;Castle nut 34mm wide for drive flange to cv joint
cat002;chap0204;149;Driveshafts Suspension & Wheels;Driveshafts and CV joints, Drive Flange and Front;20;113087;Wheel nut, with 60 degree seat angle for steel wheels
cat002;chap0204;149;Driveshafts Suspension & Wheels;Driveshafts and CV joints, Drive Flange and Front;20;CN2;Wheel chrome nut, with 60 degree seat angle
cat002;chap0204;149;Driveshafts Suspension & Wheels;Driveshafts and CV joints, Drive Flange and Front;20;CN5;Wheel chrome nut, with 60 degree angle larger seat
cat002;chap0204;149;Driveshafts Suspension & Wheels;Driveshafts and CV joints, Drive Flange and Front;20;AJM1139;Wheel nut, for alloy wheels less stainless steel cover
cat002;chap0204;149;Driveshafts Suspension & Wheels;Driveshafts and CV joints, Drive Flange and Front;20;NAM9075;Wheel nut, for alloy wheels with stainless steel cover
cat002;chap0204;149;Driveshafts Suspension & Wheels;Driveshafts and CV joints, Drive Flange and Front;21;GHF510;Split Pin
cat002;chap0204;150;Driveshafts Suspension & Wheels;Front Suspension, Hubs, Upper and Lower Arms;1;21A2690;Upper arm assembly, R/H
cat002;chap0204;150;Driveshafts Suspension & Wheels;Front Suspension, Hubs, Upper and Lower Arms;1;21A2691;Upper arm assembly, L/H
cat002;chap0204;150;Driveshafts Suspension & Wheels;Front Suspension, Hubs, Upper and Lower Arms;2;88G302;Needle roller bearing for upper arm (2 per arm)
cat002;chap0204;150;Driveshafts Suspension & Wheels;Front Suspension, Hubs, Upper and Lower Arms;3;UHN445;Grease nipple - angled
cat002;chap0204;150;Driveshafts Suspension & Wheels;Front Suspension, Hubs, Upper and Lower Arms;4;GSJ166MS;Swivel pin kit complete (upper and lower per hub)
cat002;chap0204;150;Driveshafts Suspension & Wheels;Front Suspension, Hubs, Upper and Lower Arms;5;2A4238;Locktab
cat002;chap0204;150;Driveshafts Suspension & Wheels;Front Suspension, Hubs, Upper and Lower Arms;6;GFK3214;Nut, 7/16” UNF
cat002;chap0204;150;Driveshafts Suspension & Wheels;Front Suspension, Hubs, Upper and Lower Arms;7;GFK1127;Spring washer 7/16”
cat002;chap0204;150;Driveshafts Suspension & Wheels;Front Suspension, Hubs, Upper and Lower Arms;8;BTA377;Dust cover
cat002;chap0204;150;Driveshafts Suspension & Wheels;Front Suspension, Hubs, Upper and Lower Arms;10;2A4242;Ball joint extra shim kit, 2 of each size
cat002;chap0204;150;Driveshafts Suspension & Wheels;Front Suspension, Hubs, Upper and Lower Arms;11;21A1879;Lower arm R/H all models except ERA Turbo
cat002;chap0204;150;Driveshafts Suspension & Wheels;Front Suspension, Hubs, Upper and Lower Arms;11;21A1881;Lower arm L/H all models except ERA Turbo
cat002;chap0204;150;Driveshafts Suspension & Wheels;Front Suspension, Hubs, Upper and Lower Arms;11;C-AJJ3364;Lower arm pair, providing extra 1.5 degree negative camber
cat002;chap0204;150;Driveshafts Suspension & Wheels;Front Suspension, Hubs, Upper and Lower Arms;12;FAM2390;Swivel hub R/H was BTA186
cat002;chap0204;150;Driveshafts Suspension & Wheels;Front Suspension, Hubs, Upper and Lower Arms;12;FAM2391;Swivel hub L/H was BTA187
cat002;chap0204;150;Driveshafts Suspension & Wheels;Front Suspension, Hubs, Upper and Lower Arms;13;LN10051;Grease nipple straight was UHN400
cat002;chap0204;150;Driveshafts Suspension & Wheels;Front Suspension, Hubs, Upper and Lower Arms;14;BTA896;Steering arm R/H, MK2 on - Except Cooper ‘S’ 1275GT
cat002;chap0204;150;Driveshafts Suspension & Wheels;Front Suspension, Hubs, Upper and Lower Arms;14;BTA894;Steering arm R/H, thicker upgrade-Cooper ‘S’ (1275GT to 1974)
cat002;chap0204;150;Driveshafts Suspension & Wheels;Front Suspension, Hubs, Upper and Lower Arms;14;BTA897;Steering arm L/H, MK2 on - Except Cooper ‘S’ 1275GT
cat002;chap0204;150;Driveshafts Suspension & Wheels;Front Suspension, Hubs, Upper and Lower Arms;14;BTA895;Steering arm L/H, thicker upgrade-Cooper ‘S’ (1275GT to 1974)
cat002;chap0204;150;Driveshafts Suspension & Wheels;Front Suspension, Hubs, Upper and Lower Arms;15;2A4315;Steering arm bolt
cat002;chap0204;150;Driveshafts Suspension & Wheels;Front Suspension, Hubs, Upper and Lower Arms;16;FAM6924;Dowel for steering arm, was 2A4314
cat002;chap0204;150;Driveshafts Suspension & Wheels;Front Suspension, Hubs, Upper and Lower Arms;17;2K5377;Locktab for steering arm
cat002;chap0204;150;Driveshafts Suspension & Wheels;Front Suspension, Hubs, Upper and Lower Arms;18;2A4325;Upper arm support shaft
cat002;chap0204;150;Driveshafts Suspension & Wheels;Front Suspension, Hubs, Upper and Lower Arms;20;2A7324;Thrust washer
cat002;chap0204;150;Driveshafts Suspension & Wheels;Front Suspension, Hubs, Upper and Lower Arms;21;2A7327;Rubber sealing ring
cat002;chap0204;150;Driveshafts Suspension & Wheels;Front Suspension, Hubs, Upper and Lower Arms;23;GFK1128;Spring washer, 1/2” UNF
cat002;chap0204;150;Driveshafts Suspension & Wheels;Front Suspension, Hubs, Upper and Lower Arms;24;GFK3215;Plain nut, 1/2” UNF
cat002;chap0204;150;Driveshafts Suspension & Wheels;Front Suspension, Hubs, Upper and Lower Arms;25;MSK001;Upper arm repair kit
cat002;chap0204;150;Driveshafts Suspension & Wheels;Front Suspension, Hubs, Upper and Lower Arms;26;C-AJJ3360;Lower arm pair, adjustable for correcting camber
cat002;chap0204;150;Driveshafts Suspension & Wheels;Front Suspension, Hubs, Upper and Lower Arms;27;C-AJJ3360B;Spherical joints, cover and spacer kit for lower arm
cat002;chap0204;150;Driveshafts Suspension & Wheels;Front Suspension, Hubs, Upper and Lower Arms;28;C-AJJ3360A;Lower arm & spherical joints, cover and spacer kit
cat002;chap0204;151;Driveshafts Suspension & Wheels;Front Suspension;1;342001;Damper assembly front except Sportspack and turbo
cat002;chap0204;151;Driveshafts Suspension & Wheels;Front Suspension;1;442001;Damper assembly front except Sportspack and turbo
cat002;chap0204;151;Driveshafts Suspension & Wheels;Front Suspension;1;C-STR1675;
cat002;chap0204;151;Driveshafts Suspension & Wheels;Front Suspension;1;552018;Damper assembly front for standard or Sportspack use
cat002;chap0204;151;Driveshafts Suspension & Wheels;Front Suspension;1;C-STR306;
cat002;chap0204;151;Driveshafts Suspension & Wheels;Front Suspension;1;C-STR304;Damper assembly adjustable - ERA Turbo / upgrade
cat002;chap0204;151;Driveshafts Suspension & Wheels;Front Suspension;1;C-STN231;Damper assembly front adjustable upgrade
cat002;chap0204;151;Driveshafts Suspension & Wheels;Front Suspension;1;C-STN236;Damper assembly front adjustable upgrade
cat002;chap0204;151;Driveshafts Suspension & Wheels;Front Suspension;1;743039;Damper assembly front on car adjustable upgrade
cat002;chap0204;151;Driveshafts Suspension & Wheels;Front Suspension;1;B36-0370;Damper assembly Bilstein
cat002;chap0204;151;Driveshafts Suspension & Wheels;Front Suspension;2;SPAX-EYE;Bush with sleeve for Spax and Gaz dampers only
cat002;chap0204;151;Driveshafts Suspension & Wheels;Front Suspension;4;21A90;Bolt 3/8” UNF 4 1/2” long for lower damper fixing
cat002;chap0204;151;Driveshafts Suspension & Wheels;Front Suspension;4;C-AJJ3361;Pin for lower damping fixing, upgraded with built in spacer
cat002;chap0204;151;Driveshafts Suspension & Wheels;Front Suspension;5;21A2694;Spacer for front damper, not required with [link]C-AJJ3361[/link]
cat002;chap0204;151;Driveshafts Suspension & Wheels;Front Suspension;6;GFK3323;Lock nut 3/8” UNF
cat002;chap0204;151;Driveshafts Suspension & Wheels;Front Suspension;7;21A471;Mounting bracket for damper R/H, standard use
cat002;chap0204;151;Driveshafts Suspension & Wheels;Front Suspension;7;21A474;Mounting bracket for damper L/H, standard use
cat002;chap0204;151;Driveshafts Suspension & Wheels;Front Suspension;7;C-AJJ3359;Mounting bracket pair for dampers when lowered suspension
cat002;chap0204;151;Driveshafts Suspension & Wheels;Front Suspension;8;GFK5179;Bolt, 1/4”UNF, 3/4”long for bracket to wing
cat002;chap0204;151;Driveshafts Suspension & Wheels;Front Suspension;9;GFK1124;Spring washer, 1/4” UNF
cat002;chap0204;151;Driveshafts Suspension & Wheels;Front Suspension;10;AJD7162;Plain washer 3/8” UNF (1.4mm thick 24.7mm wide)
cat002;chap0204;151;Driveshafts Suspension & Wheels;Front Suspension;11;FAM2764;Bump stop fitted on subframe
cat002;chap0204;151;Driveshafts Suspension & Wheels;Front Suspension;11;FAM2764MS;Bump stop fitted on subframe
cat002;chap0204;151;Driveshafts Suspension & Wheels;Front Suspension;12;FAM2767;Packing washer for under [link]FAM2764[/link]
cat002;chap0204;151;Driveshafts Suspension & Wheels;Front Suspension;13;GFK1124;Spring washer, 1/4” UNF
cat002;chap0204;151;Driveshafts Suspension & Wheels;Front Suspension;14;GFK3211;Plain nut, 1/4” UNF
cat002;chap0204;151;Driveshafts Suspension & Wheels;Front Suspension;15;21A530;Suspension cone front strut
cat002;chap0204;151;Driveshafts Suspension & Wheels;Front Suspension;15;HILO;Suspension cone adjustable front strut
cat002;chap0204;151;Driveshafts Suspension & Wheels;Front Suspension;16;GSV1118MS;Knuckle joint assembly
cat002;chap0204;151;Driveshafts Suspension & Wheels;Front Suspension;17;21A423MS;Nylon cup for knuckle joint
cat002;chap0204;151;Driveshafts Suspension & Wheels;Front Suspension;18;21A425;Gaiter for knuckle joint
cat002;chap0204;151;Driveshafts Suspension & Wheels;Front Suspension;19;21A1845;Spacer washer to raise suspension
cat002;chap0204;151;Driveshafts Suspension & Wheels;Front Suspension;20;FAM3968;Suspension rubber cone (genuine Rover tooling)
cat002;chap0204;151;Driveshafts Suspension & Wheels;Front Suspension;20;C-STR687;Suspension rubber cone, requires fitment of Hilos
cat002;chap0204;151;Driveshafts Suspension & Wheels;Front Suspension;21;8G4249;Tie rod assembly complete
cat002;chap0204;151;Driveshafts Suspension & Wheels;Front Suspension;21;21A1092;Tie rod upgraded adjustable complete with C-STR627 bushes
cat002;chap0204;151;Driveshafts Suspension & Wheels;Front Suspension;22;53K1031;Bolt 5/16” UNF, 13/8” long with special shank
cat002;chap0204;151;Driveshafts Suspension & Wheels;Front Suspension;23;GFK1125;Spring washer 5/16”
cat002;chap0204;151;Driveshafts Suspension & Wheels;Front Suspension;24;GFK3212;Plain nut 5/16” UNF
cat002;chap0204;151;Driveshafts Suspension & Wheels;Front Suspension;25;31G1155;Tie rod bush
cat002;chap0204;151;Driveshafts Suspension & Wheels;Front Suspension;25;C-STR627;Tie rod bush upgraded kit
cat002;chap0204;151;Driveshafts Suspension & Wheels;Front Suspension;26;2A4328;Cup washer
cat002;chap0204;151;Driveshafts Suspension & Wheels;Front Suspension;27;PWZ207;Plain heavy duty washer
cat002;chap0204;151;Driveshafts Suspension & Wheels;Front Suspension;28;GFK3224;Locking nut 7/16”UNF
cat002;chap0204;151;Driveshafts Suspension & Wheels;Front Suspension;29;2A4362;Lower arm support pivot pin
cat002;chap0204;151;Driveshafts Suspension & Wheels;Front Suspension;30;21A1882;Bush for lower arm pivot pin in rubber
cat002;chap0204;151;Driveshafts Suspension & Wheels;Front Suspension;30;21A1882MS;Bush for lower arm pivot pin in polyurethane
cat002;chap0204;151;Driveshafts Suspension & Wheels;Front Suspension;30;C-STR632;Bush kit for lower arm pivot pin when geometry is corrected
cat002;chap0204;151;Driveshafts Suspension & Wheels;Front Suspension;31;GFK1126;Spring washer 3/8”
cat002;chap0204;151;Driveshafts Suspension & Wheels;Front Suspension;32;GFK3323;Lock nut 3/8” UNF
cat002;chap0204;151;Driveshafts Suspension & Wheels;Front Suspension;33;13H2776;Screw 3/16” UNF, 1/2” long
cat002;chap0204;151;Driveshafts Suspension & Wheels;Front Suspension;34;2A4267MS;Upper arm rebound buffer non genuine
cat002;chap0204;152;Driveshafts Suspension & Wheels;Rear Radius Arm and Bearings;1;NAM7162;Radius arm bushed assembly R/H less No.5
cat002;chap0204;152;Driveshafts Suspension & Wheels;Rear Radius Arm and Bearings;1;NAM7162KIT;Radius arm bushed assembly R/H with No.5 repair kit
cat002;chap0204;152;Driveshafts Suspension & Wheels;Rear Radius Arm and Bearings;1;TRA33;Reconditioned radius arm R/H with kit No.5 fitted
cat002;chap0204;152;Driveshafts Suspension & Wheels;Rear Radius Arm and Bearings;1;NAM7163;Radius arm bushed assembly L/H less No.5
cat002;chap0204;152;Driveshafts Suspension & Wheels;Rear Radius Arm and Bearings;1;NAM7163KIT;Radius arm bushed assembly L/H with No.5 repair kit
cat002;chap0204;152;Driveshafts Suspension & Wheels;Rear Radius Arm and Bearings;1;TRA32;Reconditioned radius arm L/H with kit No.5 fitted
cat002;chap0204;152;Driveshafts Suspension & Wheels;Rear Radius Arm and Bearings;2;21A397;
cat002;chap0204;152;Driveshafts Suspension & Wheels;Rear Radius Arm and Bearings;3;2A7351;Stub axle shaft R/H
cat002;chap0204;152;Driveshafts Suspension & Wheels;Rear Radius Arm and Bearings;3;2A7364;Stub axle shaft L/H
cat002;chap0204;152;Driveshafts Suspension & Wheels;Rear Radius Arm and Bearings;4;2A7352;Circlip for stub axle
cat002;chap0204;152;Driveshafts Suspension & Wheels;Rear Radius Arm and Bearings;5;GSV1125;Radius arm repair kit (single arm only)
cat002;chap0204;152;Driveshafts Suspension & Wheels;Rear Radius Arm and Bearings;7;2A7327;Rubber sealing ring
cat002;chap0204;152;Driveshafts Suspension & Wheels;Rear Radius Arm and Bearings;8;2A7324;Outer thrust washer
cat002;chap0204;152;Driveshafts Suspension & Wheels;Rear Radius Arm and Bearings;9;ACA9302;Inner thrust washer
cat002;chap0204;152;Driveshafts Suspension & Wheels;Rear Radius Arm and Bearings;10;2A7325;Bronze bush outer
cat002;chap0204;152;Driveshafts Suspension & Wheels;Rear Radius Arm and Bearings;11;GFK3215;Plain nut 1/2” UNF
cat002;chap0204;152;Driveshafts Suspension & Wheels;Rear Radius Arm and Bearings;12;LN10051;Grease nipple straight, was UHN400
cat002;chap0204;152;Driveshafts Suspension & Wheels;Rear Radius Arm and Bearings;13;RLH10021;Hub rear less wheel studs
cat002;chap0204;152;Driveshafts Suspension & Wheels;Rear Radius Arm and Bearings;14;21A1278;Wheel stud, 55mm stud shaft length with 20mm thread
cat002;chap0204;152;Driveshafts Suspension & Wheels;Rear Radius Arm and Bearings;14;ENJO-1039;Wheel stud, 58mm stud shaft length with 19mm thread
cat002;chap0204;152;Driveshafts Suspension & Wheels;Rear Radius Arm and Bearings;14;ENJO-1040;Wheel stud, 78mm stud shaft length with 27mm thread
cat002;chap0204;152;Driveshafts Suspension & Wheels;Rear Radius Arm and Bearings;15;113087;Wheel nut, with 60 degree seat angle for steel wheels
cat002;chap0204;152;Driveshafts Suspension & Wheels;Rear Radius Arm and Bearings;15;CN5;Wheel Chrome nut, with 60 degree seat angle
cat002;chap0204;152;Driveshafts Suspension & Wheels;Rear Radius Arm and Bearings;15;AJM1139;Wheel nut, for alloy wheels less stainless steel cover
cat002;chap0204;152;Driveshafts Suspension & Wheels;Rear Radius Arm and Bearings;15;NAM9075;Wheel nut, for alloy wheels with stainless steel cover
cat002;chap0204;152;Driveshafts Suspension & Wheels;Rear Radius Arm and Bearings;16;GHK1805;Rear hub tapered upgraded bearing kit with O ring [link]CDU1173[/link]
cat002;chap0204;152;Driveshafts Suspension & Wheels;Rear Radius Arm and Bearings;17;GHS102;Oil seal
cat002;chap0204;152;Driveshafts Suspension & Wheels;Rear Radius Arm and Bearings;18;GHF511;Split pin for stub axle shaft/nut
cat002;chap0204;152;Driveshafts Suspension & Wheels;Rear Radius Arm and Bearings;19;CDU1173;‘O’ ring for stub axle inner. Fitted from 1996 only
cat002;chap0204;152;Driveshafts Suspension & Wheels;Rear Radius Arm and Bearings;20;BTA672;Washer for rear hub nut
cat002;chap0204;152;Driveshafts Suspension & Wheels;Rear Radius Arm and Bearings;21;NL610041;Castle nut R/H with right hand thread
cat002;chap0204;152;Driveshafts Suspension & Wheels;Rear Radius Arm and Bearings;22;FNN2410;Castle nut L/H with left handed thread
cat002;chap0204;152;Driveshafts Suspension & Wheels;Rear Radius Arm and Bearings;23;ATB4098;Grease retaining cap
cat002;chap0204;152;Driveshafts Suspension & Wheels;Rear Radius Arm and Bearings;24;SR4;Spacer for rear wheel 1/8” (5mm) without studs
cat002;chap0204;152;Driveshafts Suspension & Wheels;Rear Radius Arm and Bearings;24;SR3;Spacer for rear wheel 3/16” (3mm) without studs
cat002;chap0204;152;Driveshafts Suspension & Wheels;Rear Radius Arm and Bearings;24;CW17;Spacer kit for rear wheel 3/4” (19mm) with studs
cat002;chap0204;153;Driveshafts Suspension & Wheels;Rear Damper and Suspension;1;342002;Damper assembly rear except Sportspack and turbo
cat002;chap0204;153;Driveshafts Suspension & Wheels;Rear Damper and Suspension;1;442002;Damper assembly rear except Sportspack and turbo
cat002;chap0204;153;Driveshafts Suspension & Wheels;Rear Damper and Suspension;1;C-STR1794;Damper assembly rear adjustable for Sportspack or upgrade
cat002;chap0204;153;Driveshafts Suspension & Wheels;Rear Damper and Suspension;1;552019;Damper assembly rear for standard or Sportspack use
cat002;chap0204;153;Driveshafts Suspension & Wheels;Rear Damper and Suspension;1;C-STR307;Damper assembly rear adjustable for ERA Turbo or upgrade
cat002;chap0204;153;Driveshafts Suspension & Wheels;Rear Damper and Suspension;1;C-STR305;Damper assembly rear adjustable upgrade for lowered cars
cat002;chap0204;153;Driveshafts Suspension & Wheels;Rear Damper and Suspension;1;C-STN233;Damper assembly rear adjustable upgrade
cat002;chap0204;153;Driveshafts Suspension & Wheels;Rear Damper and Suspension;1;C-STN237;Damper assembly rear adjustable upgrade for lowered cars
cat002;chap0204;153;Driveshafts Suspension & Wheels;Rear Damper and Suspension;1;B36-0380;Damper assembly rear upgrade
cat002;chap0204;153;Driveshafts Suspension & Wheels;Rear Damper and Suspension;2;SPAX-EYE;Bush with sleeve for Spax and Gaz dampers only
cat002;chap0204;153;Driveshafts Suspension & Wheels;Rear Damper and Suspension;4;C2542;Upper damper bush and washer kit
cat002;chap0204;153;Driveshafts Suspension & Wheels;Rear Damper and Suspension;5;GFK3323;Locknut 3/8” UNF
cat002;chap0204;153;Driveshafts Suspension & Wheels;Rear Damper and Suspension;6;AJD7162;Plain washer 3/8” UNF (1.4mm thick 24.7mm wide)
cat002;chap0204;153;Driveshafts Suspension & Wheels;Rear Damper and Suspension;7;21A640;Buffer for top of damper
cat002;chap0204;153;Driveshafts Suspension & Wheels;Rear Damper and Suspension;8;GSV1118MS;Knuckle joint assembly
cat002;chap0204;153;Driveshafts Suspension & Wheels;Rear Damper and Suspension;9;21A423MS;Nylon cup for knuckle
cat002;chap0204;153;Driveshafts Suspension & Wheels;Rear Damper and Suspension;10;21A425;Gaiter for knuckle joint
cat002;chap0204;153;Driveshafts Suspension & Wheels;Rear Damper and Suspension;11;FAM3968;Suspension rubber cone
cat002;chap0204;153;Driveshafts Suspension & Wheels;Rear Damper and Suspension;11;C-STR687;Suspension rubber cone, requires fitment of Hilos
cat002;chap0204;153;Driveshafts Suspension & Wheels;Rear Damper and Suspension;12;21A1684;Suspension cone rear strut
cat002;chap0204;153;Driveshafts Suspension & Wheels;Rear Damper and Suspension;13;HILO;Adjustable suspension cone rear strut - requires [link]HILO-01[/link] rods
cat002;chap0204;153;Driveshafts Suspension & Wheels;Rear Damper and Suspension;14;HILO-01;Hilo rear unit rods
cat002;chap0204;153;Driveshafts Suspension & Wheels;Rear Damper and Suspension;15;RXB100040;Bump stop for rear damper Sportspack only
cat002;chap0204;153;Driveshafts Suspension & Wheels;Rear Damper and Suspension;15;ERA1190;Bump stop, fits in [link]FAM3968[/link] cone with [link]GMP038P[/link] bolt
cat002;chap0204;154;Driveshafts Suspension & Wheels;Road Wheels and Wheel Trim;5;RRC10339MS;Wheel 41/2” x 12” 8 spoke alloy, silver
cat002;chap0204;154;Driveshafts Suspension & Wheels;Road Wheels and Wheel Trim;5;C-21A1967;Wheel 5” x 12” 8 spoke alloy, silver, MiniLIFE
cat002;chap0204;154;Driveshafts Suspension & Wheels;Road Wheels and Wheel Trim;5;C-21A1966;Wheel 5” x 12” 8 spoke, silver with diamond cut edge, MiniLIFE
cat002;chap0204;154;Driveshafts Suspension & Wheels;Road Wheels and Wheel Trim;5;C-21A1965;Wheel 5” x 12” 8 spoke, anthracite, diamond cut edge, MiniLIFE
cat002;chap0204;154;Driveshafts Suspension & Wheels;Road Wheels and Wheel Trim;5;C-21A1904;Wheel 5” x 12” 8 spoke alloy, silver MINILITE
cat002;chap0204;154;Driveshafts Suspension & Wheels;Road Wheels and Wheel Trim;5;C-21A1904GOLD;Wheel 5” x 12” 8 spoke alloy, gold MINILITE
cat002;chap0204;154;Driveshafts Suspension & Wheels;Road Wheels and Wheel Trim;5;C-21A1904WHITE;Wheel 5” x 12” 8 spoke alloy, white MINILITE
cat002;chap0204;154;Driveshafts Suspension & Wheels;Road Wheels and Wheel Trim;5;RRC109640MS;Wheel 6” x 13” 8 spoke alloy, silver, Sports pack copy
cat002;chap0204;154;Driveshafts Suspension & Wheels;Road Wheels and Wheel Trim;5;C-21A1903;Wheel 6” x 13” 8 spoke alloy, silver MINILITE
cat002;chap0204;154;Driveshafts Suspension & Wheels;Road Wheels and Wheel Trim;7;FAM3428;Nut for steel wheels to also hold one piece hub cap
cat002;chap0204;154;Driveshafts Suspension & Wheels;Road Wheels and Wheel Trim;8;FAM2563;Plastic washer for [link]FAM3428[/link] to hold hub cap on wheel
cat002;chap0204;154;Driveshafts Suspension & Wheels;Road Wheels and Wheel Trim;9;AJM1139;Nut for alloy wheel less outer polished case
cat002;chap0204;154;Driveshafts Suspension & Wheels;Road Wheels and Wheel Trim;10;NAM9075;Nut for alloy wheels with outer polished case
cat002;chap0204;154;Driveshafts Suspension & Wheels;Road Wheels and Wheel Trim;12;LOCKNUT1;Locking alloy wheel nut kit, after market
cat002;chap0204;154;Driveshafts Suspension & Wheels;Road Wheels and Wheel Trim;12;LOCKNUT5;Locking steel wheel nut kit, after market - for 12” steel
cat002;chap0204;154;Driveshafts Suspension & Wheels;Road Wheels and Wheel Trim;21;NAM9105PMD;Centre cap for alloy wheel, black less logo
cat002;chap0204;154;Driveshafts Suspension & Wheels;Road Wheels and Wheel Trim;21;C-21A1962;Centre cap for MiniLIFE alloy wheel, fits 67mm hole
cat002;chap0204;154;Driveshafts Suspension & Wheels;Road Wheels and Wheel Trim;22;DTC100610RJS;Centre cap for alloy wheel, Monte Carlo, Cooper 35SE, Black/white
cat002;chap0204;154;Driveshafts Suspension & Wheels;Road Wheels and Wheel Trim;23;DTC100680MNH;Centre cap for alloy wheel, with ‘MINI’ logo in green
cat002;chap0204;154;Driveshafts Suspension & Wheels;Road Wheels and Wheel Trim;24;DTC100690MNH;Centre cap for alloy wheel with red ‘Mini Cooper’ in green laurel
cat002;chap0204;154;Driveshafts Suspension & Wheels;Road Wheels and Wheel Trim;26;SR3;Spacer for rear wheel 3/16” (3mm) without studs
cat002;chap0204;154;Driveshafts Suspension & Wheels;Road Wheels and Wheel Trim;26;SR4;Spacer for rear wheel 1/8” (5mm) without studs
cat002;chap0204;154;Driveshafts Suspension & Wheels;Road Wheels and Wheel Trim;26;CW17;Spacer kit for rear wheel 3/4” (19mm) with studs
cat002;chap0205;155;Steering;Steering Wheels, Locks and Columns;1;FAM5285MS;Inner steering column, to 1996 pre air bag
cat002;chap0205;155;Steering;Steering Wheels, Locks and Columns;3;GSV1095;Upper steering column bush, to 1996 pre air bag
cat002;chap0205;155;Steering;Steering Wheels, Locks and Columns;4;NAM8563;Lower steering column bush
cat002;chap0205;155;Steering;Steering Wheels, Locks and Columns;5;21A30;Steering rack to body seal
cat002;chap0205;155;Steering;Steering Wheels, Locks and Columns;6;BH604111;Bolt 1/4” UNF 13/8” long lower inner column pinch bolt
cat002;chap0205;155;Steering;Steering Wheels, Locks and Columns;7;GFK1124;Spring washer 1/4” UNF
cat002;chap0205;155;Steering;Steering Wheels, Locks and Columns;8;GFK3211;Plain nut 1/4” UNF
cat002;chap0205;155;Steering;Steering Wheels, Locks and Columns;11;21H295;Locknut 5/16” UNF for upper bracket bolt
cat002;chap0205;155;Steering;Steering Wheels, Locks and Columns;12;51K4006;Shear bolt 5/16” UNF 21/4” long, bracket to column
cat002;chap0205;155;Steering;Steering Wheels, Locks and Columns;13;51K4002;Shear bolt 5/16” UNF 3/4” long, bracket to dash
cat002;chap0205;155;Steering;Steering Wheels, Locks and Columns;14;21A2464;Retaining plate for steering
cat002;chap0205;155;Steering;Steering Wheels, Locks and Columns;15;21A2466;
cat002;chap0205;155;Steering;Steering Wheels, Locks and Columns;17;BHM7107;Steering lock assembly, to 1996 pre air bag
cat002;chap0205;155;Steering;Steering Wheels, Locks and Columns;18;51K4001;Shear bolt M8 metric 19mm long for steering lock
cat002;chap0205;155;Steering;Steering Wheels, Locks and Columns;24;QRF100750;Steering lock assembly from 1996 when air bag fitted
cat002;chap0205;155;Steering;Steering Wheels, Locks and Columns;25;51K4008;Shear bolt M8 metric 22mm long for steering lock
cat002;chap0205;155;Steering;Steering Wheels, Locks and Columns;26;ACH6001;Steering wheel nut 15/16” wide (33.3mm) pre air bag
cat002;chap0205;155;Steering;Steering Wheels, Locks and Columns;27;53K3480;Shake proof washer, to 1996 pre air bag
cat002;chap0205;155;Steering;Steering Wheels, Locks and Columns;29;QYH10007;Steering wheel nut 1” (25.4mm) wide when air bag fitted
cat002;chap0205;155;Steering;Steering Wheels, Locks and Columns;32;BHM7085;Cowling set in plastic, pre air bag cars to 1996
cat002;chap0205;155;Steering;Steering Wheels, Locks and Columns;33;AT606084;Screw for cowling. (No.6) self tap 7/8” long countersunk head
cat002;chap0205;155;Steering;Steering Wheels, Locks and Columns;35;AC606051;Screw to join rear lower cowlings (No.6) countersunk head
cat002;chap0205;155;Steering;Steering Wheels, Locks and Columns;38;DBP3067;Nut for steering wheel retention
cat002;chap0205;155;Steering;Steering Wheels, Locks and Columns;39;14A7091;Plug for floor where opposite hand rack would fit
cat002;chap0205;157;Steering;Steering racks;1;FAM7306;Steering rack RHD new, except Sportspack
cat002;chap0205;157;Steering;Steering racks;1;GSR3386;Steering rack RHD new, Sportspack only
cat002;chap0205;157;Steering;Steering racks;1;C-AJJ1570;Steering rack RHD new, quick rack 2.2 turns
cat002;chap0205;157;Steering;Steering racks;1;FAM7307;Steering rack LHD new, except Sportspack
cat002;chap0205;157;Steering;Steering racks;1;GSR1185;Steering rack LHD new, Sportspack only
cat002;chap0205;157;Steering;Steering racks;1;C-AJJ1571;Steering rack LHD new, quick rack 2.2 turns
cat002;chap0205;157;Steering;Steering racks;2;BHM7113;Gaiter kit 41/2” long approx
cat002;chap0205;157;Steering;Steering racks;2;GSV1004;Gaiter kit 61/2” long where 2 gaiters are different diameters
cat002;chap0205;157;Steering;Steering racks;2;GSV1056;Gaiter kit 71/2” long fits all Mini Spares racks from 2011
cat002;chap0205;157;Steering;Steering racks;3;NT608041;Plain nut, 1/2” half nut
cat002;chap0205;157;Steering;Steering racks;4;GSJ734MS;Track rod end
cat002;chap0205;157;Steering;Steering racks;4;C-AJJ1572;Track rod end, longer with more threads for rack tie rod
cat002;chap0205;157;Steering;Steering racks;5;GFK3323;Locknut 3/8” UNF
cat002;chap0205;157;Steering;Steering racks;6;2A6208;U bolt, rack to body
cat002;chap0205;157;Steering;Steering racks;7;GFK3322;Locknut 5/16” UNF
cat002;chap0205;157;Steering;Steering racks;8;21A2553;Anti friction and protection strip
cat002;chap0205;157;Steering;Steering racks;9;ACH5854;Gaiter small metal clip
cat002;chap0206;158;Brake and Brake Controls;Front Brakes;1;37H8128;Caliper R/H
cat002;chap0206;158;Brake and Brake Controls;Front Brakes;1;37H8129;Caliper L/H
cat002;chap0206;158;Brake and Brake Controls;Front Brakes;1;C-AJJ4022;Caliper Alloy kit, non vented
cat002;chap0206;158;Brake and Brake Controls;Front Brakes;1;C-AJJ4021;Caliper spacer kit for [link]C-AJJ4022[/link], to convert to vented disc
cat002;chap0206;158;Brake and Brake Controls;Front Brakes;2;114713;Caliper piston in stainless steel for [link]37H8128[/link] & [link]37H8129[/link]
cat002;chap0206;158;Brake and Brake Controls;Front Brakes;2;SAAS501;Caliper piston in stainless steel for all 4 pot callipers
cat002;chap0206;158;Brake and Brake Controls;Front Brakes;3;3H2428;Bleed nipple 3/8” UNF
cat002;chap0206;158;Brake and Brake Controls;Front Brakes;3;BAU1790;Bleed nipple 7mm for 4 pot callipers
cat002;chap0206;158;Brake and Brake Controls;Front Brakes;4;GRK5008;Seal kit for caliper pistons, for [link]GBC138[/link] / [link]GBC141[/link]
cat002;chap0206;158;Brake and Brake Controls;Front Brakes;4;GRK5003;Seal kit for caliper pistons, for [link]GBC2030[/link] / [link]GBC2031[/link]
cat002;chap0206;158;Brake and Brake Controls;Front Brakes;5;17H7679;Seal between caliper halves, for [link]GBC138[/link] / [link]GBC141[/link]
cat002;chap0206;158;Brake and Brake Controls;Front Brakes;5;17H7680;Seal between caliper halves for Mini Spares alloy type
cat002;chap0206;158;Brake and Brake Controls;Front Brakes;7;GBP281MS;Pad set, AP braking for non vented discs
cat002;chap0206;158;Brake and Brake Controls;Front Brakes;7;GBP281ULTIMAX;Pad set, upgrade for non vented discs
cat002;chap0206;158;Brake and Brake Controls;Front Brakes;7;C-AHT16GREEN;Pad set, upgrade for non vented discs, fast road use
cat002;chap0206;158;Brake and Brake Controls;Front Brakes;8;GBP258AF;Pad set, for vented discs + [link]C-AJJ4022[/link] caliper
cat002;chap0206;158;Brake and Brake Controls;Front Brakes;8;GBP258ULTIMAX;Pad set, upgrade for vented discs + [link]C-AJJ4022[/link] caliper
cat002;chap0206;158;Brake and Brake Controls;Front Brakes;8;C-8G8994GREEN;Pad set, upgrade for vented discs + [link]C-AJJ4022[/link] caliper
cat002;chap0206;158;Brake and Brake Controls;Front Brakes;9;MSSK1402;Disc shield kit R/H, upper and lower for non vented discs
cat002;chap0206;158;Brake and Brake Controls;Front Brakes;9;MSSK1403;Disc shield kit L/H, upper and lower for non vented discs
cat002;chap0206;158;Brake and Brake Controls;Front Brakes;10;53K1048;Bolt, 3/8” UNF 1 5/16” long, caliper to hub for non vented discs
cat002;chap0206;158;Brake and Brake Controls;Front Brakes;10;53K1049;Bolt, 3/8” UNF 1 1/2” long, caliper to hub. 3/16” longer
cat002;chap0206;158;Brake and Brake Controls;Front Brakes;10;ERA1128;Bolt, caliper to hub for vented discs with [link]GBC2030[link] / [link]GBC2031[/link]
cat002;chap0206;158;Brake and Brake Controls;Front Brakes;11;GFK1126;Spring washer, 3/8” UNF
cat002;chap0206;158;Brake and Brake Controls;Front Brakes;12;21A2612MS;Brake disc, 8.4” wide non vented Premium quality
cat002;chap0206;158;Brake and Brake Controls;Front Brakes;12;GBD90806MS;Brake disc, 8.4” wide non vented
cat002;chap0206;158;Brake and Brake Controls;Front Brakes;12;C-21A2612;Brake disc, 8.4” wide non vented, drilled and grooved pair
cat002;chap0206;158;Brake and Brake Controls;Front Brakes;13;GBD496;Brake disc, 8.4” wide vented disc (see [link]MS39[/link] kit also)
cat002;chap0206;158;Brake and Brake Controls;Front Brakes;13;C-GBD496;Brake disc, 8.4” wide vented disc, drilled and grooved pair
cat002;chap0206;158;Brake and Brake Controls;Front Brakes;14;BTA370;Screw 3/8”UNF 1 1/16”long, brake disc to drive flange
cat002;chap0206;158;Brake and Brake Controls;Front Brakes;14;SH110201M;Screw M10 Metric 20mm long, brake disc to drive flange
cat002;chap0206;158;Brake and Brake Controls;Front Brakes;15;BTA1208;Stiffener bracket R/H disc shield cover to hub
cat002;chap0206;158;Brake and Brake Controls;Front Brakes;15;BTA1209;Stiffener bracket L/H disc shield cover to hub
cat002;chap0206;158;Brake and Brake Controls;Front Brakes;16;SE910161;Screw 3/16” UNF 7/8” long to join disc shields
cat002;chap0206;158;Brake and Brake Controls;Front Brakes;17;GFK1123;Spring washer 3/16” UNF
cat002;chap0206;158;Brake and Brake Controls;Front Brakes;18;GFK3210;Plain nut 3/16” UNF
cat002;chap0206;158;Brake and Brake Controls;Front Brakes;19;GBK1026;Brake pad retaining clips and split pin kit, non vented disc
cat002;chap0206;158;Brake and Brake Controls;Front Brakes;19;GBK1010;Brake pad split pins only kit - Non vented
cat002;chap0206;158;Brake and Brake Controls;Front Brakes;20;MSSK014;Pair of brake discs and set of pads only - Non vented
cat002;chap0206;158;Brake and Brake Controls;Front Brakes;20;MS39;Pair of brake discs and set of pads only - Vented
cat002;chap0206;159;Brake and Brake Controls;Rear Brakes, Handbrake and Mechanism;1;21A1058;Backplate bare, rear R/H genuine AP
cat002;chap0206;159;Brake and Brake Controls;Rear Brakes, Handbrake and Mechanism;1;21A1058KIT;Backplate built up, rear R/H genuine AP
cat002;chap0206;159;Brake and Brake Controls;Rear Brakes, Handbrake and Mechanism;1;21A1060;Backplate bare, rear L/H genuine AP
cat002;chap0206;159;Brake and Brake Controls;Rear Brakes, Handbrake and Mechanism;1;21A1060KIT;Backplate built up, rear R/H genuine AP
cat002;chap0206;159;Brake and Brake Controls;Rear Brakes, Handbrake and Mechanism;2;21A1669;Bracket for handbrake cable, R/H
cat002;chap0206;159;Brake and Brake Controls;Rear Brakes, Handbrake and Mechanism;2;21A1670;Bracket for handbrake cable, L/H
cat002;chap0206;159;Brake and Brake Controls;Rear Brakes, Handbrake and Mechanism;4;GFK5185;Setscrew 5/16” UNF 1” long, backplate to radius arm
cat002;chap0206;159;Brake and Brake Controls;Rear Brakes, Handbrake and Mechanism;5;GFK1125;Spring washer 5/16” UNF
cat002;chap0206;159;Brake and Brake Controls;Rear Brakes, Handbrake and Mechanism;6;GFK3212;Plain nut 5/16” UNF
cat002;chap0206;159;Brake and Brake Controls;Rear Brakes, Handbrake and Mechanism;7;GBS834AF;Brake shoes, set of 4 genuine
cat002;chap0206;159;Brake and Brake Controls;Rear Brakes, Handbrake and Mechanism;8;AEU1541A;Blanking plug for new AP backplates
cat002;chap0206;159;Brake and Brake Controls;Rear Brakes, Handbrake and Mechanism;9;17H8092;Brake shoe spring lower, cylinder end
cat002;chap0206;159;Brake and Brake Controls;Rear Brakes, Handbrake and Mechanism;10;17H7621;Brake shoe spring upper, adjuster end
cat002;chap0206;159;Brake and Brake Controls;Rear Brakes, Handbrake and Mechanism;11;SMN10005;Handbrake lever set
cat002;chap0206;159;Brake and Brake Controls;Rear Brakes, Handbrake and Mechanism;12;17H7618;Tappet for adjuster pin
cat002;chap0206;159;Brake and Brake Controls;Rear Brakes, Handbrake and Mechanism;13;17H7619;Adjuster pin known as the wedge
cat002;chap0206;159;Brake and Brake Controls;Rear Brakes, Handbrake and Mechanism;14;GWC1102MS;Wheel cylinder 3/4”bore size with item 17
cat002;chap0206;159;Brake and Brake Controls;Rear Brakes, Handbrake and Mechanism;14;GWC1102;Wheel cylinder 3/4”bore size, genuine AP with items 17/18
cat002;chap0206;159;Brake and Brake Controls;Rear Brakes, Handbrake and Mechanism;15;GRK2014;Repair kit for [link]GWC1102[/link] wheel cylinder, genuine AP
cat002;chap0206;159;Brake and Brake Controls;Rear Brakes, Handbrake and Mechanism;16;513118A;Bleed screw, 1/4” UNF
cat002;chap0206;159;Brake and Brake Controls;Rear Brakes, Handbrake and Mechanism;17;17H7949;Retaining clip for wheel cylinder
cat002;chap0206;159;Brake and Brake Controls;Rear Brakes, Handbrake and Mechanism;18;37H4642;Gasket for wheel cylinder to backplate
cat002;chap0206;159;Brake and Brake Controls;Rear Brakes, Handbrake and Mechanism;19;GDB106;Brake drum with built in spacer
cat002;chap0206;159;Brake and Brake Controls;Rear Brakes, Handbrake and Mechanism;20;CMZ422;Screw 1/4” UNF 1 1/4” long for brake drum to hub
cat002;chap0206;159;Brake and Brake Controls;Rear Brakes, Handbrake and Mechanism;21;17H7612;Gaiter, backplate to handbrake levers
cat002;chap0206;159;Brake and Brake Controls;Rear Brakes, Handbrake and Mechanism;22;17H7620;Wedge set for 1 backplate- Kit of 1 wedge and 2 tappets
cat002;chap0206;159;Brake and Brake Controls;Rear Brakes, Handbrake and Mechanism;23;GBK1834;Brake shoe spring car set (2 of each spring)
cat002;chap0206;159;Brake and Brake Controls;Rear Brakes, Handbrake and Mechanism;25;FAM8356;Grip for handbrake lever
cat002;chap0206;159;Brake and Brake Controls;Rear Brakes, Handbrake and Mechanism;25;MSA0195;Grip for handbrake in burr wWalnut
cat002;chap0206;159;Brake and Brake Controls;Rear Brakes, Handbrake and Mechanism;25;SP224;Grip for handbrake in alloy
cat002;chap0206;159;Brake and Brake Controls;Rear Brakes, Handbrake and Mechanism;26;FAM621;Compensator bracket for cable
cat002;chap0206;159;Brake and Brake Controls;Rear Brakes, Handbrake and Mechanism;27;GVC2135;Cable for handbrake front section
cat002;chap0206;159;Brake and Brake Controls;Rear Brakes, Handbrake and Mechanism;28;GVC2134;Cable for handbrake rear section
cat002;chap0206;159;Brake and Brake Controls;Rear Brakes, Handbrake and Mechanism;29;CLZ409;Clevis pin to rear brake levers
cat002;chap0206;159;Brake and Brake Controls;Rear Brakes, Handbrake and Mechanism;30;ACA5522;Guide for handbrake cable through floor
cat002;chap0206;159;Brake and Brake Controls;Rear Brakes, Handbrake and Mechanism;31;21A385;Sealing pad for cable guide - was SPK10002
cat002;chap0206;159;Brake and Brake Controls;Rear Brakes, Handbrake and Mechanism;32;SE910201;Screw for guide to floor
cat002;chap0206;159;Brake and Brake Controls;Rear Brakes, Handbrake and Mechanism;33;WA1090;Plain washer 3/16”
cat002;chap0206;159;Brake and Brake Controls;Rear Brakes, Handbrake and Mechanism;34;GFK3210;Plain nut 3/16”UNF or use locknut [link]NH806011[/link]
cat002;chap0206;159;Brake and Brake Controls;Rear Brakes, Handbrake and Mechanism;35;FAM628;Fork end for cable to handbrake
cat002;chap0206;159;Brake and Brake Controls;Rear Brakes, Handbrake and Mechanism;36;31G5049;Adjusting nut fork to front cable
cat002;chap0206;159;Brake and Brake Controls;Rear Brakes, Handbrake and Mechanism;37;GFK3211;Plain nut 1/4”UNF acts as locking nut on fork
cat002;chap0206;159;Brake and Brake Controls;Rear Brakes, Handbrake and Mechanism;38;CLZ512;Clevis pin for fork to cable
cat002;chap0206;159;Brake and Brake Controls;Rear Brakes, Handbrake and Mechanism;39;CK989;Handbrake lever gaiter black vinyl
cat002;chap0206;160;Brake and Brake Controls;Clutch Pedals and Controls;2;2A3034;Bronze bush for brake pedal RHD
cat002;chap0206;160;Brake and Brake Controls;Clutch Pedals and Controls;4;2A5880;Shaft for brake and clutch pedal 115mm long
cat002;chap0206;160;Brake and Brake Controls;Clutch Pedals and Controls;5;GFK3322;Lock nut 5/16” UNF
cat002;chap0206;160;Brake and Brake Controls;Clutch Pedals and Controls;6;CLZ512;Clevis pin (use [link]GFK102[/link] split pin)
cat002;chap0206;160;Brake and Brake Controls;Clutch Pedals and Controls;7;2A5652;Pedal return spring manual pre servo only
cat002;chap0206;160;Brake and Brake Controls;Clutch Pedals and Controls;8;SH605051;Setscrew 5/16” UNF 5/8” long bracket to body
cat002;chap0206;160;Brake and Brake Controls;Clutch Pedals and Controls;9;GFK1125;Spring washer 5/16” UNF
cat002;chap0206;160;Brake and Brake Controls;Clutch Pedals and Controls;10;GPR107;Pedal pad black to 1990
cat002;chap0206;160;Brake and Brake Controls;Clutch Pedals and Controls;10;GPR107BLUE;Pedal pad blue to 1990
cat002;chap0206;160;Brake and Brake Controls;Clutch Pedals and Controls;10;GPR107RED;Pedal pad red to 1990
cat002;chap0206;160;Brake and Brake Controls;Clutch Pedals and Controls;10;SZU10001;Pedal pad from 1990
cat002;chap0206;160;Brake and Brake Controls;Clutch Pedals and Controls;14;NAM8567;Boot for servo
cat002;chap0206;160;Brake and Brake Controls;Clutch Pedals and Controls;18;GFK3392;Lock nut M8 metric
cat002;chap0206;160;Brake and Brake Controls;Clutch Pedals and Controls;20;NAM8546;Bush for pin to crank assembly
cat002;chap0206;160;Brake and Brake Controls;Clutch Pedals and Controls;21;NAM8540;Plastic covered clevis pin
cat002;chap0206;160;Brake and Brake Controls;Clutch Pedals and Controls;22;GFK101;Split pin
cat002;chap0206;160;Brake and Brake Controls;Clutch Pedals and Controls;25;NAM8544;Pedal return spring RHD when servo fitted
cat002;chap0206;160;Brake and Brake Controls;Clutch Pedals and Controls;26;ALA6593;Blanking plate no holes
cat002;chap0206;160;Brake and Brake Controls;Clutch Pedals and Controls;27;ALA6592;Blanking plate one hole
cat002;chap0206;160;Brake and Brake Controls;Clutch Pedals and Controls;28;ALA7530;Blanking plate two holes
cat002;chap0206;160;Brake and Brake Controls;Clutch Pedals and Controls;29;ALA6505;Master cylinder base plate and engine stabiliser bracket
cat002;chap0206;160;Brake and Brake Controls;Clutch Pedals and Controls;30;CRC8664;Master cylinder base plate and engine stabiliser bracket
cat002;chap0206;160;Brake and Brake Controls;Clutch Pedals and Controls;31;NAM9197;Gasket bulkhead to plate
cat002;chap0206;161;Brake and Brake Controls;Brake Master Cylinders, Valves and Servo;1;GSM119;Servo assembly fitted from 1988 on
cat002;chap0206;161;Brake and Brake Controls;Brake Master Cylinders, Valves and Servo;2;GSM120;Repair kit for servo
cat002;chap0206;161;Brake and Brake Controls;Brake Master Cylinders, Valves and Servo;3;GMC90376;Brake master cylinder
cat002;chap0206;161;Brake and Brake Controls;Brake Master Cylinders, Valves and Servo;4;GRK1032;Repair kit for brake master cylinder [link]GMC90376[/link] - 1988 - 1995
cat002;chap0206;161;Brake and Brake Controls;Brake Master Cylinders, Valves and Servo;4;GRK1039;Repair kit for brake master cylinder [link]GMC90376[/link] - 1995 - 2000
cat002;chap0206;161;Brake and Brake Controls;Brake Master Cylinders, Valves and Servo;6;GRK6009;Cap for master cylinder reservoir with float switch
cat002;chap0206;161;Brake and Brake Controls;Brake Master Cylinders, Valves and Servo;11;AED172;Plain copper washer
cat002;chap0206;161;Brake and Brake Controls;Brake Master Cylinders, Valves and Servo;12;2A715;Banjo bolt
cat002;chap0206;161;Brake and Brake Controls;Brake Master Cylinders, Valves and Servo;13;GMC227;Master cylinder pre servo to 1988
cat002;chap0206;161;Brake and Brake Controls;Brake Master Cylinders, Valves and Servo;14;GRK1035;Repair kit for brake master cylinder [link]GMC227[/link]
cat002;chap0206;161;Brake and Brake Controls;Brake Master Cylinders, Valves and Servo;15;31G840;Gasket for master cylinder to body
cat002;chap0206;161;Brake and Brake Controls;Brake Master Cylinders, Valves and Servo;16;GFK3212;Plain nut 5/16” UNF
cat002;chap0206;161;Brake and Brake Controls;Brake Master Cylinders, Valves and Servo;17;GFK1125;Spring washer 5/16” UNF
cat002;chap0206;161;Brake and Brake Controls;Brake Master Cylinders, Valves and Servo;18;FAM7821;Brake valve fitted on bulkhead
cat002;chap0206;161;Brake and Brake Controls;Brake Master Cylinders, Valves and Servo;19;GFK5182;Bolt 1/4” UNF 2” long for holding Valve
cat002;chap0206;161;Brake and Brake Controls;Brake Master Cylinders, Valves and Servo;20;GFK1124;Spring washer 1/4”
cat002;chap0206;161;Brake and Brake Controls;Brake Master Cylinders, Valves and Servo;21;NAM8569;Grommet - Pipe to servo - part of [link]GSM120[/link] kit No.2
cat002;chap0206;162;Brake and Brake Controls;Brake Pipes - Front to Rear Split 1985 on;1;HMM09K;Pipe, valve to [link]GMC227[/link] master cylinder lower RHD
cat002;chap0206;162;Brake and Brake Controls;Brake Pipes - Front to Rear Split 1985 on;1;HMM29K;Pipe, valve to [link]GMC227[/link] master cylinder lower LHD
cat002;chap0206;162;Brake and Brake Controls;Brake Pipes - Front to Rear Split 1985 on;1;HMK022;Pipe, valve to [link]GMC90376[/link] master cylinder RHD with servo 88on
cat002;chap0206;162;Brake and Brake Controls;Brake Pipes - Front to Rear Split 1985 on;2;HMK014;Pipe, valve to [link]GMC227[/link] master cylinder upper RHD
cat002;chap0206;162;Brake and Brake Controls;Brake Pipes - Front to Rear Split 1985 on;2;HMK31K;Pipe, valve to [link]GMC227[/link] master cylinder upper LHD
cat002;chap0206;162;Brake and Brake Controls;Brake Pipes - Front to Rear Split 1985 on;2;HMK026;Pipe, valve to [link]GMC90376[/link] master cylinder RHD
cat002;chap0206;162;Brake and Brake Controls;Brake Pipes - Front to Rear Split 1985 on;2;SEN45;Servo easy move braided hose kit for GMC90376
cat002;chap0206;162;Brake and Brake Controls;Brake Pipes - Front to Rear Split 1985 on;3;BAU5654;Pipe kit, pre shaped steel for [link]GMC227[/link] master cylinder RHD
cat002;chap0206;162;Brake and Brake Controls;Brake Pipes - Front to Rear Split 1985 on;3;BAU5654MS;Pipe kit, copper nickel for [link]GMC227[/link] master cylinder RHD
cat002;chap0206;162;Brake and Brake Controls;Brake Pipes - Front to Rear Split 1985 on;3;BAU5655MS;Pipe kit, copper nickel for [link]GMC227[/link] master cylinder LHD
cat002;chap0206;162;Brake and Brake Controls;Brake Pipes - Front to Rear Split 1985 on;4;TM110051;Male union, M10 metric thread
cat002;chap0206;162;Brake and Brake Controls;Brake Pipes - Front to Rear Split 1985 on;6;BMK2466A;Metric female connector, deleted from 1988 by using a female end pipe
cat002;chap0206;162;Brake and Brake Controls;Brake Pipes - Front to Rear Split 1985 on;7;HMV013;Pipe from Banjo No.17 to PDWA No.32
cat002;chap0206;162;Brake and Brake Controls;Brake Pipes - Front to Rear Split 1985 on;8;HF44;Pipe, front hose bridging pipe
cat002;chap0206;162;Brake and Brake Controls;Brake Pipes - Front to Rear Split 1985 on;9;HMV102;Pipe, valve to rear 3 way union
cat002;chap0206;162;Brake and Brake Controls;Brake Pipes - Front to Rear Split 1985 on;10;3H2424;Union, 3 way UNF thread
cat002;chap0206;162;Brake and Brake Controls;Brake Pipes - Front to Rear Split 1985 on;12;GFK1124;Spring washer 1/4” UNF
cat002;chap0206;162;Brake and Brake Controls;Brake Pipes - Front to Rear Split 1985 on;13;GFK3211;Plain nut 1/4” UNF
cat002;chap0206;162;Brake and Brake Controls;Brake Pipes - Front to Rear Split 1985 on;14;HD26;Pipe, 3 way to L/H hose
cat002;chap0206;162;Brake and Brake Controls;Brake Pipes - Front to Rear Split 1985 on;15;HD6;Pipe, 3 way to R/H hose
cat002;chap0206;162;Brake and Brake Controls;Brake Pipes - Front to Rear Split 1985 on;16;GBH249;Front rubber brake hose
cat002;chap0206;162;Brake and Brake Controls;Brake Pipes - Front to Rear Split 1985 on;16;GBH249KIT;Rubber brake hose kit - Full car set - 2 front, 2 back
cat002;chap0206;162;Brake and Brake Controls;Brake Pipes - Front to Rear Split 1985 on;16;C-AJJ4030;Front braided brake hose set
cat002;chap0206;162;Brake and Brake Controls;Brake Pipes - Front to Rear Split 1985 on;16;C-AJJ4026;Braided brake hose kit - Full car set - 2 front, 2 back
cat002;chap0206;162;Brake and Brake Controls;Brake Pipes - Front to Rear Split 1985 on;16;C-AJJ4027B;Braided brake & clutch hose kit - Car set - 2 front, 2 back, 1 clutch
cat002;chap0206;162;Brake and Brake Controls;Brake Pipes - Front to Rear Split 1985 on;17;21A654;Connecting banjo
cat002;chap0206;162;Brake and Brake Controls;Brake Pipes - Front to Rear Split 1985 on;18;C5192A;Banjo bolt
cat002;chap0206;162;Brake and Brake Controls;Brake Pipes - Front to Rear Split 1985 on;19;233220A;Sealing washer for banjo
cat002;chap0206;162;Brake and Brake Controls;Brake Pipes - Front to Rear Split 1985 on;20;3H550;Sealing washer for banjo bolt
cat002;chap0206;162;Brake and Brake Controls;Brake Pipes - Front to Rear Split 1985 on;22;2K8686;Nut for locking front hose to subframe L/H
cat002;chap0206;162;Brake and Brake Controls;Brake Pipes - Front to Rear Split 1985 on;23;WE600101;Shake proof washer
cat002;chap0206;162;Brake and Brake Controls;Brake Pipes - Front to Rear Split 1985 on;24;TM606031;Male union 3/8” UNF
cat002;chap0206;162;Brake and Brake Controls;Brake Pipes - Front to Rear Split 1985 on;25;TN606031;Female union 3/8” UNF
cat002;chap0206;162;Brake and Brake Controls;Brake Pipes - Front to Rear Split 1985 on;26;GBH250;Rear rubber brake hose
cat002;chap0206;162;Brake and Brake Controls;Brake Pipes - Front to Rear Split 1985 on;26;C-AJJ4031;Rear braided hose kit
cat002;chap0206;162;Brake and Brake Controls;Brake Pipes - Front to Rear Split 1985 on;27;NT606041;Hose to radius arm half nut 3/8”UNF
cat002;chap0206;162;Brake and Brake Controls;Brake Pipes - Front to Rear Split 1985 on;28;GHF323;Shake proof washer 3/8”UNF
cat002;chap0206;162;Brake and Brake Controls;Brake Pipes - Front to Rear Split 1985 on;29;GFK3213;Plain nut 3/8”UNF
cat002;chap0206;162;Brake and Brake Controls;Brake Pipes - Front to Rear Split 1985 on;31;11K9181;Clip ,pipe to subframe
cat002;chap0206;162;Brake and Brake Controls;Brake Pipes - Front to Rear Split 1985 on;32;FAM7821;Pressure differential warning activator (PDWA)
cat002;chap0206;162;Brake and Brake Controls;Brake Pipes - Front to Rear Split 1985 on;33;GB4999;Copper nickel non rust easy bend brake pipe kit less servo
cat002;chap0206;162;Brake and Brake Controls;Brake Pipes - Front to Rear Split 1985 on;34;GB5000;Copper nickel non rust easy bend brake pipe kit with servo
cat002;chap0206;163;Brake and Brake Controls;Brake Pipes Era Turbo Only;13;3H2424;Rear 3 way connector UNF
cat002;chap0206;163;Brake and Brake Controls;Brake Pipes Era Turbo Only;16;GBH246;
cat002;chap0206;163;Brake and Brake Controls;Brake Pipes Era Turbo Only;17;GBH250;Rear hose - was GBH173
cat002;chap0206;163;Brake and Brake Controls;Brake Pipes Era Turbo Only;18;HD10;Hose to rear cylinder
cat002;chap0207;140;Fuel & Exhaust;Carburettor HS4;1;FZX3013;Carburettor HS4 with wax stat jet and AAC needle 998cc
cat002;chap0207;140;Fuel & Exhaust;Carburettor HS4;2;AUC8103A;Dash pot damper for HS4 carburettor
cat002;chap0207;140;Fuel & Exhaust;Carburettor HS4;3;AUD3306;Spring for loading swinging needle
cat002;chap0207;140;Fuel & Exhaust;Carburettor HS4;4;NZX4005;Swinging needle ADE 998cc Europe
cat002;chap0207;140;Fuel & Exhaust;Carburettor HS4;4;CUD1002;Swinging needle AAC
cat002;chap0207;140;Fuel & Exhaust;Carburettor HS4;6;AUC4387;Dash pot spring Red 4.5oz standard fitment
cat002;chap0207;140;Fuel & Exhaust;Carburettor HS4;6;AUC4587;Dash pot spring Blue 2.5oz special tuning alternative
cat002;chap0207;140;Fuel & Exhaust;Carburettor HS4;7;JZX1394;Screw for dashpot and float lid (not HIF float lid)
cat002;chap0207;140;Fuel & Exhaust;Carburettor HS4;8;WZX1442;Jet bearing kit
cat002;chap0207;140;Fuel & Exhaust;Carburettor HS4;9;AUE266;Lid assembly with float and needle valve
cat002;chap0207;140;Fuel & Exhaust;Carburettor HS4;11;AUC8459;Gasket for float bowl
cat002;chap0207;140;Fuel & Exhaust;Carburettor HS4;12;AUC1152;Float pin
cat002;chap0207;140;Fuel & Exhaust;Carburettor HS4;13;WZX1100A;Float needle valve and seat with gasket
cat002;chap0207;140;Fuel & Exhaust;Carburettor HS4;13;CA90;Super flow float needle and seat upgrade
cat002;chap0207;140;Fuel & Exhaust;Carburettor HS4;14;LZX1111A;Wax stat jet assembly
cat002;chap0207;140;Fuel & Exhaust;Carburettor HS4;15;WZX1177;Throttle spindle with screws and gaskets
cat002;chap0207;140;Fuel & Exhaust;Carburettor HS4;16;WZX1324;Throttle disc with screws and gaskets
cat002;chap0207;140;Fuel & Exhaust;Carburettor HS4;17;AUD3080;Spindle repair bush 5/16” I/D and ream body to 9.5mm
cat002;chap0207;140;Fuel & Exhaust;Carburettor HS4;18;CSK65;Service kit, needle valve, jet and gaskets
cat002;chap0207;140;Fuel & Exhaust;Carburettor HS4;18;CRK219;Rebuild kit, with full spindle/disc repair also
cat002;chap0207;140;Fuel & Exhaust;Carburettor HS4;18;CRK227;Rebuild kit, with full spindle/disc repair also
cat002;chap0207;140;Fuel & Exhaust;Carburettor HS4;18;CRK121;Rebuild kit, with full spindle/disc repair also
cat002;chap0207;141;Fuel & Exhaust;Carburettor HIF38 and HIF44;1;FZX3006;Carburettor HIF44 (1 3/4”) was FZX1531
cat002;chap0207;141;Fuel & Exhaust;Carburettor HIF38 and HIF44;2;LZX1521;Chamber and piston HIF44 only
cat002;chap0207;141;Fuel & Exhaust;Carburettor HIF38 and HIF44;3;JZX1394;Screw for dashpot
cat002;chap0207;141;Fuel & Exhaust;Carburettor HIF38 and HIF44;4;AUD4252;
cat002;chap0207;141;Fuel & Exhaust;Carburettor HIF38 and HIF44;5;LZX1511;Dash pot damper
cat002;chap0207;141;Fuel & Exhaust;Carburettor HIF38 and HIF44;5;LZX2085;Dash pot damper
cat002;chap0207;141;Fuel & Exhaust;Carburettor HIF38 and HIF44;6;AUD4355;Dash pot spring, red 4.5 oz
cat002;chap0207;141;Fuel & Exhaust;Carburettor HIF38 and HIF44;6;AUD4398;Dash pot spring, yellow 8oz special tuning alternative
cat002;chap0207;141;Fuel & Exhaust;Carburettor HIF38 and HIF44;7;WZX1455A;Jet assembly for HIF38
cat002;chap0207;141;Fuel & Exhaust;Carburettor HIF38 and HIF44;7;WZX1453A;Jet assembly for HIF44
cat002;chap0207;141;Fuel & Exhaust;Carburettor HIF38 and HIF44;8;WZX1509A;Float assembly for all HIF
cat002;chap0207;141;Fuel & Exhaust;Carburettor HIF38 and HIF44;9;WZX1099A;Needle valve and seat all HIF except turbo
cat002;chap0207;141;Fuel & Exhaust;Carburettor HIF38 and HIF44;9;WZX1095;Needle valve and seat for HIF turbo only
cat002;chap0207;141;Fuel & Exhaust;Carburettor HIF38 and HIF44;10;WZX1441;Bearing and needle jet pair
cat002;chap0207;141;Fuel & Exhaust;Carburettor HIF38 and HIF44;11;AUD3306;Spring for loading swinging needle
cat002;chap0207;141;Fuel & Exhaust;Carburettor HIF38 and HIF44;12;NZX4036;Swinging needle for HIF38 (AEM)
cat002;chap0207;141;Fuel & Exhaust;Carburettor HIF38 and HIF44;12;NZX8071;Swinging needle for HIF44 (BFY)
cat002;chap0207;141;Fuel & Exhaust;Carburettor HIF38 and HIF44;12;NZX8040;Swinging needle for HIF44 (BER) lean type
cat002;chap0207;141;Fuel & Exhaust;Carburettor HIF38 and HIF44;13;JZX1039;Needle guide
cat002;chap0207;141;Fuel & Exhaust;Carburettor HIF38 and HIF44;14;AUD3590;Screw for float lid base HIF only
cat002;chap0207;141;Fuel & Exhaust;Carburettor HIF38 and HIF44;16;WZX1126;Throttle spindle and gaskets HIF38
cat002;chap0207;141;Fuel & Exhaust;Carburettor HIF38 and HIF44;16;WZX1127;Throttle spindle and gaskets HIF44
cat002;chap0207;141;Fuel & Exhaust;Carburettor HIF38 and HIF44;16;WZX1128;Throttle spindle and gaskets HIF44
cat002;chap0207;141;Fuel & Exhaust;Carburettor HIF38 and HIF44;17;WZX1387;Throttle disc kit HIF38
cat002;chap0207;141;Fuel & Exhaust;Carburettor HIF38 and HIF44;17;WZX1183;Throttle disc kit HIF44 turbo only
cat002;chap0207;141;Fuel & Exhaust;Carburettor HIF38 and HIF44;17;WZX1414;Throttle disc kit HIF44 except turbo
cat002;chap0207;141;Fuel & Exhaust;Carburettor HIF38 and HIF44;18;AUC1358;Butterfly screw (included in all disc and spindle kits)
cat002;chap0207;141;Fuel & Exhaust;Carburettor HIF38 and HIF44;19;WZX1505A;Gasket and seal pack with No 15 included
cat002;chap0207;141;Fuel & Exhaust;Carburettor HIF38 and HIF44;19;CSK94;Service kit HIF38
cat002;chap0207;141;Fuel & Exhaust;Carburettor HIF38 and HIF44;19;CSK75;Service kit HIF44 except turbo
cat002;chap0207;141;Fuel & Exhaust;Carburettor HIF38 and HIF44;19;CRK274;Repair kit HIF38, with spindle and disc
cat002;chap0207;141;Fuel & Exhaust;Carburettor HIF38 and HIF44;19;CRK167;Repair kit HIF44 except turbo, with spindle and disc
cat002;chap0207;141;Fuel & Exhaust;Carburettor HIF38 and HIF44;19;CRK269;Repair kit HIF44 turbo only, with spindle and disc
cat002;chap0207;142;Fuel & Exhaust;Throttle Body SPI and MPI;3;MMJ10003;
cat002;chap0207;142;Fuel & Exhaust;Throttle Body SPI and MPI;4;LZV1101EVA;Spacer for throttle body and inlet manifold SPI only
cat002;chap0207;142;Fuel & Exhaust;Throttle Body SPI and MPI;14;FN108047;Nut M8 flanged head SPI only
cat002;chap0207;142;Fuel & Exhaust;Throttle Body SPI and MPI;15;FS106107;Screw M6x10 flanged head SPI only
cat002;chap0207;142;Fuel & Exhaust;Throttle Body SPI and MPI;16;PHN10011;
cat002;chap0207;142;Fuel & Exhaust;Throttle Body SPI and MPI;18;CR110551;Clip SPI only
cat002;chap0207;142;Fuel & Exhaust;Throttle Body SPI and MPI;20;ABF622;Throttle body in metal 48mm standard MPI only
cat002;chap0207;142;Fuel & Exhaust;Throttle Body SPI and MPI;20;ABF637;Throttle body in metal 52mm upgrade MPI only
cat002;chap0207;142;Fuel & Exhaust;Throttle Body SPI and MPI;21;SLD100080;Accelerator potentiometer kit MPI only
cat002;chap0207;142;Fuel & Exhaust;Throttle Body SPI and MPI;22;MLZ100090;Air control valve on inlet manifold MPI only
cat002;chap0207;142;Fuel & Exhaust;Throttle Body SPI and MPI;23;MDQ100040;Motor only for control valve MPI only
cat002;chap0207;142;Fuel & Exhaust;Throttle Body SPI and MPI;24;MYP100610;Screw longer for [link]MLZ100090[/link] valve MPI only
cat002;chap0207;142;Fuel & Exhaust;Throttle Body SPI and MPI;28;MHK100600;Manifold absolute pressure air sensor on inlet manifold
cat002;chap0207;142;Fuel & Exhaust;Throttle Body SPI and MPI;29;JZX3062;Stepper motor for SPI throttle body
cat002;chap0207;143;Fuel & Exhaust;Fuel rails and pipes;1;WJP105860;Fuel line 8mm from tank to filter - MPI
cat002;chap0207;143;Fuel & Exhaust;Fuel rails and pipes;6;LPH631;Hose, tank return injection rated, sold per metre
cat002;chap0207;143;Fuel & Exhaust;Fuel rails and pipes;7;WYA10001;Grommet for boot floor with 3 pipe outlets 1992 on injection
cat002;chap0207;143;Fuel & Exhaust;Fuel rails and pipes;9;WKB10018;Adaptor pipe from fuel line to GFE7059 fuel filter
cat002;chap0207;143;Fuel & Exhaust;Fuel rails and pipes;9;WKB10018L;Adaptor pipe from fuel line to GFE7057fuel filter - Later MPI
cat002;chap0207;143;Fuel & Exhaust;Fuel rails and pipes;10;EDP9976;O ring
cat002;chap0207;143;Fuel & Exhaust;Fuel rails and pipes;11;GFE7059;Fuel filter was GFE7119 with 20.60mm outlet nut - SPI early MP
cat002;chap0207;143;Fuel & Exhaust;Fuel rails and pipes;11;GFE7057;Fuel filter 19mm outlet nuts from VIN WD169754 - MPI
cat002;chap0207;143;Fuel & Exhaust;Fuel rails and pipes;12;WKB10019;Filter union for GFE7119 only - SPI
cat002;chap0207;143;Fuel & Exhaust;Fuel rails and pipes;13;WJU10142;Bracket for fuel filter on rear subframe
cat002;chap0207;143;Fuel & Exhaust;Fuel rails and pipes;15;CRC9380;Mounting rubber
cat002;chap0207;143;Fuel & Exhaust;Fuel rails and pipes;18;WQT100030;Inertia cut out switch for fuel pump sits on bulkhead - SPI
cat002;chap0207;143;Fuel & Exhaust;Fuel rails and pipes;22;BAU5325;O ring seal - MPI
cat002;chap0207;143;Fuel & Exhaust;Fuel rails and pipes;27;MJY100460;Injector assembly - MPI
cat002;chap0207;143;Fuel & Exhaust;Fuel rails and pipes;28;MKG100240;O ring
cat002;chap0207;143;Fuel & Exhaust;Fuel rails and pipes;30;EYH10001;Plastic nut to secure heat shield and fuel line protector
cat002;chap0207;144;Fuel & Exhaust;Air Cleaners;2;12G1811;Wingnut bolt for air cleaner top - HS4
cat002;chap0207;144;Fuel & Exhaust;Air Cleaners;3;12A1436;Washer 3/8” hole and 3/4” wide for bolt - HS4
cat002;chap0207;144;Fuel & Exhaust;Air Cleaners;4;MSF1008;
cat002;chap0207;144;Fuel & Exhaust;Air Cleaners;5;12A1433;Seal, carburettor elbow to air cleaner case - HS4
cat002;chap0207;144;Fuel & Exhaust;Air Cleaners;6;GUG705559GM;Gasket, carburettor to elbow - HS4 and HIF38
cat002;chap0207;144;Fuel & Exhaust;Air Cleaners;7;SY505071;Bolt 5/16” UNC 7/8” long for carburettor to elbow - HS4
cat002;chap0207;144;Fuel & Exhaust;Air Cleaners;8;GFK1125;Spring washer 5/16” - HS4
cat002;chap0207;144;Fuel & Exhaust;Air Cleaners;9;12G1812;Elbow for carburettor to air cleaner assembly - HS4
cat002;chap0207;144;Fuel & Exhaust;Air Cleaners;13;12H4344;
cat002;chap0207;144;Fuel & Exhaust;Air Cleaners;14;12H4344;Connecting hose 51/2” long - HS4
cat002;chap0207;144;Fuel & Exhaust;Air Cleaners;15;MSF1096;
cat002;chap0207;144;Fuel & Exhaust;Air Cleaners;23;GUG705576GM;
cat002;chap0207;144;Fuel & Exhaust;Air Cleaners;26;MSF1143;
cat002;chap0207;144;Fuel & Exhaust;Air Cleaners;28;PHP10027;
cat002;chap0207;144;Fuel & Exhaust;Air Cleaners;31;NNK10001;
cat002;chap0207;144;Fuel & Exhaust;Air Cleaners;33;PHP10043;
cat002;chap0207;144;Fuel & Exhaust;Air Cleaners;34;PYP10018;
cat002;chap0207;144;Fuel & Exhaust;Air Cleaners;36;PHN10011;
cat002;chap0207;144;Fuel & Exhaust;Air Cleaners;37;PYP10018;Screw, air cleaner to throttle body
cat002;chap0207;144;Fuel & Exhaust;Air Cleaners;39;PHN10011;
cat002;chap0207;145;Fuel & Exhaust;Fuel Tanks and Pumps;1;ARP1043;Petrol tank 7.5 gallons, standard filer neck
cat002;chap0207;145;Fuel & Exhaust;Fuel Tanks and Pumps;1;WFE106090;Petrol tank 7.5 gallons, restricted short neck was WFE10401
cat002;chap0207;145;Fuel & Exhaust;Fuel Tanks and Pumps;2;2A2069;Seal, cushion for tank to body
cat002;chap0207;145;Fuel & Exhaust;Fuel Tanks and Pumps;3;XNB10007;Fuel tank sender unit less seal (7) and ring (6)
cat002;chap0207;145;Fuel & Exhaust;Fuel Tanks and Pumps;3;XNB100380;Fuel tank sender unit less seal (7) and ring (6)
cat002;chap0207;145;Fuel & Exhaust;Fuel Tanks and Pumps;4;WFX100810;Fuel pump complete, was WFX10045
cat002;chap0207;145;Fuel & Exhaust;Fuel Tanks and Pumps;5;WFX100811;Fuel pump part only, SPI only
cat002;chap0207;145;Fuel & Exhaust;Fuel Tanks and Pumps;5;WFX100812;Fuel pump part only, MPI only
cat002;chap0207;145;Fuel & Exhaust;Fuel Tanks and Pumps;6;ARA1501;Locking ring for sender unit to tank seal
cat002;chap0207;145;Fuel & Exhaust;Fuel Tanks and Pumps;7;ARA1502;Seal, sender unit to tank
cat002;chap0207;145;Fuel & Exhaust;Fuel Tanks and Pumps;8;WLD100350;Fuel cap chrome, vented, non locking, was 18G8601
cat002;chap0207;145;Fuel & Exhaust;Fuel Tanks and Pumps;9;21A2109;Seal for petrol caps
cat002;chap0207;145;Fuel & Exhaust;Fuel Tanks and Pumps;10;WLD100660;Fuel cap, locking stainless steel, non vented
cat002;chap0207;145;Fuel & Exhaust;Fuel Tanks and Pumps;10;GSS154A;Locking vented petrol cap, stainless steel, Saloon
cat002;chap0207;145;Fuel & Exhaust;Fuel Tanks and Pumps;10;GSS215;Locking vented petrol cap, 3” round top (Wilmot Breedon type)
cat002;chap0207;145;Fuel & Exhaust;Fuel Tanks and Pumps;11;CRC7575;Vent pipe for tank - Correct length
cat002;chap0207;145;Fuel & Exhaust;Fuel Tanks and Pumps;11;GWW202M;Vent pipe for tank 3/16” (4.7mm) plastic tube (alternative)
cat002;chap0207;145;Fuel & Exhaust;Fuel Tanks and Pumps;12;21A2838;Strap for petrol tank
cat002;chap0207;145;Fuel & Exhaust;Fuel Tanks and Pumps;13;GFK5184;Bolt 5/16” UNF 3/4” long for strap to seat pan
cat002;chap0207;145;Fuel & Exhaust;Fuel Tanks and Pumps;14;GFK1125;Spring washer 5/16”
cat002;chap0207;145;Fuel & Exhaust;Fuel Tanks and Pumps;16;14A7057;Seal for standard neck length to body, pre 1996
cat002;chap0207;145;Fuel & Exhaust;Fuel Tanks and Pumps;16;WGG100010;Seal for short neck to body, thin type fitted to [link]WFE106090[/link]
cat002;chap0207;145;Fuel & Exhaust;Fuel Tanks and Pumps;17;21A919;Fuel line pipe 96” long, 1/4” bore easy bend copper
cat002;chap0207;145;Fuel & Exhaust;Fuel Tanks and Pumps;17;FP226;Fuel line pipe 104” long, 5/16” (8mm) bore. Copper, 1275cc HIF38
cat002;chap0207;145;Fuel & Exhaust;Fuel Tanks and Pumps;19;21A2332;Braided petrol hose 5/16” bore 21/2” long
cat002;chap0207;145;Fuel & Exhaust;Fuel Tanks and Pumps;19;PPK1;Braided petrol hose, 1/4” bore 21/2” long
cat002;chap0207;145;Fuel & Exhaust;Fuel Tanks and Pumps;19;PPK2;Braided petrol hose, 1/4” bore 5” long
cat002;chap0207;145;Fuel & Exhaust;Fuel Tanks and Pumps;19;PPK3;Braided petrol hose, 1/4” bore 71/2” long
cat002;chap0207;145;Fuel & Exhaust;Fuel Tanks and Pumps;19;PPK4;Braided petrol hose, 1/4” bore 10” long
cat002;chap0207;145;Fuel & Exhaust;Fuel Tanks and Pumps;19;PPK5;Braided petrol hose, 1/4” bore 12” long
cat002;chap0207;145;Fuel & Exhaust;Fuel Tanks and Pumps;19;PPK6;Braided petrol hose, 1/4” bore 15” long
cat002;chap0207;145;Fuel & Exhaust;Fuel Tanks and Pumps;19;PPK7;Braided petrol hose, 1/4” bore 22” long
cat002;chap0207;145;Fuel & Exhaust;Fuel Tanks and Pumps;19;PETROLPIPE;Rubber petrol hose 1/4” bore - sold per 30cm (12” lengths)
cat002;chap0207;145;Fuel & Exhaust;Fuel Tanks and Pumps;20;ACH5854;Clip for braided hose (alternative [link]GHC406[/link] worm drive clip)
cat002;chap0207;145;Fuel & Exhaust;Fuel Tanks and Pumps;23;AZX1818;Mechanical fuel pump 998cc
cat002;chap0207;145;Fuel & Exhaust;Fuel Tanks and Pumps;23;AZX1817;Mechanical fuel pump 1275cc HIF44 carb 1990 on
cat002;chap0207;145;Fuel & Exhaust;Fuel Tanks and Pumps;23;WND10005;Mechanical fuel pump 1275cc HIF38 carb (open loop)
cat002;chap0207;145;Fuel & Exhaust;Fuel Tanks and Pumps;24;GUG705603GM;Spacer block with gaskets for pump to block
cat002;chap0207;145;Fuel & Exhaust;Fuel Tanks and Pumps;25;GUG705779GM;Gasket only for spacer block to pump or block
cat002;chap0207;145;Fuel & Exhaust;Fuel Tanks and Pumps;29;EDP9317;Seal, fuel pump to tank
cat002;chap0207;146;Fuel & Exhaust;Exhausts for 998cc with HS4 and Cooper 1275 cc wit;1;GEX177;Exhaust assembly with No.5 - [link]GEX7052[/link] and No.6 - [link]GEX7053[/link]
cat002;chap0207;146;Fuel & Exhaust;Exhausts for 998cc with HS4 and Cooper 1275 cc wit;2;GEX7046;Manifold clamp complete
cat002;chap0207;146;Fuel & Exhaust;Exhausts for 998cc with HS4 and Cooper 1275 cc wit;3;SH605181;Bolt, 5/16” UNF 2 1/2” long
cat002;chap0207;146;Fuel & Exhaust;Exhausts for 998cc with HS4 and Cooper 1275 cc wit;4;GFK3436;Nut, brass 5/16” UNF
cat002;chap0207;146;Fuel & Exhaust;Exhausts for 998cc with HS4 and Cooper 1275 cc wit;6;GEX7053;Front pipe to gearbox clip, as supplied on new exhaust
cat002;chap0207;146;Fuel & Exhaust;Exhausts for 998cc with HS4 and Cooper 1275 cc wit;7;GFK5185;Bolt, 5/16” UNF 1”long
cat002;chap0207;146;Fuel & Exhaust;Exhausts for 998cc with HS4 and Cooper 1275 cc wit;8;GFK1125;Spring washer 5/16”
cat002;chap0207;146;Fuel & Exhaust;Exhausts for 998cc with HS4 and Cooper 1275 cc wit;9;GFK3212;Plain nut 5/16” UNF
cat002;chap0207;146;Fuel & Exhaust;Exhausts for 998cc with HS4 and Cooper 1275 cc wit;10;GFK5184;Bolt, 5/16” UNF 3/4” long
cat002;chap0207;146;Fuel & Exhaust;Exhausts for 998cc with HS4 and Cooper 1275 cc wit;11;GFK1114;Plain washer, 5/16” UNF
cat002;chap0207;146;Fuel & Exhaust;Exhausts for 998cc with HS4 and Cooper 1275 cc wit;12;GEX7084;Clip for tailpipe to [link]GEX7251[/link] mounting
cat002;chap0207;146;Fuel & Exhaust;Exhausts for 998cc with HS4 and Cooper 1275 cc wit;13;GEX7251;Mounting rubber, tailpipe
cat002;chap0207;146;Fuel & Exhaust;Exhausts for 998cc with HS4 and Cooper 1275 cc wit;14;GEX7082;Hanging middle strap for [link]GEX7052[/link] to [link]GEX7081[/link]
cat002;chap0207;146;Fuel & Exhaust;Exhausts for 998cc with HS4 and Cooper 1275 cc wit;15;GEX7081;Mounting rubber, middle
cat002;chap0207;146;Fuel & Exhaust;Exhausts for 998cc with HS4 and Cooper 1275 cc wit;16;GEX9551;Exhaust fitting kit with all parts to fit new [link]GEX177[/link] exhaust
cat002;chap0207;146;Fuel & Exhaust;Exhausts for 998cc with HS4 and Cooper 1275 cc wit;17;GEX12017;Down pipe assembly for cars fitted with HIF44 carburettor
cat002;chap0207;146;Fuel & Exhaust;Exhausts for 998cc with HS4 and Cooper 1275 cc wit;18;C-STR812;RC40 with twin box when using No.s 34 and 35 hangers
cat002;chap0207;146;Fuel & Exhaust;Exhausts for 998cc with HS4 and Cooper 1275 cc wit;19;RV8009;Catalytic converter assembly 1275cc
cat002;chap0207;146;Fuel & Exhaust;Exhausts for 998cc with HS4 and Cooper 1275 cc wit;19;RC40-015;Catalytic converter assembly 1275cc
cat002;chap0207;146;Fuel & Exhaust;Exhausts for 998cc with HS4 and Cooper 1275 cc wit;20;GEX7761;Gasket for catalytic converter 1275cc
cat002;chap0207;146;Fuel & Exhaust;Exhausts for 998cc with HS4 and Cooper 1275 cc wit;21;NV110051;Lock nut, metric M10 for catalytic converter
cat002;chap0207;146;Fuel & Exhaust;Exhausts for 998cc with HS4 and Cooper 1275 cc wit;22;FB110351;Setscrew M10 metric 35mm long for catalytic converter
cat002;chap0207;146;Fuel & Exhaust;Exhausts for 998cc with HS4 and Cooper 1275 cc wit;25;GEX7801;Manifold clamp complete 1275cc
cat002;chap0207;146;Fuel & Exhaust;Exhausts for 998cc with HS4 and Cooper 1275 cc wit;26;SH605181;Bolt 5/16” UNF 21/2” long
cat002;chap0207;146;Fuel & Exhaust;Exhausts for 998cc with HS4 and Cooper 1275 cc wit;27;GFK1114;Plain washer 5/16”
cat002;chap0207;146;Fuel & Exhaust;Exhausts for 998cc with HS4 and Cooper 1275 cc wit;28;GFK3436;Nut, brass 5/16” UNF
cat002;chap0207;146;Fuel & Exhaust;Exhausts for 998cc with HS4 and Cooper 1275 cc wit;31;AN181T;Pipe from [link]C-STR809[/link] to catalyst
cat002;chap0207;146;Fuel & Exhaust;Exhausts for 998cc with HS4 and Cooper 1275 cc wit;32;C-STR809;Rear single exhaust box only less downpipe
cat002;chap0207;146;Fuel & Exhaust;Exhausts for 998cc with HS4 and Cooper 1275 cc wit;33;C-STR811;[link]RC40[/link] with single box
cat002;chap0207;146;Fuel & Exhaust;Exhausts for 998cc with HS4 and Cooper 1275 cc wit;33;C-STR811S;Stainless Steel version of [link]RC40[/link] with single box
cat002;chap0207;146;Fuel & Exhaust;Exhausts for 998cc with HS4 and Cooper 1275 cc wit;34;C-ARA670;Hanger front of rear subframe when using [link]DBP7104[/link] rubber strap
cat002;chap0207;146;Fuel & Exhaust;Exhausts for 998cc with HS4 and Cooper 1275 cc wit;34;C-ARA671;Hanger rear of rear subframe when using [link]DBP7104[/link] rubber strap
cat002;chap0207;146;Fuel & Exhaust;Exhausts for 998cc with HS4 and Cooper 1275 cc wit;36;EYH10001;Plastic nut to secure heat shield and fuel line protector
cat002;chap0207;146;Fuel & Exhaust;Exhausts for 998cc with HS4 and Cooper 1275 cc wit;37;GEX7526;Gearbox bracket for exhaust down pipe, all models
cat002;chap0207;147;Fuel & Exhaust;1275cc with HIF38 carburettor and open loop cataly;1;GEX12052;Downpipe assembly, 1275cc with HIF38 carburettor fitted
cat002;chap0207;147;Fuel & Exhaust;1275cc with HIF38 carburettor and open loop cataly;3;GEX7801;Manifold clamp complete
cat002;chap0207;147;Fuel & Exhaust;1275cc with HIF38 carburettor and open loop cataly;4;SH605181;Bolt 5/16” UNF 2 1/2” long
cat002;chap0207;147;Fuel & Exhaust;1275cc with HIF38 carburettor and open loop cataly;5;GFK1114;Plain washer 5/16”
cat002;chap0207;147;Fuel & Exhaust;1275cc with HIF38 carburettor and open loop cataly;6;GFK3436;Nut, brass 5/16” UNF
cat002;chap0207;147;Fuel & Exhaust;1275cc with HIF38 carburettor and open loop cataly;8;GEX7761;Gasket for catalytic converter
cat002;chap0207;147;Fuel & Exhaust;1275cc with HIF38 carburettor and open loop cataly;9;RV8009;Catalytic converter assembly
cat002;chap0207;147;Fuel & Exhaust;1275cc with HIF38 carburettor and open loop cataly;9;RC40-015;Catalytic converter assembly
cat002;chap0207;147;Fuel & Exhaust;1275cc with HIF38 carburettor and open loop cataly;10;FB110351;Setscrew, M10 Metric 35mm long for catalytic converter
cat002;chap0207;147;Fuel & Exhaust;1275cc with HIF38 carburettor and open loop cataly;11;NV110051;Nut, M10 Metric for catalytic converter
cat002;chap0207;147;Fuel & Exhaust;1275cc with HIF38 carburettor and open loop cataly;14;GEX33519;Rear silencer exhaust assembly was WCE10116EVA
cat002;chap0207;147;Fuel & Exhaust;1275cc with HIF38 carburettor and open loop cataly;14;C-STR812;RC40 with twin box
cat002;chap0207;147;Fuel & Exhaust;1275cc with HIF38 carburettor and open loop cataly;15;GEX7526;Gearbox bracket for exhaust downpipe 2 bolt fitting
cat002;chap0207;147;Fuel & Exhaust;1275cc with HIF38 carburettor and open loop cataly;16;GEX7088;Gearbox bracket for exhaust downpipe 3 bolt fitting
cat002;chap0207;147;Fuel & Exhaust;1275cc with HIF38 carburettor and open loop cataly;19;C-STR811;RC40 with single box
cat002;chap0207;147;Fuel & Exhaust;1275cc with HIF38 carburettor and open loop cataly;19;C-STR811S;Stainless steel version of RC40 with single box
cat002;chap0207;147;Fuel & Exhaust;1275cc with HIF38 carburettor and open loop cataly;20;EYH10001;Plastic nut to secure heat shield and fuel line protector
cat002;chap0207;148;Fuel & Exhaust;Exhausts for all injection cars;1;GEX12043;Downpipe assembly for all injected cars except automatic
cat002;chap0207;148;Fuel & Exhaust;Exhausts for all injection cars;3;GEX7779;Gasket from manifold to downpipes
cat002;chap0207;148;Fuel & Exhaust;Exhausts for all injection cars;4;GEX7761;Gasket for catalytic converter
cat002;chap0207;148;Fuel & Exhaust;Exhausts for all injection cars;5;RV8009;Catalytic converter assembly
cat002;chap0207;148;Fuel & Exhaust;Exhausts for all injection cars;5;RC40-015;Catalytic converter assembly
cat002;chap0207;148;Fuel & Exhaust;Exhausts for all injection cars;6;FB110351;Setscrew M10 metric 35mm long for catalytic converter
cat002;chap0207;148;Fuel & Exhaust;Exhausts for all injection cars;7;GEX33519;Rear exhaust assembly from V059840 was WCE10116EVA
cat002;chap0207;148;Fuel & Exhaust;Exhausts for all injection cars;7;C-STR812;RC40 with twin box replaces all
cat002;chap0207;148;Fuel & Exhaust;Exhausts for all injection cars;11;DBP7104;Rubber hanging strap for exhaust
cat002;chap0207;148;Fuel & Exhaust;Exhausts for all injection cars;14;FX108047;Flanged nut, M8 for downpipe flange to manifold
cat002;chap0207;148;Fuel & Exhaust;Exhausts for all injection cars;15;TD108051A;Stud for manifold flange to downpipe, metric thread
cat002;chap0207;148;Fuel & Exhaust;Exhausts for all injection cars;16;NV110051;Nut, M10 Metric for catalytic converter
cat002;chap0207;148;Fuel & Exhaust;Exhausts for all injection cars;18;C-STR811;RC40 with single box
cat002;chap0207;148;Fuel & Exhaust;Exhausts for all injection cars;18;C-STR811S;Stainless Steel version of RC40 with single box
cat002;chap0207;148;Fuel & Exhaust;Exhausts for all injection cars;19;EYH10001;Plastic nut to secure heat shield and fuel line protector
cat002;chap0208;133;Heating & Air Conditioning;Radiators pre 1996;1;ARP2000;Radiator 3 core, less sender switch facility - pre 1992
cat002;chap0208;133;Heating & Air Conditioning;Radiators pre 1996;1;ARP1106;Radiator 3 core super cool, less sender switch facility - Pre 1992
cat002;chap0208;133;Heating & Air Conditioning;Radiators pre 1996;1;C-ARA4441;Radiator fabricated aluminium, 2 core special pre 1990
cat002;chap0208;133;Heating & Air Conditioning;Radiators pre 1996;1;C-ARA4441A;Radiator fabricated aluminium, 2 core special 1990 on
cat002;chap0208;133;Heating & Air Conditioning;Radiators pre 1996;1;C-ARA5000;Radiator fabricated aluminium, 2 core Mini Spares own
cat002;chap0208;133;Heating & Air Conditioning;Radiators pre 1996;1;C-ARA4442;Radiator high performance 2 core with drain plug fitted
cat002;chap0208;133;Heating & Air Conditioning;Radiators pre 1996;1;C-ARA4444;Radiator high performance 4 core
cat002;chap0208;133;Heating & Air Conditioning;Radiators pre 1996;1;C-ARA4444B;Radiator high performance 4 core with drain plug fitted
cat002;chap0208;133;Heating & Air Conditioning;Radiators pre 1996;2;PGK10034;Cowling for radiator, one piece
cat002;chap0208;133;Heating & Air Conditioning;Radiators pre 1996;3;SH604031;Bolt 1/4” UNF 3/8”long, for cowling to radiator
cat002;chap0208;133;Heating & Air Conditioning;Radiators pre 1996;4;14A7286;Rubber if [link]14A6498[/link] cowl has been fitted on inner wing
cat002;chap0208;133;Heating & Air Conditioning;Radiators pre 1996;5;GRC1110;Filler cap (15lbs pressure) radiators without sensor switch unit
cat002;chap0208;133;Heating & Air Conditioning;Radiators pre 1996;5;GRC207;Filler cap (15lbs pressure) radiators with sensor switch unit
cat002;chap0208;133;Heating & Air Conditioning;Radiators pre 1996;6;CAM4618;Bush for radiator cowl bottom, [link]ARP1073[/link] spacer tube
cat002;chap0208;133;Heating & Air Conditioning;Radiators pre 1996;6;CAM4618POLY;Poly Bush for radiator cowl bottom, [link]ARP1073[/link] spacer tube
cat002;chap0208;133;Heating & Air Conditioning;Radiators pre 1996;7;12A2153;Bracket, radiator cowl to engine mounting bracket
cat002;chap0208;133;Heating & Air Conditioning;Radiators pre 1996;8;ARP1073;Spacer tube
cat002;chap0208;133;Heating & Air Conditioning;Radiators pre 1996;9;12G4270;Bolt 5/16” UNF 3 1/4”long for bracket and spacer tube
cat002;chap0208;133;Heating & Air Conditioning;Radiators pre 1996;10;GFK1125;Spring washer 5/16”
cat002;chap0208;133;Heating & Air Conditioning;Radiators pre 1996;11;SH605051;Set screw 5/16” UNF 5/8”long, [link]12A2153[/link] to [link]12A361[/link] brackets
cat002;chap0208;133;Heating & Air Conditioning;Radiators pre 1996;12;12A361;Engine mounting bracket
cat002;chap0208;133;Heating & Air Conditioning;Radiators pre 1996;13;HBZ534;Bolt 5/16” UNF 4 3/8”long, [link]12A361[/link] to gearbox
cat002;chap0208;133;Heating & Air Conditioning;Radiators pre 1996;14;GFK1125;Spring washer 5/16”
cat002;chap0208;133;Heating & Air Conditioning;Radiators pre 1996;15;CAM4619;Radiator bracket upper 998cc
cat002;chap0208;133;Heating & Air Conditioning;Radiators pre 1996;16;11G227;Rubber bush was CAM4414
cat002;chap0208;133;Heating & Air Conditioning;Radiators pre 1996;17;CAM4415;Sleeve for [link]11G227[/link] bush
cat002;chap0208;133;Heating & Air Conditioning;Radiators pre 1996;18;PCU10135;Radiator bracket, when sandwich plate and thermostat
cat002;chap0208;133;Heating & Air Conditioning;Radiators pre 1996;18;PCU10135S;Radiator bracket as above in Stainless Steel
cat002;chap0208;133;Heating & Air Conditioning;Radiators pre 1996;19;GFK5179;Setscrew 1/4” UNF 3/4” long for bracket to radiator
cat002;chap0208;133;Heating & Air Conditioning;Radiators pre 1996;20;GFK1113;Plain washer 1/4”
cat002;chap0208;133;Heating & Air Conditioning;Radiators pre 1996;21;GRD172;Radiator with sender switch facility 1992 on less switch
cat002;chap0208;133;Heating & Air Conditioning;Radiators pre 1996;21;C-ARA4443;Radiator with Mini Spares solid screw in sensor included
cat002;chap0208;133;Heating & Air Conditioning;Radiators pre 1996;21;C-ARA4446;Radiator with Mini Spares solid screw in sensor included
cat002;chap0208;133;Heating & Air Conditioning;Radiators pre 1996;22;C-ARA4445;Sensor unit, fully screw in type for Mini Spares radiators
cat002;chap0208;133;Heating & Air Conditioning;Radiators pre 1996;22;GVS104;Sensor unit, turn and lock type for fan switch SPI only
cat002;chap0208;133;Heating & Air Conditioning;Radiators pre 1996;23;CDU2334;Seal for [link]GVS104[/link] sensor unit (supplied with new sensor)
cat002;chap0208;133;Heating & Air Conditioning;Radiators pre 1996;24;KTP9002;Retaining clip for sensor unit to radiator
cat002;chap0208;134;Heating & Air Conditioning;Radiators Fans, Hoses, Expansion Tank Pre 1996;3;YWL10010;Fan sensor and cable to thermostat 8mm hole 1275cc 1990-1
cat002;chap0208;134;Heating & Air Conditioning;Radiators Fans, Hoses, Expansion Tank Pre 1996;10;11G227;Grommet for upper fixing
cat002;chap0208;134;Heating & Air Conditioning;Radiators Fans, Hoses, Expansion Tank Pre 1996;11;CAM4415;Spacer for upper fixing
cat002;chap0208;134;Heating & Air Conditioning;Radiators Fans, Hoses, Expansion Tank Pre 1996;13;PGG10058;Electric fan when inner wing has round hole, all SPI models N.L.A
cat002;chap0208;134;Heating & Air Conditioning;Radiators Fans, Hoses, Expansion Tank Pre 1996;14;PGG10058MS;Electric fan kit replaces above when inner wing has round hole
cat002;chap0208;134;Heating & Air Conditioning;Radiators Fans, Hoses, Expansion Tank Pre 1996;14;C-ARA4401;Electric fan kit with special sender unit when no fan originally fitted
cat002;chap0208;134;Heating & Air Conditioning;Radiators Fans, Hoses, Expansion Tank Pre 1996;15;GRH802;Lower radiator hose less heater outlet (hot climates or race)
cat002;chap0208;134;Heating & Air Conditioning;Radiators Fans, Hoses, Expansion Tank Pre 1996;16;GRH240KEVLAR;Lower radiator hose 998cc
cat002;chap0208;134;Heating & Air Conditioning;Radiators Fans, Hoses, Expansion Tank Pre 1996;16;C-GRH240;Silicon lower radiator hose 998cc - Blue
cat002;chap0208;134;Heating & Air Conditioning;Radiators Fans, Hoses, Expansion Tank Pre 1996;16;C-GRH240BLACK;Silicon lower radiator hose 998cc - Black
cat002;chap0208;134;Heating & Air Conditioning;Radiators Fans, Hoses, Expansion Tank Pre 1996;16;C-GRH240RED;Silicon lower radiator hose 998cc - Red
cat002;chap0208;134;Heating & Air Conditioning;Radiators Fans, Hoses, Expansion Tank Pre 1996;17;GRH1289;Lower radiator hose, 1275cc with HIF38 carburettor
cat002;chap0208;134;Heating & Air Conditioning;Radiators Fans, Hoses, Expansion Tank Pre 1996;18;GRH1159;Lower radiator hose, 1275cc with HIF44 carburettor
cat002;chap0208;134;Heating & Air Conditioning;Radiators Fans, Hoses, Expansion Tank Pre 1996;18;C-GRH1159;Silicon lower radiator hose, 1275cc with HIF44 carburettor - Blue
cat002;chap0208;134;Heating & Air Conditioning;Radiators Fans, Hoses, Expansion Tank Pre 1996;18;GRH1242;Lower radiator hose, SPI only
cat002;chap0208;134;Heating & Air Conditioning;Radiators Fans, Hoses, Expansion Tank Pre 1996;18;C-GRH1242;Silicon lower radiator hose, SPI only - Blue
cat002;chap0208;134;Heating & Air Conditioning;Radiators Fans, Hoses, Expansion Tank Pre 1996;19;GRH245;Top radiator hose, 998cc
cat002;chap0208;134;Heating & Air Conditioning;Radiators Fans, Hoses, Expansion Tank Pre 1996;19;C-GRH245;Silicon top radiator hose, 998cc - Blue
cat002;chap0208;134;Heating & Air Conditioning;Radiators Fans, Hoses, Expansion Tank Pre 1996;19;C-GRH245BLACK;Silicon top radiator hose, 998cc - Black
cat002;chap0208;134;Heating & Air Conditioning;Radiators Fans, Hoses, Expansion Tank Pre 1996;19;C-GRH245RED;Silicon top radiator hose, 998cc - Red
cat002;chap0208;134;Heating & Air Conditioning;Radiators Fans, Hoses, Expansion Tank Pre 1996;20;GRH1140;Top radiator hose, Cooper HIF44, large bore 32mm thermostat end
cat002;chap0208;134;Heating & Air Conditioning;Radiators Fans, Hoses, Expansion Tank Pre 1996;20;C-GRH1140;
cat002;chap0208;134;Heating & Air Conditioning;Radiators Fans, Hoses, Expansion Tank Pre 1996;21;GRH1212;Top radiator hose, 1275cc and SPI except Cooper HIF44 carburettor
cat002;chap0208;134;Heating & Air Conditioning;Radiators Fans, Hoses, Expansion Tank Pre 1996;21;C-GRH1212;Silicon top radiator hose, 1275cc and SPI except Cooper HIF44 carb
cat002;chap0208;134;Heating & Air Conditioning;Radiators Fans, Hoses, Expansion Tank Pre 1996;22;PCH10532;Hose 3 way to thermostat, inlet manifold and heater SPI only
cat002;chap0208;134;Heating & Air Conditioning;Radiators Fans, Hoses, Expansion Tank Pre 1996;23;MOC211;Connector pipe 1/2” for lower hose to heater hose
cat002;chap0208;134;Heating & Air Conditioning;Radiators Fans, Hoses, Expansion Tank Pre 1996;23;MOC210;Connector 1/2” to 5/8” reducer, converting 1/2” to 5/8”hose pipe
cat002;chap0208;134;Heating & Air Conditioning;Radiators Fans, Hoses, Expansion Tank Pre 1996;24;GHC811;Clip for radiator hoses except one end of [link]GRH1140[/link]
cat002;chap0208;134;Heating & Air Conditioning;Radiators Fans, Hoses, Expansion Tank Pre 1996;25;GHC913;Clip for thermostat end of [link]GRH1140[/link]
cat002;chap0208;134;Heating & Air Conditioning;Radiators Fans, Hoses, Expansion Tank Pre 1996;26;GHC608;Clips for 5/8” heater hose
cat002;chap0208;134;Heating & Air Conditioning;Radiators Fans, Hoses, Expansion Tank Pre 1996;27;GHC406;Clip for 1/2” outlet hose [link]GRH240KEVLAR[/link] or 1/2” heater hose
cat002;chap0208;134;Heating & Air Conditioning;Radiators Fans, Hoses, Expansion Tank Pre 1996;32;GRH1001M;Radiator overflow pipe
cat002;chap0208;134;Heating & Air Conditioning;Radiators Fans, Hoses, Expansion Tank Pre 1996;33;PCH10538EVA;Heater valve to thermostat HIF38 only
cat002;chap0208;135;Heating & Air Conditioning;Radiator Hoses and Expansion tank MPI;1;GRD974;Radiator in metal (original had plastic tanks) front mounted
cat002;chap0208;135;Heating & Air Conditioning;Radiator Hoses and Expansion tank MPI;2;PCU103110;Bracket for mounting radiator R/H
cat002;chap0208;135;Heating & Air Conditioning;Radiator Hoses and Expansion tank MPI;3;PCU103100;Bracket for mounting radiator L/H
cat002;chap0208;135;Heating & Air Conditioning;Radiator Hoses and Expansion tank MPI;4;EJP1483;Bush for mounting radiator to bracket, upper only
cat002;chap0208;135;Heating & Air Conditioning;Radiator Hoses and Expansion tank MPI;4;EAP8708;Bush for mounting radiator to bracket, lower only
cat002;chap0208;135;Heating & Air Conditioning;Radiator Hoses and Expansion tank MPI;5;MYP100610;Screw self lock, bracket to body R/H was SH106161
cat002;chap0208;135;Heating & Air Conditioning;Radiator Hoses and Expansion tank MPI;6;MYP100610;Screw self lock, bracket to body L/H was FS106121
cat002;chap0208;135;Heating & Air Conditioning;Radiator Hoses and Expansion tank MPI;8;DYP10002;Bolt fan to radiator metric M6x16
cat002;chap0208;135;Heating & Air Conditioning;Radiator Hoses and Expansion tank MPI;9;PCF101240;Expansion tank
cat002;chap0208;135;Heating & Air Conditioning;Radiator Hoses and Expansion tank MPI;9;PCF101240ALLOY;Expansion tank in alloy
cat002;chap0208;135;Heating & Air Conditioning;Radiator Hoses and Expansion tank MPI;10;GRC1184;Cap for expansion tank
cat002;chap0208;135;Heating & Air Conditioning;Radiator Hoses and Expansion tank MPI;11;PCU103230;Bracket for expansion tank, uses metric nuts M6/M8
cat002;chap0208;135;Heating & Air Conditioning;Radiator Hoses and Expansion tank MPI;12;GRH1465;Radiator top hose
cat002;chap0208;135;Heating & Air Conditioning;Radiator Hoses and Expansion tank MPI;12;C-GRH1465;Radiator top hose in blue silicon
cat002;chap0208;135;Heating & Air Conditioning;Radiator Hoses and Expansion tank MPI;13;GRH1466;Radiator lower hose
cat002;chap0208;135;Heating & Air Conditioning;Radiator Hoses and Expansion tank MPI;14;CN100408;Clip for radiator top hose to thermostat
cat002;chap0208;135;Heating & Air Conditioning;Radiator Hoses and Expansion tank MPI;14;GHC913;Clip as alternative to [link]CN1008408[/link] except thermostat housing
cat002;chap0208;135;Heating & Air Conditioning;Radiator Hoses and Expansion tank MPI;17;PEU102380;Bracket support for top hose
cat002;chap0208;135;Heating & Air Conditioning;Radiator Hoses and Expansion tank MPI;18;LPH630;Expansion tank to thermostat hose 5/16” (8mm bore) was GRH1467
cat002;chap0208;135;Heating & Air Conditioning;Radiator Hoses and Expansion tank MPI;19;GHC405;Clips for expansion tank hose
cat002;chap0208;136;Heating & Air Conditioning;Heater unit, valves and controls;1;C-ARA3000;Universal aluminium heater unit optional
cat002;chap0208;136;Heating & Air Conditioning;Heater unit, valves and controls;3;BAU5043;Matrix for heater unit, up to 1990
cat002;chap0208;136;Heating & Air Conditioning;Heater unit, valves and controls;4;JEF10005;Matrix for heater unit, 1991 on and all injection cars
cat002;chap0208;136;Heating & Air Conditioning;Heater unit, valves and controls;5;JEP10008;Outlet pipe pack kit for [link]JEF10005[/link] heater matrix
cat002;chap0208;136;Heating & Air Conditioning;Heater unit, valves and controls;8;YUF101090;Switch for heater fan control, except MPI
cat002;chap0208;136;Heating & Air Conditioning;Heater unit, valves and controls;12;YUF101410;Switch for heater control, 2 speed, MPI only
cat002;chap0208;136;Heating & Air Conditioning;Heater unit, valves and controls;14;JGM100100;Resistor pack for 2 speed blower unit, MPI only
cat002;chap0208;136;Heating & Air Conditioning;Heater unit, valves and controls;15;CHM373;Heater cable, when heater valve on cylinder head, pre 1988
cat002;chap0208;136;Heating & Air Conditioning;Heater unit, valves and controls;15;JFF10003;Heater cable, in line heater valve 1988 to 1992
cat002;chap0208;136;Heating & Air Conditioning;Heater unit, valves and controls;15;JFF10051;Heater cable, in line heater valve SPI only
cat002;chap0208;136;Heating & Air Conditioning;Heater unit, valves and controls;15;JFF100910;Heater cable, in line heater valve MPI only
cat002;chap0208;136;Heating & Air Conditioning;Heater unit, valves and controls;16;GHF323;Shake proof washer 3/8”
cat002;chap0208;136;Heating & Air Conditioning;Heater unit, valves and controls;17;GFK3213;Plain nut 3/8” UNF
cat002;chap0208;136;Heating & Air Conditioning;Heater unit, valves and controls;18;JFD10039;Knob insert for cable (original Red/Blue arrows 1990 on) - N.L.A
cat002;chap0208;136;Heating & Air Conditioning;Heater unit, valves and controls;19;CAM5969;Grommet for cable in body work
cat002;chap0208;136;Heating & Air Conditioning;Heater unit, valves and controls;20;ADU9102MS;Heater valve, bolted on cylinder head to 1988
cat002;chap0208;136;Heating & Air Conditioning;Heater unit, valves and controls;21;88G221;Gasket for heater valve
cat002;chap0208;136;Heating & Air Conditioning;Heater unit, valves and controls;22;JJB10011;Heater valve, in line floating type from 1989-1996
cat002;chap0208;136;Heating & Air Conditioning;Heater unit, valves and controls;22;JJB100260;Heater valve, fixed to heater from 1996
cat002;chap0208;137;Heating & Air Conditioning;Heater valves, hoses and controls;1;ADU9102MS;Heater valve, angled body fits cylinder head, takes 1/2” hose
cat002;chap0208;137;Heating & Air Conditioning;Heater valves, hoses and controls;1;13H5506;Heater valve, straight body fits cylinder head, takes 1/2” hose
cat002;chap0208;137;Heating & Air Conditioning;Heater valves, hoses and controls;2;JJB10011;Heater valve, in line floating type takes 5/8” hose
cat002;chap0208;137;Heating & Air Conditioning;Heater valves, hoses and controls;3;JJB100260;Heater valve, fitted on side of heater inside car
cat002;chap0208;137;Heating & Air Conditioning;Heater valves, hoses and controls;4;GRH905;Hose 5/8” to use with 1/2” hose on item No. 1 - See notes below
cat002;chap0208;137;Heating & Air Conditioning;Heater valves, hoses and controls;4;C-GRH1007;Silicon 1/2” bore hose 1.2 metre long, heater to bottom hose - Blue
cat002;chap0208;137;Heating & Air Conditioning;Heater valves, hoses and controls;4;C-GRH1007BLACK;Silicon 1/2” bore hose 1.2 metre long, heater to bottom hose - Black
cat002;chap0208;137;Heating & Air Conditioning;Heater valves, hoses and controls;4;C-GRH1007RED;Silicon 1/2” bore hose 1.2 metre long, heater to bottom hose - Red
cat002;chap0208;137;Heating & Air Conditioning;Heater valves, hoses and controls;4;GRH1006;Hose 1/2” bore 1985-1989, to item No1 valve-see notes below
cat002;chap0208;137;Heating & Air Conditioning;Heater valves, hoses and controls;4;GRH1006KEVLAR;Kevlar reinforced hose 1/2” bore - Alternative to above
cat002;chap0208;137;Heating & Air Conditioning;Heater valves, hoses and controls;5;GRH905;Hose 5/8” to use with 1/2” hose on item No. 1 - See notes below
cat002;chap0208;137;Heating & Air Conditioning;Heater valves, hoses and controls;5;C-GRH1006;Silicon 1/2” hose 1 metre long, heater to [link]ADU9102MS[/link] valve - Blue
cat002;chap0208;137;Heating & Air Conditioning;Heater valves, hoses and controls;5;C-GRH1006BLACK;Silicon 1/2” hose 1 metre long, heater to [link]ADU9102MS[/link] valve - Black
cat002;chap0208;137;Heating & Air Conditioning;Heater valves, hoses and controls;5;C-GRH1006RED;Silicon 1/2” hose 1 metre long, heater to [link]ADU9102MS[/link] valve - Red
cat002;chap0208;137;Heating & Air Conditioning;Heater valves, hoses and controls;5;GRH1006;Hose 1/2”bore 1985-1989, to item No. 1 valve - See notes below
cat002;chap0208;137;Heating & Air Conditioning;Heater valves, hoses and controls;5;GRH1006KEVLAR;Kevlar reinforced hose 1/2” bore - Alternative to above
cat002;chap0208;137;Heating & Air Conditioning;Heater valves, hoses and controls;6;GRH905;Hose 5/8” bore, cylinder head outlet to valve
cat002;chap0208;137;Heating & Air Conditioning;Heater valves, hoses and controls;7;JHB10017;Hose 5/8” bore, heater to in line valve, 1989 on
cat002;chap0208;137;Heating & Air Conditioning;Heater valves, hoses and controls;8;JHC10004;Hose 5/8” bore, heater to bottom hose, was GRH1219
cat002;chap0208;137;Heating & Air Conditioning;Heater valves, hoses and controls;9;GHC608;Clip for 5/8” hose
cat002;chap0208;137;Heating & Air Conditioning;Heater valves, hoses and controls;9;GHC406;Clip for 1/2” hose
cat002;chap0208;137;Heating & Air Conditioning;Heater valves, hoses and controls;12;MOC211;Connector 1/2” bottom hose to 1/2” heater hose
cat002;chap0208;137;Heating & Air Conditioning;Heater valves, hoses and controls;13;MOC210;Connector 1/2” bottom hose to 5/8” heater hose
cat002;chap0208;137;Heating & Air Conditioning;Heater valves, hoses and controls;13;MOC212;Connector 5/8” bottom hose to 5/8” heater hose
cat002;chap0208;137;Heating & Air Conditioning;Heater valves, hoses and controls;14;12G2534;Take off on cylinder head for 5/8” hose
cat002;chap0208;137;Heating & Air Conditioning;Heater valves, hoses and controls;16;34G3651;Hose grommet when [link]ADU9102MS[/link] valve is fitted, for 1/2” hose
cat002;chap0208;137;Heating & Air Conditioning;Heater valves, hoses and controls;16;CLP6235;Hose grommet when in line filter is fitted for 5/8” hose
cat002;chap0208;137;Heating & Air Conditioning;Heater valves, hoses and controls;17;JHC10017;Hose, 5/8” shaped- heater to bottom hose 1991-1996
cat002;chap0208;137;Heating & Air Conditioning;Heater valves, hoses and controls;18;JHB10018;Hose, 5/8” straight 18” (45mm) long-heater to valve 1991-96
cat002;chap0208;137;Heating & Air Conditioning;Heater valves, hoses and controls;22;CHM373;Heater cable, when heater valve on cylinder head, pre 1988
cat002;chap0208;137;Heating & Air Conditioning;Heater valves, hoses and controls;22;JFF10003;Heater cable, in line heater valve 1988 to 1992
cat002;chap0208;137;Heating & Air Conditioning;Heater valves, hoses and controls;22;JFF10051;Heater cable, in line heater valve SPI only
cat002;chap0208;137;Heating & Air Conditioning;Heater valves, hoses and controls;22;JFF100910;Heater cable, in line heater valve MPI only
cat002;chap0208;137;Heating & Air Conditioning;Heater valves, hoses and controls;23;GHF323;Shake proof washer 3/8”
cat002;chap0208;137;Heating & Air Conditioning;Heater valves, hoses and controls;24;GFK3213;Plain nut 3/8” UNF
cat002;chap0208;137;Heating & Air Conditioning;Heater valves, hoses and controls;25;JFD10039;Knob insert for cable (original red/blue arrows 1990 on)
cat002;chap0208;137;Heating & Air Conditioning;Heater valves, hoses and controls;26;CAM5969;Grommet for cable in body work
cat002;chap0208;138;Heating & Air Conditioning;hoses;5;GFK3211;Plain nut 1/4” UNF
cat002;chap0208;138;Heating & Air Conditioning;hoses;6;GHF321;Shake proof washer
cat002;chap0208;138;Heating & Air Conditioning;hoses;8;JPC6876;Seal from intake hose to air box
cat002;chap0208;138;Heating & Air Conditioning;hoses;10;346999A;Hose from air box to heater
cat002;chap0208;138;Heating & Air Conditioning;hoses;13;GFK3210;Plain nut 3/16” UNF to hold air box to panel
cat002;chap0208;138;Heating & Air Conditioning;hoses;14;WA1090;Plain washer 3/16” UNF (2BA)
cat002;chap0208;138;Heating & Air Conditioning;hoses;15;CZH700;Hose from air box to air vent
cat002;chap0208;138;Heating & Air Conditioning;hoses;16;ALA6292;Sponge washer for vent body
cat002;chap0208;138;Heating & Air Conditioning;hoses;20;JKA10011;Duct for air hose L/H behind grille, injection cars
cat002;chap0208;138;Heating & Air Conditioning;hoses;21;CZH1753;Demist hose
cat002;chap0208;138;Heating & Air Conditioning;hoses;23;JBB100550;Hose from connector to air vent on wooden dash
cat002;chap0208;138;Heating & Air Conditioning;hoses;26;SE910201;Screw 3/16” UNF for air vent to body
cat002;chap0208;138;Heating & Air Conditioning;hoses;27;GFK1123;Spring washer 3/16”
cat002;chap0208;139;Heating & Air Conditioning;Air Conditioning-japan;6;FN106047;Flanged nut M6 metric
cat002;chap0208;139;Heating & Air Conditioning;Air Conditioning-japan;8;JPB100850;Compressor assembly
cat002;chap0208;139;Heating & Air Conditioning;Air Conditioning-japan;10;GMB51005;Poly V belt when air conditioning only
cat002;chap0208;139;Heating & Air Conditioning;Air Conditioning-japan;23;JTB100260;Switch for air pack with wood dash from chassis BD103113
cat002;chap0209;164;Electrical and Instruments;Distributors;1;ADU5789;Distributor 59D Lucas type 998cc lead free (41907)
cat002;chap0209;164;Electrical and Instruments;Distributors;1;C-27H7767;Distributor Aldon yellow for road tuned engine with vacuum unit
cat002;chap0209;164;Electrical and Instruments;Distributors;2;GDC136;Cap for distributor
cat002;chap0209;164;Electrical and Instruments;Distributors;3;GRA2114;Rotor arm - 45D/59D
cat002;chap0209;164;Electrical and Instruments;Distributors;3;GRA2130;Rotor arm performance use - 45D/59D
cat002;chap0209;164;Electrical and Instruments;Distributors;4;GCS2261;Contact set
cat002;chap0209;164;Electrical and Instruments;Distributors;5;GSC2109;Condenser
cat002;chap0209;164;Electrical and Instruments;Distributors;6;37H8226;Vacuum unit (54424167) for 59D ([link]ADU4049[/link] / [link]ADU5789[/link])
cat002;chap0209;164;Electrical and Instruments;Distributors;7;513682A;Oil seal
cat002;chap0209;164;Electrical and Instruments;Distributors;8;TAM1671;Clamp to hold distributor to block
cat002;chap0209;164;Electrical and Instruments;Distributors;9;TAM1706;Bolt for distributor clamp - 3/8” UNF 1” long
cat002;chap0209;164;Electrical and Instruments;Distributors;11;GDC214;Cap for Ducellier distributor
cat002;chap0209;164;Electrical and Instruments;Distributors;12;GRA2123;Rotor arm Ducellier
cat002;chap0209;164;Electrical and Instruments;Distributors;13;GCS119;Contact set Ducellier
cat002;chap0209;164;Electrical and Instruments;Distributors;14;GSC2113;Condenser Ducellier
cat002;chap0209;164;Electrical and Instruments;Distributors;16;AUU1536;Distributor, 1275cc Cooper 1990-93 with HIF44 carburettor
cat002;chap0209;164;Electrical and Instruments;Distributors;16;NJC10038;Distributor, 1275 1991-94 open loop catalyst with HIF38 carburettor
cat002;chap0209;164;Electrical and Instruments;Distributors;16;C-27H7773;123 Electronic distributor with 16 ready programmed curves
cat002;chap0209;164;Electrical and Instruments;Distributors;17;GDC156;Cap for distributor, Lucas electronic ignition with screws
cat002;chap0209;164;Electrical and Instruments;Distributors;18;GRA2143;Rotor arm
cat002;chap0209;164;Electrical and Instruments;Distributors;20;NJC10001;Module
cat002;chap0209;164;Electrical and Instruments;Distributors;22;BAU5309;Vacuum unit, 1275cc Cooper with HIF44 carburettor
cat002;chap0209;164;Electrical and Instruments;Distributors;22;RTC3993;Vacuum unit, 1275cc with open loop catalyst HIF38 carburettor
cat002;chap0209;164;Electrical and Instruments;Distributors;24;37H4229M;Vacuum pipe with 2 rubber ends 16” (660mm)long
cat002;chap0209;164;Electrical and Instruments;Distributors;25;12B2062;Angled connector for vacuum pipe
cat002;chap0209;164;Electrical and Instruments;Distributors;26;12B2095;Straight connector for vacuum pipe
cat002;chap0209;164;Electrical and Instruments;Distributors;27;NJC10034;Distributor, SPI injection only
cat002;chap0209;164;Electrical and Instruments;Distributors;27;C-27H7772;123 Electronic distributor with 16 ready programmed curves
cat002;chap0209;164;Electrical and Instruments;Distributors;27;C-27H7775;123 Programmable electronic distributor
cat002;chap0209;164;Electrical and Instruments;Distributors;28;YMV10064;Harness from electronic distributor module to coil
cat002;chap0209;164;Electrical and Instruments;Distributors;29;NJU10002;Top distributor shield bracket, was CAM4110
cat002;chap0209;164;Electrical and Instruments;Distributors;30;13H6461;Fastener nut, washer and turn button kit
cat002;chap0209;164;Electrical and Instruments;Distributors;31;JZV1073;Bottom distributor shield bracket, manual
cat002;chap0209;164;Electrical and Instruments;Distributors;32;NJT10004;Distributor shield - pre SPI
cat002;chap0209;164;Electrical and Instruments;Distributors;32;NJT10014;Distributor shield, automatic
cat002;chap0209;164;Electrical and Instruments;Distributors;33;BHM1675;Distributor shield kit complete, manual with NJT10004 shield
cat002;chap0209;165;Electrical and Instruments;Power unit electrics Non Injection;1;37H4229M;Vacuum pipe with 2 rubber ends 16” (660mm) long
cat002;chap0209;165;Electrical and Instruments;Power unit electrics Non Injection;2;12B2095;Straight connector for vacuum pipe
cat002;chap0209;165;Electrical and Instruments;Power unit electrics Non Injection;3;12B2062;Angled connector for vacuum pipe
cat002;chap0209;165;Electrical and Instruments;Power unit electrics Non Injection;4;GCL217;Ballast type coil 998cc was GCL144
cat002;chap0209;165;Electrical and Instruments;Power unit electrics Non Injection;4;GCL143;Ballast type coil 1275cc
cat002;chap0209;165;Electrical and Instruments;Power unit electrics Non Injection;5;12G2994;Bracket to hold coil - 1970 - 1996 except MPI
cat002;chap0209;165;Electrical and Instruments;Power unit electrics Non Injection;6;SH605051;Set screw 5/16” UNF 5/8” long
cat002;chap0209;165;Electrical and Instruments;Power unit electrics Non Injection;7;GFK1125;Spring washer 5/16”
cat002;chap0209;165;Electrical and Instruments;Power unit electrics Non Injection;8;GFK1114;Plain washer
cat002;chap0209;165;Electrical and Instruments;Power unit electrics Non Injection;9;GHT241;Ignition 6mm lead set in double silicon
cat002;chap0209;165;Electrical and Instruments;Power unit electrics Non Injection;9;C-27H7779;Ignition 8mm lead set in silicon, extra performance and reliability
cat002;chap0209;165;Electrical and Instruments;Power unit electrics Non Injection;9;HV22;Ignition 8mm red lead set, silicon, extra performance and reliability
cat002;chap0209;165;Electrical and Instruments;Power unit electrics Non Injection;9;BLS529;Ignition 8mm blue lead set, silicon, extra performance and reliability
cat002;chap0209;165;Electrical and Instruments;Power unit electrics Non Injection;10;BP6ES;Spark plug
cat002;chap0209;165;Electrical and Instruments;Power unit electrics Non Injection;10;BPR6ES;Spark plug for cars with electronic ignition,1275cc
cat002;chap0209;165;Electrical and Instruments;Power unit electrics Non Injection;11;GPS133;Oil pressure switch
cat002;chap0209;165;Electrical and Instruments;Power unit electrics Non Injection;12;6K464;Washer for switch, not required
cat002;chap0209;165;Electrical and Instruments;Power unit electrics Non Injection;13;GTR101;Temperature transmitter
cat002;chap0209;165;Electrical and Instruments;Power unit electrics Non Injection;14;GAE191;Reverse lamp switch
cat002;chap0209;165;Electrical and Instruments;Power unit electrics Non Injection;15;22A1613;Locking nut for reverse lamp switch
cat002;chap0209;165;Electrical and Instruments;Power unit electrics Non Injection;21;MAW10001;Washer for vacuum switch
cat002;chap0209;165;Electrical and Instruments;Power unit electrics Non Injection;22;8B12397;Coil bracket in stainless steel
cat002;chap0209;165;Electrical and Instruments;Power unit electrics Non Injection;22;8B12398;Coil Sleeve and bracket in stainless steel. 4 5/16” (11cm) long
cat002;chap0209;165;Electrical and Instruments;Power unit electrics Non Injection;23;YMV10064;Harness from electronic distributor to coil
cat002;chap0209;166;Electrical and Instruments;Power unit electrics SPI - 1275CC;1;YSB10219;Harness to ECU to chassis BD059821 manual, SPI
cat002;chap0209;166;Electrical and Instruments;Power unit electrics SPI - 1275CC;1;YSB10265;Harness to ECU from BD59821 to 103112 manual, SPI
cat002;chap0209;166;Electrical and Instruments;Power unit electrics SPI - 1275CC;1;YSB103970;Harness to ECU from BD103113 manual, SPI
cat002;chap0209;166;Electrical and Instruments;Power unit electrics SPI - 1275CC;5;NPC10001;Fuel trap intake
cat002;chap0209;166;Electrical and Instruments;Power unit electrics SPI - 1275CC;6;MLH10026;Fuel hose to ECU from trap
cat002;chap0209;166;Electrical and Instruments;Power unit electrics SPI - 1275CC;7;NNZ10001;Connector elbow to ECU
cat002;chap0209;166;Electrical and Instruments;Power unit electrics SPI - 1275CC;8;MLH10022;Pipe from inlet manifold vacuum to fuel trap
cat002;chap0209;166;Electrical and Instruments;Power unit electrics SPI - 1275CC;9;NNK10001;Sensor for inlet air temperature
cat002;chap0209;166;Electrical and Instruments;Power unit electrics SPI - 1275CC;10;GTR307;Water temperature transmitter
cat002;chap0209;166;Electrical and Instruments;Power unit electrics SPI - 1275CC;11;ADU7340;Crankshaft sensor
cat002;chap0209;166;Electrical and Instruments;Power unit electrics SPI - 1275CC;18;BPR6ES;Spark plug for cars with electronic ignition,1275cc
cat002;chap0209;166;Electrical and Instruments;Power unit electrics SPI - 1275CC;19;GHT241;Ignition 6mm lead set in double silicon
cat002;chap0209;166;Electrical and Instruments;Power unit electrics SPI - 1275CC;19;C-27H7779;Ignition 8mm lead set in silicon, extra performance and reliability
cat002;chap0209;166;Electrical and Instruments;Power unit electrics SPI - 1275CC;19;HV22;Ignition 8mm red lead set, silicon, extra performance and reliability
cat002;chap0209;166;Electrical and Instruments;Power unit electrics SPI - 1275CC;19;BLS529;Ignition 8mm blue lead set, silicon, extra performance and reliability
cat002;chap0209;166;Electrical and Instruments;Power unit electrics SPI - 1275CC;20;MAU10053;Bracket to hold Electric Control Unit (ECU)
cat002;chap0209;166;Electrical and Instruments;Power unit electrics SPI - 1275CC;24;MNE10026;Automatic - SPI - Except Cooper - Vin No. to 59844
cat002;chap0209;166;Electrical and Instruments;Power unit electrics SPI - 1275CC;24;MNE10027;Manual - SPI - Japan - Except Cooper - Vin No. to 60487
cat002;chap0209;166;Electrical and Instruments;Power unit electrics SPI - 1275CC;24;MNE10097;Manual - SPI - Except Cooper - 1992-93 - Vin No. to 59586
cat002;chap0209;166;Electrical and Instruments;Power unit electrics SPI - 1275CC;24;MNE10078;Manual - SPI - Japan - Cooper - Vin No. to 60487
cat002;chap0209;166;Electrical and Instruments;Power unit electrics SPI - 1275CC;24;MNE10090;Automatic - SPI - Except Cooper - Vin No. from 59845 to 68084
cat002;chap0209;166;Electrical and Instruments;Power unit electrics SPI - 1275CC;24;MNE101060;Automatic - SPI - Except Cooper - Vin No. from 68085 to 103112
cat002;chap0209;166;Electrical and Instruments;Power unit electrics SPI - 1275CC;24;MNE10092;Manual - SPI - Cooper - Vin No. from 60488 to 69492
cat002;chap0209;166;Electrical and Instruments;Power unit electrics SPI - 1275CC;24;MNE101070;Manual - SPI - Cooper - Vin No. from 69493 to 103112
cat002;chap0209;166;Electrical and Instruments;Power unit electrics SPI - 1275CC;24;MNE10089;Manual - SPI - Except Cooper - Vin No. from 59587 to 67377
cat002;chap0209;166;Electrical and Instruments;Power unit electrics SPI - 1275CC;24;MNE101040;Manual - SPI - Except Cooper - Vin No. from 67378 to 103112
cat002;chap0209;166;Electrical and Instruments;Power unit electrics SPI - 1275CC;24;MNE101150;Manual - SPI - Except Cooper - Vin No. from 103113 to 134454
cat002;chap0209;166;Electrical and Instruments;Power unit electrics SPI - 1275CC;24;MNE101160;Automatic - SPI - Except Cooper - Vin No. from 103113 to 134454
cat002;chap0209;166;Electrical and Instruments;Power unit electrics SPI - 1275CC;24;MNE101170;Manual - SPI - Except Cooper - Vin No. from 103113 to 134454
cat002;chap0209;166;Electrical and Instruments;Power unit electrics SPI - 1275CC;24;MNE101350;Manual - SPI - Except UK - 1996 on - Vin No. from 134455
cat002;chap0209;166;Electrical and Instruments;Power unit electrics SPI - 1275CC;24;MNE101351;Manual - SPI - Except UK - 1996 on - Vin No. from 134455
cat002;chap0209;166;Electrical and Instruments;Power unit electrics SPI - 1275CC;24;MNE101361;Automatic - SPI - Air Con - Except UK - 1996 on - Vin No. from 134455
cat002;chap0209;167;Electrical and Instruments;Power unit electrics-MPI;1;GCL204;Ignition coil
cat002;chap0209;167;Electrical and Instruments;Power unit electrics-MPI;5;GTR206;Water temperature transmitter with light brown top
cat002;chap0209;167;Electrical and Instruments;Power unit electrics-MPI;6;MDY100040;Sealing washer for transmitter
cat002;chap0209;167;Electrical and Instruments;Power unit electrics-MPI;7;GHT289;Ignition lead set
cat002;chap0209;167;Electrical and Instruments;Power unit electrics-MPI;7;BLS541;Ignition lead set, extra performance and reliability
cat002;chap0209;167;Electrical and Instruments;Power unit electrics-MPI;8;NSC100760;Sensor for engine camshaft on rear of block
cat002;chap0209;167;Electrical and Instruments;Power unit electrics-MPI;10;YCB100320;Oil temperature sender unit (fits above release valve on engine)
cat002;chap0209;167;Electrical and Instruments;Power unit electrics-MPI;11;GPS135;Oil pressure switch (stamped NUC10003)
cat002;chap0209;167;Electrical and Instruments;Power unit electrics-MPI;12;YSB104760;Harness to ECU, manual
cat002;chap0209;167;Electrical and Instruments;Power unit electrics-MPI;12;YSB104770;Harness to ECU, automatic
cat002;chap0209;167;Electrical and Instruments;Power unit electrics-MPI;13;GTR307;Water temperature transmitter dark brown
cat002;chap0209;167;Electrical and Instruments;Power unit electrics-MPI;14;ADU7340;Crankshaft sensor
cat002;chap0209;167;Electrical and Instruments;Power unit electrics-MPI;19;NNK10001;Sensor for air inlet temperature, has green top
cat002;chap0209;167;Electrical and Instruments;Power unit electrics-MPI;21;MHK100600;Manifold absolute pressure air sensor on inlet manifold
cat002;chap0209;167;Electrical and Instruments;Power unit electrics-MPI;22;MLZ100090;Air control valve on inlet manifold was MLZ100050
cat002;chap0209;167;Electrical and Instruments;Power unit electrics-MPI;23;MDQ100040;Motor only for control valve
cat002;chap0209;167;Electrical and Instruments;Power unit electrics-MPI;24;MYP100610;Screw, longer for MLZ100090 valve
cat002;chap0209;167;Electrical and Instruments;Power unit electrics-MPI;25;BPR6EVG;Spark plug
cat002;chap0209;167;Electrical and Instruments;Power unit electrics-MPI;26;YMQ105690;Harness coolent fan switch modification from Rover
cat002;chap0209;167;Electrical and Instruments;Power unit electrics-MPI;29;MKC104290;Reconditioned Electronic control units MPI - Vin no. from 134455 to 137649
cat002;chap0209;167;Electrical and Instruments;Power unit electrics-MPI;29;MKC104291;Reconditioned Electronic control units MPI - Replaces MKC104290 - Vin no. from 134455 to 137649
cat002;chap0209;167;Electrical and Instruments;Power unit electrics-MPI;29;MKC104292;Reconditioned Electronic control units MPI - Also replaces MKC104291 - Vin no. from 137650
cat002;chap0209;168;Electrical and Instruments;Alternators and Starter;1;GXE2297;Alternator A127/70 type 1985-1996 with pulleys, except MPI
cat002;chap0209;168;Electrical and Instruments;Alternators and Starter;1;GXE1002;Alternator lightweight competition 55 amp output - Not MPI
cat002;chap0209;168;Electrical and Instruments;Alternators and Starter;1;GXE1003;Alternator lightweight competition 50 amp output - Not MPI
cat002;chap0209;168;Electrical and Instruments;Alternators and Starter;9;CAM4853;Bracket for alternator to engine block
cat002;chap0209;168;Electrical and Instruments;Alternators and Starter;10;GFK5184;Bolt 5/16” UNF 3/4” long, bracket to engine block
cat002;chap0209;168;Electrical and Instruments;Alternators and Starter;11;GFK1125;Spring washer 5/16”
cat002;chap0209;168;Electrical and Instruments;Alternators and Starter;12;GFK5187;Bolt 5/16” UNF 2” long, water pump to alternator
cat002;chap0209;168;Electrical and Instruments;Alternators and Starter;13;GFK1114;Plain washer 5/16”
cat002;chap0209;168;Electrical and Instruments;Alternators and Starter;14;GFK1125;Spring washer 5/16”
cat002;chap0209;168;Electrical and Instruments;Alternators and Starter;15;GFK3212;Plain nut 5/16” or lock nut [link]GFK3323[/link]
cat002;chap0209;168;Electrical and Instruments;Alternators and Starter;16;BH605141;Bolt 5/16” UNF 13/4” long, alternator to engine bracket
cat002;chap0209;168;Electrical and Instruments;Alternators and Starter;18;GFK1115;Plain washer 3/8” as spacer or [link]GFK1126[/link] spring washer
cat002;chap0209;168;Electrical and Instruments;Alternators and Starter;19;GFK3212;Plain nut 3/8” UNF, locks bolt to front plate for adjuster link
cat002;chap0209;168;Electrical and Instruments;Alternators and Starter;20;12G2627;Adjuster link for alternator
cat002;chap0209;168;Electrical and Instruments;Alternators and Starter;21;GFK1115;Plain washer 3/8”
cat002;chap0209;168;Electrical and Instruments;Alternators and Starter;22;GFK3323;Locking nut 3/8” UNF
cat002;chap0209;168;Electrical and Instruments;Alternators and Starter;24;GFK1125;Spring washer 5/16” or metric M8 spring washer
cat002;chap0209;168;Electrical and Instruments;Alternators and Starter;25;GFK1114;Plain washer 5/16” or metric M8 washer
cat002;chap0209;168;Electrical and Instruments;Alternators and Starter;26;GCB10813;Fanbelt cogged type 813mm long
cat002;chap0209;168;Electrical and Instruments;Alternators and Starter;26;GCB10825;Fanbelt cogged type 825mm long
cat002;chap0209;168;Electrical and Instruments;Alternators and Starter;26;GCB10838;Fanbelt cogged type 838mm long
cat002;chap0209;168;Electrical and Instruments;Alternators and Starter;27;GNU2521;Alternator, A1151/65 type for MPI only
cat002;chap0209;168;Electrical and Instruments;Alternators and Starter;29;FS108207;Flanged setscrew M8 metric 20mm long, to hold bracket
cat002;chap0209;168;Electrical and Instruments;Alternators and Starter;31;FB108241;Bolt M8 metric 65mm long, upper alternator mounting
cat002;chap0209;168;Electrical and Instruments;Alternators and Starter;32;FN108047;Flanged nut M8 metric, upper mounting bolt and fan guard
cat002;chap0209;168;Electrical and Instruments;Alternators and Starter;33;YLU102340;Lower alternator bracket and air compressor if fitted
cat002;chap0209;168;Electrical and Instruments;Alternators and Starter;34;FS108207;Flanged setscrew M8 metric 20mm long, to hold bracket
cat002;chap0209;168;Electrical and Instruments;Alternators and Starter;35;FS108207;Flanged setscrew M8 metric, alternator rear lower to bracket
cat002;chap0209;168;Electrical and Instruments;Alternators and Starter;36;PQM100120;Bolt, lower front alternator fixing and plastic guard
cat002;chap0209;168;Electrical and Instruments;Alternators and Starter;38;GMB50920;Fanbelt when no compressor for air conditioning
cat002;chap0209;168;Electrical and Instruments;Alternators and Starter;38;GMB51005;Fanbelt when compressor for air conditioning is fitted
cat002;chap0209;168;Electrical and Instruments;Alternators and Starter;39;GXE4527;Starter, M79 pre engaged type including solenoid
cat002;chap0209;168;Electrical and Instruments;Alternators and Starter;40;NAF10004;Solenoid
cat002;chap0209;169;Electrical and Instruments;Headlamps;1;BHM7198;Headlamp sealed beam assembly less outer rim RHD
cat002;chap0209;169;Electrical and Instruments;Headlamps;2;13H3471A;Sealed beam light unit RHD
cat002;chap0209;169;Electrical and Instruments;Headlamps;3;17H5143;Rim for headlamp, chrome over brass for better look
cat002;chap0209;169;Electrical and Instruments;Headlamps;3;500929;Rim for headlamp, chrome over steel - Genuine with dimples
cat002;chap0209;169;Electrical and Instruments;Headlamps;3;500929MS;Rim for headlamp, stainless steel
cat002;chap0209;169;Electrical and Instruments;Headlamps;4;RTC465;Screw and washer for headlamp rim (supplied with rims)
cat002;chap0209;169;Electrical and Instruments;Headlamps;5;DHF100010SS;Inner rim stainless steel, MPI and all Wipac Quadoptic lamps
cat002;chap0209;169;Electrical and Instruments;Headlamps;6;AB606021;Screw for holding inner rim
cat002;chap0209;169;Electrical and Instruments;Headlamps;7;BAU2111;Wiring loom connector for sealed beam and side lamp
cat002;chap0209;169;Electrical and Instruments;Headlamps;8;9403;Gasket seal for headlamp bowl to body
cat002;chap0209;169;Electrical and Instruments;Headlamps;9;MS14K;Headlamp adjuster kit
cat002;chap0209;169;Electrical and Instruments;Headlamps;10;GLB501;Bulb for side lamp, cap less push in type
cat002;chap0209;169;Electrical and Instruments;Headlamps;11;37H7421;Bracket clip for metal bowl to hold outer rim
cat002;chap0209;169;Electrical and Instruments;Headlamps;12;MS14;Metal headlamp bowl with clip [link]37H7421[/link]
cat002;chap0209;169;Electrical and Instruments;Headlamps;12;S5400;Plastic headlamp bowl with seal, inner rim and adjuster kit
cat002;chap0209;169;Electrical and Instruments;Headlamps;12;XBC105240;Plastic headlamp bowl for self level lamps
cat002;chap0209;169;Electrical and Instruments;Headlamps;14;27H5981A;Light unit 700 series LHD
cat002;chap0209;169;Electrical and Instruments;Headlamps;16;BAU4447;Bulb holder for side lamp uses [link]GLB233[/link] bulb
cat002;chap0209;169;Electrical and Instruments;Headlamps;17;GLB410;Headlamp bulb 40/45 watt
cat002;chap0209;169;Electrical and Instruments;Headlamps;18;GLB233;Side lamp bulb 4 watt
cat002;chap0209;169;Electrical and Instruments;Headlamps;24;XBC10197;Headlamp Quadoptic assembly less outer rim
cat002;chap0209;169;Electrical and Instruments;Headlamps;24;XBC105220;Headlamp self levelling assembly less outer rim RHD
cat002;chap0209;169;Electrical and Instruments;Headlamps;24;XBC105230;Headlamp self levelling assembly less outer rim LHD
cat002;chap0209;169;Electrical and Instruments;Headlamps;25;XBC104430;Light unit Quadoptic RHD Cooper SE and MPI
cat002;chap0209;169;Electrical and Instruments;Headlamps;25;XBC103410;Light unit Quadoptic LHD Cooper SE and injection
cat002;chap0209;169;Electrical and Instruments;Headlamps;25;S4698B;Quadoptic conversion kit RHD for earlier cars
cat002;chap0209;169;Electrical and Instruments;Headlamps;25;S4699B;Quadoptic conversion kit LHD for earlier cars
cat002;chap0209;169;Electrical and Instruments;Headlamps;25;S4700;Light unit Quadoptic replacement for [link]S4698B[/link] RHD
cat002;chap0209;169;Electrical and Instruments;Headlamps;25;S4701;Light unit Quadoptic replacement for [link]S4699B[/link] LHD
cat002;chap0209;169;Electrical and Instruments;Headlamps;26;DHF100060;Rim for Headlamp with dimples
cat002;chap0209;169;Electrical and Instruments;Headlamps;26;500929MS;Rim for headlamp, stainless steel less top dimples
cat002;chap0209;169;Electrical and Instruments;Headlamps;27;DHF100010MMM;Inner rim, MPI and all Wipac Quadoptic lamps
cat002;chap0209;169;Electrical and Instruments;Headlamps;27;DHF100010SS;Inner rim, MPI and all Wipac Quadoptic lamps Stainless steel
cat002;chap0209;169;Electrical and Instruments;Headlamps;28;XBS100140;Motor for self levelling headlamp
cat002;chap0209;169;Electrical and Instruments;Headlamps;29;BAU4447;Bulb holder for side lamp
cat002;chap0209;169;Electrical and Instruments;Headlamps;29;S4276;Bulb holder for No.12 & No.25 - [link]S4698B[/link]/[link]S4699B[/link]/[link]S5400[/link]
cat002;chap0209;169;Electrical and Instruments;Headlamps;30;GLB233;Side lamp bulb 4 watt
cat002;chap0209;169;Electrical and Instruments;Headlamps;30;GLB501;Side lamp bulb 5 watt
cat002;chap0209;169;Electrical and Instruments;Headlamps;31;GLB472;Headlamp bulb Halogen 60/65 watt
cat002;chap0209;169;Electrical and Instruments;Headlamps;31;GLB472X;Headlamp bulb Xenon blue alternative upgrade
cat002;chap0209;169;Electrical and Instruments;Headlamps;32;27H6481;Inner bowl - (Lucas original headlamp)
cat002;chap0209;170;Electrical and Instruments;Spot and fog lamps;1;XBN10008;Spot lamp - Halogen long range - Genuine original fitment
cat002;chap0209;170;Electrical and Instruments;Spot and fog lamps;1;LA1009;Spot lamp - Halogen long range - 170mm wide - Black body
cat002;chap0209;170;Electrical and Instruments;Spot and fog lamps;1;S6007;Spot lamp - Halogen long range - 135mm wide - Chrome body
cat002;chap0209;170;Electrical and Instruments;Spot and fog lamps;1;XBJ100280;Fog lamp - Genuine original fitment
cat002;chap0209;170;Electrical and Instruments;Spot and fog lamps;2;GLB453;Bulb for lamps - H3 12 volt 55 watt
cat002;chap0209;170;Electrical and Instruments;Spot and fog lamps;3;11K9181;Clip for cable
cat002;chap0209;170;Electrical and Instruments;Spot and fog lamps;5;GHF323;Shake proof washer 5/16” UNF or M8 metric
cat002;chap0209;170;Electrical and Instruments;Spot and fog lamps;6;XBU10044;Bracket for holding genuine spot lamps - Black painted
cat002;chap0209;170;Electrical and Instruments;Spot and fog lamps;6;XBU10045;Bracket for holding Wipac or Ringparts lamps - Black
cat002;chap0209;170;Electrical and Instruments;Spot and fog lamps;6;XBU10046;Bracket for holding Wipac or Ringparts lamps - Stainless steel
cat002;chap0209;170;Electrical and Instruments;Spot and fog lamps;7;FN108047;Flanged nut M8 metric - was FM108041
cat002;chap0209;170;Electrical and Instruments;Spot and fog lamps;9;XBU100640;Bracket R/H outer when 4 lamps as original fitment
cat002;chap0209;170;Electrical and Instruments;Spot and fog lamps;9;XBU100650;Bracket L/H outer when 4 lamps as original fitment
cat002;chap0209;170;Electrical and Instruments;Spot and fog lamps;10;RLFK200;Safety relay and wiring kit for auxiliary lamps
cat002;chap0209;170;Electrical and Instruments;Spot and fog lamps;13;MSA1115;Fog lamp rear 140mm wide, 75mm high
cat002;chap0209;170;Electrical and Instruments;Spot and fog lamps;14;XFE10006;Fog lamp rear less bracket, genuine as fitted to all cars
cat002;chap0209;170;Electrical and Instruments;Spot and fog lamps;14;XFE10006MS;Fog lamp rear plus bracket, fits to R/H rear for RHD
cat002;chap0209;170;Electrical and Instruments;Spot and fog lamps;14;XFE10007;Fog lamp rear plus bracket, fits to L/H rear for LHD
cat002;chap0209;170;Electrical and Instruments;Spot and fog lamps;15;XFU10002;Bracket for fog lamp to body R/H
cat002;chap0209;170;Electrical and Instruments;Spot and fog lamps;15;XFU10003;Bracket for fog lamp to body L/H
cat002;chap0209;170;Electrical and Instruments;Spot and fog lamps;17;518868;Screw for fog lamp lens
cat002;chap0209;170;Electrical and Instruments;Spot and fog lamps;18;GLB380;Bulb for fog lamp 12 volt 21 watt
cat002;chap0209;170;Electrical and Instruments;Spot and fog lamps;19;SE604031;Screw 1/4” UNF 1/2” long to hold lamp bracket to valance
cat002;chap0209;170;Electrical and Instruments;Spot and fog lamps;20;GFK1113;Plain washer 1/4” UNF
cat002;chap0209;171;Electrical and Instruments;Indicator Lamps;1;PRC9916A;Indicator lamp with orange lens (wing side repeater)
cat002;chap0209;171;Electrical and Instruments;Indicator Lamps;1;AHU2592W;Indicator lamp with white lens (wing side repeater)
cat002;chap0209;171;Electrical and Instruments;Indicator Lamps;1;AHU2592S;Indicator lamp with smoked lens (wing side repeater)
cat002;chap0209;171;Electrical and Instruments;Indicator Lamps;2;GLB501;Bulb clear, capless 5 watt for use with orange lens
cat002;chap0209;171;Electrical and Instruments;Indicator Lamps;2;GLB501A;Bulb orange, capless 5 watt for use with white lens
cat002;chap0209;171;Electrical and Instruments;Indicator Lamps;3;DCP8004;Plastic bulb holder for wing side repeater
cat002;chap0209;171;Electrical and Instruments;Indicator Lamps;4;AFU3112;O ring seal for [link]DCP8004[/link]
cat002;chap0209;171;Electrical and Instruments;Indicator Lamps;6;CHM13;Indicator front lamp with orange plastic lens fitted to 1986
cat002;chap0209;171;Electrical and Instruments;Indicator Lamps;6;2A9013;Indicator front lamp with orange glass lens, alternative
cat002;chap0209;171;Electrical and Instruments;Indicator Lamps;6;CHM13WHITE;Indicator front lamp with white lens, alternative
cat002;chap0209;171;Electrical and Instruments;Indicator Lamps;7;7H5182;Retaining rim to hold lens, chrome
cat002;chap0209;171;Electrical and Instruments;Indicator Lamps;7;7H5182MS;Retaining rim to hold lens, stainless steel
cat002;chap0209;171;Electrical and Instruments;Indicator Lamps;8;37H8130;Orange plastic lens, for indicator lamp No.6
cat002;chap0209;171;Electrical and Instruments;Indicator Lamps;8;37H5520;Orange glass lens, for indicator lamp No.6
cat002;chap0209;171;Electrical and Instruments;Indicator Lamps;8;37H6928MS;White plastic lens, for indicator lamp No.6
cat002;chap0209;171;Electrical and Instruments;Indicator Lamps;8;37H6928;Clear glass lens, for indicator lamp No.6
cat002;chap0209;171;Electrical and Instruments;Indicator Lamps;9;GLB382;Bulb Clear, 21 watt for use with orange lens
cat002;chap0209;171;Electrical and Instruments;Indicator Lamps;9;GLB343;Bulb Orange, 21 watt for use with white lens
cat002;chap0209;171;Electrical and Instruments;Indicator Lamps;10;508162;Rubber gaiter, for lamp No.6
cat002;chap0209;171;Electrical and Instruments;Indicator Lamps;11;AK606021;Clip for retaining lamp
cat002;chap0209;171;Electrical and Instruments;Indicator Lamps;12;GFK2256;Self tap No.6 screw for lamp and body 1/2” long
cat002;chap0209;171;Electrical and Instruments;Indicator Lamps;13;AFU3389;Indicator front lamp with orange screw on lens
cat002;chap0209;171;Electrical and Instruments;Indicator Lamps;13;AFU3389WHITE;Indicator front lamp with white screw on lens, alternative
cat002;chap0209;171;Electrical and Instruments;Indicator Lamps;13;AFU3389LED;Indicator front LED lamp with orange lens, alternative
cat002;chap0209;171;Electrical and Instruments;Indicator Lamps;14;CDU3374;Orange lens for indicator lamp No.13
cat002;chap0209;171;Electrical and Instruments;Indicator Lamps;14;CDU3374W;White lens for indicator lamp No.13
cat002;chap0209;171;Electrical and Instruments;Indicator Lamps;15;GFK2257;Self tap No.6 screw for lens 3/4” long
cat002;chap0209;171;Electrical and Instruments;Indicator Lamps;16;XBD100670;Indicator lamp with white lens For MPI only
cat002;chap0209;171;Electrical and Instruments;Indicator Lamps;17;XYP100310;Screw No.6 for lamp 11/2” long
cat002;chap0209;171;Electrical and Instruments;Indicator Lamps;18;GLB344;Bulb Orange 21 watt with offset pins for [link]XBD100670[/link] only
cat002;chap0209;171;Electrical and Instruments;Indicator Lamps;19;8B12394;Chrome surround for side repeater - 1986 on
cat002;chap0209;171;Electrical and Instruments;Indicator Lamps;20;8B12395;Chrome surround for front repeater - 1986 on - Fits No.13 & 16
cat002;chap0209;171;Electrical and Instruments;Indicator Lamps;21;XBD100671;Plug and loom repair, for indicator lamp XBD100670
cat002;chap0209;172;Electrical and Instruments;Rear and Interior lighting;1;XFB101200;Rear lamp assembly R/H with reverse lamp, red / orange lens
cat002;chap0209;172;Electrical and Instruments;Rear and Interior lighting;1;XFB101200WHITE;Rear lamp assembly R/H white lens with reverse lamp, red reflector
cat002;chap0209;172;Electrical and Instruments;Rear and Interior lighting;1;XFB101210;Rear lamp assembly L/H with reverse lamp, red / orange lens
cat002;chap0209;172;Electrical and Instruments;Rear and Interior lighting;1;XFB101210WHITE;Rear lamp assembly L/H white lens with reverse lamp, red reflector
cat002;chap0209;172;Electrical and Instruments;Rear and Interior lighting;2;XFJ10026;Lens R/H upper, red and orange stop, tail & indicator
cat002;chap0209;172;Electrical and Instruments;Rear and Interior lighting;2;XFJ10026WHITE;Lens L/H upper, all white stop, tail & indicator
cat002;chap0209;172;Electrical and Instruments;Rear and Interior lighting;2;XFJ10027;Lens L/H upper, red and orange stop, tail & indicator
cat002;chap0209;172;Electrical and Instruments;Rear and Interior lighting;2;XFJ10027WHITE;Lens L/H upper, all white stop, tail & indicator
cat002;chap0209;172;Electrical and Instruments;Rear and Interior lighting;3;XFJ10028;Lens R/H lower, white reverse lens and red reflector
cat002;chap0209;172;Electrical and Instruments;Rear and Interior lighting;3;XFJ10029;Lens L/H lower, white reverse lens with red reflector
cat002;chap0209;172;Electrical and Instruments;Rear and Interior lighting;4;GLB380;Bulb clear, 21/5 watt for use with red/orange lens
cat002;chap0209;172;Electrical and Instruments;Rear and Interior lighting;4;GLB380RED;Bulb red, 21/5 watt for use with all white lens
cat002;chap0209;172;Electrical and Instruments;Rear and Interior lighting;5;GLB382;Bulb clear, 21/5 watt for use with red/orange lens
cat002;chap0209;172;Electrical and Instruments;Rear and Interior lighting;5;GLB343;Bulb orange, 21 watt for use with all white lens
cat002;chap0209;172;Electrical and Instruments;Rear and Interior lighting;6;XFH100460;Gasket between lens and lamp body except Altissimo
cat002;chap0209;172;Electrical and Instruments;Rear and Interior lighting;7;37H2692;Seal R/H between lamp and body except Altissimo
cat002;chap0209;172;Electrical and Instruments;Rear and Interior lighting;7;37H2691;Seal L/H between lamp and body except Altissimo
cat002;chap0209;172;Electrical and Instruments;Rear and Interior lighting;8;XYP100310;Screw for lens fitting
cat002;chap0209;172;Electrical and Instruments;Rear and Interior lighting;12;13H6900;Number plate housing for boot lid, needs painting
cat002;chap0209;172;Electrical and Instruments;Rear and Interior lighting;12;8B12501METAL;Number plate housing for boot lid, chrome version
cat002;chap0209;172;Electrical and Instruments;Rear and Interior lighting;13;SE910161;Screw 3/16” UNF 7/8” long for housing - Cut to 1/2” long
cat002;chap0209;172;Electrical and Instruments;Rear and Interior lighting;14;WA1090;Plain washer 3/16” was LWZ403 shake proof washer
cat002;chap0209;172;Electrical and Instruments;Rear and Interior lighting;15;13H6010;Sealing rubber for number plate housing
cat002;chap0209;172;Electrical and Instruments;Rear and Interior lighting;16;PRC1230A;Lens and bulb holder for number plate housing
cat002;chap0209;172;Electrical and Instruments;Rear and Interior lighting;18;AFU4092;Interior courtesy lamp in headlining with bulb
cat002;chap0209;172;Electrical and Instruments;Rear and Interior lighting;19;GLB245;Bulb 10 watt for interior lamp, small glass head
cat002;chap0209;172;Electrical and Instruments;Rear and Interior lighting;22;GLB239;Festoon bulb, 5 watt for number plate lens
cat002;chap0209;173;Electrical and Instruments;Windscreen wipers and wash;1;GWW940;Washer bottle, thin type when servo fitted 1988-91 in engine bay
cat002;chap0209;173;Electrical and Instruments;Windscreen wipers and wash;1;GWW935;Washer bottle, 1985-88 in engine bay, then 1991-2000 in boot
cat002;chap0209;173;Electrical and Instruments;Windscreen wipers and wash;2;GWW975;Blue cap for [link]GWW940[/link] and [link]GWW935[/link]
cat002;chap0209;173;Electrical and Instruments;Windscreen wipers and wash;3;GWW1192;Washer pump except MPI from 1996 on
cat002;chap0209;173;Electrical and Instruments;Windscreen wipers and wash;3;GWW1116;Washer pump for MPI only, 1996 on
cat002;chap0209;173;Electrical and Instruments;Windscreen wipers and wash;4;BAU2043A;Grommet for pump mount in washer bottle (part of [link]GWW935[/link])
cat002;chap0209;173;Electrical and Instruments;Windscreen wipers and wash;5;GWW515;Non return valve, only when washer bottle is fitted in boot
cat002;chap0209;173;Electrical and Instruments;Windscreen wipers and wash;6;GWW401;T piece for 3/16” 4.8mm washer hose
cat002;chap0209;173;Electrical and Instruments;Windscreen wipers and wash;7;GWW1080;Jet assembly, black for screen wash
cat002;chap0209;173;Electrical and Instruments;Windscreen wipers and wash;7;GWW810;Jet assembly, chrome for screen wash
cat002;chap0209;173;Electrical and Instruments;Windscreen wipers and wash;8;GWW202M;Windscreen washer tubing 3/16” 4.8mm
cat002;chap0209;173;Electrical and Instruments;Windscreen wipers and wash;9;CZG1496;Bracket for holding washer bottle
cat002;chap0209;173;Electrical and Instruments;Windscreen wipers and wash;12;GXE7708;Wiper motor, less [link]608092A[/link] gear, new unit and outright sale
cat002;chap0209;173;Electrical and Instruments;Windscreen wipers and wash;13;RTC198A;Brush set for wiper motor
cat002;chap0209;173;Electrical and Instruments;Windscreen wipers and wash;15;520160A;Wiper motor parking switch
cat002;chap0209;173;Electrical and Instruments;Windscreen wipers and wash;16;520161;Loom wire and connector to fit park switch [link]520160A[/link]
cat002;chap0209;173;Electrical and Instruments;Windscreen wipers and wash;17;608092A;Wiper motor gear and link 110 degree sweep angle
cat002;chap0209;173;Electrical and Instruments;Windscreen wipers and wash;18;37H3694;Ferule for wiper motor to rack cable outer case
cat002;chap0209;173;Electrical and Instruments;Windscreen wipers and wash;19;37H4836;Stainless steel bracket and rubber sleeve to hold motor
cat002;chap0209;173;Electrical and Instruments;Windscreen wipers and wash;20;GFK2266;Self tap No.12 screw 3/4” long to hold bracket to body
cat002;chap0209;173;Electrical and Instruments;Windscreen wipers and wash;20;AB614061;Self tap No.12 screw 3/4” long to hold bracket to body
cat002;chap0209;173;Electrical and Instruments;Windscreen wipers and wash;21;GFK1113;Plain washer 1/4”
cat002;chap0209;173;Electrical and Instruments;Windscreen wipers and wash;22;21A305;Plastic nut in body to hold wiper motor strap
cat002;chap0209;173;Electrical and Instruments;Windscreen wipers and wash;24;37H7200;Wheel box assembly - Includes [link]37H7201MS[/link] & [link]37H7738[/link]
cat002;chap0209;173;Electrical and Instruments;Windscreen wipers and wash;25;37H7201MS;Black bushes for wheel box
cat002;chap0209;173;Electrical and Instruments;Windscreen wipers and wash;26;37H7738;Chrome 8 sided nut for wiper wheel box
cat002;chap0209;173;Electrical and Instruments;Windscreen wipers and wash;27;37H7201C;Chrome bush and chrome nut kit for wheel box (No.25 & 26)
cat002;chap0209;173;Electrical and Instruments;Windscreen wipers and wash;28;AAU1909A;Outer casing for rack cable
cat002;chap0209;173;Electrical and Instruments;Windscreen wipers and wash;29;RTC202A;Wiper rack cable
cat002;chap0209;173;Electrical and Instruments;Windscreen wipers and wash;30;14A7091;Rubber plug for wheel box hole in windscreen panel
cat002;chap0209;173;Electrical and Instruments;Windscreen wipers and wash;30;8B12396;Stainless steel plug for wheel box hole in windscreen panel
cat002;chap0209;173;Electrical and Instruments;Windscreen wipers and wash;31;CZG778;Plug for unused wiper motor hole in dash bulkhead panel
cat002;chap0209;173;Electrical and Instruments;Windscreen wipers and wash;32;13H5629;Stainless steel bayonet type fitting 10” arm RHD
cat002;chap0209;173;Electrical and Instruments;Windscreen wipers and wash;32;13H5626;Stainless steel bayonet type fitting 10” arm LHD
cat002;chap0209;173;Electrical and Instruments;Windscreen wipers and wash;32;13H5630;Stainless steel bayonet type fitting, heavy duty 11” arm RHD
cat002;chap0209;173;Electrical and Instruments;Windscreen wipers and wash;32;13H5627;Stainless steel bayonet type fitting, heavy duty 11” arm LHD
cat002;chap0209;173;Electrical and Instruments;Windscreen wipers and wash;33;DKB101480;Black hook type fitting R/H wiper arm from 1990 on - N.L.A
cat002;chap0209;173;Electrical and Instruments;Windscreen wipers and wash;33;DKB101490;Black hook type fitting L/H wiper arm from 1990 on - N.L.A
cat002;chap0209;173;Electrical and Instruments;Windscreen wipers and wash;34;GWB911;Black multi fit wiper arm, universal bayonet and hook fittings
cat002;chap0209;173;Electrical and Instruments;Windscreen wipers and wash;34;GWB219;Stainless steel wiper arm to fit 10” arms [link]13H5626[/link]/[link]13H5629[/link]
cat002;chap0209;173;Electrical and Instruments;Windscreen wipers and wash;34;GWB220;Stainless steel wiper arm to fit 11” arms [link]13H5627[/link]/[link]13H5630[/link]
cat002;chap0209;174;Electrical and Instruments;Instruments All 2 Clock and pre91 3 Clock clusters;4;37H4881;Printed circuit for Smiths 2 clock pack
cat002;chap0209;174;Electrical and Instruments;Instruments All 2 Clock and pre91 3 Clock clusters;4;BAU1930;Printed circuit for smiths 3 clock pack
cat002;chap0209;174;Electrical and Instruments;Instruments All 2 Clock and pre91 3 Clock clusters;14;13H5270;Bulb holder
cat002;chap0209;174;Electrical and Instruments;Instruments All 2 Clock and pre91 3 Clock clusters;15;GLB2132;Bulb 2.2 watt cap less type
cat002;chap0209;174;Electrical and Instruments;Instruments All 2 Clock and pre91 3 Clock clusters;16;BMK1539A;Voltage stabiliser
cat002;chap0209;174;Electrical and Instruments;Instruments All 2 Clock and pre91 3 Clock clusters;25;YAE10013;
cat002;chap0209;174;Electrical and Instruments;Instruments All 2 Clock and pre91 3 Clock clusters;32;CDU3247;Printed circuit for 3 clocks
cat002;chap0209;174;Electrical and Instruments;Instruments All 2 Clock and pre91 3 Clock clusters;33;YAJ10012;Bulb and bulb holder assembly
cat002;chap0209;175;Electrical and Instruments;3 clock clusters for all HIF38 carburettor and Inj;3;YAE10013;
cat002;chap0209;175;Electrical and Instruments;3 clock clusters for all HIF38 carburettor and Inj;9;CDU3247;Printed circuit board
cat002;chap0209;175;Electrical and Instruments;3 clock clusters for all HIF38 carburettor and Inj;9;YAH100750;Printed circuit board, MPI only
cat002;chap0209;175;Electrical and Instruments;3 clock clusters for all HIF38 carburettor and Inj;13;GLB2132;Bulb, 2.2 watt cap less type for clock cluster and gauges
cat002;chap0209;175;Electrical and Instruments;3 clock clusters for all HIF38 carburettor and Inj;19;DASH0100BLUE;Blue dial kit to stick over existing dials
cat002;chap0209;175;Electrical and Instruments;3 clock clusters for all HIF38 carburettor and Inj;19;DASH0100GREEN;Green dial kit to stick over existing dials
cat002;chap0209;175;Electrical and Instruments;3 clock clusters for all HIF38 carburettor and Inj;19;DASH0100MAG;Magnolia dial kit to stick over existing dials
cat002;chap0209;175;Electrical and Instruments;3 clock clusters for all HIF38 carburettor and Inj;19;DASH0100WHITE;White dial kit to stick over existing dials
cat002;chap0209;175;Electrical and Instruments;3 clock clusters for all HIF38 carburettor and Inj;19;DASH0100YELLOW;Yellow dial kit to stick over existing dials
cat002;chap0209;176;Electrical and Instruments;Speedo cable and fittings, clock and gauges;1;YFB100370;Clock analogue type, ivory face, MPI
cat002;chap0209;176;Electrical and Instruments;Speedo cable and fittings, clock and gauges;1;SIB110;Clock analogue type, black face, Smiths full numerical face
cat002;chap0209;176;Electrical and Instruments;Speedo cable and fittings, clock and gauges;1;SIB110MG;Clock analogue type, magnolia, Smiths full numerical face
cat002;chap0209;176;Electrical and Instruments;Speedo cable and fittings, clock and gauges;2;YHC100010;
cat002;chap0209;176;Electrical and Instruments;Speedo cable and fittings, clock and gauges;3;YAD100720;
cat002;chap0209;176;Electrical and Instruments;Speedo cable and fittings, clock and gauges;4;GSD415;Speedo cable, RHD 48” long to 1990
cat002;chap0209;176;Electrical and Instruments;Speedo cable and fittings, clock and gauges;4;GSD102;Speedo cable, LHD 33” long to 1988, can use [link]GSD488[/link] also
cat002;chap0209;176;Electrical and Instruments;Speedo cable and fittings, clock and gauges;4;GSD487;Speedo cable, RHD 421/2” long 1990 on
cat002;chap0209;176;Electrical and Instruments;Speedo cable and fittings, clock and gauges;4;GSD488;Speedo cable, LHD 29” 1988 on
cat002;chap0209;176;Electrical and Instruments;Speedo cable and fittings, clock and gauges;6;14A7081;Blanking plug for unused cable through body hole
cat002;chap0209;176;Electrical and Instruments;Speedo cable and fittings, clock and gauges;7;CZH3007;Bracket for outer twin pack instruments to bulkhead
cat002;chap0209;176;Electrical and Instruments;Speedo cable and fittings, clock and gauges;12;AK606021;Clip nut for top bracket
cat002;chap0209;176;Electrical and Instruments;Speedo cable and fittings, clock and gauges;13;GFK3211;Plain nut 1/4” UNF for speedo brackets
cat002;chap0209;176;Electrical and Instruments;Speedo cable and fittings, clock and gauges;14;GFK1113;Plain washer 1/4” for speedo brackets
cat002;chap0209;177;Electrical and Instruments;Switches;1;YUF101030;Lighting rocker switch was ADU4793
cat002;chap0209;177;Electrical and Instruments;Switches;2;YUF101680;Heated rear screen rocker switch was ADU4799
cat002;chap0209;177;Electrical and Instruments;Switches;3;YUF101660;Hazard rocker switch was ADU4794
cat002;chap0209;177;Electrical and Instruments;Switches;4;YUF101650;Brake test switch was ADU4794
cat002;chap0209;177;Electrical and Instruments;Switches;5;YUF101670PMA;Front fog lamp rocker switch
cat002;chap0209;177;Electrical and Instruments;Switches;6;YUF101690;Rear fog lamp switch was ADU4791
cat002;chap0209;177;Electrical and Instruments;Switches;7;GLB280;Cap less bulb for rocker switch
cat002;chap0209;177;Electrical and Instruments;Switches;8;13H3735;Stop lamp switch under brake pedal
cat002;chap0209;177;Electrical and Instruments;Switches;9;BMK1903A;Lock nut for stop lamp switch
cat002;chap0209;177;Electrical and Instruments;Switches;10;YUF101090;Heater rocker switch was 37H3922 except MPI
cat002;chap0209;177;Electrical and Instruments;Switches;10;YUF101410;Heater twin speed rocker switch, MPI only
cat002;chap0209;177;Electrical and Instruments;Switches;16;YUE100470;Courtesy light switch with spade type connector - MPI
cat002;chap0209;177;Electrical and Instruments;Switches;17;YUE10011;Burglar alarm contact switch for boot and bonnet
cat002;chap0209;177;Electrical and Instruments;Switches;18;GFK2256;Self tap No6 screw 1/2” long for items 16 and 17
cat002;chap0209;177;Electrical and Instruments;Switches;19;21A2660;Indicator switch
cat002;chap0209;177;Electrical and Instruments;Switches;19;BAU5345;Indicator switch, horn and headlamp flash, except MPI
cat002;chap0209;177;Electrical and Instruments;Switches;20;37H8286;Wash and Wipe for windscreen switch
cat002;chap0209;177;Electrical and Instruments;Switches;20;BAU5346;Wash and Wipe for windscreen switch, except MPI
cat002;chap0209;177;Electrical and Instruments;Switches;21;XPC100200PMP;Indicator switch, lighting, dip, indicators, MPI only
cat002;chap0209;177;Electrical and Instruments;Switches;22;XPE100420PMP;Wash and wipe for windscreen switch, MPI only
cat002;chap0209;177;Electrical and Instruments;Switches;25;YRC100300;Steering column coupling, MPI only
cat002;chap0209;178;Electrical and Instruments;Flasher Unit, fusebox and relays;1;RTC440A;Fuse box with cover, less fuses - 4 fuse box to 1995
cat002;chap0209;178;Electrical and Instruments;Flasher Unit, fusebox and relays;2;518995A;Cover for fuse box
cat002;chap0209;178;Electrical and Instruments;Flasher Unit, fusebox and relays;3;GFS15;Fuse 15 amp
cat002;chap0209;178;Electrical and Instruments;Flasher Unit, fusebox and relays;3;GFS25;Fuse 25 amp
cat002;chap0209;178;Electrical and Instruments;Flasher Unit, fusebox and relays;3;GFS35;Fuse 35 amp
cat002;chap0209;178;Electrical and Instruments;Flasher Unit, fusebox and relays;4;GFK3428;Plastic retaining nut in body
cat002;chap0209;178;Electrical and Instruments;Flasher Unit, fusebox and relays;6;GFU2218;Flasher unit except fuel Injection cars 2 spade fitting
cat002;chap0209;178;Electrical and Instruments;Flasher Unit, fusebox and relays;6;GFU2507;Hazard warning unit except Fuel Injection cars
cat002;chap0209;178;Electrical and Instruments;Flasher Unit, fusebox and relays;8;GFU2208;Hazard and Flasher combined from 1992, 3 spade fitting
cat002;chap0209;178;Electrical and Instruments;Flasher Unit, fusebox and relays;10;5L433;Plug 3 spade fitting on loom
cat002;chap0209;178;Electrical and Instruments;Flasher Unit, fusebox and relays;13;AFU3103;Fusebox assembly, fitted in cabin on wheel arch - MPI only
cat002;chap0209;178;Electrical and Instruments;Flasher Unit, fusebox and relays;19;DJP8799;Red fuse 10amp, MPI only
cat002;chap0209;178;Electrical and Instruments;Flasher Unit, fusebox and relays;19;DJP8800;Blue fuse 15 amp, MPI only
cat002;chap0209;178;Electrical and Instruments;Flasher Unit, fusebox and relays;19;DJP8801;Yellow fuse 20 amp, MPI only
cat002;chap0209;178;Electrical and Instruments;Flasher Unit, fusebox and relays;22;DJP8802;Green fuse 30amp for engine fusebox, MPI only
cat002;chap0209;178;Electrical and Instruments;Flasher Unit, fusebox and relays;24;YWB10022;Relay for engine management, SPI only
cat002;chap0209;178;Electrical and Instruments;Flasher Unit, fusebox and relays;24;YWB100970;Relay for engine management, MPI only
cat002;chap0209;178;Electrical and Instruments;Flasher Unit, fusebox and relays;25;YWB10012;Relay, Yellow, 4 spade, multi purpose, 40 amp
cat002;chap0209;178;Electrical and Instruments;Flasher Unit, fusebox and relays;26;YWB10032;Relay, Green or black, starter, 5 spade, 30 amp
cat002;chap0209;178;Electrical and Instruments;Flasher Unit, fusebox and relays;26;YWB10020;Relay, Black, starter, 4 spade, some 998cc only
cat002;chap0209;178;Electrical and Instruments;Flasher Unit, fusebox and relays;27;YWC10050;Relay, Pink, dim/dip, 5 spade plus 2 pin, RHD,
cat002;chap0209;178;Electrical and Instruments;Flasher Unit, fusebox and relays;31;SH604041;Bolt 1/4” UNF 1/2” long
cat002;chap0209;179;Electrical and Instruments;Horn and Alarm;2;GGE124;Bracket for horn, genuine
cat002;chap0209;179;Electrical and Instruments;Horn and Alarm;3;GHF320;Shake proof washer or [link]GFK1123[/link] Spring washer 3/16”
cat002;chap0209;179;Electrical and Instruments;Horn and Alarm;3;GFK1123;Spring washer 3/16” alternative to [link]GHF320[/link]
cat002;chap0209;179;Electrical and Instruments;Horn and Alarm;4;GFK3210;Plain nut 3/16” UNF for horn to bracket
cat002;chap0209;179;Electrical and Instruments;Horn and Alarm;6;GGE102;Horn with bracket high tone, single spade terminal
cat002;chap0209;179;Electrical and Instruments;Horn and Alarm;6;GGE164;Horn with bracket high tone, twin spade terminal
cat002;chap0209;179;Electrical and Instruments;Horn and Alarm;6;GGE165;Horn with bracket low tone, twin spade terminal
cat002;chap0209;179;Electrical and Instruments;Horn and Alarm;11;YWX101220A;Transmitter radio remote
cat002;chap0209;179;Electrical and Instruments;Horn and Alarm;20;FN106047;Flanged nut M6 bracket to bulkhead
cat002;chap0209;180;Electrical and Instruments;Battery fittings, cables and main looms;1;5L877;Battery cover
cat002;chap0209;180;Electrical and Instruments;Battery fittings, cables and main looms;2;14A7776;Strap to retain battery cover
cat002;chap0209;180;Electrical and Instruments;Battery fittings, cables and main looms;3;14A7880;Clip on rear of boot floor to retain strap
cat002;chap0209;180;Electrical and Instruments;Battery fittings, cables and main looms;4;HAM2457;Battery bar
cat002;chap0209;180;Electrical and Instruments;Battery fittings, cables and main looms;5;5L1158;Front battery rod with hook end 2 1/2” (6mm) long, to 1990
cat002;chap0209;180;Electrical and Instruments;Battery fittings, cables and main looms;5;YJH100010;Front battery rod with hook end 8.5mm long, 1990 on
cat002;chap0209;180;Electrical and Instruments;Battery fittings, cables and main looms;6;5L1159;Rear battery hook with loop end 2 1/4” (5.5mm) long, to 1990
cat002;chap0209;180;Electrical and Instruments;Battery fittings, cables and main looms;6;YJJ100040;Rear battery hook with loop end 7.5mm long, to 1990
cat002;chap0209;180;Electrical and Instruments;Battery fittings, cables and main looms;7;GFK1113;Plain washer 1/4”
cat002;chap0209;180;Electrical and Instruments;Battery fittings, cables and main looms;8;GFK3211;Plain nut 1/4” UNF
cat002;chap0209;180;Electrical and Instruments;Battery fittings, cables and main looms;9;AUU1089;Battery cable to starter 134” long, 998
cat002;chap0209;180;Electrical and Instruments;Battery fittings, cables and main looms;9;YTA10037;Battery cable to starter 127” long, 1990 on
cat002;chap0209;180;Electrical and Instruments;Battery fittings, cables and main looms;10;5L888MS;Battery earth cable
cat002;chap0209;180;Electrical and Instruments;Battery fittings, cables and main looms;11;5L1137;Engine to earth strap
cat002;chap0209;180;Electrical and Instruments;Battery fittings, cables and main looms;12;HAM3684;Main loom, inertia starter - side repeater lamps 998cc
cat002;chap0209;180;Electrical and Instruments;Battery fittings, cables and main looms;12;HAM4385;Main loom, RHD pre engaged starter 1985 on 998cc
cat002;chap0209;180;Electrical and Instruments;Battery fittings, cables and main looms;12;HAM4626;Main loom, RHD with dim dip 1986 on 998cc
cat002;chap0209;180;Electrical and Instruments;Battery fittings, cables and main looms;12;YMC10654;Main loom, RHD late type wiring, dim dip 1989-90
cat002;chap0209;180;Electrical and Instruments;Battery fittings, cables and main looms;12;YMC11428;Main loom, RHD Cooper 1275cc HIF44 carb except LE
cat002;chap0209;180;Electrical and Instruments;Battery fittings, cables and main looms;12;YMC11389;Main loom, LHD Cooper and Cooper LE
cat002;chap0209;180;Electrical and Instruments;Battery fittings, cables and main looms;12;YMC12010;Main loom, 1275cc with HIF38 carb, catalyst, with dim dip
cat002;chap0209;180;Electrical and Instruments;Battery fittings, cables and main looms;12;YMC120890;Main loom, HIF38 carb, catalyst, less dim dip SN58747 on
cat002;chap0209;180;Electrical and Instruments;Battery fittings, cables and main looms;12;YMC11858;Main loom, SPI, less dim dip to SN58746
cat002;chap0209;180;Electrical and Instruments;Battery fittings, cables and main looms;12;YMC120880;Main loom, SPI, less dim dip, from SN58747 to 79411
cat002;chap0209;180;Electrical and Instruments;Battery fittings, cables and main looms;12;YMC11986;Main loom, SPI, dim dip, from SN58747 to 79018
cat002;chap0209;180;Electrical and Instruments;Battery fittings, cables and main looms;12;YMC124590;Main loom, SPI, dim dip, immobiliser SN103113-134454
cat002;chap0209;181;Electrical and Instruments;Body looms and harnesses;1;YMD10258;Body loom, RHD 1989 on, 998cc-1275cc HIF44 less speaker wires
cat002;chap0209;181;Electrical and Instruments;Body looms and harnesses;1;YMD10562;Body loom, SPI to XN57167
cat002;chap0209;181;Electrical and Instruments;Body looms and harnesses;1;YMD10745;Body loom, 1275cc HIF38 carb, open loop catalyst from XN56446 on
cat002;chap0209;181;Electrical and Instruments;Body looms and harnesses;1;YMD10717;
cat002;chap0209;181;Electrical and Instruments;Body looms and harnesses;12;YMQ102840;Harness link for dashes with 2 extra gauges+clock, Caerbont pre 1999
cat002;chap0209;181;Electrical and Instruments;Body looms and harnesses;14;YMQ105690;Harness link modification for fan sensor [link]GTR208[/link], MPI only
cat002;chap0210;183;Subframe;Front Subframe;1;21A2570;Front subframe, dry suspension to 1976 - Pre rubber mounted
cat002;chap0210;183;Subframe;Front Subframe;1;KGB10022;Front subframe, 998cc - 1976 on - rubber mounted
cat002;chap0210;183;Subframe;Front Subframe;1;KGB10024;Front subframe, automatic only
cat002;chap0210;183;Subframe;Front Subframe;1;KGB10027;Front subframe, 1275cc 1990 to 1996, except MPI
cat002;chap0210;183;Subframe;Front Subframe;1;KGB100500;Front subframe, 1275cc MPI only
cat002;chap0210;183;Subframe;Front Subframe;2;GFK5185;Setscrew 5/16” UNF 1” long, front panel to mounting to subframe
cat002;chap0210;183;Subframe;Front Subframe;3;GFK1114;Plain washer 5/16”
cat002;chap0210;183;Subframe;Front Subframe;4;GFK1125;Spring washer 5/16”
cat002;chap0210;183;Subframe;Front Subframe;5;GFK3212;Plain nut 5/16” UNF - 1976 on
cat002;chap0210;183;Subframe;Front Subframe;6;2A4292;Packing washers, front panel to subframe - 1976 on
cat002;chap0210;183;Subframe;Front Subframe;7;21A2624MS;Front subframe rubber mounting - 1976 on
cat002;chap0210;183;Subframe;Front Subframe;7;C-STR641;Front subframe alloy solid mounting kit - 1976 on
cat002;chap0210;183;Subframe;Front Subframe;8;GFK5184;Setscrew 5/16” UNF 3/4” long, mounting to front panel - 1976 on
cat002;chap0210;183;Subframe;Front Subframe;9;21A1241;Eyebolt, through front panel to mounting to subframe
cat002;chap0210;183;Subframe;Front Subframe;10;GFK3212;Plain nut 3/8” eyebolt shoulder to mounting
cat002;chap0210;183;Subframe;Front Subframe;11;GFK1115;Plain washer 3/8”
cat002;chap0210;183;Subframe;Front Subframe;12;GFK1126;Spring washer 3/8” eyebolt shoulder to mounting
cat002;chap0210;183;Subframe;Front Subframe;13;GFK3323;Lock nut 3/8” UNF
cat002;chap0210;183;Subframe;Front Subframe;14;21A2596;Tower bolt
cat002;chap0210;183;Subframe;Front Subframe;15;53K3755;Washer for top of tower bolt
cat002;chap0210;183;Subframe;Front Subframe;16;KGE100050;Upper rubber mounting - 1976 on
cat002;chap0210;183;Subframe;Front Subframe;17;KGE100060;Lower rubber mounting - 1976 on
cat002;chap0210;183;Subframe;Front Subframe;18;C-STR640A;Upper alloy and lower poly mounting kit for road use - 1976 on
cat002;chap0210;183;Subframe;Front Subframe;18;C-STR640;Upper and lower all alloy mounting kit - 1976 on
cat002;chap0210;183;Subframe;Front Subframe;18;C-STR643;Poly spacer upgrade kit - to replace No.7 / 16 / 17 - 1976 on
cat002;chap0210;183;Subframe;Front Subframe;19;KPU100160;Heavy duty towing/lashing eye, standard on MPI
cat002;chap0210;183;Subframe;Front Subframe;20;PWZ207;Plain washer 7/16” UNF 11/2” wide heavy duty
cat002;chap0210;183;Subframe;Front Subframe;21;GFK1115;Plain washer 3/8”
cat002;chap0210;183;Subframe;Front Subframe;22;GFK1126;Spring washer 3/8”
cat002;chap0210;183;Subframe;Front Subframe;23;GFK5195;Bolt 3/8” UNF 11/2” long
cat002;chap0210;183;Subframe;Front Subframe;24;21A2599;Lower rear subframe rubber mounting, genuine - 1976 on
cat002;chap0210;183;Subframe;Front Subframe;24;21A2599MS;Lower rear subframe rubber mounting - 1976 on
cat002;chap0210;183;Subframe;Front Subframe;24;C-STR642;Lower rear subframe metal mounting kit - 1976 on
cat002;chap0210;183;Subframe;Front Subframe;25;GFK5184;Setscrew 5/16” UNF 3/4” long - 1976 on
cat002;chap0210;183;Subframe;Front Subframe;26;GFK1114;Plain washer 5/16”
cat002;chap0210;183;Subframe;Front Subframe;27;GFK1125;Spring washer 5/16”
cat002;chap0210;183;Subframe;Front Subframe;28;GFK3213;Plain nut 3/8” UNF
cat002;chap0210;183;Subframe;Front Subframe;29;NAM3323;Weldbolt plate, cabin internal floor to subframe mounting
cat002;chap0210;183;Subframe;Front Subframe;30;GFK1125;Spring washer 5/16” UNF or metric M8
cat002;chap0210;183;Subframe;Front Subframe;31;GFK3286;Plain nut M8 metric
cat002;chap0210;183;Subframe;Front Subframe;32;HBZ534;Tower bolt for hydrolastic subframe, was 53K1483 stud
cat002;chap0210;183;Subframe;Front Subframe;33;21A90;Tower bolt for dry subframe, pre 1976
cat002;chap0210;183;Subframe;Front Subframe;34;21A2341;Metal pad between subframe and body, pre 1976
cat002;chap0210;183;Subframe;Front Subframe;35;21A1470;Lock tab for bolts dry suspension, to 1976
cat002;chap0210;183;Subframe;Front Subframe;35;21A1487;Protector sleeve for hydrolastic pipe. (See front suspension page 69)
cat002;chap0210;183;Subframe;Front Subframe;36;RFR220;
cat002;chap0210;184;Subframe;Rear Subframe;1;MS45H;Rear subframe, hydrolastic only,
cat002;chap0210;184;Subframe;Rear Subframe;1;FAM6292;Rear subframe dry, less exhaust hanger rods
cat002;chap0210;184;Subframe;Rear Subframe;1;FAM6292MS;Rear subframe dry, less exhaust hanger rods. Black powder coated
cat002;chap0210;184;Subframe;Rear Subframe;1;MS45D;Rear subframe dry, less exhaust hanger rods
cat002;chap0210;184;Subframe;Rear Subframe;1;MS45LATE;Rear subframe dry, with exhaust hanger rods
cat002;chap0210;184;Subframe;Rear Subframe;1;KHB10024;Rear subframe, with exhaust hanger rods. Except Sportspack
cat002;chap0210;184;Subframe;Rear Subframe;1;KHB10024MS;
cat002;chap0210;184;Subframe;Rear Subframe;1;KHB100590;Rear subframe, Sportspack MPI only, genuine
cat002;chap0210;184;Subframe;Rear Subframe;2;21A195;Radius arm to subframe bracket, R/H
cat002;chap0210;184;Subframe;Rear Subframe;3;21A197;Radius arm to subframe bracket, L/H
cat002;chap0210;184;Subframe;Rear Subframe;3;MS69;Fixed rear camber brackets
cat002;chap0210;184;Subframe;Rear Subframe;3;MS70;Adjustable rear camber brackets
cat002;chap0210;184;Subframe;Rear Subframe;4;GFK5184;Setscrew 5/16” UNF 3/4” long
cat002;chap0210;184;Subframe;Rear Subframe;5;GFK1125;Spring washer 5/16”
cat002;chap0210;184;Subframe;Rear Subframe;6;GFK1114;Plain washer 5/16”
cat002;chap0210;184;Subframe;Rear Subframe;7;21A1440;Subframe support pin, genuine
cat002;chap0210;184;Subframe;Rear Subframe;7;21A1440MS;Subframe support pin
cat002;chap0210;184;Subframe;Rear Subframe;8;GFK3224;Locknut 7/16” UNF
cat002;chap0210;184;Subframe;Rear Subframe;9;PWZ207;Washer plain 7/16” UNF 11/2” wide
cat002;chap0210;184;Subframe;Rear Subframe;10;21A2558;Front large hole trunnion for single bush. Fitted 1976 on
cat002;chap0210;184;Subframe;Rear Subframe;11;21A2560;Large single bush for [link]21A2560 trunnion[/link]
cat002;chap0210;184;Subframe;Rear Subframe;11;C-STR639;Large single bush kit for trunnion in polyurethane
cat002;chap0210;184;Subframe;Rear Subframe;12;SH605181;Bolt 5/16” UNF 21/2” long, trunnion to body
cat002;chap0210;184;Subframe;Rear Subframe;13;GFK1125;Spring washer 5/16”
cat002;chap0210;184;Subframe;Rear Subframe;14;2A5819;Rear trunnion for double bush fitting
cat002;chap0210;184;Subframe;Rear Subframe;15;2A5818MS;Small double fitting bush for [link]2A5819 trunnion[/link]
cat002;chap0210;184;Subframe;Rear Subframe;15;C-STR638;Small double fitting bush for [link]2A5819[/link] trunnion in polyurethane
cat002;chap0210;184;Subframe;Rear Subframe;16;SH605181;Bolt 5/16” UNF 21/2” long, trunnion to body
cat002;chap0210;184;Subframe;Rear Subframe;17;GFK5185;Setscrew 5/16”UNF 1”long
cat002;chap0210;184;Subframe;Rear Subframe;18;GFK1114;Plain washer 5/16”
cat002;chap0210;184;Subframe;Rear Subframe;19;GFK3322;Locknut 5/16”UNF
cat002;chap0210;184;Subframe;Rear Subframe;20;MS41;Complete rear subframe fitting kit - Includes trunions No.10 & 14
cat002;chap0210;184;Subframe;Rear Subframe;20;MS44;Rear subframe bolt & bush kit - excludes trunions No.10 & 14
cat002;chap0210;184;Subframe;Rear Subframe;20;MS43;Rear subframe bolt & bush kit - excludes trunions No.10 & 14
cat002;chap0210;184;Subframe;Rear Subframe;23;C-ARA670;Exhaust hanger rod. Front of rear subframe. Fits exhaust mount holes
cat002;chap0210;184;Subframe;Rear Subframe;24;KHU10012;Exhaust hanger rod. Front of rear subframe. weld on
cat002;chap0210;184;Subframe;Rear Subframe;25;C-ARA671;Exhaust hanger rod. Rear of rear subframe. Fits exhaust mount holes
cat002;chap0210;184;Subframe;Rear Subframe;26;KHU10012;Exhaust hanger rod. Rear of rear subframe. Weld on
cat002;chap0211;207;Trim;Dash, switch panels & ashtrays;1;JPC4594PMA;
cat002;chap0211;207;Trim;Dash, switch panels & ashtrays;3;YGA4694;Ashtray (was CZH625)
cat002;chap0211;207;Trim;Dash, switch panels & ashtrays;4;ALA6621;Lower parcel shelf pad, black
cat002;chap0211;207;Trim;Dash, switch panels & ashtrays;5;14A8009;Moulding for lower shelf pad
cat002;chap0211;207;Trim;Dash, switch panels & ashtrays;6;14A8010;Clip for [link]14A8009[/link]
cat002;chap0211;207;Trim;Dash, switch panels & ashtrays;7;8D2490;Ashtray in metal top rail when painted
cat002;chap0211;207;Trim;Dash, switch panels & ashtrays;7;24A1538;Ashtray in metal top rail when vinyl covered
cat002;chap0211;207;Trim;Dash, switch panels & ashtrays;8;14E3386;Switch panel, MK1 cumulous grey
cat002;chap0211;207;Trim;Dash, switch panels & ashtrays;9;ALE2960;Switch panel, MK2 cumulus grey
cat002;chap0211;207;Trim;Dash, switch panels & ashtrays;10;14A7172;Surround for MK1 switch panel
cat002;chap0211;207;Trim;Dash, switch panels & ashtrays;11;ALA6640;Surround for MK2/3 on, switch panel
cat002;chap0211;207;Trim;Dash, switch panels & ashtrays;12;24A2702;Speedo cowl deluxe
cat002;chap0211;207;Trim;Dash, switch panels & ashtrays;13;14A9907;Beading for cowl
cat002;chap0211;207;Trim;Dash, switch panels & ashtrays;14;14A9796;Clip for beading
cat002;chap0211;207;Trim;Dash, switch panels & ashtrays;15;14A9949;Air vent bezel, black except padded top dash rail
cat002;chap0211;207;Trim;Dash, switch panels & ashtrays;15;14A9949CHROME;Air vent bezel, chrome except padded top dash rail
cat002;chap0211;207;Trim;Dash, switch panels & ashtrays;16;JPC2839;Switch panel 4 square holes 1985 on
cat002;chap0211;207;Trim;Dash, switch panels & ashtrays;18;FBX10012;Switch panel 5 square holes 1990 on - fuel injection
cat002;chap0211;207;Trim;Dash, switch panels & ashtrays;23;ALA6652;
cat002;chap0211;208;Trim;Headlinings and Trim popular range;1;5D4085;
cat002;chap0211;208;Trim;Headlinings and Trim popular range;1;5D4090;Headlining & C posts material - MK2, Cream crackle 1967-69
cat002;chap0211;208;Trim;Headlinings and Trim popular range;1;HL3020C;Headlining material MK1 & MK 2 Traveller - Cream crackle
cat002;chap0211;208;Trim;Headlinings and Trim popular range;2;PAM5401AP;Headlining material only & C posts MK3, white vinyl
cat002;chap0211;208;Trim;Headlinings and Trim popular range;2;PAM5401LNG;Headlining material only & C posts MK3, grey vinyl
cat002;chap0211;208;Trim;Headlinings and Trim popular range;2;PAM5401BLACK;Headlining material only & C posts MK3, black vinyl
cat002;chap0211;208;Trim;Headlinings and Trim popular range;2;HL3014P;Headlining material only & C posts MPI only, grey vinyl
cat002;chap0211;208;Trim;Headlinings and Trim popular range;2;HL3023P;Headlining material only & C posts Clubman estate, grey vinyl
cat002;chap0211;208;Trim;Headlinings and Trim popular range;2;HL3023W;Headlining material only & C posts Clubman estate, white
cat002;chap0211;208;Trim;Headlinings and Trim popular range;3;14A8094;Headlining clip-25 for MK1, 13 for MK3
cat002;chap0211;208;Trim;Headlinings and Trim popular range;4;EEB100060;Headlining bar MK3, No. 1 red ends, was EAM8418
cat002;chap0211;208;Trim;Headlinings and Trim popular range;5;EEB100070;Headlining bar MK3, No. 2/3 white ends, was EAM8420
cat002;chap0211;208;Trim;Headlinings and Trim popular range;6;EEB100080;Headlining bar MK3, No. 4 black ends, was EAM8422
cat002;chap0211;208;Trim;Headlinings and Trim popular range;7;EEB100090;Headlining bar MK3, No. 5 blue ends, was EAM8440
cat002;chap0211;208;Trim;Headlinings and Trim popular range;8;EEB100100;Headlining bar MK3, No. 6 yellow, was EAM8442
cat002;chap0211;208;Trim;Headlinings and Trim popular range;9;MSSK1020;Headlining bar kit for MK3 on
cat002;chap0211;208;Trim;Headlinings and Trim popular range;10;DT3047A;Dash liner black RHD (Speedo cluster in front of driver)
cat002;chap0211;208;Trim;Headlinings and Trim popular range;10;DT3048A;Dash liner black LHD (Speedo cluster in front of driver)
cat002;chap0211;208;Trim;Headlinings and Trim popular range;11;VGA4188;Dash liner black painted, air vents (speedo, 2 gauges)
cat002;chap0211;208;Trim;Headlinings and Trim popular range;11;ALE2928;Dash liner vinyl leathercloth, air vents (Deluxe/Cooper S)
cat002;chap0211;208;Trim;Headlinings and Trim popular range;12;VGA4192;Dash liner black painted, no air vents (speedo, 2 gauges)
cat002;chap0211;208;Trim;Headlinings and Trim popular range;12;ALE2927;Dash liner vinyl leathercloth, no air vents (Deluxe/Cooper S)
cat002;chap0211;208;Trim;Headlinings and Trim popular range;13;VGA4187;Dash liners painted pair (single clock only)
cat002;chap0211;208;Trim;Headlinings and Trim popular range;14;VGA1995;Lower dash panel cover black vinyl leather cloth
cat002;chap0211;208;Trim;Headlinings and Trim popular range;14;DT3076;Dash tray cardboard reinforcement for liner [link]VGA1995[/link]
cat002;chap0211;208;Trim;Headlinings and Trim popular range;15;MSSK1010;MK1/2 interior trim kit MK1 (13 piece) to 1969 - Black
cat002;chap0211;208;Trim;Headlinings and Trim popular range;15;MSSK1010GREY;MK1/2 interior trim kit MK1 (13 piece) to 1969 - Grey
cat002;chap0211;208;Trim;Headlinings and Trim popular range;15;MSSK1010RED;MK1/2 interior trim kit MK1 (13 piece) to 1969 - Red
cat002;chap0211;208;Trim;Headlinings and Trim popular range;16;MSSK1015;Door and rear quarter panel car kit (MK3 & ’S’ pattern) 1970 to mid 1973 ) - Black
cat002;chap0211;208;Trim;Headlinings and Trim popular range;16;MSSK1016;Door and rear quarter panel car kit (MK3 & ’S’ pattern) 1970 to mid 1973 ) - Navy
cat002;chap0211;208;Trim;Headlinings and Trim popular range;17;MSSK1007;MK3 interior trim kit, black (MK1 pattern) 9 piece - Mid 1973 on - Black
cat002;chap0211;208;Trim;Headlinings and Trim popular range;17;MSSK1008;MK3 interior trim kit, black (MK1 pattern) 9 piece - Mid 1973 on - Grey
cat002;chap0211;208;Trim;Headlinings and Trim popular range;17;MSSK1009;MK3 interior trim kit, black (MK1 pattern) 9 piece - Mid 1973 on - Red
cat002;chap0211;208;Trim;Headlinings and Trim popular range;18;MSSK1011;Door and rear quarter panel car kit (MK1 pattern) - Black - Mid 1973 on - Black
cat002;chap0211;208;Trim;Headlinings and Trim popular range;18;MSSK1012;Door and rear quarter panel car kit (MK1 pattern) - Black - Mid 1973 on -Grey
cat002;chap0211;208;Trim;Headlinings and Trim popular range;18;MSSK1013;Door and rear quarter panel car kit (MK1 pattern) - Black - Mid 1973 on -Red
cat002;chap0211;208;Trim;Headlinings and Trim popular range;19;ALE3153;Rear parcel shelf black - pre 1996 (MPI ‘C’ posts changed)
cat002;chap0211;208;Trim;Headlinings and Trim popular range;20;GFK7509;Clip for interior door liners, was GHF1222
cat002;chap0211;208;Trim;Headlinings and Trim popular range;21;ALA5828;Rear glove box mounding, R/H
cat002;chap0211;208;Trim;Headlinings and Trim popular range;21;ALA5829;Rear glove box mounding, L/H
cat002;chap0211;208;Trim;Headlinings and Trim popular range;22;ADH3809;Clips for glove box mounding
cat002;chap0211;208;Trim;Headlinings and Trim popular range;23;8D2490;Ashtray - companion box - Fitted until mid 1973
cat002;chap0211;208;Trim;Headlinings and Trim popular range;26;YGA452;Door bin black, fits all MK3 on
cat002;chap0211;208;Trim;Headlinings and Trim popular range;27;GFK2258;Screw for bin top - No.8 screw 1/2” pan head
cat002;chap0211;208;Trim;Headlinings and Trim popular range;28;GFK2259;Screw for bin bottom - No.8 screw 3/4” pan head
cat002;chap0211;208;Trim;Headlinings and Trim popular range;29;GFK3428;Nut, plastic for top screw and door pull, was GHF1021
cat002;chap0211;209;Trim;Carpets and Sound Proofing;1;MS126;Universal Fitting Carpet Set-Carpet set with edge trimming - Black
cat002;chap0211;209;Trim;Carpets and Sound Proofing;1;CARPET05;Universal Fitting Carpet Set-Carpet set with edge trimming - Red
cat002;chap0211;209;Trim;Carpets and Sound Proofing;1;CARPET03;Universal Fitting Carpet Set-Carpet set with edge trimming - Dark Grey
cat002;chap0211;209;Trim;Carpets and Sound Proofing;1;CK960A;Moulded Shaped Carpet Set- Saloon - Pre rod change 1959 - 1973 - Black
cat002;chap0211;209;Trim;Carpets and Sound Proofing;1;CK962A;Moulded Shaped Carpet Set- Saloon - Rod change 1973-2000 - Black
cat002;chap0211;209;Trim;Carpets and Sound Proofing;1;CK970A;Moulded Shaped Carpet Set-Traveller - Pre rod change 1960- 1973 - Black
cat002;chap0211;209;Trim;Carpets and Sound Proofing;1;CK955A;Moulded Shaped Carpet Set-Traveller / Estate - Rod change 1973 -1982 - Black
cat002;chap0211;209;Trim;Carpets and Sound Proofing;1;CK974A;Moulded Shaped Carpet Set-Van and Pickup cabin areas Pre rod change - 1960 - 1973 - Black
cat002;chap0211;209;Trim;Carpets and Sound Proofing;1;CK973A;Moulded Shaped Carpet Set-Van and Pickup cabin areas - Rod change - 1973 on - Black
cat002;chap0211;209;Trim;Carpets and Sound Proofing;1;CK960M;Moulded Shaped Carpet Set- Saloon - Pre rod change 1959 - 1973 - Red
cat002;chap0211;209;Trim;Carpets and Sound Proofing;1;CK962M;Moulded Shaped Carpet Set- Saloon - Rod change 1973-2000 - Red
cat002;chap0211;209;Trim;Carpets and Sound Proofing;1;CK970M;Moulded Shaped Carpet Set-Traveller - Pre rod change 1960- 1973 - Red
cat002;chap0211;209;Trim;Carpets and Sound Proofing;1;CK955M;Moulded Shaped Carpet Set-Traveller / Estate - Rod change 1973 -1982 - Red
cat002;chap0211;209;Trim;Carpets and Sound Proofing;1;CK973M;Moulded Shaped Carpet Set-Van and Pickup cabin areas - Rod change - 1973 on - Red
cat002;chap0211;209;Trim;Carpets and Sound Proofing;1;CK960P;Moulded Shaped Carpet Set- Saloon - Pre rod change 1959 - 1973 - Grey
cat002;chap0211;209;Trim;Carpets and Sound Proofing;1;CK962P;Moulded Shaped Carpet Set- Saloon - Rod change 1973-2000 - Grey
cat002;chap0211;209;Trim;Carpets and Sound Proofing;1;CK955P;Moulded Shaped Carpet Set-Traveller / Estate - Rod change 1973 -1982 - Grey
cat002;chap0211;209;Trim;Carpets and Sound Proofing;1;CK973P;
cat002;chap0211;209;Trim;Carpets and Sound Proofing;1;CK960G;Moulded Shaped Carpet Set- Saloon - Pre rod change 1959 - 1973 - Green
cat002;chap0211;209;Trim;Carpets and Sound Proofing;1;CK962G;
cat002;chap0211;209;Trim;Carpets and Sound Proofing;1;CK970G;Moulded Shaped Carpet Set-Traveller - Pre rod change 1960- 1973 - Green
cat002;chap0211;209;Trim;Carpets and Sound Proofing;1;CK955G;Moulded Shaped Carpet Set-Traveller / Estate - Rod change 1973 -1982 - Green
cat002;chap0211;209;Trim;Carpets and Sound Proofing;1;CK960PB;Moulded Shaped Carpet Set- Saloon - Pre rod change 1959 - 1973 - Powder Blue
cat002;chap0211;209;Trim;Carpets and Sound Proofing;1;CK962PB;Moulded Shaped Carpet Set- Saloon - Rod change 1973-2000 - BPowder Blue
cat002;chap0211;209;Trim;Carpets and Sound Proofing;1;CK970PB;
cat002;chap0211;209;Trim;Carpets and Sound Proofing;1;CK955PB;Moulded Shaped Carpet Set-Traveller / Estate - Rod change 1973 -1982 - Powder Blue
cat002;chap0211;209;Trim;Carpets and Sound Proofing;1;CK960Z;Moulded Shaped Carpet Set- Saloon - Pre rod change 1959 - 1973 - Biscuit
cat002;chap0211;209;Trim;Carpets and Sound Proofing;1;CK962Z;Moulded Shaped Carpet Set- Saloon - Rod change 1973-2000 - Biscuit
cat002;chap0211;209;Trim;Carpets and Sound Proofing;1;CK970Z;Moulded Shaped Carpet Set-Traveller - Pre rod change 1960- 1973 - Biscuit
cat002;chap0211;209;Trim;Carpets and Sound Proofing;1;CK955Z;Moulded Shaped Carpet Set-Traveller / Estate - Rod change 1973 -1982 - Biscuit
cat002;chap0211;209;Trim;Carpets and Sound Proofing;2;CARPET01;Carpet clip kit - Includes clips, barbs and studs
cat002;chap0211;209;Trim;Carpets and Sound Proofing;3;2H8445;Carpet fixing clip
cat002;chap0211;209;Trim;Carpets and Sound Proofing;5;ADB4811;Carpet fixing stud - Fix to floor
cat002;chap0211;209;Trim;Carpets and Sound Proofing;6;CARPET11;Floor mat set - Mini Spares Union Jack emblem
cat002;chap0211;209;Trim;Carpets and Sound Proofing;7;MS90;Soundproofing kit MK1/2 to 1969
cat002;chap0211;209;Trim;Carpets and Sound Proofing;8;MS91;Soundproofing kit MK3 1970 on
cat002;chap0211;209;Trim;Carpets and Sound Proofing;9;47H9615;Soundproofing under bonnet - as original fitting - Not Clubman
cat002;chap0211;209;Trim;Carpets and Sound Proofing;12;24A280;Bulkhead engine bay felt blanket, MK1/2
cat002;chap0211;209;Trim;Carpets and Sound Proofing;13;CZH798;Bulkhead engine bay felt blanket, MK3
cat002;chap0211;209;Trim;Carpets and Sound Proofing;14;FELT01;Soundproofing for under carpet - 5 piece kit
cat002;chap0211;209;Trim;Carpets and Sound Proofing;15;CK902;Spare wheel cover - Std 10” or 12” only - PVC backed felt
cat002;chap0211;209;Trim;Carpets and Sound Proofing;16;CK721;Jack bag made in PVC backed felt called Hardura
cat002;chap0211;210;Trim;Fleck Seats and Trim - Mini MK1 Saloons 1959-1961;13;SF660;Front seat base foam frame foam wrap
cat002;chap0211;210;Trim;Fleck Seats and Trim - Mini MK1 Saloons 1959-1961;14;CZH3508;Front seat base diaphragm
cat002;chap0211;210;Trim;Fleck Seats and Trim - Mini MK1 Saloons 1959-1961;16;C708;Front seat squab diaphragm
cat002;chap0211;210;Trim;Fleck Seats and Trim - Mini MK1 Saloons 1959-1961;17;C707;Seat frame clips - packet of 20 (Order individually as [link]14A8094[/link])
cat002;chap0211;210;Trim;Fleck Seats and Trim - Mini MK1 Saloons 1959-1961;18;SF669;Rear seat squab foam and padding kit
cat002;chap0211;210;Trim;Fleck Seats and Trim - Mini MK1 Saloons 1959-1961;19;SF671;Rear seat base foam
cat002;chap0211;210;Trim;Fleck Seats and Trim - Mini MK1 Saloons 1959-1961;22;DP3021F;Door panels - pair - Grey Fleck
cat002;chap0211;210;Trim;Fleck Seats and Trim - Mini MK1 Saloons 1959-1961;23;WA3022F;Rear quarter panel - Grey Fleck
cat002;chap0211;210;Trim;Fleck Seats and Trim - Mini MK1 Saloons 1959-1961;25;DP3023RH;Door pocket liner - Black - Left hand
cat002;chap0211;210;Trim;Fleck Seats and Trim - Mini MK1 Saloons 1959-1961;25;DP3023LH;Door pocket liner - Black - Right hand
cat002;chap0211;210;Trim;Fleck Seats and Trim - Mini MK1 Saloons 1959-1961;27;ALE1221;Door check strap - Black
cat002;chap0211;210;Trim;Fleck Seats and Trim - Mini MK1 Saloons 1959-1961;27;14E4289;Door check strap - Tartan Red
cat002;chap0211;210;Trim;Fleck Seats and Trim - Mini MK1 Saloons 1959-1961;27;14E4288;Door check strap - Powder Blue
cat002;chap0211;210;Trim;Fleck Seats and Trim - Mini MK1 Saloons 1959-1961;33;14A9838;Boot lid board with screw kit - Black
cat002;chap0211;210;Trim;Fleck Seats and Trim - Mini MK1 Saloons 1959-1961;34;SV2004;Central sunvisor bracket
cat002;chap0211;210;Trim;Fleck Seats and Trim - Mini MK1 Saloons 1959-1961;35;SV2000C;Centrally mounted sunvisor pad - Cream
cat002;chap0211;210;Trim;Fleck Seats and Trim - Mini MK1 Saloons 1959-1961;36;CZK8289;Seat adjuster plastic knob - Black
cat002;chap0211;211;Trim;Seats and Interior Trim MK1 Saloons 1961-67;9;SF660;Front seat base frame foam wrap
cat002;chap0211;211;Trim;Seats and Interior Trim MK1 Saloons 1961-67;11;C708;Front seat squab diaphragm
cat002;chap0211;211;Trim;Seats and Interior Trim MK1 Saloons 1961-67;12;CZH3508;Front seat base diaphragm
cat002;chap0211;211;Trim;Seats and Interior Trim MK1 Saloons 1961-67;13;C707;Packet of 20 seat frame clips (Order individually as [link]14A8094[/link])
cat002;chap0211;211;Trim;Seats and Interior Trim MK1 Saloons 1961-67;14;SF671;Rear base foam
cat002;chap0211;211;Trim;Seats and Interior Trim MK1 Saloons 1961-67;15;SF669;Rear squab foam
cat002;chap0211;211;Trim;Seats and Interior Trim MK1 Saloons 1961-67;16;TK3000PB;Panel kit. oval speedo binnacle - Powder Blue
cat002;chap0211;211;Trim;Seats and Interior Trim MK1 Saloons 1961-67;16;MSSK1010RED;Panel kit. oval speedo binnacle -Tartan Red
cat002;chap0211;211;Trim;Seats and Interior Trim MK1 Saloons 1961-67;18;DT3022PB;
cat002;chap0211;211;Trim;Seats and Interior Trim MK1 Saloons 1961-67;19;DP3022M;Pair of fillet panels - per door - Tartan Red
cat002;chap0211;211;Trim;Seats and Interior Trim MK1 Saloons 1961-67;20;DP3021P;Pair of door panels - Dove Grey
cat002;chap0211;211;Trim;Seats and Interior Trim MK1 Saloons 1961-67;20;DP3021M;Pair of door panels - Tartan Red
cat002;chap0211;211;Trim;Seats and Interior Trim MK1 Saloons 1961-67;25;14E8403;Door check strap - each - Cumulus Grey
cat002;chap0211;211;Trim;Seats and Interior Trim MK1 Saloons 1961-67;25;14E4290;Door check strap - each - (Dark Grey)
cat002;chap0211;211;Trim;Seats and Interior Trim MK1 Saloons 1961-67;25;14E4291;Door check strap - each - Porcelain Green
cat002;chap0211;211;Trim;Seats and Interior Trim MK1 Saloons 1961-67;25;14E4288;Door check strap - each - Powder Blue
cat002;chap0211;211;Trim;Seats and Interior Trim MK1 Saloons 1961-67;25;14E4289;Door check strap - each - Tartan Red
cat002;chap0211;211;Trim;Seats and Interior Trim MK1 Saloons 1961-67;26;DP3023RH;Door pocket liner - Black - Right hand
cat002;chap0211;211;Trim;Seats and Interior Trim MK1 Saloons 1961-67;26;DP3023LH;Door pocket liner - Black - Left hand
cat002;chap0211;211;Trim;Seats and Interior Trim MK1 Saloons 1961-67;27;DT3028A;Dash surround material - Black
cat002;chap0211;211;Trim;Seats and Interior Trim MK1 Saloons 1961-67;29;14A9838;Boot lid board with screw kit
cat002;chap0211;211;Trim;Seats and Interior Trim MK1 Saloons 1961-67;30;SV2000C;Sunvisor Pads - Centrally mounted pre 1964 - Cream Crackle/Plain
cat002;chap0211;211;Trim;Seats and Interior Trim MK1 Saloons 1961-67;30;SV2004;Sunvisor Pads - Centrally mounted pre 1964 - Brackets
cat002;chap0211;211;Trim;Seats and Interior Trim MK1 Saloons 1961-67;31;SV732;Sunvisor Pads - With swivel brackets 1964-5 - Cream Crackle/Plain
cat002;chap0211;211;Trim;Seats and Interior Trim MK1 Saloons 1961-67;31;SV733;Sunvisor Pads - With swivel brackets 1964-5 - Cream Crackle/With Mirror
cat002;chap0211;211;Trim;Seats and Interior Trim MK1 Saloons 1961-67;31;GFK7344;Sunvisor Pads - With swivel brackets 1964-5 - Brackets
cat002;chap0211;211;Trim;Seats and Interior Trim MK1 Saloons 1961-67;32;SV2016C;Sunvisor Pads - Padded 1965-67 - Cream Crackle/Plain
cat002;chap0211;211;Trim;Seats and Interior Trim MK1 Saloons 1961-67;32;SV2017C;Sunvisor Pads - Padded 1965-67 - Cream Crackle/With Mirror
cat002;chap0211;211;Trim;Seats and Interior Trim MK1 Saloons 1961-67;32;SV2021;Sunvisor Pads - Padded 1965-67 - Brackets
cat002;chap0211;211;Trim;Seats and Interior Trim MK1 Saloons 1961-67;33;CZK8289;Seat frame plastic knob
cat002;chap0211;212;Trim;Seats and Interior Trim Cooper & 'S' MK1 1961-67;6;SF660;Front seat base frame foam wrap
cat002;chap0211;212;Trim;Seats and Interior Trim Cooper & 'S' MK1 1961-67;8;C708;Front seat squab diaphragm
cat002;chap0211;212;Trim;Seats and Interior Trim Cooper & 'S' MK1 1961-67;9;CZH3508;Front seat base diaphragm
cat002;chap0211;212;Trim;Seats and Interior Trim Cooper & 'S' MK1 1961-67;10;C707;Packet Of 20 Seat Frame Clips (order individually as [link]14A8094[/link])
cat002;chap0211;212;Trim;Seats and Interior Trim Cooper & 'S' MK1 1961-67;11;SF669;Rear squab foam
cat002;chap0211;212;Trim;Seats and Interior Trim Cooper & 'S' MK1 1961-67;12;SF668;Rear base foam
cat002;chap0211;212;Trim;Seats and Interior Trim Cooper & 'S' MK1 1961-67;13;MSSK1010GREY;Interior panel kit - oval speedo binnacle - Dove Grey
cat002;chap0211;212;Trim;Seats and Interior Trim Cooper & 'S' MK1 1961-67;14;DT3021GB;Pair of speedo panels - oval binnacle type - Gold Brocade
cat002;chap0211;212;Trim;Seats and Interior Trim Cooper & 'S' MK1 1961-67;17;DP3021P;Pair of door panels - Dove Grey
cat002;chap0211;212;Trim;Seats and Interior Trim Cooper & 'S' MK1 1961-67;21;WAC3024GB;Pair of rear wheel arch covers - Gold Brocade
cat002;chap0211;212;Trim;Seats and Interior Trim Cooper & 'S' MK1 1961-67;22;14E4289;Door check strap - each / (Matches seat outer colour) - Tartan Red
cat002;chap0211;212;Trim;Seats and Interior Trim Cooper & 'S' MK1 1961-67;22;14E8403;Door check strap - each / (Matches seat outer colour) - Cumulus Grey
cat002;chap0211;212;Trim;Seats and Interior Trim Cooper & 'S' MK1 1961-67;22;14E4288;Door check strap - each / (Matches seat outer colour) - Powder Blue
cat002;chap0211;212;Trim;Seats and Interior Trim Cooper & 'S' MK1 1961-67;22;14E4290;Door check strap - each / (Matches seat outer colour) - Dark Grey
cat002;chap0211;212;Trim;Seats and Interior Trim Cooper & 'S' MK1 1961-67;22;14E4291;Door check strap - each / (Matches seat outer colour) - Porc’ Green
cat002;chap0211;212;Trim;Seats and Interior Trim Cooper & 'S' MK1 1961-67;23;DP3023LH;Door pocket liner - Black - Left hand
cat002;chap0211;212;Trim;Seats and Interior Trim Cooper & 'S' MK1 1961-67;23;DP3023RH;Door pocket liner - Black - Right hand
cat002;chap0211;212;Trim;Seats and Interior Trim Cooper & 'S' MK1 1961-67;24;DT3028A;Dash surround material
cat002;chap0211;212;Trim;Seats and Interior Trim Cooper & 'S' MK1 1961-67;25;CCC110;Carpeted boot board black - Single tank
cat002;chap0211;212;Trim;Seats and Interior Trim Cooper & 'S' MK1 1961-67;26;CCC112;Carpeted boot board black - Twin tanks
cat002;chap0211;212;Trim;Seats and Interior Trim Cooper & 'S' MK1 1961-67;27;CCC115;Boot board bracket kit for 145 Tyres (see page 181 for more details)
cat002;chap0211;212;Trim;Seats and Interior Trim Cooper & 'S' MK1 1961-67;28;14A9783;Boot board bracket (see page 181 for more details)
cat002;chap0211;212;Trim;Seats and Interior Trim Cooper & 'S' MK1 1961-67;29;SV2000C;Sunvisor Pads - Centrally mounted pre 1964 / Cream Crackle - Plain
cat002;chap0211;212;Trim;Seats and Interior Trim Cooper & 'S' MK1 1961-67;29;SV2004;Sunvisor Pads - Centrally mounted pre 1964 / Brackets (central bracket)
cat002;chap0211;212;Trim;Seats and Interior Trim Cooper & 'S' MK1 1961-67;30;SV732;Sunvisor Pads - With swivel brackets 1964-5 / Cream Crackle - Plain
cat002;chap0211;212;Trim;Seats and Interior Trim Cooper & 'S' MK1 1961-67;30;SV733;Sunvisor Pads - With swivel brackets 1964-5 / Cream Crackle With Mirror
cat002;chap0211;212;Trim;Seats and Interior Trim Cooper & 'S' MK1 1961-67;30;GFK7344;Sunvisor Pads - With swivel brackets 1964-5 / Brackets (clip 2 required)
cat002;chap0211;212;Trim;Seats and Interior Trim Cooper & 'S' MK1 1961-67;31;SV2016C;Sunvisor Pads - Padded 1965-67 / Cream Crackle - Plain
cat002;chap0211;212;Trim;Seats and Interior Trim Cooper & 'S' MK1 1961-67;31;SV2017C;Sunvisor Pads - Padded 1965-67 / Cream Crackle With Mirror
cat002;chap0211;212;Trim;Seats and Interior Trim Cooper & 'S' MK1 1961-67;31;SV2021;Sunvisor Pads - Padded 1965-67 / Brackets (car fitting kit)
cat002;chap0211;213;Trim;Seats and trim - Mini saloon & Cooper & 'S' MK2 1;1;SC3042A;
cat002;chap0211;213;Trim;Seats and trim - Mini saloon & Cooper & 'S' MK2 1;2;SC3043A;
cat002;chap0211;213;Trim;Seats and trim - Mini saloon & Cooper & 'S' MK2 1;5;SF3010;Front seat base foam cushion
cat002;chap0211;213;Trim;Seats and trim - Mini saloon & Cooper & 'S' MK2 1;6;SF660;Base frame foam wrap
cat002;chap0211;213;Trim;Seats and trim - Mini saloon & Cooper & 'S' MK2 1;7;SF3012;Front seat squab foam
cat002;chap0211;213;Trim;Seats and trim - Mini saloon & Cooper & 'S' MK2 1;9;CZH3508;Front seat base diaphragm
cat002;chap0211;213;Trim;Seats and trim - Mini saloon & Cooper & 'S' MK2 1;10;C707;Packet of 20 seat frame clips (Order individually as [link]14A8094[/link])
cat002;chap0211;213;Trim;Seats and trim - Mini saloon & Cooper & 'S' MK2 1;11;SF678;Rear seat squab foam
cat002;chap0211;213;Trim;Seats and trim - Mini saloon & Cooper & 'S' MK2 1;12;SF677;Rear seat base foam
cat002;chap0211;213;Trim;Seats and trim - Mini saloon & Cooper & 'S' MK2 1;13;TK3000M;Interior panel kit - Oval speedo binnacle
cat002;chap0211;213;Trim;Seats and trim - Mini saloon & Cooper & 'S' MK2 1;14;VGA4187;Pair of speedo panels. Round speedo binnacle
cat002;chap0211;213;Trim;Seats and trim - Mini saloon & Cooper & 'S' MK2 1;14;VGA4192;Pair of speedo panels - Oval type - No vents
cat002;chap0211;213;Trim;Seats and trim - Mini saloon & Cooper & 'S' MK2 1;14;ALE2927;Pair of speedo panels - Oval type - No vents
cat002;chap0211;213;Trim;Seats and trim - Mini saloon & Cooper & 'S' MK2 1;15;VGA1995;Padded dash tray liner
cat002;chap0211;213;Trim;Seats and trim - Mini saloon & Cooper & 'S' MK2 1;16;DP3022M;Pair of fillet panels - per door
cat002;chap0211;213;Trim;Seats and trim - Mini saloon & Cooper & 'S' MK2 1;16;DP3022A;Pair of fillet panels - per door
cat002;chap0211;213;Trim;Seats and trim - Mini saloon & Cooper & 'S' MK2 1;17;DP3021M;Pair of door panels
cat002;chap0211;213;Trim;Seats and trim - Mini saloon & Cooper & 'S' MK2 1;20;ALE3153;Rear parcel shelf panel
cat002;chap0211;213;Trim;Seats and trim - Mini saloon & Cooper & 'S' MK2 1;22;14E8403;Door check strap - each
cat002;chap0211;213;Trim;Seats and trim - Mini saloon & Cooper & 'S' MK2 1;22;ALE1221;Door check strap - each
cat002;chap0211;213;Trim;Seats and trim - Mini saloon & Cooper & 'S' MK2 1;23;DP3023LH;Door pocket liner - Black - Left hand
cat002;chap0211;213;Trim;Seats and trim - Mini saloon & Cooper & 'S' MK2 1;23;DP3023RH;Door pocket liner - Black - Right hand
cat002;chap0211;213;Trim;Seats and trim - Mini saloon & Cooper & 'S' MK2 1;24;DT3028A;Dash surround material - Black
cat002;chap0211;213;Trim;Seats and trim - Mini saloon & Cooper & 'S' MK2 1;25;CCC110;Carpeted boot board - Single tank - Black
cat002;chap0211;213;Trim;Seats and trim - Mini saloon & Cooper & 'S' MK2 1;26;CCC112;Carpeted boot board - Twin tanks - Black
cat002;chap0211;213;Trim;Seats and trim - Mini saloon & Cooper & 'S' MK2 1;27;CCC115;Boot board bracket kit for 145 Tyres (see page 181 for more details)
cat002;chap0211;213;Trim;Seats and trim - Mini saloon & Cooper & 'S' MK2 1;28;14A9783;Boot board bracket (see page 181 for more details)
cat002;chap0211;213;Trim;Seats and trim - Mini saloon & Cooper & 'S' MK2 1;29;SV2017C;Padded sunvisor with mirror / Cream Crackle
cat002;chap0211;213;Trim;Seats and trim - Mini saloon & Cooper & 'S' MK2 1;30;SV2016C;Padded sunvisor plain / Cream Crackle
cat002;chap0211;213;Trim;Seats and trim - Mini saloon & Cooper & 'S' MK2 1;31;SV2021;Sunvisor fitting brackets
cat002;chap0211;213;Trim;Seats and trim - Mini saloon & Cooper & 'S' MK2 1;32;CZK8289;Seat frame plastic knob
cat002;chap0211;214;Trim;Seats and trim - Mini MK3 - MK4 1969-1980;0;SC3046A;Front & rear seat cover - standard seats / Black
cat002;chap0211;214;Trim;Seats and trim - Mini MK3 - MK4 1969-1980;1;SC3048A;Front seat squab cover / Black
cat002;chap0211;214;Trim;Seats and trim - Mini MK3 - MK4 1969-1980;2;SC3047A;
cat002;chap0211;214;Trim;Seats and trim - Mini MK3 - MK4 1969-1980;6;SC3049A;
cat002;chap0211;214;Trim;Seats and trim - Mini MK3 - MK4 1969-1980;8;SF3010;Front seat base foam cushion
cat002;chap0211;214;Trim;Seats and trim - Mini MK3 - MK4 1969-1980;9;SF660;Base frame foam wrap
cat002;chap0211;214;Trim;Seats and trim - Mini MK3 - MK4 1969-1980;10;SF3012;Front seat squab foam
cat002;chap0211;214;Trim;Seats and trim - Mini MK3 - MK4 1969-1980;12;CZH3508;Front seat base diaphragm
cat002;chap0211;214;Trim;Seats and trim - Mini MK3 - MK4 1969-1980;13;C707;Packet of 20 seat frame clips (Order individually as [link]14A8094[/link])
cat002;chap0211;214;Trim;Seats and trim - Mini MK3 - MK4 1969-1980;16;SF678;Rear seat squab foam
cat002;chap0211;214;Trim;Seats and trim - Mini MK3 - MK4 1969-1980;17;SF677;Rear seat base foam
cat002;chap0211;214;Trim;Seats and trim - Mini MK3 - MK4 1969-1980;18;SF668;Rear seat squab foam - Mini 850
cat002;chap0211;214;Trim;Seats and trim - Mini MK3 - MK4 1969-1980;19;SF669;Rear seat base foam - Mini 850
cat002;chap0211;214;Trim;Seats and trim - Mini MK3 - MK4 1969-1980;20;TK3009A;Panel kit - round speedo 1970-73 (Only Vinyl Available) / No air vent - Black
cat002;chap0211;214;Trim;Seats and trim - Mini MK3 - MK4 1969-1980;20;TK3007A;Panel kit - oval speedo 1970-73 (Only Vinyl Available) / No air vent - Black
cat002;chap0211;214;Trim;Seats and trim - Mini MK3 - MK4 1969-1980;20;TK3007N;Panel kit - oval speedo 1970-73 (Only Vinyl Available) / No air vent - Navy
cat002;chap0211;214;Trim;Seats and trim - Mini MK3 - MK4 1969-1980;21;TK3010A;Panel kit - round speedo May 1973 on (Only Vinyl Available) / No air vent - Black
cat002;chap0211;214;Trim;Seats and trim - Mini MK3 - MK4 1969-1980;22;DP3024A;
cat002;chap0211;214;Trim;Seats and trim - Mini MK3 - MK4 1969-1980;23;WA3026A;
cat002;chap0211;214;Trim;Seats and trim - Mini MK3 - MK4 1969-1980;25;MSSK1015;Pair of door & rear quarter panels 1970-1973 (Only Vinyl Available) - Black
cat002;chap0211;214;Trim;Seats and trim - Mini MK3 - MK4 1969-1980;25;MSSK1016;Pair of door & rear quarter panels 1970-1973 (Only Vinyl Available) - Navy
cat002;chap0211;214;Trim;Seats and trim - Mini MK3 - MK4 1969-1980;26;MSSK1017;Pair of door & rear quarter panels May 1973 on (Only Vinyl Available) - Black
cat002;chap0211;214;Trim;Seats and trim - Mini MK3 - MK4 1969-1980;26;MSSK1018;Pair of door & rear quarter panels May 1973 on (Only Vinyl Available) - Navy
cat002;chap0211;214;Trim;Seats and trim - Mini MK3 - MK4 1969-1980;27;DT3029A;
cat002;chap0211;214;Trim;Seats and trim - Mini MK3 - MK4 1969-1980;27;ALE2927;Pair of speedo panels - oval binnacle - No air vent (Only Vinyl Available) - Black
cat002;chap0211;214;Trim;Seats and trim - Mini MK3 - MK4 1969-1980;27;ALE2928;Pair of speedo panels - oval binnacle - With air vent (Only Vinyl Available) - Black
cat002;chap0211;214;Trim;Seats and trim - Mini MK3 - MK4 1969-1980;27;VGA4187;Pair of speedo panels - round speedo binnacle (Only Vinyl Available) - Black OE (painted)
cat002;chap0211;214;Trim;Seats and trim - Mini MK3 - MK4 1969-1980;27;VGA4192;Pair of speedo panels - oval binnacle - No air vent (Only Vinyl Available) - Black OE (painted)
cat002;chap0211;214;Trim;Seats and trim - Mini MK3 - MK4 1969-1980;27;VGA4188;Pair of speedo panels - oval binnacle - With air vent (Only Vinyl Available) - Black OE (painted)
cat002;chap0211;214;Trim;Seats and trim - Mini MK3 - MK4 1969-1980;28;DT3076;Dash tray cardboard reinforcement for liner [link]VGA1995[/link] / [link]DT3027[/link]
cat002;chap0211;214;Trim;Seats and trim - Mini MK3 - MK4 1969-1980;28;VGA1995;Dash tray liner - See reinforcement [link]DT3076[/link] (Only Vinyl Available) - Black
cat002;chap0211;214;Trim;Seats and trim - Mini MK3 - MK4 1969-1980;30;WA3050A;Pair of rear pocket liners may 1973 on (Only Vinyl Available) - Black
cat002;chap0211;214;Trim;Seats and trim - Mini MK3 - MK4 1969-1980;31;WAC3025A;Pair of rear wheel arch covers (Only Vinyl Available) - Black
cat002;chap0211;214;Trim;Seats and trim - Mini MK3 - MK4 1969-1980;32;ALE3153;Rear parcel shelf panel (Only Vinyl Available) - Black
cat002;chap0211;214;Trim;Seats and trim - Mini MK3 - MK4 1969-1980;34;CCC110;Carpeted boot board - Single tank - Black
cat002;chap0211;214;Trim;Seats and trim - Mini MK3 - MK4 1969-1980;35;CCC112;Carpeted boot board - Twin tanks - Black
cat002;chap0211;214;Trim;Seats and trim - Mini MK3 - MK4 1969-1980;36;CCC115;Boot board bracket kit for 145 Tyres (see page 181)
cat002;chap0211;214;Trim;Seats and trim - Mini MK3 - MK4 1969-1980;37;14A9783;Boot board bracket (See page 181 for more details)
cat002;chap0211;214;Trim;Seats and trim - Mini MK3 - MK4 1969-1980;38;SV2017P;Padded sunvisor with mirror / Grey (1969 - 1977)
cat002;chap0211;214;Trim;Seats and trim - Mini MK3 - MK4 1969-1980;38;SV2017WW;Padded sunvisor with mirror / White (77 on)
cat002;chap0211;214;Trim;Seats and trim - Mini MK3 - MK4 1969-1980;38;SV2017W;Padded sunvisor with mirror / White / black back
cat002;chap0211;214;Trim;Seats and trim - Mini MK3 - MK4 1969-1980;39;SV2016P;Padded sunvisor plain / Grey (1969 - 1977)
cat002;chap0211;214;Trim;Seats and trim - Mini MK3 - MK4 1969-1980;39;SV2016WW;Padded sunvisor plain / White (77 on)
cat002;chap0211;214;Trim;Seats and trim - Mini MK3 - MK4 1969-1980;39;SV2016W;Padded sunvisor plain / White / black back
cat002;chap0211;214;Trim;Seats and trim - Mini MK3 - MK4 1969-1980;40;SV2021;Sunvisor fitting brackets
cat002;chap0211;215;Trim;Seats and Trim-Mini Saloon MK4-1976-1985 - Mini Cl;7;SF3010;Front seat base foam cushion
cat002;chap0211;215;Trim;Seats and Trim-Mini Saloon MK4-1976-1985 - Mini Cl;8;SF660;Base frame foam wrap
cat002;chap0211;215;Trim;Seats and Trim-Mini Saloon MK4-1976-1985 - Mini Cl;9;SF3012;Front seat squab foam
cat002;chap0211;215;Trim;Seats and Trim-Mini Saloon MK4-1976-1985 - Mini Cl;10;C708;Front seat squab diaphragm
cat002;chap0211;215;Trim;Seats and Trim-Mini Saloon MK4-1976-1985 - Mini Cl;11;CZH3508;Front seat base diaphragm
cat002;chap0211;215;Trim;Seats and Trim-Mini Saloon MK4-1976-1985 - Mini Cl;12;C707;Packet of 20 seat frame clips (Order individually as [link]14A8094[/link])
cat002;chap0211;215;Trim;Seats and Trim-Mini Saloon MK4-1976-1985 - Mini Cl;13;SF668;Rear squab foam
cat002;chap0211;215;Trim;Seats and Trim-Mini Saloon MK4-1976-1985 - Mini Cl;14;SF669;Rear base foam
cat002;chap0211;215;Trim;Seats and Trim-Mini Saloon MK4-1976-1985 - Mini Cl;19;DP3048A;Pair of door panels - 1976-80 - All / Black
cat002;chap0211;215;Trim;Seats and Trim-Mini Saloon MK4-1976-1985 - Mini Cl;19;DP3048X;
cat002;chap0211;215;Trim;Seats and Trim-Mini Saloon MK4-1976-1985 - Mini Cl;22;WA3048A;Pair of rear quarter panels - 1976-80 / Black
cat002;chap0211;215;Trim;Seats and Trim-Mini Saloon MK4-1976-1985 - Mini Cl;22;WA3048X;
cat002;chap0211;215;Trim;Seats and Trim-Mini Saloon MK4-1976-1985 - Mini Cl;23;ALE3153;Rear parcel shelf panel / Black
cat002;chap0211;215;Trim;Seats and Trim-Mini Saloon MK4-1976-1985 - Mini Cl;25;WA3050A;Pair of late rear pocket liners - Mid 1973- 1976 / Black
cat002;chap0211;215;Trim;Seats and Trim-Mini Saloon MK4-1976-1985 - Mini Cl;25;WA3050X;
cat002;chap0211;215;Trim;Seats and Trim-Mini Saloon MK4-1976-1985 - Mini Cl;26;WAC3025A;Pair of rear wheel arch covers / Black
cat002;chap0211;215;Trim;Seats and Trim-Mini Saloon MK4-1976-1985 - Mini Cl;28;DT3047A;Pair of offset dash panels RHD / Black
cat002;chap0211;215;Trim;Seats and Trim-Mini Saloon MK4-1976-1985 - Mini Cl;28;DT3048A;Pair of offset dash panels LHD / Black
cat002;chap0211;215;Trim;Seats and Trim-Mini Saloon MK4-1976-1985 - Mini Cl;29;VGA1995;Dash tray linear all models- Also see reinforcement [link]DT3076[/link] / Black
cat002;chap0211;215;Trim;Seats and Trim-Mini Saloon MK4-1976-1985 - Mini Cl;29;DT3076;Dash tray cardboard reinforcement for liner [link]VGA1995[/link] / [link]DT3027[/link]
cat002;chap0211;215;Trim;Seats and Trim-Mini Saloon MK4-1976-1985 - Mini Cl;30;CCC110;Carpeted boot board - Single 5.5 gallon tank / Black
cat002;chap0211;215;Trim;Seats and Trim-Mini Saloon MK4-1976-1985 - Mini Cl;30;CCC111;Carpeted boot board - Single 7.5 gallon tank / Black
cat002;chap0211;215;Trim;Seats and Trim-Mini Saloon MK4-1976-1985 - Mini Cl;31;CCC115;Boot board bracket kit for 145 Tyres (see page 181 for more details)
cat002;chap0211;215;Trim;Seats and Trim-Mini Saloon MK4-1976-1985 - Mini Cl;32;14A9783;Boot board bracket (See page 181 for more details)
cat002;chap0211;215;Trim;Seats and Trim-Mini Saloon MK4-1976-1985 - Mini Cl;33;SV2017A;Padded sunvisor with mirror / Black (option)
cat002;chap0211;215;Trim;Seats and Trim-Mini Saloon MK4-1976-1985 - Mini Cl;33;SV2017P;Padded sunvisor with mirror / Grey
cat002;chap0211;215;Trim;Seats and Trim-Mini Saloon MK4-1976-1985 - Mini Cl;33;SV2017WW;Padded sunvisor with mirror / White
cat002;chap0211;215;Trim;Seats and Trim-Mini Saloon MK4-1976-1985 - Mini Cl;33;SV2017W;Padded sunvisor with mirror / White - Black Back
cat002;chap0211;215;Trim;Seats and Trim-Mini Saloon MK4-1976-1985 - Mini Cl;34;SV2016A;Padded sunvisor plain/ Black (option)
cat002;chap0211;215;Trim;Seats and Trim-Mini Saloon MK4-1976-1985 - Mini Cl;34;SV2016P;Padded sunvisor plain / Grey
cat002;chap0211;215;Trim;Seats and Trim-Mini Saloon MK4-1976-1985 - Mini Cl;34;SV2016WW;Padded sunvisor plain / White
cat002;chap0211;215;Trim;Seats and Trim-Mini Saloon MK4-1976-1985 - Mini Cl;34;SV2016W;Padded sunvisor plain / White - Black Back
cat002;chap0211;215;Trim;Seats and Trim-Mini Saloon MK4-1976-1985 - Mini Cl;35;SV2021;Sunvisor fitting brackets
cat002;chap0211;216;Trim;Seats and Trim - Mini 1275GT - 1969-1980;4;SF3010;Front seat base foam cushion 1973-80
cat002;chap0211;216;Trim;Seats and Trim - Mini 1275GT - 1969-1980;5;SF660;Base frame foam wrap
cat002;chap0211;216;Trim;Seats and Trim - Mini 1275GT - 1969-1980;6;SF3012;Front seat squab foam 1973-80
cat002;chap0211;216;Trim;Seats and Trim - Mini 1275GT - 1969-1980;7;C708;Front seat squab diaphragm
cat002;chap0211;216;Trim;Seats and Trim - Mini 1275GT - 1969-1980;8;CZH3508;Front seat base diaphragm
cat002;chap0211;216;Trim;Seats and Trim - Mini 1275GT - 1969-1980;9;C707;Packet of 20 seat frame clips (order individually as [link]14A8094[/link])
cat002;chap0211;216;Trim;Seats and Trim - Mini 1275GT - 1969-1980;10;SF678;Rear seat squab foam 1969-1973
cat002;chap0211;216;Trim;Seats and Trim - Mini 1275GT - 1969-1980;11;SF677;Rear seat base foam
cat002;chap0211;216;Trim;Seats and Trim - Mini 1275GT - 1969-1980;17;DP3048A;Pair of late MK4 Style door panels 1975-80 - Black
cat002;chap0211;216;Trim;Seats and Trim - Mini 1275GT - 1969-1980;17;DP3048X;
cat002;chap0211;216;Trim;Seats and Trim - Mini 1275GT - 1969-1980;18;WA3048A;Pair of late MK4 Style rear quarter panels 1975-80 - Black
cat002;chap0211;216;Trim;Seats and Trim - Mini 1275GT - 1969-1980;18;WA3048X;
cat002;chap0211;216;Trim;Seats and Trim - Mini 1275GT - 1969-1980;19;DT3047A;Pair of offset dash panels - RHD - Black
cat002;chap0211;216;Trim;Seats and Trim - Mini 1275GT - 1969-1980;20;VGA1995;Dash tray liner all models - Also see reinforcement DT3076 - Black
cat002;chap0211;216;Trim;Seats and Trim - Mini 1275GT - 1969-1980;20;DT3076;Dash tray cardboard reinforcement for liner [link]VGA1995[/link] / [link]DT3027[/link]
cat002;chap0211;216;Trim;Seats and Trim - Mini 1275GT - 1969-1980;21;ALE3153;Rear parcel shelf - Black
cat002;chap0211;216;Trim;Seats and Trim - Mini 1275GT - 1969-1980;22;WA3050A;Pair of late rear pocket liners - Mid 1973 - 1975 - Black
cat002;chap0211;216;Trim;Seats and Trim - Mini 1275GT - 1969-1980;22;WA3050X;
cat002;chap0211;216;Trim;Seats and Trim - Mini 1275GT - 1969-1980;24;WAC3025A;Pair of rear wheel arch covers - Black
cat002;chap0211;216;Trim;Seats and Trim - Mini 1275GT - 1969-1980;25;CCC110;Carpeted boot board - Single 5.5 gallon tank - Black
cat002;chap0211;216;Trim;Seats and Trim - Mini 1275GT - 1969-1980;25;CCC111;Carpeted boot board - Single 7.5 gallon tank 1974 on - Black
cat002;chap0211;216;Trim;Seats and Trim - Mini 1275GT - 1969-1980;26;CCC115;Boot board bracket kit for 145 Tyres (see page 181 for more details)
cat002;chap0211;216;Trim;Seats and Trim - Mini 1275GT - 1969-1980;27;14A9783;Boot board bracket (See page 181 for more details)
cat002;chap0211;216;Trim;Seats and Trim - Mini 1275GT - 1969-1980;28;SV2017P;Padded sunvisor with mirror - Grey
cat002;chap0211;216;Trim;Seats and Trim - Mini 1275GT - 1969-1980;28;SV2017WW;Padded sunvisor with mirror - White
cat002;chap0211;216;Trim;Seats and Trim - Mini 1275GT - 1969-1980;29;SV2016P;Padded sunvisor plain - Grey
cat002;chap0211;216;Trim;Seats and Trim - Mini 1275GT - 1969-1980;29;SV2016WW;Padded sunvisor plain - - White
cat002;chap0211;216;Trim;Seats and Trim - Mini 1275GT - 1969-1980;30;SV2021;Sunvisor bracket
cat002;chap0211;216;Trim;Seats and Trim - Mini 1275GT - 1969-1980;31;CZK8289;Seat adjuster plastic knob - Black
cat002;chap0211;217;Trim;Fleck Seats and Trim - Mini Traveller MK1 - 1960-1;6;SF660;Base frame foam wrap
cat002;chap0211;217;Trim;Fleck Seats and Trim - Mini Traveller MK1 - 1960-1;7;CZH3508;Front seat base diaphragm
cat002;chap0211;217;Trim;Fleck Seats and Trim - Mini Traveller MK1 - 1960-1;10;C707;Packet of 20 seat frame clips (Order individually as [link]14A8094[/link])
cat002;chap0211;217;Trim;Fleck Seats and Trim - Mini Traveller MK1 - 1960-1;12;SF674;Rear seat squab foam
cat002;chap0211;217;Trim;Fleck Seats and Trim - Mini Traveller MK1 - 1960-1;13;SF679;Rear seat base foam
cat002;chap0211;217;Trim;Fleck Seats and Trim - Mini Traveller MK1 - 1960-1;14;CZK8289;Seat adjuster plastic knob - Black
cat002;chap0211;217;Trim;Fleck Seats and Trim - Mini Traveller MK1 - 1960-1;16;DP3021F;Pair of door panels - welded type - Grey Fleck
cat002;chap0211;217;Trim;Fleck Seats and Trim - Mini Traveller MK1 - 1960-1;17;DP3023LH;Door pocket liner - Black - Left hand
cat002;chap0211;217;Trim;Fleck Seats and Trim - Mini Traveller MK1 - 1960-1;17;DP3023RH;Door pocket liner - Black - RIght hand
cat002;chap0211;217;Trim;Fleck Seats and Trim - Mini Traveller MK1 - 1960-1;23;SV2000C;Centrally mounted sunvisor pad - Cream
cat002;chap0211;217;Trim;Fleck Seats and Trim - Mini Traveller MK1 - 1960-1;23;SV2000W;Centrally mounted sunvisor pad - White
cat002;chap0211;217;Trim;Fleck Seats and Trim - Mini Traveller MK1 - 1960-1;24;SV2004;Central sunvisor bracket
cat002;chap0211;217;Trim;Fleck Seats and Trim - Mini Traveller MK1 - 1960-1;25;CK971A;Rear load area carpet kit - Black
cat002;chap0211;217;Trim;Fleck Seats and Trim - Mini Traveller MK1 - 1960-1;25;CK971M;Rear load area carpet kit - Red
cat002;chap0211;218;Trim;Seats and Trim - Mini Traveller MK1 - 1961-1967;8;SF660;Front seat base frame foam wrap
cat002;chap0211;218;Trim;Seats and Trim - Mini Traveller MK1 - 1961-1967;9;CZH3508;Front seat base diaphragm
cat002;chap0211;218;Trim;Seats and Trim - Mini Traveller MK1 - 1961-1967;11;C708;Front seat squab diaphragm
cat002;chap0211;218;Trim;Seats and Trim - Mini Traveller MK1 - 1961-1967;12;C707;Packet of 20 seat frame clips (Order individually as [link]14A8094[/link])
cat002;chap0211;218;Trim;Seats and Trim - Mini Traveller MK1 - 1961-1967;13;SF674;Rear squab foam
cat002;chap0211;218;Trim;Seats and Trim - Mini Traveller MK1 - 1961-1967;14;SF679;Rear base foam
cat002;chap0211;218;Trim;Seats and Trim - Mini Traveller MK1 - 1961-1967;15;DP3022M;Pair of fillet panels - per door / Tartan Red
cat002;chap0211;218;Trim;Seats and Trim - Mini Traveller MK1 - 1961-1967;16;DP3021P;Pair of door panels / Dove Grey
cat002;chap0211;218;Trim;Seats and Trim - Mini Traveller MK1 - 1961-1967;16;DP3021M;Pair of door panels / Tartan Red
cat002;chap0211;218;Trim;Seats and Trim - Mini Traveller MK1 - 1961-1967;18;DT3022PB;
cat002;chap0211;218;Trim;Seats and Trim - Mini Traveller MK1 - 1961-1967;19;TK3070M;Interior panel kit - round speedo type / Tartan Red
cat002;chap0211;218;Trim;Seats and Trim - Mini Traveller MK1 - 1961-1967;19;TK3075M;Interior panel kit - oval speedo type / Tartan Red
cat002;chap0211;218;Trim;Seats and Trim - Mini Traveller MK1 - 1961-1967;20;CK972PB;
cat002;chap0211;218;Trim;Seats and Trim - Mini Traveller MK1 - 1961-1967;20;CK972M;Rear load area carpet kit after 1966 - 2 piece / Tartan Red
cat002;chap0211;218;Trim;Seats and Trim - Mini Traveller MK1 - 1961-1967;21;CK971M;Rear load area carpet kit up to 1966 - 4 piece / Tartan Red
cat002;chap0211;218;Trim;Seats and Trim - Mini Traveller MK1 - 1961-1967;22;14E8403;Door check strap - each (match seat outer colour) / Cumulus Grey
cat002;chap0211;218;Trim;Seats and Trim - Mini Traveller MK1 - 1961-1967;22;14E4290;Door check strap - each (match seat outer colour) (dark grey)
cat002;chap0211;218;Trim;Seats and Trim - Mini Traveller MK1 - 1961-1967;22;14E4291;Door check strap - each (match seat outer colour) / Porcelain Green
cat002;chap0211;218;Trim;Seats and Trim - Mini Traveller MK1 - 1961-1967;22;14E4288;Door check strap - each (match seat outer colour) / Powder Blue
cat002;chap0211;218;Trim;Seats and Trim - Mini Traveller MK1 - 1961-1967;22;14E4289;Door check strap - each (match seat outer colour) / Tartan Red
cat002;chap0211;218;Trim;Seats and Trim - Mini Traveller MK1 - 1961-1967;23;DP3023LH;Door pocket liner - Black - Left hand
cat002;chap0211;218;Trim;Seats and Trim - Mini Traveller MK1 - 1961-1967;23;DP3023RH;Door pocket liner - Black - Right hand
cat002;chap0211;218;Trim;Seats and Trim - Mini Traveller MK1 - 1961-1967;24;SV2000C;Sunvisor Pads - Centrally mounted pre 1964 / Cream Crackle - Plain
cat002;chap0211;218;Trim;Seats and Trim - Mini Traveller MK1 - 1961-1967;24;SV2004;Sunvisor Pads - Centrally mounted pre 1964 (central bracket) / Brackets
cat002;chap0211;218;Trim;Seats and Trim - Mini Traveller MK1 - 1961-1967;26;SV2016C;Sunvisor Pads - Padded 1965-67 / Cream Crackle - Plain
cat002;chap0211;218;Trim;Seats and Trim - Mini Traveller MK1 - 1961-1967;26;SV2017C;Sunvisor Pads - Padded 1965-67 / Cream Crackle - With Mirror
cat002;chap0211;218;Trim;Seats and Trim - Mini Traveller MK1 - 1961-1967;26;SV2021;Sunvisor Pads - Padded 1965-67 (fitting kit) / Brackets
cat002;chap0211;219;Trim;Seats and Trim - Mini Traveller MK2 - 1967-1970;1;SC3043A;
cat002;chap0211;219;Trim;Seats and Trim - Mini Traveller MK2 - 1967-1970;4;SF3010;Front seat base foam cushion
cat002;chap0211;219;Trim;Seats and Trim - Mini Traveller MK2 - 1967-1970;5;SF660;Base frame foam wrap
cat002;chap0211;219;Trim;Seats and Trim - Mini Traveller MK2 - 1967-1970;6;SF3012;Front seat squab foam
cat002;chap0211;219;Trim;Seats and Trim - Mini Traveller MK2 - 1967-1970;8;CZH3508;Front seat base diaphragm
cat002;chap0211;219;Trim;Seats and Trim - Mini Traveller MK2 - 1967-1970;9;C707;Packet of 20 seat frame clips (Order individually as [link]14A8094[/link])
cat002;chap0211;219;Trim;Seats and Trim - Mini Traveller MK2 - 1967-1970;12;TK3075A;
cat002;chap0211;219;Trim;Seats and Trim - Mini Traveller MK2 - 1967-1970;12;TK3070M;Interior panel kit - round speedo type - Tartan Red
cat002;chap0211;219;Trim;Seats and Trim - Mini Traveller MK2 - 1967-1970;12;TK3075M;Interior panel kit - oval speedo type - Tartan Red
cat002;chap0211;219;Trim;Seats and Trim - Mini Traveller MK2 - 1967-1970;13;DP3022A;Pair of fillet panels - per door - Black (vinyl)
cat002;chap0211;219;Trim;Seats and Trim - Mini Traveller MK2 - 1967-1970;13;DP3022M;Pair of fillet panels - per door - Tartan Red
cat002;chap0211;219;Trim;Seats and Trim - Mini Traveller MK2 - 1967-1970;14;DP3021M;Pair of door panels - Tartan Red
cat002;chap0211;219;Trim;Seats and Trim - Mini Traveller MK2 - 1967-1970;15;ALE2927;Pair of speedo panels - oval binnacle type - Black (vinyl)
cat002;chap0211;219;Trim;Seats and Trim - Mini Traveller MK2 - 1967-1970;15;VGA4187;Pair of speedo panels - round speedo binnacle - Black (paintedl)
cat002;chap0211;219;Trim;Seats and Trim - Mini Traveller MK2 - 1967-1970;15;VGA4192;Pair of speedo panels - oval binnacle type - Black (paintedl)
cat002;chap0211;219;Trim;Seats and Trim - Mini Traveller MK2 - 1967-1970;16;VGA1995;Padded dash tray liner - Black (vinyl)
cat002;chap0211;219;Trim;Seats and Trim - Mini Traveller MK2 - 1967-1970;17;CK972A;Rear load area carpet kit - Black (vinyl)
cat002;chap0211;219;Trim;Seats and Trim - Mini Traveller MK2 - 1967-1970;17;CK972M;Rear load area carpet kit - Tartan Red
cat002;chap0211;219;Trim;Seats and Trim - Mini Traveller MK2 - 1967-1970;18;ALE1221;Door check strap - each - Black (vinyl)
cat002;chap0211;219;Trim;Seats and Trim - Mini Traveller MK2 - 1967-1970;18;14E8403;Door check strap - each - Cumulus Grey
cat002;chap0211;219;Trim;Seats and Trim - Mini Traveller MK2 - 1967-1970;19;DP3023LH;Door pocket liner - Black - Left hand
cat002;chap0211;219;Trim;Seats and Trim - Mini Traveller MK2 - 1967-1970;19;DP3023RH;Door pocket liner - Black - Right hand
cat002;chap0211;219;Trim;Seats and Trim - Mini Traveller MK2 - 1967-1970;20;SV2017C;Padded sunvisor with mirror - Cream Crackle
cat002;chap0211;219;Trim;Seats and Trim - Mini Traveller MK2 - 1967-1970;21;SV2016C;Padded sunvisor plain - Cream Crackle
cat002;chap0211;219;Trim;Seats and Trim - Mini Traveller MK2 - 1967-1970;22;SV2021;Sunvisor bracket
cat002;chap0211;219;Trim;Seats and Trim - Mini Traveller MK2 - 1967-1970;23;CZK8289;Seat adjuster plastic knob - Black
cat002;chap0211;220;Trim;Seats and Trim - Mini Clubman Estate 1970-1982;3;SF3010;Front seat base foam cushion 1975-80
cat002;chap0211;220;Trim;Seats and Trim - Mini Clubman Estate 1970-1982;4;SF660;Front seat base frame foam wrap
cat002;chap0211;220;Trim;Seats and Trim - Mini Clubman Estate 1970-1982;5;SF3012;Front seat squab foam
cat002;chap0211;220;Trim;Seats and Trim - Mini Clubman Estate 1970-1982;6;C708;Front seat squab diaphragm
cat002;chap0211;220;Trim;Seats and Trim - Mini Clubman Estate 1970-1982;7;CZH3508;Front seat base diaphragm
cat002;chap0211;220;Trim;Seats and Trim - Mini Clubman Estate 1970-1982;8;C707;Packet of 20 seat frame clips (Order individually as 14A8094)
cat002;chap0211;220;Trim;Seats and Trim - Mini Clubman Estate 1970-1982;14;DP3048A;Pair of late door panels 1975-80 / Black
cat002;chap0211;220;Trim;Seats and Trim - Mini Clubman Estate 1970-1982;14;DP3048X;
cat002;chap0211;220;Trim;Seats and Trim - Mini Clubman Estate 1970-1982;15;VGA1995;Dash tray liner all models - Also see reinforcement DT3076 / Black
cat002;chap0211;220;Trim;Seats and Trim - Mini Clubman Estate 1970-1982;15;DT3076;Dash tray cardboard reinforcement for liner [link]VGA1995[/link] / [link]DT3027[/link]
cat002;chap0211;220;Trim;Seats and Trim - Mini Clubman Estate 1970-1982;16;DT3047A;Pair of offset dash panels RHD / Black
cat002;chap0211;220;Trim;Seats and Trim - Mini Clubman Estate 1970-1982;16;DT3048A;Pair of offset dash panels LHD / Black
cat002;chap0211;220;Trim;Seats and Trim - Mini Clubman Estate 1970-1982;18;SV2017A;Padded sunvisor with mirror - Black (optional)
cat002;chap0211;220;Trim;Seats and Trim - Mini Clubman Estate 1970-1982;18;SV2017P;Padded sunvisor with mirror - Grey
cat002;chap0211;220;Trim;Seats and Trim - Mini Clubman Estate 1970-1982;18;SV2017WW;Padded sunvisor with mirror - White
cat002;chap0211;220;Trim;Seats and Trim - Mini Clubman Estate 1970-1982;19;SV2016A;Padded sunvisor - plainBlack (optional)
cat002;chap0211;220;Trim;Seats and Trim - Mini Clubman Estate 1970-1982;19;SV2016P;Padded sunvisor plain - Grey
cat002;chap0211;220;Trim;Seats and Trim - Mini Clubman Estate 1970-1982;19;SV2016WW;Padded sunvisor plain - White
cat002;chap0211;220;Trim;Seats and Trim - Mini Clubman Estate 1970-1982;20;SV2021;Sunvisor bracket
cat002;chap0211;220;Trim;Seats and Trim - Mini Clubman Estate 1970-1982;21;CZK8289;Seat adjuster plastic knob - Black
cat002;chap0211;221;Trim;Seats and Trim - Mini Van & Pickup;4;SF660;Front seat base frame foam wrap
cat002;chap0211;221;Trim;Seats and Trim - Mini Van & Pickup;5;CZH3508;Front seat base diaphragm
cat002;chap0211;221;Trim;Seats and Trim - Mini Van & Pickup;8;C707;Packet of 20 seat frame clips (Order individually as [link]14A8094[/link])
cat002;chap0211;221;Trim;Seats and Trim - Mini Van & Pickup;9;ALE2927;Pair of speedo panels - Oval binnacle - Vinyl covered - No air vent / Black (vinyl)
cat002;chap0211;221;Trim;Seats and Trim - Mini Van & Pickup;9;VGA4187;Pair of speedo panels - Round binnacle - Vinyl covered - No air vent / Black (original painted)
cat002;chap0211;221;Trim;Seats and Trim - Mini Van & Pickup;9;VGA4192;Pair of speedo panels - Oval binnacle - Vinyl covered - No air vent / Black (original painted)
cat002;chap0211;221;Trim;Seats and Trim - Mini Van & Pickup;10;VGA1995;Padded dash tray liner / Black (vinyl)
cat002;chap0211;221;Trim;Seats and Trim - Mini Van & Pickup;11;DP3041A;
cat002;chap0211;221;Trim;Seats and Trim - Mini Van & Pickup;11;DP3022A;Pair of fillet panels - per door - Vinyl covered / Black (vinyl)
cat002;chap0211;221;Trim;Seats and Trim - Mini Van & Pickup;12;DP3046A;
cat002;chap0211;221;Trim;Seats and Trim - Mini Van & Pickup;13;ALE1221;Door check strap - each / Black (vinyl)
cat002;chap0211;221;Trim;Seats and Trim - Mini Van & Pickup;15;DP3023RH;Door pocket liner - Right hand / Black (vinyl)
cat002;chap0211;221;Trim;Seats and Trim - Mini Van & Pickup;15;DP3023LH;Door pocket liner - Left hand / Black (vinyl)
cat002;chap0211;221;Trim;Seats and Trim - Mini Van & Pickup;17;SV2000C;Sunvisor Pads - Centrally mounted pre 1964 / Cream Crackle - Plain
cat002;chap0211;221;Trim;Seats and Trim - Mini Van & Pickup;17;SV2004;Sunvisor Pads - Centrally mounted pre 1964 / Brackets (central bracket)
cat002;chap0211;221;Trim;Seats and Trim - Mini Van & Pickup;18;SV732;Sunvisor Pads - With swivel brackets 1964-5 / Cream Crackle - Plain
cat002;chap0211;221;Trim;Seats and Trim - Mini Van & Pickup;18;SV733;Sunvisor Pads - With swivel brackets 1964-5 / Cream Crackle - With Mirror
cat002;chap0211;221;Trim;Seats and Trim - Mini Van & Pickup;18;GFK7344;Sunvisor Pads - With swivel brackets 1964-5 / Brackets (clip 2 required)
cat002;chap0211;221;Trim;Seats and Trim - Mini Van & Pickup;19;SV2016C;Sunvisor Pads - Padded 1965-67 / Cream Crackle - Plain
cat002;chap0211;221;Trim;Seats and Trim - Mini Van & Pickup;19;SV2017C;Sunvisor Pads - Padded 1965-67 / Cream Crackle - With Mirror
cat002;chap0211;221;Trim;Seats and Trim - Mini Van & Pickup;19;SV2021;Sunvisor Pads - Padded 1965-67 / Brackets (car fitting kit)
cat002;chap0211;221;Trim;Seats and Trim - Mini Van & Pickup;20;CZK8289;Seat adjuster plastic knob - Black
cat002;chap0211;221;Trim;Seats and Trim - Mini Van & Pickup;21;CK974A;Deluxe moulded carpet set, cabin area up to 1973 - Black
cat002;chap0211;221;Trim;Seats and Trim - Mini Van & Pickup;21;CK973A;Deluxe moulded carpet set, cabin area 1973 on - Rod change gear lever
cat002;chap0211;222;Trim;Seats and Trim - Riley Elf & Wolseley Hornet;7;SF660;Front seat base foam wrap
cat002;chap0211;222;Trim;Seats and Trim - Riley Elf & Wolseley Hornet;9;CZH3508;Front seat base diaphragm
cat002;chap0211;222;Trim;Seats and Trim - Riley Elf & Wolseley Hornet;10;C707;Packet of 20 seat frame clips (Order individually as [link]14A8094/[link])
cat002;chap0211;222;Trim;Seats and Trim - Riley Elf & Wolseley Hornet;15;DP3022A;Pair of fillet panels - per door / Black
cat002;chap0211;222;Trim;Seats and Trim - Riley Elf & Wolseley Hornet;15;DP3022M;Pair of fillet panels - per door / Tartan Red
cat002;chap0211;222;Trim;Seats and Trim - Riley Elf & Wolseley Hornet;16;WA3023A;Pair of rear pocket liners MK I & II / Black
cat002;chap0211;222;Trim;Seats and Trim - Riley Elf & Wolseley Hornet;18;VGA1995;Padded dash tray liner / Black
cat002;chap0211;222;Trim;Seats and Trim - Riley Elf & Wolseley Hornet;18;DT3022PB;
cat002;chap0211;222;Trim;Seats and Trim - Riley Elf & Wolseley Hornet;20;ALE1221;Door check strap - each / Black
cat002;chap0211;222;Trim;Seats and Trim - Riley Elf & Wolseley Hornet;20;14E8403;Door check strap - each / Cumulus Grey
cat002;chap0211;222;Trim;Seats and Trim - Riley Elf & Wolseley Hornet;21;DP3023LH;Door pocket liner - Black - Left hand
cat002;chap0211;222;Trim;Seats and Trim - Riley Elf & Wolseley Hornet;21;DP3023RH;Door pocket liner - Black - Right hand
cat002;chap0211;222;Trim;Seats and Trim - Riley Elf & Wolseley Hornet;22;DT3028A;Dash surround material
cat002;chap0211;222;Trim;Seats and Trim - Riley Elf & Wolseley Hornet;24;SV2004;Early type central sunvisor bracket
cat002;chap0211;222;Trim;Seats and Trim - Riley Elf & Wolseley Hornet;25;SV2000C;Centrally mounted sunvisor pad, pre 1964 / Cream Crackle
cat002;chap0211;222;Trim;Seats and Trim - Riley Elf & Wolseley Hornet;28;SV2017C;Padded sunvisor 1965-67 with mirror / Cream Crackle
cat002;chap0211;222;Trim;Seats and Trim - Riley Elf & Wolseley Hornet;29;SV2016C;Padded sunvisor 1965-67 plain / Cream Crackle
cat002;chap0211;222;Trim;Seats and Trim - Riley Elf & Wolseley Hornet;30;GFK7344;Sunvisor central support clip 1964-1965
cat002;chap0211;222;Trim;Seats and Trim - Riley Elf & Wolseley Hornet;31;SV2021;Sunvisor fitting brackets 1965-67
cat002;chap0211;222;Trim;Seats and Trim - Riley Elf & Wolseley Hornet;32;CZK8289;Seat frame plastic knob
cat002;chap0211;223;Trim;Seats and Trim - Mini Cooper 1990-1996 - Pre MPI;4;SF3018;Seat Covers and Head Rests - Front seat base foam cushion - each - 1990-91
cat002;chap0211;223;Trim;Seats and Trim - Mini Cooper 1990-1996 - Pre MPI;5;SF660;Seat Covers and Head Rests - Front seat base foam wrap - 1990-91
cat002;chap0211;223;Trim;Seats and Trim - Mini Cooper 1990-1996 - Pre MPI;6;CZH3508MS;Seat Covers and Head Rests - Front seat base diagphragm - wire - 1990-91
cat002;chap0211;223;Trim;Seats and Trim - Mini Cooper 1990-1996 - Pre MPI;6;HGD100150;Seat Covers and Head Rests - Front seat base diagphragm - wire - 1993-95
cat002;chap0211;223;Trim;Seats and Trim - Mini Cooper 1990-1996 - Pre MPI;7;SF3020;Seat Covers and Head Rests - Front seat squab cushion - each - 1990-91
cat002;chap0211;223;Trim;Seats and Trim - Mini Cooper 1990-1996 - Pre MPI;8;C708;Seat Covers and Head Rests - Front seat squab diagphragm - each - 1990-91
cat002;chap0211;223;Trim;Seats and Trim - Mini Cooper 1990-1996 - Pre MPI;9;C707;Packet of 20 seat frame clips - (Order individually as [link]14A8094[/link])
cat002;chap0211;223;Trim;Seats and Trim - Mini Cooper 1990-1996 - Pre MPI;10;SF669;Rear seat squab foam cushion - Black
cat002;chap0211;223;Trim;Seats and Trim - Mini Cooper 1990-1996 - Pre MPI;11;SF668;Rear seat base foam cushion - Black
cat002;chap0211;223;Trim;Seats and Trim - Mini Cooper 1990-1996 - Pre MPI;12;DP3040AM;
cat002;chap0211;223;Trim;Seats and Trim - Mini Cooper 1990-1996 - Pre MPI;14;GFK7509;Set of door panel clips
cat002;chap0211;223;Trim;Seats and Trim - Mini Cooper 1990-1996 - Pre MPI;15;WA3050A;Pair of rear pocket liners - Black
cat002;chap0211;223;Trim;Seats and Trim - Mini Cooper 1990-1996 - Pre MPI;16;WAC3024A;Pair of rear wheel arch covers - Black
cat002;chap0211;223;Trim;Seats and Trim - Mini Cooper 1990-1996 - Pre MPI;18;DT3047A;Pair of offset dash panels RHD
cat002;chap0211;223;Trim;Seats and Trim - Mini Cooper 1990-1996 - Pre MPI;18;DT3048A;Pair of offset dash panels LHD
cat002;chap0211;223;Trim;Seats and Trim - Mini Cooper 1990-1996 - Pre MPI;19;VGA1995;Dash tray liner all models - Also see reinforcement [link]DT3076[/link]
cat002;chap0211;223;Trim;Seats and Trim - Mini Cooper 1990-1996 - Pre MPI;19;DT3076;Dash tray cardboard reinforcement for liner [link]VGA1995[/link]
cat002;chap0211;223;Trim;Seats and Trim - Mini Cooper 1990-1996 - Pre MPI;20;DT3028A;Dash surround material
cat002;chap0211;223;Trim;Seats and Trim - Mini Cooper 1990-1996 - Pre MPI;21;CK989;Vinyl handbrake gaiter
cat002;chap0211;223;Trim;Seats and Trim - Mini Cooper 1990-1996 - Pre MPI;22;BHH2002;Vinyl gear lever gaiter - black with black top stitching
cat002;chap0211;223;Trim;Seats and Trim - Mini Cooper 1990-1996 - Pre MPI;22;BHH2002AM;Vinyl gear lever gaiter - black with red top stitching
cat002;chap0211;223;Trim;Seats and Trim - Mini Cooper 1990-1996 - Pre MPI;23;CCC111;Carpeted boot board - Single tank - Black - Carb cars
cat002;chap0211;223;Trim;Seats and Trim - Mini Cooper 1990-1996 - Pre MPI;23;CCC113;Carpeted boot board - Single tank - Black - Injection tank cars
cat002;chap0211;223;Trim;Seats and Trim - Mini Cooper 1990-1996 - Pre MPI;24;CCC115B;Boot board bracket kit for 145 Tyres (see page 181 for more details)
cat002;chap0211;223;Trim;Seats and Trim - Mini Cooper 1990-1996 - Pre MPI;25;14A9783;Boot board bracket (See page 181 for more details)
cat002;chap0211;223;Trim;Seats and Trim - Mini Cooper 1990-1996 - Pre MPI;26;SV2017P;Padded sunvisor with mirror - Grey
cat002;chap0211;223;Trim;Seats and Trim - Mini Cooper 1990-1996 - Pre MPI;27;SV2016P;Plain sunvisor pad - Grey
cat002;chap0211;223;Trim;Seats and Trim - Mini Cooper 1990-1996 - Pre MPI;28;SV2021;Sunvisor bracket
cat002;chap0211;224;Trim;Seats and Trim - Mini Non Cooper 1993-96;4;HGD100150;Front seat base diaphragm
cat002;chap0211;224;Trim;Seats and Trim - Mini Non Cooper 1993-96;6;C707;Packet of 20 seat frame clips (Order individually as [link]14A8094[/link])
cat002;chap0211;224;Trim;Seats and Trim - Mini Non Cooper 1993-96;9;DP3106AC;Door panel / Panel Colour - Black / Strip Colour - Beige
cat002;chap0211;224;Trim;Seats and Trim - Mini Non Cooper 1993-96;9;DP3106AM;
cat002;chap0211;224;Trim;Seats and Trim - Mini Non Cooper 1993-96;11;WA3050A;Pair of rear pocket liners - Black
cat002;chap0211;224;Trim;Seats and Trim - Mini Non Cooper 1993-96;12;WAC3024A;Pair of rear wheel arch covers - Black
cat002;chap0211;224;Trim;Seats and Trim - Mini Non Cooper 1993-96;13;DT3047A;Pair of offset dash panels RHD - Black
cat002;chap0211;224;Trim;Seats and Trim - Mini Non Cooper 1993-96;13;DT3048A;Pair of offset dash panels LHD - Black
cat002;chap0211;224;Trim;Seats and Trim - Mini Non Cooper 1993-96;14;VGA1995;Dash tray liner - Also see reinforcement DT3076 - Black
cat002;chap0211;224;Trim;Seats and Trim - Mini Non Cooper 1993-96;14;DT3076;Dash tray cardboard reinforcement for liner [link]VGA1995[/link] / [link]DT3027[/link]
cat002;chap0211;224;Trim;Seats and Trim - Mini Non Cooper 1993-96;15;ALE3153;Rear parcel shelf - Black
cat002;chap0211;224;Trim;Seats and Trim - Mini Non Cooper 1993-96;16;CK989;Vinyl handbrake gaiter
cat002;chap0211;224;Trim;Seats and Trim - Mini Non Cooper 1993-96;17;BHH2002AM;Vinyl gear lever gaiter - black with red top stitching
cat002;chap0211;224;Trim;Seats and Trim - Mini Non Cooper 1993-96;18;CCC111;Carpeted boot board - Single tank - Black - Carb cars
cat002;chap0211;224;Trim;Seats and Trim - Mini Non Cooper 1993-96;18;CCC113;Carpeted boot board - Single tank - Black - Injection tank cars
cat002;chap0211;224;Trim;Seats and Trim - Mini Non Cooper 1993-96;19;GFK7509;Set of door panel clips
cat002;chap0211;224;Trim;Seats and Trim - Mini Non Cooper 1993-96;20;DT3028A;Dash surround material
cat002;chap0211;224;Trim;Seats and Trim - Mini Non Cooper 1993-96;21;CCC115B;Boot board bracket kit for 145 Tyres (see page 181 for more details)
cat002;chap0211;224;Trim;Seats and Trim - Mini Non Cooper 1993-96;22;14A9783;Boot board bracket (See page 181 for more details)
cat002;chap0211;224;Trim;Seats and Trim - Mini Non Cooper 1993-96;23;SV2017A;Padded sunvisor with mirror - Black (option)
cat002;chap0211;224;Trim;Seats and Trim - Mini Non Cooper 1993-96;23;SV2017P;Padded sunvisor with mirror - Grey
cat002;chap0211;224;Trim;Seats and Trim - Mini Non Cooper 1993-96;23;SV2017WW;Padded sunvisor with mirror - White
cat002;chap0211;224;Trim;Seats and Trim - Mini Non Cooper 1993-96;23;SV2017W;Padded sunvisor with mirror - White/Black Back
cat002;chap0211;224;Trim;Seats and Trim - Mini Non Cooper 1993-96;24;SV2016A;Padded sunvisor plain - Black (option)
cat002;chap0211;224;Trim;Seats and Trim - Mini Non Cooper 1993-96;24;SV2016P;Padded sunvisor plain - Grey
cat002;chap0211;224;Trim;Seats and Trim - Mini Non Cooper 1993-96;24;SV2016WW;Padded sunvisor plain - White
cat002;chap0211;224;Trim;Seats and Trim - Mini Non Cooper 1993-96;24;SV2016W;Padded sunvisor plain - White/Black Back
cat002;chap0211;224;Trim;Seats and Trim - Mini Non Cooper 1993-96;25;SV2021;Sunvisor bracket
cat002;chap0211;225;Trim;Seats and Trim - Mini 1996-2000;8;HGD100150;Front seat base diaphragm
cat002;chap0211;225;Trim;Seats and Trim - Mini 1996-2000;10;C707;Packet of 20 seat frame clips (Order individually as [link]14A8094[/link])
cat002;chap0211;225;Trim;Seats and Trim - Mini 1996-2000;12;SF668;Rear seat base foam cushion
cat002;chap0211;225;Trim;Seats and Trim - Mini 1996-2000;13;DP3106AC;Door panel / Panel Colour - Black/Strip Colour - Beige
cat002;chap0211;225;Trim;Seats and Trim - Mini 1996-2000;13;DP3106AM;
cat002;chap0211;225;Trim;Seats and Trim - Mini 1996-2000;14;DP3106AC;Rear quarter panel / Panel Colour-Black/Strip Colour-Beige
cat002;chap0211;225;Trim;Seats and Trim - Mini 1996-2000;14;DP3106AM;
cat002;chap0211;225;Trim;Seats and Trim - Mini 1996-2000;16;WAC3024A;Pair of rear wheel arch covers - Black
cat002;chap0211;225;Trim;Seats and Trim - Mini 1996-2000;17;WA3025A;Rear parcel shelf carpeted - Black
cat002;chap0211;225;Trim;Seats and Trim - Mini 1996-2000;19;BHH2002AM;Vinyl gear lever gaiter - black with red top stitching
cat002;chap0211;225;Trim;Seats and Trim - Mini 1996-2000;20;CCC113;Carpeted boot board - Single tank - Black
cat002;chap0211;225;Trim;Seats and Trim - Mini 1996-2000;21;GFK7509;Door panel clips
cat002;chap0211;225;Trim;Seats and Trim - Mini 1996-2000;22;DT3028A;Dash surround material
cat002;chap0211;225;Trim;Seats and Trim - Mini 1996-2000;23;CCC115B;Boot board bracket kit for 145 Tyres (see page 181 for more details)
cat002;chap0211;225;Trim;Seats and Trim - Mini 1996-2000;24;14A9783;Boot board bracket (See page 181 for more details)
cat002;chap0211;225;Trim;Seats and Trim - Mini 1996-2000;25;SV2017A;Padded sunvisor with mirror - Black (option)
cat002;chap0211;225;Trim;Seats and Trim - Mini 1996-2000;25;SV2017P;Padded sunvisor with mirror - Grey
cat002;chap0211;225;Trim;Seats and Trim - Mini 1996-2000;25;SV2017WW;Padded sunvisor with mirror - White
cat002;chap0211;225;Trim;Seats and Trim - Mini 1996-2000;25;SV2017W;Padded sunvisor with mirror - White/Black Back
cat002;chap0211;225;Trim;Seats and Trim - Mini 1996-2000;26;SV2016A;Padded sunvisor plain - Black (option)
cat002;chap0211;225;Trim;Seats and Trim - Mini 1996-2000;26;SV2016P;Padded sunvisor plain - Grey
cat002;chap0211;225;Trim;Seats and Trim - Mini 1996-2000;26;SV2016WW;Padded sunvisor plain - White
cat002;chap0211;225;Trim;Seats and Trim - Mini 1996-2000;26;SV2016W;Padded sunvisor plain - White/Black Back
cat002;chap0211;225;Trim;Seats and Trim - Mini 1996-2000;27;SV2021;Sunvisor bracket
cat003;chap0301;185;Bodywork;Saloon and Front Ends;1;BMP343;Body shell complete with doors, bonnet and boot, MK4/5
cat003;chap0301;185;Bodywork;Saloon and Front Ends;1;AAA36002;Body shell complete with fan hole in inner wing, MK6
cat003;chap0301;185;Bodywork;Saloon and Front Ends;1;AAA360200;Body shell complete with blank inner wing 1996 on, MK7
cat003;chap0301;185;Bodywork;Saloon and Front Ends;1;AAA360210;Body shell complete with arches cut for Rover 13” wheels
cat003;chap0301;185;Bodywork;Saloon and Front Ends;2;CZH3140;Windscreen panel
cat003;chap0301;185;Bodywork;Saloon and Front Ends;3;HMP441001;Windscreen lower panel repair section full width
cat003;chap0301;185;Bodywork;Saloon and Front Ends;6;14A8308;Front panel - Pre 1976 rubber mounted subframe - Genuine
cat003;chap0301;185;Bodywork;Saloon and Front Ends;6;MS4E;Front panel - Pre 1976 rubber mounted subframe - Non Genuine
cat003;chap0301;185;Bodywork;Saloon and Front Ends;6;ALA8619;Front panel - 1976 on rubber mounted subframe - Genuine
cat003;chap0301;185;Bodywork;Saloon and Front Ends;6;MS4L;Front panel - 1976 on rubber mounted subframe - Non Genuine
cat003;chap0301;185;Bodywork;Saloon and Front Ends;6;ASJ36002;Front panel - 1976 on with 2 spot lamp mounting holes. SPI
cat003;chap0301;185;Bodywork;Saloon and Front Ends;6;ASJ360070;Front panel - 1976 on with 4 spot lamp holes - MPI only
cat003;chap0301;185;Bodywork;Saloon and Front Ends;6;ASJ360070MS;Front panel as above but non genuine
cat003;chap0301;185;Bodywork;Saloon and Front Ends;7;14A9566;Front panel - Van and pickup - Non genuine solid mounted
cat003;chap0301;185;Bodywork;Saloon and Front Ends;7;AAM1106;Front panel - Van and pickup - Non genuine rubber mounted
cat003;chap0301;185;Bodywork;Saloon and Front Ends;8;ALA5201;Front panel - Wolseley Hornet - Riley Elf non genuine
cat003;chap0301;185;Bodywork;Saloon and Front Ends;9;14A8456;Front number plate bracket - Genuine
cat003;chap0301;185;Bodywork;Saloon and Front Ends;10;BMP103;Front bumper lip only less number plate brackets - Genuine
cat003;chap0301;185;Bodywork;Saloon and Front Ends;10;BMP103MS;Front bumper lip only less number plate brackets
cat003;chap0301;185;Bodywork;Saloon and Front Ends;11;MS5R;Front panel corner repair panel R/H - Non genuine
cat003;chap0301;185;Bodywork;Saloon and Front Ends;11;MS5L;Front panel corner repair panel L/H - Non genuine
cat003;chap0301;185;Bodywork;Saloon and Front Ends;12;ALA4583;Reinforcement strut pre 1996 when no oil cooler
cat003;chap0301;185;Bodywork;Saloon and Front Ends;12;24A1918;reinforcement strut when oil cooler pre 1996
cat003;chap0301;185;Bodywork;Saloon and Front Ends;13;14A7240;Wing less side repeater hole R/H - Genuine
cat003;chap0301;185;Bodywork;Saloon and Front Ends;13;MS1R;Wing less side repeater hole R/H - Non genuine
cat003;chap0301;185;Bodywork;Saloon and Front Ends;13;BMP454;Wing with side repeater hole R/H - Genuine
cat003;chap0301;185;Bodywork;Saloon and Front Ends;13;BMP454MS;Wing with side repeater hole R/H - Non genuine
cat003;chap0301;185;Bodywork;Saloon and Front Ends;13;ASB360009;Wing with side repeater hole R/H - Genuine - MPI only
cat003;chap0301;185;Bodywork;Saloon and Front Ends;14;14A7241;Wing less side repeater hole L/H - Genuine
cat003;chap0301;185;Bodywork;Saloon and Front Ends;14;MS1L;Wing less side repeater hole L/H - Non genuine
cat003;chap0301;185;Bodywork;Saloon and Front Ends;14;BMP455;Wing with side repeater and aerial hole L/H - Genuine
cat003;chap0301;185;Bodywork;Saloon and Front Ends;14;BMP455MS;Wing with side repeater and aerial hole L/H - Non genuine
cat003;chap0301;185;Bodywork;Saloon and Front Ends;14;ASB360010;Wing with side repeater hole - less aerial hole - L/H - Genuine
cat003;chap0301;185;Bodywork;Saloon and Front Ends;15;14A7900;Inner wing R/H MK1/2 external hinge cars
cat003;chap0301;185;Bodywork;Saloon and Front Ends;16;ABD36006;Inner wing R/H MK3 internal hinge cars
cat003;chap0301;185;Bodywork;Saloon and Front Ends;16;ABD36004;Inner wing R/H with A panel MK3 internal hinge cars
cat003;chap0301;185;Bodywork;Saloon and Front Ends;17;14A7806;Bonnet prop bracket - Pre MPI to 1996
cat003;chap0301;185;Bodywork;Saloon and Front Ends;18;14A7901;Inner wing L/H MK1/2 external hinge cars
cat003;chap0301;185;Bodywork;Saloon and Front Ends;19;14A6498;Radiator cowl (not supplied on inner wing) fitted to 1975
cat003;chap0301;185;Bodywork;Saloon and Front Ends;20;ALA6475;Inner wing L/H MK3 external hinge cars with cooling vents
cat003;chap0301;185;Bodywork;Saloon and Front Ends;20;ALA6279;Inner wing L/H with A panel and radiator cooling vents
cat003;chap0301;185;Bodywork;Saloon and Front Ends;21;ABD36007;Inner wing L/H with round radiator fan hole
cat003;chap0301;185;Bodywork;Saloon and Front Ends;21;ABD36005;Inner wing L/H with A panel and radiator fan hole
cat003;chap0301;185;Bodywork;Saloon and Front Ends;22;ABD360180;Inner wing L/H with no radiator vent holes - MPI only
cat003;chap0301;185;Bodywork;Saloon and Front Ends;22;ABD360200;Inner wing L/H with A panel and no radiator vent - MPI only
cat003;chap0301;185;Bodywork;Saloon and Front Ends;23;HMP441023;Cooling slat repair panel
cat003;chap0301;185;Bodywork;Saloon and Front Ends;24;14A8346;Inner A panel R/H for external hinge - use with [link]14A6901[/link]
cat003;chap0301;185;Bodywork;Saloon and Front Ends;25;14A8347;Inner A panel L/H for external hinge, use with [link]14A6902[/link]
cat003;chap0301;185;Bodywork;Saloon and Front Ends;26;14A8348;Closing plate R/H as fitted to [link]14A8346[/link]
cat003;chap0301;185;Bodywork;Saloon and Front Ends;26;MS6XR;Closing plate R/H as fitted to [link]14A8346[/link] - Non genuine
cat003;chap0301;185;Bodywork;Saloon and Front Ends;27;14A8349;Closing plate L/H as fitted to [link]14A8347[/link]
cat003;chap0301;185;Bodywork;Saloon and Front Ends;27;MS6XL;Closing plate L/H as fitted to [link]14A8347[/link] - Non genuine
cat003;chap0301;185;Bodywork;Saloon and Front Ends;28;14A6901;Outer A panel R/H for external hinge, MK1/2 - Genuine
cat003;chap0301;185;Bodywork;Saloon and Front Ends;28;MS8R;Outer A panel R/H for external hinge, MK1/2 - Non genuine
cat003;chap0301;185;Bodywork;Saloon and Front Ends;29;14A6902;Outer A panel L/H for external hinge, MK1/2 - Genuine
cat003;chap0301;185;Bodywork;Saloon and Front Ends;29;MS8L;Outer A panel L/H for external hinge, MK1/2 - Non genuine
cat003;chap0301;185;Bodywork;Saloon and Front Ends;30;ALA6472;Stiffener panel R/H, internal hinge MK3 on
cat003;chap0301;185;Bodywork;Saloon and Front Ends;31;ALA6473;Stiffener panel L/H, internal hinge MK3 on
cat003;chap0301;185;Bodywork;Saloon and Front Ends;32;MS64R;Inner wing and hinge repair panel R/H - Non genuine
cat003;chap0301;185;Bodywork;Saloon and Front Ends;32;MSL41R;Inner wing and hinge repair panel R/H, 3” - 5” wide - Non genuine
cat003;chap0301;185;Bodywork;Saloon and Front Ends;32;MSL42R;Inner wing and hinge repair panel R/H, 6” to 9” wide - Non genuine
cat003;chap0301;185;Bodywork;Saloon and Front Ends;32;MS64L;Inner wing and hinge repair panel L/H - Non genuine
cat003;chap0301;185;Bodywork;Saloon and Front Ends;32;MSL41L;Inner wing and hinge repair panel L/H, 3” - 5” wide - Non genuine
cat003;chap0301;185;Bodywork;Saloon and Front Ends;32;MSL42L;Inner wing and hinge repair panel L/H, 6”- 9” wide - Non genuine
cat003;chap0301;185;Bodywork;Saloon and Front Ends;33;ALA5660;A panel R/H internal hinge type, MK3 on - Genuine
cat003;chap0301;185;Bodywork;Saloon and Front Ends;33;ALA5660MS;A panel R/H internal hinge type, MK3 on - Non genuine upgrade
cat003;chap0301;185;Bodywork;Saloon and Front Ends;34;ALA5661;A panel L/H internal hinge type, MK3 on - Genuine
cat003;chap0301;185;Bodywork;Saloon and Front Ends;34;ALA5661MS;A panel L/H internal hinge type, MK3 on - Non genuine upgrade
cat003;chap0301;185;Bodywork;Saloon and Front Ends;34;MS9L;A panel L/H internal hinge type, MK3 on - Non genuine
cat003;chap0301;185;Bodywork;Saloon and Front Ends;35;ALA6602;Toe board assembly pre rubber mounted subframe cars
cat003;chap0301;185;Bodywork;Saloon and Front Ends;35;AHA36006;Toe board assembly for rubber mounted subframe cars only
cat003;chap0301;185;Bodywork;Saloon and Front Ends;35;AHA36007;Toe board panel less brackets
cat003;chap0301;185;Bodywork;Saloon and Front Ends;36;14A6675;Top facia panel that holds ash tray
cat003;chap0301;185;Bodywork;Saloon and Front Ends;37;CZH231;Front parcel shelf
cat003;chap0301;185;Bodywork;Saloon and Front Ends;38;AHC36003;Dash crossmember less PDWA valve bracket
cat003;chap0301;185;Bodywork;Saloon and Front Ends;39;14A6730;Engine stabiliser bracket welded on crossmember
cat003;chap0301;185;Bodywork;Saloon and Front Ends;40;CZH3216;Bulkhead assembly (numbers 35-39) 1976-1989
cat003;chap0301;185;Bodywork;Saloon and Front Ends;40;AHA36005;Bulkhead assembly (numbers 35-39) 1990 on
cat003;chap0301;185;Bodywork;Saloon and Front Ends;41;14A6693;Headlamp mounting ring (fitted on new wing)
cat003;chap0301;185;Bodywork;Saloon and Front Ends;42;14A7602;Stiffener bracket for front wings
cat003;chap0301;185;Bodywork;Saloon and Front Ends;43;ALR360380;Reinforcement strip when cutting panels for 13” MPI wheels
cat003;chap0301;185;Bodywork;Saloon and Front Ends;46;HMP441017;Roto - dip hole panel
cat003;chap0301;185;Bodywork;Saloon and Front Ends;47;14A6480G;Grille insert Mini van (has to be welded in)
cat003;chap0301;185;Bodywork;Saloon and Front Ends;48;AHP36001;Cross member bracket to inner wing right hand
cat003;chap0301;185;Bodywork;Saloon and Front Ends;49;AHP36007;Cross member bracket to inner wing left hand
cat003;chap0301;186;Bodywork;Clubman Body Panels;1;CZH594;Clubman Saloon body shell, uses rubber mounted subframe
cat003;chap0301;186;Bodywork;Clubman Body Panels;3;CZH3140;Windscreen surround panel
cat003;chap0301;186;Bodywork;Clubman Body Panels;4;HMP441001;Windscreen lower panel repair section full width
cat003;chap0301;186;Bodywork;Clubman Body Panels;7;CZH120;Head lamp panel R/H
cat003;chap0301;186;Bodywork;Clubman Body Panels;7;CZH121;Head lamp panel L/H
cat003;chap0301;186;Bodywork;Clubman Body Panels;8;MS149;Bonnet landing platform panel was CZH149
cat003;chap0301;186;Bodywork;Clubman Body Panels;9;CZH155;Bonnet platform support panel
cat003;chap0301;186;Bodywork;Clubman Body Panels;10;CZH563;Lower front panel, pre rubber mounted subframe, pre 1976
cat003;chap0301;186;Bodywork;Clubman Body Panels;10;AAM1022;Lower front panel, rubber mounted subframe, 1976 on
cat003;chap0301;186;Bodywork;Clubman Body Panels;11;HMP441039;Front panel built up includes No.7/8/9/10- pre 1976
cat003;chap0301;186;Bodywork;Clubman Body Panels;11;HMP441040;Front panel built up includes No.7/8/9/10- 1976 on
cat003;chap0301;186;Bodywork;Clubman Body Panels;12;CZH408;Front wing R/H
cat003;chap0301;186;Bodywork;Clubman Body Panels;12;CZH409;Front wing L/H
cat003;chap0301;186;Bodywork;Clubman Body Panels;13;CZH3062;Inner wing R/H part panel 20” wide, genuine
cat003;chap0301;186;Bodywork;Clubman Body Panels;14;CZH414;Inner wing R/H full panel
cat003;chap0301;186;Bodywork;Clubman Body Panels;14;CZH410;Inner wing R/H panel with ‘A’ panel fitted
cat003;chap0301;186;Bodywork;Clubman Body Panels;16;CZH569;Inner wing L/H full panel
cat003;chap0301;186;Bodywork;Clubman Body Panels;16;CZH567;Inner wing L/H with ‘A’ panel fitted
cat003;chap0301;186;Bodywork;Clubman Body Panels;17;CZH570;Radiator cowl panel
cat003;chap0301;186;Bodywork;Clubman Body Panels;18;ALA5660;A panel R/H internal hinge type, MK3 on genuine
cat003;chap0301;186;Bodywork;Clubman Body Panels;18;ALA5660MS;A panel R/H internal hinge type, MK3 on non genuine upgrade
cat003;chap0301;186;Bodywork;Clubman Body Panels;19;ALA5661;A panel L/H internal hinge type, MK3 on genuine
cat003;chap0301;186;Bodywork;Clubman Body Panels;19;ALA5661MS;A panel L/H internal hinge type, MK3 on non genuine upgrade
cat003;chap0301;186;Bodywork;Clubman Body Panels;19;MS9L;A panel L/H internal hinge type, MK3 on non genuine
cat003;chap0301;186;Bodywork;Clubman Body Panels;20;ALA6472;Hinge stiffener panel R/H
cat003;chap0301;186;Bodywork;Clubman Body Panels;21;ALA6473;Hinge stiffener panel L/H
cat003;chap0301;186;Bodywork;Clubman Body Panels;22;MSL41R;Inner wing and hinge repair panel R/H, 31/2” wide
cat003;chap0301;186;Bodywork;Clubman Body Panels;22;MSL41L;Inner wing and hinge repair panel L/H, 31/2” wide
cat003;chap0301;186;Bodywork;Clubman Body Panels;23;MSL42R;Inner wing and hinge repair panel R/H, 6” to 9” wide
cat003;chap0301;186;Bodywork;Clubman Body Panels;23;MSL42L;Inner wing and hinge repair panel L/H, 6” to 9” wide
cat003;chap0301;186;Bodywork;Clubman Body Panels;24;ALA5688;‘A’ post boxing plate R/H
cat003;chap0301;186;Bodywork;Clubman Body Panels;24;ALA5689;‘A’ post boxing plate L/H
cat003;chap0301;186;Bodywork;Clubman Body Panels;25;14A6675;Top facia panel that holds ash tray
cat003;chap0301;186;Bodywork;Clubman Body Panels;26;CZH231;Front parcel shelf
cat003;chap0301;186;Bodywork;Clubman Body Panels;27;AHC36003;Dash crossmember
cat003;chap0301;186;Bodywork;Clubman Body Panels;28;ALA6602;Toe board assembly pre rubber mounted subframe cars
cat003;chap0301;186;Bodywork;Clubman Body Panels;28;AHA36006;Toe board assembly for rubber mounted subframe cars only
cat003;chap0301;186;Bodywork;Clubman Body Panels;28;AHA36007;Toe board panel less brackets
cat003;chap0301;186;Bodywork;Clubman Body Panels;29;14A6730;Engine stabiliser bracket welded on crossmember
cat003;chap0301;186;Bodywork;Clubman Body Panels;30;CZH3216;Bulkhead assembly (No. 25-29) 1976 to 1989
cat003;chap0301;186;Bodywork;Clubman Body Panels;31;14A6738;Cross member bracket to inner wing right hand
cat003;chap0301;186;Bodywork;Clubman Body Panels;32;14A6739;Cross member bracket to inner wing left hand
cat003;chap0301;187;Bodywork;Bodysides and Roof;1;24A2366;
cat003;chap0301;187;Bodywork;Bodysides and Roof;1;CZH430;Body side assembly R/H MK3 1970 on
cat003;chap0301;187;Bodywork;Bodysides and Roof;2;CZH431;Body side assembly L/H MK3 1970 on
cat003;chap0301;187;Bodywork;Bodysides and Roof;3;14A6899;
cat003;chap0301;187;Bodywork;Bodysides and Roof;3;CZH122;Door Frame surround R/H MK3 internal hinge cars
cat003;chap0301;187;Bodywork;Bodysides and Roof;4;14A6900;
cat003;chap0301;187;Bodywork;Bodysides and Roof;4;CZH123;Door Frame surround R/H MK3 internal hinge cars
cat003;chap0301;187;Bodywork;Bodysides and Roof;5;MBS011R;A post repair section R/H MK1/2 - Non genuine
cat003;chap0301;187;Bodywork;Bodysides and Roof;5;MBS011L;A post repair section L/H MK1/2 - Non genuine
cat003;chap0301;187;Bodywork;Bodysides and Roof;6;HMP441012;A post and door step repair R/H MK3 only
cat003;chap0301;187;Bodywork;Bodysides and Roof;6;HMP441013;A post and door step repair L/H MK3 only
cat003;chap0301;187;Bodywork;Bodysides and Roof;9;ALA5784;
cat003;chap0301;187;Bodywork;Bodysides and Roof;11;ALA5666;Body side tonneau R/H MK3 only, use [link]CZH430[/link] body side
cat003;chap0301;187;Bodywork;Bodysides and Roof;12;ALA5667;
cat003;chap0301;187;Bodywork;Bodysides and Roof;14;MS16R;Door step full length shaped panel R/H - Non genuine
cat003;chap0301;187;Bodywork;Bodysides and Roof;14;MS16L;Door step full length shaped panel L/H - Non genuine
cat003;chap0301;187;Bodywork;Bodysides and Roof;15;MS28R;Door step and lower panel R/H MK1/2 - Non genuine
cat003;chap0301;187;Bodywork;Bodysides and Roof;15;MSL28R;Door step and lower panel R/H MK3 - Non genuine
cat003;chap0301;187;Bodywork;Bodysides and Roof;15;MS28L;Door step and lower panel L/H MK1/2 - Non genuine
cat003;chap0301;187;Bodywork;Bodysides and Roof;15;MSL28L;Door step and lower panel L/H MK3 - Non genuine
cat003;chap0301;187;Bodywork;Bodysides and Roof;16;MS17R;Body side rear half R/H MK1/2 - Non genuine
cat003;chap0301;187;Bodywork;Bodysides and Roof;16;HMP441014;Body side rear half R/H MK3 with lower window pressing
cat003;chap0301;187;Bodywork;Bodysides and Roof;16;MS18R;Body side rear half R/H MK3 - Non genuine
cat003;chap0301;187;Bodywork;Bodysides and Roof;16;MS17L;Body side rear half L/H MK1/2 - Non genuine
cat003;chap0301;187;Bodywork;Bodysides and Roof;16;HMP441015;Body side rear half L/H MK3 with lower window pressing
cat003;chap0301;187;Bodywork;Bodysides and Roof;16;MS18L;Body side rear half L/H MK3 - Non genuine
cat003;chap0301;187;Bodywork;Bodysides and Roof;17;CZH426;Inner stiffener waist rail for rear half body side R/H
cat003;chap0301;187;Bodywork;Bodysides and Roof;18;CZH427;Inner stiffener waist rail for rear half body side L/H
cat003;chap0301;187;Bodywork;Bodysides and Roof;19;MBS001R;A post boxing plate R/H, MK1/2 - Non genuine
cat003;chap0301;187;Bodywork;Bodysides and Roof;19;ALA5688;A post boxing plate R/H MK3
cat003;chap0301;187;Bodywork;Bodysides and Roof;20;MBS001L;A post boxing plate L/H, MK1/2 - Non genuine
cat003;chap0301;187;Bodywork;Bodysides and Roof;20;ALA5689;A post boxing plate L/H MK3
cat003;chap0301;187;Bodywork;Bodysides and Roof;21;BMP201;Lower facia parcel shelf switch panel
cat003;chap0301;187;Bodywork;Bodysides and Roof;22;14A6564;Rear parcel shelf with cut outs
cat003;chap0301;187;Bodywork;Bodysides and Roof;23;ALA6417;Rear panel MK2/3
cat003;chap0301;187;Bodywork;Bodysides and Roof;23;HMP441046;Rear panel MK2/3 but with MK1 lamp apertures
cat003;chap0301;187;Bodywork;Bodysides and Roof;24;HMP441019;Rear panel lower half only MK2/3
cat003;chap0301;187;Bodywork;Bodysides and Roof;25;HMP441009;Rear panel below lamps only, full width repair panel
cat003;chap0301;187;Bodywork;Bodysides and Roof;26;MS20;Boot hinge repair panel - Non genuine
cat003;chap0301;187;Bodywork;Bodysides and Roof;27;MS026R;Plate to convert MK2/3 to MK1 lamp panel R/H
cat003;chap0301;187;Bodywork;Bodysides and Roof;27;MS026L;Plate to convert MK2/3 to MK1 lamp panel L/H
cat003;chap0301;187;Bodywork;Bodysides and Roof;28;14A6596;Rear cantrail, part of [link]ALA6417[/link]
cat003;chap0301;187;Bodywork;Bodysides and Roof;29;14A5503;Roof less aerial hole
cat003;chap0301;187;Bodywork;Bodysides and Roof;29;AKA360010;Roof with aerial hole, MPI
cat003;chap0301;187;Bodywork;Bodysides and Roof;30;14A8462;Drip rail fitted until 1980
cat003;chap0301;188;Bodywork;Bodysides Van, Pick-up and Estate;2;14A7555MS;Side panel, Pickup R/H - Non genuine
cat003;chap0301;188;Bodywork;Bodysides Van, Pick-up and Estate;2;14A7556MS;Side panel, Pickup L/H - Non genuine
cat003;chap0301;188;Bodywork;Bodysides Van, Pick-up and Estate;3;14A7557;Rear lamp panel R/H
cat003;chap0301;188;Bodywork;Bodysides Van, Pick-up and Estate;3;14A7558;Rear lamp panel L/H
cat003;chap0301;188;Bodywork;Bodysides Van, Pick-up and Estate;5;14A6897;
cat003;chap0301;188;Bodywork;Bodysides Van, Pick-up and Estate;5;14A6898;
cat003;chap0301;188;Bodywork;Bodysides Van, Pick-up and Estate;6;14A6899;
cat003;chap0301;188;Bodywork;Bodysides Van, Pick-up and Estate;6;14A6900;
cat003;chap0301;188;Bodywork;Bodysides Van, Pick-up and Estate;6;CZH122;Door frame R/H, internal door hinge cars
cat003;chap0301;188;Bodywork;Bodysides Van, Pick-up and Estate;6;CZH123;Door frame L/H, internal door hinge cars
cat003;chap0301;188;Bodywork;Bodysides Van, Pick-up and Estate;7;14A6901;Outer A panel R/H, genuine, external door hinge cars
cat003;chap0301;188;Bodywork;Bodysides Van, Pick-up and Estate;7;MS8R;Outer A panel R/H, non genuine, external door hinge cars
cat003;chap0301;188;Bodywork;Bodysides Van, Pick-up and Estate;7;14A6902;Outer A panel L/H, genuine, external door hinge cars
cat003;chap0301;188;Bodywork;Bodysides Van, Pick-up and Estate;7;MS8L;Outer A panel L/H, non genuine, external door hinge cars
cat003;chap0301;188;Bodywork;Bodysides Van, Pick-up and Estate;10;ALA5660;A panel R/H, genuine, internal door hinge cars
cat003;chap0301;188;Bodywork;Bodysides Van, Pick-up and Estate;10;ALA5660MS;A panel R/H internal hinge type, MK3 on non genuine upgrade
cat003;chap0301;188;Bodywork;Bodysides Van, Pick-up and Estate;10;ALA5661;A panel L/H, genuine, internal door hinge cars
cat003;chap0301;188;Bodywork;Bodysides Van, Pick-up and Estate;10;ALA5661MS;A panel L/H internal hinge type, MK3 on non genuine upgrade
cat003;chap0301;188;Bodywork;Bodysides Van, Pick-up and Estate;10;MS9L;A panel R/H, non genuine, internal door hinge cars
cat003;chap0301;188;Bodywork;Bodysides Van, Pick-up and Estate;12;MS16R;Door step full length shaped panel R/H - Non genuine
cat003;chap0301;188;Bodywork;Bodysides Van, Pick-up and Estate;12;MS16L;Door step full length shaped panel L/H - Non genuine
cat003;chap0301;188;Bodywork;Bodysides Van, Pick-up and Estate;13;HMP441012;A post and door step repair R/H, with interior door hinges
cat003;chap0301;188;Bodywork;Bodysides Van, Pick-up and Estate;13;HMP441013;A post and door step repair L/H, with interior door hinges
cat003;chap0301;188;Bodywork;Bodysides Van, Pick-up and Estate;14;MS47R;Door step & lower panel R/H, with external door hinges
cat003;chap0301;188;Bodywork;Bodysides Van, Pick-up and Estate;14;MS47L;Door step & lower panel L/H, with external door hinges
cat003;chap0301;188;Bodywork;Bodysides Van, Pick-up and Estate;14;MS48R;Door step & lower panel R/H, with internal door hinges
cat003;chap0301;188;Bodywork;Bodysides Van, Pick-up and Estate;14;MS48L;Door step & lower panel L/H, with internal door hinges
cat003;chap0301;188;Bodywork;Bodysides Van, Pick-up and Estate;15;MS50R;Rear lower corner panel R/H - Non genuine
cat003;chap0301;188;Bodywork;Bodysides Van, Pick-up and Estate;15;MS50L;Rear lower corner panel L/H - Non genuine
cat003;chap0301;188;Bodywork;Bodysides Van, Pick-up and Estate;17;14A6896;Roof for Traveller without indentation ribs to 1965
cat003;chap0301;188;Bodywork;Bodysides Van, Pick-up and Estate;18;88G486;Fresh air vent for roof, when fitted - Non genuine
cat003;chap0301;189;Bodywork;Boot Floor;1;AFB360040;
cat003;chap0301;189;Bodywork;Boot Floor;2;24A2204;Seat brace panel less roto dip hole
cat003;chap0301;189;Bodywork;Boot Floor;3;14A6940;Rear valance without fog lamp holes - Genuine
cat003;chap0301;189;Bodywork;Boot Floor;3;MS22;Rear valance without fog lamp holes
cat003;chap0301;189;Bodywork;Boot Floor;3;14A5497;Rear valance with fog lamp holes - Genuine
cat003;chap0301;189;Bodywork;Boot Floor;3;CZH3353MS;Rear valance with fog lamp holes
cat003;chap0301;189;Bodywork;Boot Floor;4;ALA4665;Rear valance, Riley Elf and Wolseley Hornet only
cat003;chap0301;189;Bodywork;Boot Floor;5;ALA5528;Closing panel R/H for rear valance and wheel arch - genuine
cat003;chap0301;189;Bodywork;Boot Floor;5;ALA5528MS;Closing panel R/H for rear valance and wheel arch - Non genuine
cat003;chap0301;189;Bodywork;Boot Floor;6;ALA8623;Closing panel L/H for rear valance and wheel arch - Genuine
cat003;chap0301;189;Bodywork;Boot Floor;6;ALA8623MS;Closing panel L/H for rear valance and wheel arch - Non genuine
cat003;chap0301;189;Bodywork;Boot Floor;7;MS40R;Closing panel for rear valance R/H
cat003;chap0301;189;Bodywork;Boot Floor;7;MS40L;Closing panel for rear valance L/H
cat003;chap0301;189;Bodywork;Boot Floor;8;ALA5524;Filler plate R/H for rear of rear wheel arch - Part of [link]ALA5528[/link]
cat003;chap0301;189;Bodywork;Boot Floor;8;ALA5525;Filler plate L/H for rear of rear wheel arch - Part of [link]ALA8623[/link]
cat003;chap0301;189;Bodywork;Boot Floor;9;14A9558;Wheel arch assembly R/H
cat003;chap0301;189;Bodywork;Boot Floor;9;14A9559;Wheel arch assembly L/H
cat003;chap0301;189;Bodywork;Boot Floor;10;14A6617;Wheel arch top repair section only R/H
cat003;chap0301;189;Bodywork;Boot Floor;10;14A6618;Wheel arch top repair section only L/H
cat003;chap0301;189;Bodywork;Boot Floor;11;HMP441010;Wheel arch inner with damper turret repair R/H
cat003;chap0301;189;Bodywork;Boot Floor;11;HMP441011;Wheel arch inner with damper turret repair L/H
cat003;chap0301;189;Bodywork;Boot Floor;12;14A6609;Floor to wheel arch bracket R/H
cat003;chap0301;189;Bodywork;Boot Floor;12;14A6610;Floor to wheel arch bracket L/H
cat003;chap0301;189;Bodywork;Boot Floor;13;ALA5532;Bump stop reinforcement bracket R/H 1967 on
cat003;chap0301;189;Bodywork;Boot Floor;13;ALA5533;Bump stop reinforcement bracket L/H 1967 on
cat003;chap0301;189;Bodywork;Boot Floor;14;14A6611;Filler panel R/H front wheel arch to subframe mount panel
cat003;chap0301;189;Bodywork;Boot Floor;14;14A6612;Filler panel L/H front wheel arch to subframe mount panel
cat003;chap0301;189;Bodywork;Boot Floor;15;14A6499;Battery box - Genuine
cat003;chap0301;189;Bodywork;Boot Floor;15;MS31;Battery box - Non genuine
cat003;chap0301;189;Bodywork;Boot Floor;16;ALA5513;Boot floor less battery box
cat003;chap0301;189;Bodywork;Boot Floor;16;HMP441016;Boot floor with battery box
cat003;chap0301;189;Bodywork;Boot Floor;17;MS54;Boot floor rear section repair panel 10” deep - Non genuine
cat003;chap0301;189;Bodywork;Boot Floor;18;MS24R;Boot floor side repair section, R/H - Non genuine
cat003;chap0301;189;Bodywork;Boot Floor;18;MS24L;Boot floor side repair section, L/H - Non genuine
cat003;chap0301;189;Bodywork;Boot Floor;19;88G479;Spare wheel clamp floor boss, MK1/2 10” wheels
cat003;chap0301;189;Bodywork;Boot Floor;20;14A6511;Spare wheel clamp
cat003;chap0301;189;Bodywork;Boot Floor;21;ALA7905;Right hand tank anchor bracket
cat003;chap0301;189;Bodywork;Boot Floor;22;21A1329;Location plate for R/H tank
cat003;chap0301;189;Bodywork;Boot Floor;23;CCC115;Boot board bracket kit for 5.5 gallon tank with 145 tyres fitted
cat003;chap0301;189;Bodywork;Boot Floor;23;CCC115A;Boot board bracket kit for 5.5 gallon tank with 165 tyres fitted
cat003;chap0301;189;Bodywork;Boot Floor;23;CCC115B;Boot board bracket kit for 7.5 gallon tank with 145 tyres fitted
cat003;chap0301;189;Bodywork;Boot Floor;23;CCC115C;Boot board bracket kit for 7.5 gallon tank with 165 tyres fitted
cat003;chap0301;189;Bodywork;Boot Floor;24;14A9780;Boot board bulkhead bracket
cat003;chap0301;189;Bodywork;Boot Floor;25;14A9781;Boot board side supports short (R/H)
cat003;chap0301;189;Bodywork;Boot Floor;25;14A9787;Boot board side supports tall (R/H)
cat003;chap0301;189;Bodywork;Boot Floor;25;14A9784;Boot board side supports short (L/H)
cat003;chap0301;189;Bodywork;Boot Floor;25;14A9785;Boot board side supports tall (L/H)
cat003;chap0301;189;Bodywork;Boot Floor;26;14A9782;Boot board central support short - supplied with rubber
cat003;chap0301;189;Bodywork;Boot Floor;26;14A9786;Boot board central support tall - supplied with rubber
cat003;chap0301;189;Bodywork;Boot Floor;27;ALH1473;Boot board buffer for side supports
cat003;chap0301;189;Bodywork;Boot Floor;28;2H9215;Bonnet prop rubber - Same profile as boot board central support rubber - requires cutting to correct length
cat003;chap0301;189;Bodywork;Boot Floor;29;14A9783;Bracket attached to boot board - Not included in kits - Needed for all Minis
cat003;chap0301;190;Bodywork;Saloon Floor Panels;1;24A2615;Floor assembly MK1/2, less companion boxes - 4 vent sills
cat003;chap0301;190;Bodywork;Saloon Floor Panels;1;ADA36002E;Floor assembly, rod gearchange with 1990 style floor pans
cat003;chap0301;190;Bodywork;Saloon Floor Panels;1;ADA36002;Floor assembly MPI, 1996 on, for pre tension seatbelts
cat003;chap0301;190;Bodywork;Saloon Floor Panels;2;CZH2669;Floor panel bare, rod change tunnel, 1990 style floor pans
cat003;chap0301;190;Bodywork;Saloon Floor Panels;3;ADO360020;Companion/glove box R/H, with inertia seat belt mount
cat003;chap0301;190;Bodywork;Saloon Floor Panels;4;ADO360030;Companion/glove box L/H, with inertia seat belt mount
cat003;chap0301;190;Bodywork;Saloon Floor Panels;5;14A9533;Crossmember pre 1973
cat003;chap0301;190;Bodywork;Saloon Floor Panels;6;CZH2675;Crossmember, rod change gearbox 1973 on
cat003;chap0301;190;Bodywork;Saloon Floor Panels;8;MS30R;Sill R/H 4” wide 4 vent
cat003;chap0301;190;Bodywork;Saloon Floor Panels;8;MS30L;Sill L/H 4” wide 4 vent
cat003;chap0301;190;Bodywork;Saloon Floor Panels;8;14A9534;Sill R/H, genuine 4” wide 6 flute
cat003;chap0301;190;Bodywork;Saloon Floor Panels;8;MS63R;Sill R/H, non genuine 4” wide 6 flute
cat003;chap0301;190;Bodywork;Saloon Floor Panels;8;14A9535;Sill L/H, genuine 4” wide 6 flute
cat003;chap0301;190;Bodywork;Saloon Floor Panels;8;MS63L;Sill L/H, non genuine 4” wide 6 flute
cat003;chap0301;190;Bodywork;Saloon Floor Panels;8;MS29R;8” wide repair sill R/H MK1/2
cat003;chap0301;190;Bodywork;Saloon Floor Panels;8;MS29L;8” wide repair sill L/H MK1/2
cat003;chap0301;190;Bodywork;Saloon Floor Panels;8;MS55R;8” wide repair sill R/H MK3
cat003;chap0301;190;Bodywork;Saloon Floor Panels;8;MS55L;8” wide repair sill L/H MK3
cat003;chap0301;190;Bodywork;Saloon Floor Panels;9;14A8336;Jacking point R/H
cat003;chap0301;190;Bodywork;Saloon Floor Panels;9;14A8337;Jacking point L/H
cat003;chap0301;190;Bodywork;Saloon Floor Panels;10;14A8374;Crossmember extension R/H between inner and outer sill
cat003;chap0301;190;Bodywork;Saloon Floor Panels;10;14A8375;Crossmember extension L/H between inner and outer sill
cat003;chap0301;190;Bodywork;Saloon Floor Panels;11;MS25R;Front tailored floor pan, R/H up to 1991
cat003;chap0301;190;Bodywork;Saloon Floor Panels;11;MS25L;Front tailored floor pan, L/H up to 1991
cat003;chap0301;190;Bodywork;Saloon Floor Panels;11;MSL25R;Front tailored floor pan, R/H 1991 on
cat003;chap0301;190;Bodywork;Saloon Floor Panels;11;MSL25L;Front tailored floor pan, L/H 1991 on
cat003;chap0301;190;Bodywork;Saloon Floor Panels;12;FS006R;Front/rear floor pan, inner sill combined R/H
cat003;chap0301;190;Bodywork;Saloon Floor Panels;12;FS006L;Front/rear floor pan, inner sill combined L/H
cat003;chap0301;190;Bodywork;Saloon Floor Panels;12;HMP441004;Front/rear floor pan, inner sill combined R/H
cat003;chap0301;190;Bodywork;Saloon Floor Panels;12;HMP441005;Front/rear floor pan, inner sill combined L/H
cat003;chap0301;190;Bodywork;Saloon Floor Panels;13;ADA36002RH;Front/rear floor pan, inner/outer sill combined R/H
cat003;chap0301;190;Bodywork;Saloon Floor Panels;13;ADA36002LH;Front/rear floor pan, inner/outer sill combined L/H
cat003;chap0301;190;Bodywork;Saloon Floor Panels;14;MS26R;Rear floor pan R/H
cat003;chap0301;190;Bodywork;Saloon Floor Panels;14;MSL26R;Rear floor pan R/H
cat003;chap0301;190;Bodywork;Saloon Floor Panels;14;MS26L;Rear floor pan L/H
cat003;chap0301;190;Bodywork;Saloon Floor Panels;14;MSL26L;Rear floor pan L/H
cat003;chap0301;190;Bodywork;Saloon Floor Panels;15;MS27R;Inner sill panel R/H
cat003;chap0301;190;Bodywork;Saloon Floor Panels;15;MS27L;Inner sill panel L/H
cat003;chap0301;190;Bodywork;Saloon Floor Panels;16;ADA36002RQ;Inner/outer sill 6 vent R/H to first groove
cat003;chap0301;190;Bodywork;Saloon Floor Panels;16;ADA36002LQ;Inner/outer sill 6 vent L/H to first groove
cat003;chap0301;190;Bodywork;Saloon Floor Panels;17;ADA36002C;Tunnel 1996 on with pre tension seatbelts
cat003;chap0301;190;Bodywork;Saloon Floor Panels;18;MS51;Heelboard / Subframe repair less injection pipe kinks
cat003;chap0301;190;Bodywork;Saloon Floor Panels;18;HMP441008;Heelboard / Subframe repair panel - Genuine
cat003;chap0301;190;Bodywork;Saloon Floor Panels;19;HMP441006;Heelboard / Subframe repair R/H - 26” long
cat003;chap0301;190;Bodywork;Saloon Floor Panels;20;HMP441007;Heelboard / Subframe repair L/H - 26” long
cat003;chap0301;190;Bodywork;Saloon Floor Panels;21;MS51R;Heelboard / Subframe repair R/H - 11” long
cat003;chap0301;190;Bodywork;Saloon Floor Panels;21;MS51L;Heelboard / Subframe repair L/H - 11” long
cat003;chap0301;190;Bodywork;Saloon Floor Panels;22;14A6669;Handbrake bracket to 1976, twin cable type
cat003;chap0301;190;Bodywork;Saloon Floor Panels;23;CZH3214;Handbrake bracket 1976 on, with single cable
cat003;chap0301;190;Bodywork;Saloon Floor Panels;24;14A6624;Seat pan support bracket
cat003;chap0301;190;Bodywork;Saloon Floor Panels;25;14A6615;Radius arm shroud R/H
cat003;chap0301;190;Bodywork;Saloon Floor Panels;25;14A6616;Radius arm shroud L/H
cat003;chap0301;190;Bodywork;Saloon Floor Panels;26;14A9552;Floor to sill reinforcement for slinger bracket R/H, rear
cat003;chap0301;190;Bodywork;Saloon Floor Panels;26;14A9553;Floor to sill reinforcement for slinger bracket L/H, rear
cat003;chap0301;190;Bodywork;Saloon Floor Panels;27;24A42;Slinger bracket rear R/H
cat003;chap0301;190;Bodywork;Saloon Floor Panels;27;24A43;Slinger bracket rear L/H
cat003;chap0301;190;Bodywork;Saloon Floor Panels;28;24A2186;Seatbelt mounting plate
cat003;chap0301;190;Bodywork;Saloon Floor Panels;29;14A9550;Floor to sill reinforcement for slinger bracket, front
cat003;chap0301;190;Bodywork;Saloon Floor Panels;30;24A41;Slinger bracket, front
cat003;chap0301;190;Bodywork;Saloon Floor Panels;31;14A9065;Carpet clip retaining bracket - To 1996
cat003;chap0301;190;Bodywork;Saloon Floor Panels;32;14A8994;Stiffener for inner sill to body, RH
cat003;chap0301;190;Bodywork;Saloon Floor Panels;32;14A8995;Stiffener for inner sill to body, LH
cat003;chap0301;190;Bodywork;Saloon Floor Panels;33;24A1463;Channel for battery cable
cat003;chap0301;190;Bodywork;Saloon Floor Panels;34;ALA5527;Multi clip for pipe and cables - 1960-1991
cat003;chap0301;190;Bodywork;Saloon Floor Panels;35;CW100120;Wire tag long - Dash and large part of loom
cat003;chap0301;190;Bodywork;Saloon Floor Panels;36;CW100110;Wire tag short - Floor and front panel
cat003;chap0301;190;Bodywork;Saloon Floor Panels;37;BMP1496;Heel board clip
cat003;chap0301;190;Bodywork;Saloon Floor Panels;38;ALA5536;Underfloor clip for pipe and cables - 1960-1991
cat003;chap0301;191;Bodywork;Van, Estate and Pick up Floor;1;14A9026;Outer sill panel R/H, 4” wide genuine. 6 flute indentation
cat003;chap0301;191;Bodywork;Van, Estate and Pick up Floor;1;14A9027;Outer sill panel L/H, 4” wide genuine, 6 flute indentation
cat003;chap0301;191;Bodywork;Van, Estate and Pick up Floor;1;MS49R;Outer sill panel R/H, 41/2” wide non genuine, 4 flute MK1/2
cat003;chap0301;191;Bodywork;Van, Estate and Pick up Floor;1;MS49L;Outer sill panel L/H, 41/2” wide non genuine, 4 flute MK1/2
cat003;chap0301;191;Bodywork;Van, Estate and Pick up Floor;1;MS58R;Outer sill panel R/H, 8” wide non genuine, 6 flute indentation
cat003;chap0301;191;Bodywork;Van, Estate and Pick up Floor;1;MS58L;Outer sill panel L/H, 8” wide, non genuine, 6 flute indentation
cat003;chap0301;191;Bodywork;Van, Estate and Pick up Floor;2;MS25R;Front tailored floor pan R/H - Non genuine
cat003;chap0301;191;Bodywork;Van, Estate and Pick up Floor;2;MS25L;Front tailored floor pan L/H - Non genuine
cat003;chap0301;191;Bodywork;Van, Estate and Pick up Floor;3;MS26RVAN;Floor pan rear R/H - Non genuine
cat003;chap0301;191;Bodywork;Van, Estate and Pick up Floor;3;MS26LVAN;Floor pan rear L/H - Non genuine
cat003;chap0301;191;Bodywork;Van, Estate and Pick up Floor;4;14A8154;Centre rear valance - Genuine
cat003;chap0301;191;Bodywork;Van, Estate and Pick up Floor;4;MS23;Centre rear valance - Non genuine
cat003;chap0301;191;Bodywork;Van, Estate and Pick up Floor;5;14A7106;Closing panel for rear valance
cat003;chap0301;191;Bodywork;Van, Estate and Pick up Floor;9;14A9558;Wheel arch assembly R/H
cat003;chap0301;191;Bodywork;Van, Estate and Pick up Floor;9;14A9559;Wheel arch assembly L/H
cat003;chap0301;191;Bodywork;Van, Estate and Pick up Floor;10;14A6617;Wheel arch top repair section only R/H
cat003;chap0301;191;Bodywork;Van, Estate and Pick up Floor;10;14A6618;Wheel arch top repair section only L/H
cat003;chap0301;191;Bodywork;Van, Estate and Pick up Floor;11;HMP441010;Wheel arch inner with damper turret repair R/H
cat003;chap0301;191;Bodywork;Van, Estate and Pick up Floor;11;HMP441011;Wheel arch inner with damper turret repair L/H
cat003;chap0301;191;Bodywork;Van, Estate and Pick up Floor;12;14A7155;Rear arch to body gusset R/H
cat003;chap0301;191;Bodywork;Van, Estate and Pick up Floor;12;14A7156;Rear arch to body gusset L/H
cat003;chap0301;191;Bodywork;Van, Estate and Pick up Floor;13;14A6908;Corner valance R/H - Genuine
cat003;chap0301;191;Bodywork;Van, Estate and Pick up Floor;13;MS52R;Corner valance R/H - Non genuine
cat003;chap0301;191;Bodywork;Van, Estate and Pick up Floor;13;14A6909;Corner valance L/H - Genuine
cat003;chap0301;191;Bodywork;Van, Estate and Pick up Floor;13;MS52L;Corner valance L/H - Genuine
cat003;chap0301;191;Bodywork;Van, Estate and Pick up Floor;14;MS27R;Inner sill R/H - Non genuine
cat003;chap0301;191;Bodywork;Van, Estate and Pick up Floor;14;MS27L;Inner sill L/H - Non genuine
cat003;chap0301;191;Bodywork;Van, Estate and Pick up Floor;15;24A237;Inner sill stiffener panel R/H - Non genuine
cat003;chap0301;191;Bodywork;Van, Estate and Pick up Floor;15;24A238;Inner sill stiffener panel L/H - Non genuine
cat003;chap0301;191;Bodywork;Van, Estate and Pick up Floor;17;MS51;Subframe mounting panel except van with metal load floor & pickup
cat003;chap0301;191;Bodywork;Van, Estate and Pick up Floor;17;MS65;Subframe mounting panel van with metal load floor and pickup
cat003;chap0301;191;Bodywork;Van, Estate and Pick up Floor;18;HMP441006;Subframe mounting R/H half of [link]HMP441008[/link] - Genuine
cat003;chap0301;191;Bodywork;Van, Estate and Pick up Floor;18;HMP441007;Subframe mounting L/H half of [link]HMP441008[/link] - Genuine
cat003;chap0301;191;Bodywork;Van, Estate and Pick up Floor;18;MS51R;Subframe mounting repair section R/H - Non genuine
cat003;chap0301;191;Bodywork;Van, Estate and Pick up Floor;18;MS51L;Subframe mounting repair section L/H - Non genuine
cat003;chap0301;191;Bodywork;Van, Estate and Pick up Floor;19;14A9023;Floor extension panel for long wheel base versions, van etc
cat003;chap0301;191;Bodywork;Van, Estate and Pick up Floor;20;MS53;Step panel for rear doors - Non genuine
cat003;chap0301;191;Bodywork;Van, Estate and Pick up Floor;21;BMP130;Moulding for rear seam edge
cat003;chap0301;191;Bodywork;Van, Estate and Pick up Floor;22;BMP131;Moulding for rear corner valances
cat003;chap0301;191;Bodywork;Van, Estate and Pick up Floor;23;BMP127;Moulding for front vertical seams - Genuine
cat003;chap0301;191;Bodywork;Van, Estate and Pick up Floor;23;BMP127MS;Moulding for front vertical seams - Genuine Mini Spares product
cat003;chap0301;191;Bodywork;Van, Estate and Pick up Floor;24;GFK7515;Clip for seam moulding
cat003;chap0301;191;Bodywork;Van, Estate and Pick up Floor;24;BMP128;Clip for seam moulding, Rover genuine anti rust type
cat003;chap0301;191;Bodywork;Van, Estate and Pick up Floor;24;BMP128MS;Clip for seam moulding, Mini Spares stainless steel type
cat003;chap0301;191;Bodywork;Van, Estate and Pick up Floor;25;14A9533;Crossmember, round tunnel pre rod change cars
cat003;chap0301;191;Bodywork;Van, Estate and Pick up Floor;26;CZH2675;Crossmember, square tunnel for rod change gearbox 1973 on
cat003;chap0301;191;Bodywork;Van, Estate and Pick up Floor;27;14A6669;Bracket for handbrake when twin cable system pre 1976
cat003;chap0301;191;Bodywork;Van, Estate and Pick up Floor;27;CZH3214;Bracket for handbrake when single cable system 1976 on
cat003;chap0301;192;Bodywork;Rear Doors and Tailgate;1;14A8096;Rear door R/H, van and estate
cat003;chap0301;192;Bodywork;Rear Doors and Tailgate;2;14A8097;Rear door L/H, van and estate
cat003;chap0301;192;Bodywork;Rear Doors and Tailgate;3;MS32R;Rear door inner and outer lower R/H, 7” repair sections
cat003;chap0301;192;Bodywork;Rear Doors and Tailgate;3;MS32L;Rear door inner and outer lower L/H, 7” repair sections
cat003;chap0301;192;Bodywork;Rear Doors and Tailgate;4;14A7194;Rear door handle except wood estate
cat003;chap0301;192;Bodywork;Rear Doors and Tailgate;5;CZH1747;Seal for door handle to body
cat003;chap0301;192;Bodywork;Rear Doors and Tailgate;11;KMM170;Pin, ball and spring Repair kit for one hinge
cat003;chap0301;192;Bodywork;Rear Doors and Tailgate;12;GFK5182;Bolt 1/4” UNF 2” long for upper hinge to door
cat003;chap0301;192;Bodywork;Rear Doors and Tailgate;13;SH604145;Bolt 1/4” UNF 13/4” long for lower hinge to door
cat003;chap0301;192;Bodywork;Rear Doors and Tailgate;14;SH604071;Screw 1/4” UNF 7/8” long, hinge to body
cat003;chap0301;192;Bodywork;Rear Doors and Tailgate;15;GFK3321;Locknut 1/4” UNF
cat003;chap0301;192;Bodywork;Rear Doors and Tailgate;16;GHF321;Shake proof 1/4” washer
cat003;chap0301;192;Bodywork;Rear Doors and Tailgate;17;GFK1113;Plain 1/4” washer
cat003;chap0301;192;Bodywork;Rear Doors and Tailgate;18;14A7608;Rubber seal for rear door R/H
cat003;chap0301;192;Bodywork;Rear Doors and Tailgate;19;14A7609;Rubber seal for rear door L/H
cat003;chap0301;192;Bodywork;Rear Doors and Tailgate;22;14A6585;Door seal clip (57 per car)
cat003;chap0301;192;Bodywork;Rear Doors and Tailgate;23;CZH3327;Check arm, was CZH994
cat003;chap0301;192;Bodywork;Rear Doors and Tailgate;26;BH604111;Bolt 1/4” UNF 13/8” long for check arm to bracket
cat003;chap0301;192;Bodywork;Rear Doors and Tailgate;28;GFK1113;Plain 1/4” washer
cat003;chap0301;192;Bodywork;Rear Doors and Tailgate;29;GFK3321;Locknut 1/4” UNF
cat003;chap0301;192;Bodywork;Rear Doors and Tailgate;30;CZH3293;Tailgate - Pickup
cat003;chap0301;192;Bodywork;Rear Doors and Tailgate;31;14A7755;Hinge for tailgate - Pickup
cat003;chap0301;192;Bodywork;Rear Doors and Tailgate;34;GHF322;Shake proof 5/16” washer
cat003;chap0301;192;Bodywork;Rear Doors and Tailgate;35;GFK1125;Spring washer 5/16”
cat003;chap0301;192;Bodywork;Rear Doors and Tailgate;36;14A7771;
cat003;chap0301;192;Bodywork;Rear Doors and Tailgate;37;14A7761;Tailgate stay R/H - Pickup
cat003;chap0301;192;Bodywork;Rear Doors and Tailgate;38;14A7762;Tailgate stay L/H - Pickup
cat003;chap0301;192;Bodywork;Rear Doors and Tailgate;39;SG604051;Screw 1/4” UNF 5/8” long
cat003;chap0301;192;Bodywork;Rear Doors and Tailgate;41;14A9732;Rails for rear tilt
cat003;chap0301;193;Bodywork;Bonnet and Catches;1;CZH2609;Bonnet for Clubman only - Genuine
cat003;chap0301;193;Bodywork;Bonnet and Catches;3;14A366;Safety catch hook with spring, pin and clip
cat003;chap0301;193;Bodywork;Bonnet and Catches;4;4B8769;Clevis pin for bonnet safety catch hook
cat003;chap0301;193;Bodywork;Bonnet and Catches;5;AAU5486A;Bonnet buffer, Clubman only
cat003;chap0301;193;Bodywork;Bonnet and Catches;6;14G2444;Bonnet pin, Clubman only
cat003;chap0301;193;Bodywork;Bonnet and Catches;7;4G3676;Thimble for Clubman only
cat003;chap0301;193;Bodywork;Bonnet and Catches;8;4G1588;Spring for bonnet pin, Clubman only
cat003;chap0301;193;Bodywork;Bonnet and Catches;9;NT606041;Nut 3/8” UNF half nut
cat003;chap0301;193;Bodywork;Bonnet and Catches;12;24G3591;Spring for bonnet pin, Clubman only - was 4G2494
cat003;chap0301;193;Bodywork;Bonnet and Catches;13;14A9010MS;Bonnet sponge rubber, fits scuttle panel drain, original type
cat003;chap0301;193;Bodywork;Bonnet and Catches;13;JRC7008;Bonnet seal that sits on rear of bonnet, from about 1980 on
cat003;chap0301;193;Bodywork;Bonnet and Catches;13;CJE10021;Bonnet sticky back seal, fits rear scuttle drain from 1992 on
cat003;chap0301;193;Bodywork;Bonnet and Catches;13;JRC8000;Bonnet seal sits on rear scuttle and down wings, 1996 on
cat003;chap0301;193;Bodywork;Bonnet and Catches;14;JRC7898;Bonnet front seal, all models
cat003;chap0301;193;Bodywork;Bonnet and Catches;15;24A1182;Bonnet, MK1 saloon and van to 1967 less bonnet lip
cat003;chap0301;193;Bodywork;Bonnet and Catches;15;ALA7455;Bonnet, MK2 saloon with bonnet lip
cat003;chap0301;193;Bodywork;Bonnet and Catches;15;CZH455;Bonnet, MK3 saloon with bonnet lip from 1971
cat003;chap0301;193;Bodywork;Bonnet and Catches;15;MSL2;Bonnet, MK3 saloon with lip 1971 on - Non genuine
cat003;chap0301;193;Bodywork;Bonnet and Catches;15;ALA8430;Bonnet, van and pickup less bonnet lip from 1971
cat003;chap0301;193;Bodywork;Bonnet and Catches;15;BKA360070;Bonnet with centre safety catch and bonnet lip, 1996 on
cat003;chap0301;193;Bodywork;Bonnet and Catches;15;BKA360110;Bonnet for Japan only from 1996
cat003;chap0301;193;Bodywork;Bonnet and Catches;16;MS3;Bonnet lip for holding grille upper moulding - Non genuine
cat003;chap0301;193;Bodywork;Bonnet and Catches;16;ALA6664;Bonnet lip for holding grille upper moulding - Genuine
cat003;chap0301;193;Bodywork;Bonnet and Catches;17;BKD360030;Bonnet prop, straighten for clubman
cat003;chap0301;193;Bodywork;Bonnet and Catches;18;ALA7608;Safety catch with bracket complete
cat003;chap0301;193;Bodywork;Bonnet and Catches;19;CZH209;Clip for retaining/parking bonnet prop, 1970 on
cat003;chap0301;193;Bodywork;Bonnet and Catches;20;14A6586;Bonnet pin except Clubman
cat003;chap0301;193;Bodywork;Bonnet and Catches;21;ADA458;Spring cup
cat003;chap0301;193;Bodywork;Bonnet and Catches;22;FPQ10001;Spring for bonnet pin
cat003;chap0301;193;Bodywork;Bonnet and Catches;23;ALA6992;Slider catch, MK1/2 obsolete use internal cable kit [link]GS130273[/link]
cat003;chap0301;193;Bodywork;Bonnet and Catches;24;ADH456;Slider support, used with [link]ALA6992[/link]
cat003;chap0301;193;Bodywork;Bonnet and Catches;25;ADA464;Distance piece, discontinued fitment 1975
cat003;chap0301;193;Bodywork;Bonnet and Catches;26;AAM1223;Guide plate, 1976 on was ADA463
cat003;chap0301;193;Bodywork;Bonnet and Catches;27;AAM1206;Bonnet lock, obsolete use internal cable kit [link]GS130273[/link]
cat003;chap0301;193;Bodywork;Bonnet and Catches;28;ALR1441A;Stiffener plate, also protects bonnet paint on lander panel
cat003;chap0301;193;Bodywork;Bonnet and Catches;29;FPS100340;Bonnet lock for internal cable opening
cat003;chap0301;193;Bodywork;Bonnet and Catches;30;FSE10020;Cable for internal cable bonnet release
cat003;chap0301;193;Bodywork;Bonnet and Catches;32;GS130273;Bonnet lock kit
cat003;chap0301;193;Bodywork;Bonnet and Catches;33;14G6856;Bonnet buffer, fits in hole on landing panel
cat003;chap0301;193;Bodywork;Bonnet and Catches;33;ADU2072;Bonnet buffer, stick on, 1990 on
cat003;chap0301;193;Bodywork;Bonnet and Catches;34;2H9215;Bonnet prop rubber stop MK1/2
cat003;chap0301;193;Bodywork;Bonnet and Catches;35;47H9615;Felt sound proofing for bonnet, 4 tailor made segments
cat003;chap0301;193;Bodywork;Bonnet and Catches;36;CZH146;Hinge R/H Mini 70-71 only
cat003;chap0301;193;Bodywork;Bonnet and Catches;36;CZH147;Hinge L/H Mini 70-71 only
cat003;chap0301;193;Bodywork;Bonnet and Catches;36;14A7246;Hinge R/H MK1/2
cat003;chap0301;193;Bodywork;Bonnet and Catches;36;14A7247;Hinge L/H MK1/2
cat003;chap0301;193;Bodywork;Bonnet and Catches;36;BMP348;Hinge R/H 1971 on for all, must be fitted as identical pairs
cat003;chap0301;193;Bodywork;Bonnet and Catches;36;BMP349;Hinge L/H 1971 on for all, must be fitted as identical pairs
cat003;chap0301;193;Bodywork;Bonnet and Catches;36;HMP441027;Pair of hinges - 1971 on for Mini and Clubman
cat003;chap0301;193;Bodywork;Bonnet and Catches;37;GFK7344;Plastic clip for bonnet prop
cat003;chap0301;193;Bodywork;Bonnet and Catches;38;24A859;Bonnet prop fitting clip
cat003;chap0301;194;Bodywork;Bootlid;1;28G110;Boot lid assembly MK1/2 with single skin fitted to 1967
cat003;chap0301;194;Bodywork;Bootlid;2;BMP339;Boot lid assembly MK3 with holes for seal
cat003;chap0301;194;Bodywork;Bootlid;2;MS19;Boot lid assembly MK3 with inner skin and seal holes
cat003;chap0301;194;Bodywork;Bootlid;2;BMD36001;Boot lid assembly MK3 less seal holes, uses [link]CKE10018[/link] seal
cat003;chap0301;194;Bodywork;Bootlid;2;BMP102;Skin for MK3 bootlid only - Genuine
cat003;chap0301;194;Bodywork;Bootlid;3;14A6584;Seal for boot lids with clip fittings, pre 1988
cat003;chap0301;194;Bodywork;Bootlid;3;CKE10018;Seal for boot lid surround panel - Push on type, 1988 on
cat003;chap0301;194;Bodywork;Bootlid;4;14A6585;Clips for [link]14A6584[/link] seal
cat003;chap0301;194;Bodywork;Bootlid;5;14A5696;Locking catch
cat003;chap0301;194;Bodywork;Bootlid;6;BMB360040;Hinge for boot lid R/H was CZH3272/BMB36002 - N.L.A
cat003;chap0301;194;Bodywork;Bootlid;6;8B12602;Pair of boot hinges - Non genuine
cat003;chap0301;194;Bodywork;Bootlid;6;8B12601;Pair of chrome boot hinges - Non genuine
cat003;chap0301;194;Bodywork;Bootlid;7;SG604051;Screw 1/4” UNF, for boot hinge to body
cat003;chap0301;194;Bodywork;Bootlid;8;GFK1113;Plain washer 1/4” hinge to boot lid and body
cat003;chap0301;194;Bodywork;Bootlid;9;GFK1124;Spring washer 1/4” hinge to boot lid and body
cat003;chap0301;194;Bodywork;Bootlid;10;GFK3211;Plain nut 1/4” UNF, hinge to boot lid and body
cat003;chap0301;194;Bodywork;Bootlid;11;24A2175;Gasket for upper boot hinge
cat003;chap0301;194;Bodywork;Bootlid;12;24A2176;Gasket for lower boot hinge
cat003;chap0301;194;Bodywork;Bootlid;13;14A7194;Boot handle assembly, chrome original MK1/2 shape
cat003;chap0301;194;Bodywork;Bootlid;14;JRC2844;Boot handle assembly, chrome MK3 type 1970
cat003;chap0301;194;Bodywork;Bootlid;15;BARRELSET;Three barrel matching key set for doors and boot, 1970 on
cat003;chap0301;194;Bodywork;Bootlid;15;27H9634;Two barrel set for drivers door and boot MK1/2
cat003;chap0301;194;Bodywork;Bootlid;16;CZH1747;Gaiter seal for boot handle to boot lid
cat003;chap0301;194;Bodywork;Bootlid;17;WA1090;Plain washer 3/16”
cat003;chap0301;194;Bodywork;Bootlid;18;GFK1123;Spring washer 3/16”
cat003;chap0301;194;Bodywork;Bootlid;19;GFK3210;Plain nut 3/16” UNF
cat003;chap0301;194;Bodywork;Bootlid;20;14A6740;Boot lid cable to body
cat003;chap0301;194;Bodywork;Bootlid;21;SE910161;Screw for cable 7/8” long (was PMZ308 1/2” long)
cat003;chap0301;194;Bodywork;Bootlid;22;GFK3210;Plain nut 3/16” UNF
cat003;chap0301;194;Bodywork;Bootlid;23;GFK1123;Spring washer 3/16”
cat003;chap0301;194;Bodywork;Bootlid;24;WA1090;Plain washer 3/16”
cat003;chap0301;194;Bodywork;Bootlid;25;GFK2262;Self tap No. 10 for lock 1/2” long
cat003;chap0301;194;Bodywork;Bootlid;26;SE910161;Screw 3/16” UNF 7/8” long for lock, cut to length required (1/2”)
cat003;chap0301;194;Bodywork;Bootlid;27;GFK1123;Spring washer 3/16”
cat003;chap0301;194;Bodywork;Bootlid;28;14A6468;Rear number plate hinged backing plate MK1/2 only
cat003;chap0301;194;Bodywork;Bootlid;29;14A6466;Hinge R/H for number plate MK1/2
cat003;chap0301;194;Bodywork;Bootlid;30;14A6467;Hinge L/H for number plate MK1/2
cat003;chap0301;194;Bodywork;Bootlid;31;CMZ308;Screw 3/16” UNF for number plate hinge
cat003;chap0301;194;Bodywork;Bootlid;32;14A7625;Buffer for boot lid to number plate MK1/2
cat003;chap0301;194;Bodywork;Bootlid;33;14A9838;Liner black board for single skin boot lids
cat003;chap0301;195;Bodywork;Front Door - Sliding window type;1;14A8306;Door for Sliding Windows and External Hinges (R/H)
cat003;chap0301;195;Bodywork;Front Door - Sliding window type;1;14A8307;Door for Sliding Windows and External Hinges (L/H)
cat003;chap0301;195;Bodywork;Front Door - Sliding window type;2;14A5498;Door Skin - Genuine (R/H)
cat003;chap0301;195;Bodywork;Front Door - Sliding window type;2;14A5499;Door Skin - Genuine (L/H)
cat003;chap0301;195;Bodywork;Front Door - Sliding window type;2;MS12R;Door Skin - Non Genuine (R/H)
cat003;chap0301;195;Bodywork;Front Door - Sliding window type;2;MS12L;Door Skin - Non Genuine (L/H)
cat003;chap0301;195;Bodywork;Front Door - Sliding window type;3;14A7930;Drain hose inside door
cat003;chap0301;195;Bodywork;Front Door - Sliding window type;4;14A6818;Hinge, upper with Fittings less Gaskets (R/H)
cat003;chap0301;195;Bodywork;Front Door - Sliding window type;4;14A6819;Hinge, upper with Fittings less Gaskets (L/H)
cat003;chap0301;195;Bodywork;Front Door - Sliding window type;4;14A6820;Hinge, lower with Fittings less Gaskets (R/H)
cat003;chap0301;195;Bodywork;Front Door - Sliding window type;4;14A6821;Hinge, lower with Fittings less Gaskets (L/H)
cat003;chap0301;195;Bodywork;Front Door - Sliding window type;4;14A6818K;Car set of door hinges
cat003;chap0301;195;Bodywork;Front Door - Sliding window type;5;BMP135;Gasket small from hinge to A panel
cat003;chap0301;195;Bodywork;Front Door - Sliding window type;6;ALA7844;Gasket large from hinge to door
cat003;chap0301;195;Bodywork;Front Door - Sliding window type;7;37H3044;Repair bush for hinges
cat003;chap0301;195;Bodywork;Front Door - Sliding window type;8;37H3043;Repair pin for hinges
cat003;chap0301;195;Bodywork;Front Door - Sliding window type;9;24A2143;Lock with safety catch, R/H for LHD cars
cat003;chap0301;195;Bodywork;Front Door - Sliding window type;9;24A2144;Lock with safety catch, L/H for RHD cars
cat003;chap0301;195;Bodywork;Front Door - Sliding window type;10;24A2145;Lock without safety catch, R/H for RHD cars
cat003;chap0301;195;Bodywork;Front Door - Sliding window type;10;24A2146;Lock without safety catch, L/H for LHD cars
cat003;chap0301;195;Bodywork;Front Door - Sliding window type;11;RMZ316;Screw 3/16” UNF 1” long for door locks
cat003;chap0301;195;Bodywork;Front Door - Sliding window type;12;WA1090;Plain 3/16” washer
cat003;chap0301;195;Bodywork;Front Door - Sliding window type;13;GFK1123;Spring 3/16”washer
cat003;chap0301;195;Bodywork;Front Door - Sliding window type;14;14A6832;Striker plate
cat003;chap0301;195;Bodywork;Front Door - Sliding window type;15;GD910161;Screw for striker plate
cat003;chap0301;195;Bodywork;Front Door - Sliding window type;16;14A6835;Buffer plate
cat003;chap0301;195;Bodywork;Front Door - Sliding window type;17;CMZ204;Screw 6/32” UNC for [link]14A6835[/link]
cat003;chap0301;195;Bodywork;Front Door - Sliding window type;18;14A6834;Fixing plate
cat003;chap0301;195;Bodywork;Front Door - Sliding window type;19;14A6833;Buffer for door, nylon
cat003;chap0301;195;Bodywork;Front Door - Sliding window type;20;CMZ212;Screw 6/32” UNC for [link]14A6833[/link]/4
cat003;chap0301;195;Bodywork;Front Door - Sliding window type;21;14A7680;Dovetail in door to accept screws for [link]14A6833[/link]
cat003;chap0301;195;Bodywork;Front Door - Sliding window type;22;24A2083;Handle locking type 1966 on, use with safety boss [link]24A1834/[link]
cat003;chap0301;195;Bodywork;Front Door - Sliding window type;24;27H9634;Two Barrel set, door handle and boot
cat003;chap0301;195;Bodywork;Front Door - Sliding window type;25;GFK2258;Screw No.8 pan head for door handle, now metric or No12
cat003;chap0301;195;Bodywork;Front Door - Sliding window type;26;GFK1113;Plain washer 1/4” for door handle
cat003;chap0301;195;Bodywork;Front Door - Sliding window type;27;24A2245;Escutcheon for R/H door handle (supplied on new handle)
cat003;chap0301;195;Bodywork;Front Door - Sliding window type;28;24A2246;Escutcheon for L/H door handle (supplied on new handle)
cat003;chap0301;195;Bodywork;Front Door - Sliding window type;29;24A2086;Spacer distance piece
cat003;chap0301;195;Bodywork;Front Door - Sliding window type;30;ADA3817;Seal for escutcheon to door
cat003;chap0301;195;Bodywork;Front Door - Sliding window type;31;SE910161;Screw for escutcheon, was PMZ308, 3/16” UNF 7/8” long
cat003;chap0301;195;Bodywork;Front Door - Sliding window type;32;24A1169;Door glove box moulding
cat003;chap0301;195;Bodywork;Front Door - Sliding window type;33;ADH3809;Clip for glove box moulding
cat003;chap0301;195;Bodywork;Front Door - Sliding window type;35;GLZ119A;Interior door handle, alternative to [link]14A6889[/link] door pull
cat003;chap0301;195;Bodywork;Front Door - Sliding window type;35;14A6889;Door pull cable 1961 - except Super Deluxe Mini
cat003;chap0301;195;Bodywork;Front Door - Sliding window type;36;SE910201;Screw 3/16” UNF, supplied with handle
cat003;chap0301;195;Bodywork;Front Door - Sliding window type;37;GFK1123;Spring washer 3/16”
cat003;chap0301;195;Bodywork;Front Door - Sliding window type;38;ALE1221;Door Check Strap - Black
cat003;chap0301;195;Bodywork;Front Door - Sliding window type;38;14E4289;Door Check Strap - Red
cat003;chap0301;195;Bodywork;Front Door - Sliding window type;38;14E4290;Door Check Strap - Dark Grey
cat003;chap0301;195;Bodywork;Front Door - Sliding window type;38;14E4291;Door Check Strap - Green
cat003;chap0301;195;Bodywork;Front Door - Sliding window type;38;14E4288;Door Check Strap - Powder Blue
cat003;chap0301;195;Bodywork;Front Door - Sliding window type;38;14E8403;Door Check Strap - Cumulus Grey
cat003;chap0301;195;Bodywork;Front Door - Sliding window type;39;14A764;Retainer (2 per strap)
cat003;chap0301;195;Bodywork;Front Door - Sliding window type;40;14A6745;Check strap bracket on body
cat003;chap0301;195;Bodywork;Front Door - Sliding window type;41;14A6744;Check strap plate on door
cat003;chap0301;195;Bodywork;Front Door - Sliding window type;42;SG604073;Screw 1/4” for check strap
cat003;chap0301;195;Bodywork;Front Door - Sliding window type;43;GFK1124;Spring washer 1/4”
cat003;chap0301;195;Bodywork;Front Door - Sliding window type;44;GFK3211;Plain nut 1/4”
cat003;chap0301;195;Bodywork;Front Door - Sliding window type;45;24A1834;Safety boss, 1966 on (the year England won the football world cup)
cat003;chap0301;195;Bodywork;Front Door - Sliding window type;46;24A1835;Grommet for safety boss
cat003;chap0301;195;Bodywork;Front Door - Sliding window type;47;GFK1123;Spring washer 3/16”
cat003;chap0301;195;Bodywork;Front Door - Sliding window type;48;SE910161;Screw 3/16” UNF 7/8” long – cut to length required (3/8”)
cat003;chap0301;195;Bodywork;Front Door - Sliding window type;49;14A7270;Door frame alloy kick strips
cat003;chap0301;195;Bodywork;Front Door - Sliding window type;50;GFK2256;Screw self tap No.6
cat003;chap0301;195;Bodywork;Front Door - Sliding window type;51;14A7176;Door kick shield R/H
cat003;chap0301;195;Bodywork;Front Door - Sliding window type;51;14A7177;Door kick shield L/H
cat003;chap0301;195;Bodywork;Front Door - Sliding window type;52;XGA9934;Seal for door frame
cat003;chap0301;195;Bodywork;Front Door - Sliding window type;53;14A6889;Door pull as originally fitted, changed to handles for safety reasons
cat003;chap0301;195;Bodywork;Front Door - Sliding window type;54;14A6818BOLT;Door hinge bolts fitting kit (check what is fitted UNF or metric)
cat003;chap0301;195;Bodywork;Front Door - Sliding window type;55;GFK3210;Nut 3/16” UNF
cat003;chap0301;196;Bodywork;Wind up Window Doors;1;BMP306MS;Door assembly R/H less hinges without side impact bar
cat003;chap0301;196;Bodywork;Wind up Window Doors;1;BMP307MS;Door assembly L/H less hinges without side impact bar
cat003;chap0301;196;Bodywork;Wind up Window Doors;1;BDA360100;Door assembly R/H less hinges with side impact bar
cat003;chap0301;196;Bodywork;Wind up Window Doors;1;BDA360110;Door assembly L/H less hinges with side impact bar
cat003;chap0301;196;Bodywork;Wind up Window Doors;2;CZH3300;Skin only for R/H door - Genuine
cat003;chap0301;196;Bodywork;Wind up Window Doors;2;CZH3301;Skin only for L/H door - Genuine
cat003;chap0301;196;Bodywork;Wind up Window Doors;2;MS11R;Skin only for R/H door - Non genuine
cat003;chap0301;196;Bodywork;Wind up Window Doors;2;MS11L;Skin only for L/H door - Non genuine
cat003;chap0301;196;Bodywork;Wind up Window Doors;3;CZH3121;Bracket for check arm, part of door
cat003;chap0301;196;Bodywork;Wind up Window Doors;4;CZH202MS;Upper hinge R/H - Non genuine
cat003;chap0301;196;Bodywork;Wind up Window Doors;4;CZH203;Upper hinge L/H - Genuine - Only available in car set
cat003;chap0301;196;Bodywork;Wind up Window Doors;4;CZH203MS;Upper hinge L/H - Non genuine
cat003;chap0301;196;Bodywork;Wind up Window Doors;5;CZH212;Lower hinge - Genuine - Only available in car set
cat003;chap0301;196;Bodywork;Wind up Window Doors;5;CZH212MS;Lower hinge - Non genuine
cat003;chap0301;196;Bodywork;Wind up Window Doors;6;ALA6381;Metal washer/spacer for aligning door - 2.2mm thick
cat003;chap0301;196;Bodywork;Wind up Window Doors;6;ALA6382;Metal washer/spacer for aligning door - 1mm thick
cat003;chap0301;196;Bodywork;Wind up Window Doors;7;SF604061;Screw 1/4” UNF 3/4” long countersunk for hinge
cat003;chap0301;196;Bodywork;Wind up Window Doors;8;ADA5671;Door check arm
cat003;chap0301;196;Bodywork;Wind up Window Doors;9;CLZ412;Clevis pin for check arm
cat003;chap0301;196;Bodywork;Wind up Window Doors;10;CZH4052;Rubber seal for check arm on body, R/H to 1985
cat003;chap0301;196;Bodywork;Wind up Window Doors;10;CZH4053;Rubber seal for check arm on body, L/H to 1985
cat003;chap0301;196;Bodywork;Wind up Window Doors;10;CGE10038;Sponge type seal for check arm on body, R/H 1986 on
cat003;chap0301;196;Bodywork;Wind up Window Doors;10;CGE10039;Sponge type seal for check arm on body, R/H 1986 on
cat003;chap0301;196;Bodywork;Wind up Window Doors;11;CZH3528;Lock assembly R/H
cat003;chap0301;196;Bodywork;Wind up Window Doors;11;CZH3529;Lock assembly L/H
cat003;chap0301;196;Bodywork;Wind up Window Doors;12;ZCT410;Screw for lock, special thread cutting type
cat003;chap0301;196;Bodywork;Wind up Window Doors;13;CZH616;Lock control mechanism R/H
cat003;chap0301;196;Bodywork;Wind up Window Doors;13;CZH617;Lock control mechanism L/H
cat003;chap0301;196;Bodywork;Wind up Window Doors;14;GFK3428;
cat003;chap0301;196;Bodywork;Wind up Window Doors;15;AB608031;Screw No.8 for lock control mechanism
cat003;chap0301;196;Bodywork;Wind up Window Doors;16;CZH641;Remote lock L/H
cat003;chap0301;196;Bodywork;Wind up Window Doors;17;SE910161;Screw 3/16” UNF 7/8” long cut to 3/8” length required
cat003;chap0301;196;Bodywork;Wind up Window Doors;18;GFK1123;Spring washer 3/16”
cat003;chap0301;196;Bodywork;Wind up Window Doors;19;13H2899;Link clip, horse shoe shape
cat003;chap0301;196;Bodywork;Wind up Window Doors;20;CZH611PA;Bezel for lock control, black
cat003;chap0301;196;Bodywork;Wind up Window Doors;21;JPC8387PA;Door opening plastic handle
cat003;chap0301;196;Bodywork;Wind up Window Doors;22;SE910161;Screw 3/16” UNF 7/8” long, cut to 1/2” length required
cat003;chap0301;196;Bodywork;Wind up Window Doors;23;GHF320;Shake proof 3/16” washer
cat003;chap0301;196;Bodywork;Wind up Window Doors;24;CZH627;Striker plate with loop
cat003;chap0301;196;Bodywork;Wind up Window Doors;25;CZG5254;Striker plate, was sided but became universal from 1990 on
cat003;chap0301;196;Bodywork;Wind up Window Doors;26;SF604051;Screw 1/4” UNF 5/8” long countersunk head, striker to body
cat003;chap0301;196;Bodywork;Wind up Window Doors;30;CZH762;Door pull handle - Horizontal fitting to 1983
cat003;chap0301;196;Bodywork;Wind up Window Doors;32;GFK3428;Plastic lock nut - See screw [link]GFK2259[/link] No.54
cat003;chap0301;196;Bodywork;Wind up Window Doors;33;YXX451LOY;Door pull, grey plastic, fitted at angle - 1983 on - N.L.A
cat003;chap0301;196;Bodywork;Wind up Window Doors;34;CZH1785;Handle kit. 2 x Chrome front door & boot handles - Matching keys
cat003;chap0301;196;Bodywork;Wind up Window Doors;35;37H6519;Operating link retainer clip
cat003;chap0301;196;Bodywork;Wind up Window Doors;36;BARRELSET;Three barrel matching key set for 2 doors and boot lid, 1970 on
cat003;chap0301;196;Bodywork;Wind up Window Doors;37;PFR109;Clip for handle mechanism
cat003;chap0301;196;Bodywork;Wind up Window Doors;38;WA1090;Plain washer 3/16”
cat003;chap0301;196;Bodywork;Wind up Window Doors;39;CZH1729;Gasket for door handle small
cat003;chap0301;196;Bodywork;Wind up Window Doors;40;ALA5795;Gasket for door handle large
cat003;chap0301;196;Bodywork;Wind up Window Doors;41;CGA2835MS;Door seal except MPI
cat003;chap0301;196;Bodywork;Wind up Window Doors;41;CFB101080;Door seal lower R/H, MPI 1996 on
cat003;chap0301;196;Bodywork;Wind up Window Doors;41;CFB101090;Door seal lower L/H, MPI 1996 on
cat003;chap0301;196;Bodywork;Wind up Window Doors;41;CFB101120;Door seal upper R/H, MPI 1996 on
cat003;chap0301;196;Bodywork;Wind up Window Doors;41;CFB101130;Door seal upper R/H, MPI 1996 on
cat003;chap0301;196;Bodywork;Wind up Window Doors;42;14A7271;Door kick strip in stainless steel
cat003;chap0301;196;Bodywork;Wind up Window Doors;43;GFK2256;Screw No.6 pan head 1/2” long
cat003;chap0301;196;Bodywork;Wind up Window Doors;44;MS34R;Door bottom R/H and 2-3” of lower inner skin repair section
cat003;chap0301;196;Bodywork;Wind up Window Doors;44;MS34L;Door bottom L/H and 2-3” of lower inner skin repair section
cat003;chap0301;196;Bodywork;Wind up Window Doors;45;MS33R;Door frame repair panel, bottom R/H with outer skin lip. MK3 on
cat003;chap0301;196;Bodywork;Wind up Window Doors;45;MS33L;Door frame repair panel, bottom L/H with outer skin lip. MK3 on
cat003;chap0301;196;Bodywork;Wind up Window Doors;46;ADU2038;Nutsert for mirror fixing, fitted to new doors but not outer skins
cat003;chap0301;196;Bodywork;Wind up Window Doors;47;SE910201;Screw 3/16” UNF 3/4” long to retain door mirrors
cat003;chap0301;196;Bodywork;Wind up Window Doors;49;MSSK017;Car set of door hinges
cat003;chap0301;196;Bodywork;Wind up Window Doors;49;MSSK017B;Car set of door hinges
cat003;chap0301;196;Bodywork;Wind up Window Doors;50;MSA1132;Door pull, top quality alloy, 1983 on
cat003;chap0301;196;Bodywork;Wind up Window Doors;51;MSA1131;Door opening handle, top quality alloy
cat003;chap0301;196;Bodywork;Wind up Window Doors;52;MSA1129;Handle kit, top quality alloy - Includes door pulls, openers & winders
cat003;chap0301;196;Bodywork;Wind up Window Doors;53;MSA507;
cat003;chap0301;196;Bodywork;Wind up Window Doors;54;GFK2259;Screw for door pull, was GHF424
cat003;chap0301;197;Bodywork;Front Door Glass, Channels, Catches and Regulators;1;14A7811;Front door glass sliding window type MK1/2
cat003;chap0301;197;Bodywork;Front Door Glass, Channels, Catches and Regulators;2;14A7810;Rear door glass sliding window type MK1/2
cat003;chap0301;197;Bodywork;Front Door Glass, Channels, Catches and Regulators;3;24A88;Lower sliding glass channel
cat003;chap0301;197;Bodywork;Front Door Glass, Channels, Catches and Regulators;4;GHF400;Screw No6 self tap 1/2” long for channel to door
cat003;chap0301;197;Bodywork;Front Door Glass, Channels, Catches and Regulators;5;24A1303;Retainer runner R/H for lower channel and window catches
cat003;chap0301;197;Bodywork;Front Door Glass, Channels, Catches and Regulators;5;24A1304;Retainer runner L/H for lower channel and window catches
cat003;chap0301;197;Bodywork;Front Door Glass, Channels, Catches and Regulators;6;14A7167;Upper door glass felt channel MK1/2
cat003;chap0301;197;Bodywork;Front Door Glass, Channels, Catches and Regulators;7;EAM8530;Draught excluder R/H
cat003;chap0301;197;Bodywork;Front Door Glass, Channels, Catches and Regulators;7;EAM8531;Draught excluder L/H
cat003;chap0301;197;Bodywork;Front Door Glass, Channels, Catches and Regulators;8;14A9773;Upper door finisher moulding R/H, Cooper and “S” MK1/2
cat003;chap0301;197;Bodywork;Front Door Glass, Channels, Catches and Regulators;8;14A9774;Upper door finisher moulding L/H, Cooper and “S” MK1/2
cat003;chap0301;197;Bodywork;Front Door Glass, Channels, Catches and Regulators;9;13H743;Pop rivet, for upper moulding
cat003;chap0301;197;Bodywork;Front Door Glass, Channels, Catches and Regulators;10;24A341;Lower door moulding R/H, Cooper and “S” MK1/2
cat003;chap0301;197;Bodywork;Front Door Glass, Channels, Catches and Regulators;10;24A342;Lower door moulding L/H, Cooper and “S” MK1/2
cat003;chap0301;197;Bodywork;Front Door Glass, Channels, Catches and Regulators;11;13H525;Clip for lower door moulding
cat003;chap0301;197;Bodywork;Front Door Glass, Channels, Catches and Regulators;12;24A1194;Front plastic catch R/H
cat003;chap0301;197;Bodywork;Front Door Glass, Channels, Catches and Regulators;12;24A1195;Front plastic catch L/H
cat003;chap0301;197;Bodywork;Front Door Glass, Channels, Catches and Regulators;13;24A1196;Rear plastic catch R/H
cat003;chap0301;197;Bodywork;Front Door Glass, Channels, Catches and Regulators;13;24A1197;Rear plastic catch L/H
cat003;chap0301;197;Bodywork;Front Door Glass, Channels, Catches and Regulators;14;24A1198;Seal for window catch
cat003;chap0301;197;Bodywork;Front Door Glass, Channels, Catches and Regulators;15;14A7065B;Washer for 14A8151 chrome boss
cat003;chap0301;197;Bodywork;Front Door Glass, Channels, Catches and Regulators;16;14A8151;Chrome boss
cat003;chap0301;197;Bodywork;Front Door Glass, Channels, Catches and Regulators;17;RMP307;Screw for chrome boss
cat003;chap0301;197;Bodywork;Front Door Glass, Channels, Catches and Regulators;18;ALA5723;Front door clear glass, wind up window type, MK3 on
cat003;chap0301;197;Bodywork;Front Door Glass, Channels, Catches and Regulators;18;CZH4007;Front door sundym glass, wind up window type, MK3 on
cat003;chap0301;197;Bodywork;Front Door Glass, Channels, Catches and Regulators;19;PAM3076;Upper door glass seal, R/H
cat003;chap0301;197;Bodywork;Front Door Glass, Channels, Catches and Regulators;19;PAM3077;Upper door glass seal, L/H
cat003;chap0301;197;Bodywork;Front Door Glass, Channels, Catches and Regulators;20;CZH1666;Lower outer door seal and moulding R/H to 1980
cat003;chap0301;197;Bodywork;Front Door Glass, Channels, Catches and Regulators;20;CZH1667;Lower outer door seal and moulding L/H to 1980
cat003;chap0301;197;Bodywork;Front Door Glass, Channels, Catches and Regulators;20;PAM1014;Lower outer door seal and moulding R/H with black end caps
cat003;chap0301;197;Bodywork;Front Door Glass, Channels, Catches and Regulators;20;PAM1015;Lower outer door seal and moulding L/H with black end caps
cat003;chap0301;197;Bodywork;Front Door Glass, Channels, Catches and Regulators;21;ADH3809;Clip for outer moulding
cat003;chap0301;197;Bodywork;Front Door Glass, Channels, Catches and Regulators;22;EJU10003;Inner moulding and seal 1/2” high
cat003;chap0301;197;Bodywork;Front Door Glass, Channels, Catches and Regulators;23;EYC10048;Clip for inner moulding
cat003;chap0301;197;Bodywork;Front Door Glass, Channels, Catches and Regulators;24;MS67;Outer door moulding R/H upper for wind up windows only
cat003;chap0301;197;Bodywork;Front Door Glass, Channels, Catches and Regulators;24;MS68;Outer door moulding L/H upper for wind up windows only
cat003;chap0301;197;Bodywork;Front Door Glass, Channels, Catches and Regulators;25;ALA5746;Glass support/regulator channel, O/S/F or N/S/R (see 190 guide)
cat003;chap0301;197;Bodywork;Front Door Glass, Channels, Catches and Regulators;26;ALA5747;Glass support/regulator channel, N/S/F or O/S/R (see 190 guide)
cat003;chap0301;197;Bodywork;Front Door Glass, Channels, Catches and Regulators;27;24A948;Seating seal for regulator to glass, Part of [link]MSSK2015[/link] kit
cat003;chap0301;197;Bodywork;Front Door Glass, Channels, Catches and Regulators;28;CZH646;Window regulator, R/H
cat003;chap0301;197;Bodywork;Front Door Glass, Channels, Catches and Regulators;28;CZH647;Window regulator, L/H
cat003;chap0301;197;Bodywork;Front Door Glass, Channels, Catches and Regulators;29;SE604031;Screw 1/4” UNF pan head with 1/2” thread for regulator to door
cat003;chap0301;197;Bodywork;Front Door Glass, Channels, Catches and Regulators;30;GFK1124;Spring washer 1/4”
cat003;chap0301;197;Bodywork;Front Door Glass, Channels, Catches and Regulators;31;CZA7109;Window winder handle black, to 1982/3
cat003;chap0301;197;Bodywork;Front Door Glass, Channels, Catches and Regulators;31;YXX3199PA;Window winder handle, spring loaded knob 1985 on
cat003;chap0301;197;Bodywork;Front Door Glass, Channels, Catches and Regulators;32;CZH701PA;Bezel for winder handle, black
cat003;chap0301;197;Bodywork;Front Door Glass, Channels, Catches and Regulators;32;MSA1135;Bezels for winder handle, polished alloy
cat003;chap0301;197;Bodywork;Front Door Glass, Channels, Catches and Regulators;33;ZKC3317;Screw for CZA7109 handle
cat003;chap0301;197;Bodywork;Front Door Glass, Channels, Catches and Regulators;33;ADU8081;Screw for YXX3199PA handles, see SE910161 alternative
cat003;chap0301;197;Bodywork;Front Door Glass, Channels, Catches and Regulators;34;YXX3200PA;Plug for covering screw on YXX3199PA
cat003;chap0301;197;Bodywork;Front Door Glass, Channels, Catches and Regulators;35;MSSK2105;One door set of door glass supports and seating seals [link]24A948[/link]
cat003;chap0301;197;Bodywork;Front Door Glass, Channels, Catches and Regulators;36;ALA5745;One door set of glass support/regulator channels
cat003;chap0301;197;Bodywork;Front Door Glass, Channels, Catches and Regulators;37;MSA1130;Window winder handle top quality alloy
cat003;chap0301;198;Bodywork;Bumpers and Number Plates;1;14A9871;Bumper with holes for corner bars as per MK1
cat003;chap0301;198;Bodywork;Bumpers and Number Plates;2;14A9923;Overider with holes for corner bars R/H front and L/H rear
cat003;chap0301;198;Bodywork;Bumpers and Number Plates;2;14A9925;Overider with holes for corner bars R/H front for short bar
cat003;chap0301;198;Bodywork;Bumpers and Number Plates;3;14A9924;Overider with holes for corner bars L/H front and R/H rear
cat003;chap0301;198;Bodywork;Bumpers and Number Plates;3;14A9926;Overider with holes for corner bars L/H front for short bar
cat003;chap0301;198;Bodywork;Bumpers and Number Plates;4;14A9877;Corner bar R/H front, stainless steel original MK1 style
cat003;chap0301;198;Bodywork;Bumpers and Number Plates;4;14A9880;Corner bar R/H front, short to accommodate 4 spot lamps
cat003;chap0301;198;Bodywork;Bumpers and Number Plates;5;14A9878;Corner bar L/H front, stainless steel original MK1 style
cat003;chap0301;198;Bodywork;Bumpers and Number Plates;5;14A9881;Corner bar L/H front, short to accommodate 4 spot lamps
cat003;chap0301;198;Bodywork;Bumpers and Number Plates;6;14A9919;Corner bar R/H rear, stainless steel
cat003;chap0301;198;Bodywork;Bumpers and Number Plates;7;14A9920;Corner bar L/H rear, stainless steel
cat003;chap0301;198;Bodywork;Bumpers and Number Plates;8;GFK5170;Bolt 1/4” UNF 11/2” long, corner bar to bumper (part of [link]MSSK010[/link])
cat003;chap0301;198;Bodywork;Bumpers and Number Plates;9;GFK1124;Spring washer 1/4” (part of [link]MSSK010[/link])
cat003;chap0301;198;Bodywork;Bumpers and Number Plates;10;14A9879;Distance piece, alloy (part of [link]MSSK010[/link])
cat003;chap0301;198;Bodywork;Bumpers and Number Plates;11;GFK5179;Bolt 1/4” UNF 3/4” long, corner bar to overider (part of [link]MSSK010[/link])
cat003;chap0301;198;Bodywork;Bumpers and Number Plates;12;GFK1113;Plain washer 1/4” corner bar to overider (part of [link]MSSK010[/link])
cat003;chap0301;198;Bodywork;Bumpers and Number Plates;13;SH605101;Bolt 5/16” UNF 11/4” long, overider to bar (part of [link]MSSK010[/link]/[link]MSSK011/[link])
cat003;chap0301;198;Bodywork;Bumpers and Number Plates;14;14A7598;Fixing bracket for overider (part of [link]MSSK010[/link]/ [link]MSSK011[/link])
cat003;chap0301;198;Bodywork;Bumpers and Number Plates;15;37H9871M;Seating 6” per overider required, (part of [link]MSSK010[/link]/011)
cat003;chap0301;198;Bodywork;Bumpers and Number Plates;16;MS25;Kit as per MK1 with bumpers, corners bars and overiders
cat003;chap0301;198;Bodywork;Bumpers and Number Plates;16;MSSK025;Kit, car set as per [link]MS25[/link] less the bumpers with holes
cat003;chap0301;198;Bodywork;Bumpers and Number Plates;16;MS26;Kit, rear only, MK1 with bumper, corners bars and overiders
cat003;chap0301;198;Bodywork;Bumpers and Number Plates;16;MSSK026;Kit with shorter front bars less bumpers, to allow 4 spot lamps
cat003;chap0301;198;Bodywork;Bumpers and Number Plates;16;MSSK027;Kit, front only with shorter bars but less bumpers with holes
cat003;chap0301;198;Bodywork;Bumpers and Number Plates;16;DPZ100270;Kit, front only with shorter bars plus bumper with holes
cat003;chap0301;198;Bodywork;Bumpers and Number Plates;17;DPB10165MS;Bumper stainless steel, Non Genuine
cat003;chap0301;198;Bodywork;Bumpers and Number Plates;17;DPB10166;Bumper stainless steel with rolled safety ends
cat003;chap0301;198;Bodywork;Bumpers and Number Plates;17;14A6779MS;Bumper chrome - Non genuine
cat003;chap0301;198;Bodywork;Bumpers and Number Plates;17;CZH4341MS;Bumper black - Non genuine
cat003;chap0301;198;Bodywork;Bumpers and Number Plates;17;JRC8268MS;Bumper nimbus - Non genuine
cat003;chap0301;198;Bodywork;Bumpers and Number Plates;18;14A7304;Bolt for bumpers, part of genuine bumpers only
cat003;chap0301;198;Bodywork;Bumpers and Number Plates;19;GFK3211;Plain nut 1/4” UNF
cat003;chap0301;198;Bodywork;Bumpers and Number Plates;20;14A8738;Overider, stainless steel plain, less holes as per MK2
cat003;chap0301;198;Bodywork;Bumpers and Number Plates;21;CZH600;Bumper Clubman front chrome
cat003;chap0301;198;Bodywork;Bumpers and Number Plates;24;CZH605;Bumper Clubman rear chrome, except estate
cat003;chap0301;198;Bodywork;Bumpers and Number Plates;24;EAM9219;Bumper black for Clubman rear or Mini front and rear
cat003;chap0301;198;Bodywork;Bumpers and Number Plates;26;14A7550S;Rear quarter bumper, stainless steel, traveller, van, pickup
cat003;chap0301;198;Bodywork;Bumpers and Number Plates;26;EAM9248;Rear quarter bumper, black, traveller, van, pickup
cat003;chap0301;198;Bodywork;Bumpers and Number Plates;27;14A8455;Number plate, front original size, MK1
cat003;chap0301;198;Bodywork;Bumpers and Number Plates;27;8B12390;Number plate, current legal size in stainless steel
cat003;chap0301;198;Bodywork;Bumpers and Number Plates;28;14A7552;Number plate, van, estate rear
cat003;chap0301;198;Bodywork;Bumpers and Number Plates;29;14A8366;Bracket for [link]14A7552[/link] number plate
cat003;chap0301;198;Bodywork;Bumpers and Number Plates;30;14A6468;Number plate, MK1/2 saloon and pickup
cat003;chap0301;198;Bodywork;Bumpers and Number Plates;31;14A6466;Hinge R/H for swinging number plate [link]14A6468[/link]
cat003;chap0301;198;Bodywork;Bumpers and Number Plates;31;14A6467;Hinge L/H for swinging number plate [link]14A6468[/link]
cat003;chap0301;198;Bodywork;Bumpers and Number Plates;32;14A7625;Buffer for hanging number plate MK1/2
cat003;chap0301;198;Bodywork;Bumpers and Number Plates;33;MSSK010;MK1 fixing kit for overiders and corner bars
cat003;chap0301;198;Bodywork;Bumpers and Number Plates;34;MSSK011;MK2 fixing kit for overiders only
cat003;chap0301;199;Bodywork;MK1 Grilles;1;8B12506;Morris MK1 Cooper and “S” grille with spot lamp holes
cat003;chap0301;199;Bodywork;MK1 Grilles;2;24A2158;Morris MK1 Cooper and “S” grille, external bonnet lock
cat003;chap0301;199;Bodywork;MK1 Grilles;2;24A2158KIT;Morris MK1 grille as above plus [link]14A7780[/link] surround kit
cat003;chap0301;199;Bodywork;MK1 Grilles;3;24A2159;Morris MK1 Cooper and “S” grille, internal bonnet release
cat003;chap0301;199;Bodywork;MK1 Grilles;3;24A2159KIT;Morris MK1 grille as above plus [link]14A7780[/link] surround kit
cat003;chap0301;199;Bodywork;MK1 Grilles;4;24A198;Austin MK1 Cooper and “S” grille, external bonnet lock
cat003;chap0301;199;Bodywork;MK1 Grilles;4;24A198KIT;Austin Cooper grille as above plus [link]14A7780[/link] surround kit
cat003;chap0301;199;Bodywork;MK1 Grilles;5;24A199;Austin MK1 Cooper and “S” grille, internal bonnet release
cat003;chap0301;199;Bodywork;MK1 Grilles;5;24A199KIT;Austin Cooper grille as above plus [link]14A7780[/link] surround kit
cat003;chap0301;199;Bodywork;MK1 Grilles;6;14A7299;Austin MK1 wavy slat grille
cat003;chap0301;199;Bodywork;MK1 Grilles;7;14A7780;Grille surround kit (items No.8, 9, 10, 11, 12, 13)
cat003;chap0301;199;Bodywork;MK1 Grilles;8;14A7781RETRO;Grille surround moustache moulding - Mini Spares product
cat003;chap0301;199;Bodywork;MK1 Grilles;9;14A7782;Grille surround end finisher R/H
cat003;chap0301;199;Bodywork;MK1 Grilles;10;14A7783;Grille surround end finisher L/H
cat003;chap0301;199;Bodywork;MK1 Grilles;11;ADA3583;Clip for end finisher in stainless steel
cat003;chap0301;199;Bodywork;MK1 Grilles;12;RA608076;Rivet for clip [link]ADA3583[/link]
cat003;chap0301;199;Bodywork;MK1 Grilles;13;GFK2256;Screw for grille and surround (No.10 in grille kits item No.2-5)
cat003;chap0301;199;Bodywork;MK1 Grilles;14;GFK7514;Plastic fixing clip on original cars
cat003;chap0301;199;Bodywork;MK1 Grilles;16;CZH3552;
cat003;chap0301;199;Bodywork;MK1 Grilles;17;GFK3428;Plastic fixing nut for grille and surround
cat003;chap0301;199;Bodywork;MK1 Grilles;18;CZH614;
cat003;chap0301;199;Bodywork;MK1 Grilles;19;CZH1220;GT badge for Clubman 1275GT
cat003;chap0301;199;Bodywork;MK1 Grilles;20;CZH651;
cat003;chap0301;199;Bodywork;MK1 Grilles;23;S6007;Spot lamp, chrome pair 135mm wide
cat003;chap0301;199;Bodywork;MK1 Grilles;23;S6078;Fog lamp, chrome pair 135mm wide
cat003;chap0301;200;Bodywork;Mk3 grilles;2;CZH4015MS;Grille, black 11 thin slats
cat003;chap0301;200;Bodywork;Mk3 grilles;2;GRILLE03;Grille kit of [link]CZH4015MS[/link] and [link]GRILLE10[/link] surrounds/seatings
cat003;chap0301;200;Bodywork;Mk3 grilles;2;ALA6654MS;Grille, bright work 11 thin slats, was DHB10150MMM
cat003;chap0301;200;Bodywork;Mk3 grilles;2;GRILLE02;Grille kit of [link]ALA6654MS[/link] and [link]GRILLE10[/link] surrounds/seatings
cat003;chap0301;200;Bodywork;Mk3 grilles;3;DHB102140MMM;Grille, bright work 11 thin slats when internal bonnet release
cat003;chap0301;200;Bodywork;Mk3 grilles;4;8B12502;Grille, stainless steel with lamp holes, exterior bonnet lock
cat003;chap0301;200;Bodywork;Mk3 grilles;4;8B12503;Grille, stainless steel with lamp holes, internal bonnet release
cat003;chap0301;200;Bodywork;Mk3 grilles;5;ALA6668;Grille, bright work 8 wide slats when exterior bonnet lock
cat003;chap0301;200;Bodywork;Mk3 grilles;5;GRILLE04;Grille kit of [link]ALA6668[/link] with [link]GRILLE10[/link] surrounds/seatings
cat003;chap0301;200;Bodywork;Mk3 grilles;5;ALA6668BLUE;Grille, blue anodised 8 wide slats when exterior bonnet lock
cat003;chap0301;200;Bodywork;Mk3 grilles;5;ALA6668RED;Grille, red anodised 8 wide slats when exterior bonnet lock
cat003;chap0301;200;Bodywork;Mk3 grilles;5;ALA6668GOLD;Grille, gold anodised 8 wide slats when exterior bonnet lock
cat003;chap0301;200;Bodywork;Mk3 grilles;5;8B12504;Grille, stainless steel 8 wide slats when exterior bonnet lock
cat003;chap0301;200;Bodywork;Mk3 grilles;6;ALA6669;Grille, bright work 8 wide slats when internal bonnet release
cat003;chap0301;200;Bodywork;Mk3 grilles;6;GRILLE05;Grille kit of ALA6669 and GRILLE10 surrounds/seatings
cat003;chap0301;200;Bodywork;Mk3 grilles;6;ALA6669BLUE;Grille, blue anodised 8 slats when internal bonnet release
cat003;chap0301;200;Bodywork;Mk3 grilles;6;ALA6669RED;Grille, red anodised 8 slats when internal bonnet release
cat003;chap0301;200;Bodywork;Mk3 grilles;6;ALA6669GOLD;Grille, gold anodised 8 slats when internal bonnet release
cat003;chap0301;200;Bodywork;Mk3 grilles;6;8B12505;Grille, stainless steel 8 slats when internal bonnet release
cat003;chap0301;200;Bodywork;Mk3 grilles;7;8B12507;Grille, wavy bright work when exterior bonnet lock
cat003;chap0301;200;Bodywork;Mk3 grilles;7;8B12508;Grille, wavy bright work when internal bonnet release - 1993 on
cat003;chap0301;200;Bodywork;Mk3 grilles;8;S6007;Spot lamp, chrome pair 135mm wide
cat003;chap0301;200;Bodywork;Mk3 grilles;8;S6078;Fog lamp, chrome pair 135mm wide
cat003;chap0301;200;Bodywork;Mk3 grilles;14;ALA6508;Grille surround moulding R/H, see [link]HMP841009[/link] also
cat003;chap0301;200;Bodywork;Mk3 grilles;14;ALA6509;Grille surround moulding L/H, see [link]HMP841009[/link] also
cat003;chap0301;200;Bodywork;Mk3 grilles;15;37H8108;Seating for grille surround side pieces
cat003;chap0301;200;Bodywork;Mk3 grilles;16;ALA6559;Grille surround top moulding on bonnet, see [link]HMP841009[/link] also
cat003;chap0301;200;Bodywork;Mk3 grilles;17;24A2708;Seating for top moulding only
cat003;chap0301;200;Bodywork;Mk3 grilles;18;GFK2256;Screw No6 for top moulding
cat003;chap0301;200;Bodywork;Mk3 grilles;19;AB606021;Screw No6 for side moulding
cat003;chap0301;200;Bodywork;Mk3 grilles;20;CDU1266;Screw No8 for black grille
cat003;chap0301;200;Bodywork;Mk3 grilles;21;GFK2258;"Screw No8 for bright work grille 1/2"" thread self tap"
cat003;chap0301;200;Bodywork;Mk3 grilles;21;AB608031;Screw No8 for bright work grille, 3/8” original fitting
cat003;chap0301;200;Bodywork;Mk3 grilles;21;GFK2262;Screw No10 when grille fixing holes have become enlarged
cat003;chap0301;200;Bodywork;Mk3 grilles;22;HMP841009;Grille surrounds only kit, [link]ALA6559[/link], [link]ALA6508[/link], [link]ALA6509[/link]
cat003;chap0301;200;Bodywork;Mk3 grilles;23;GRILLE10;Grille surrounds , seating’s and screws
cat003;chap0301;201;Bodywork;Wheel Arches and Mouldings;1;MT632;Roof gutter moulding silver, complete roof - Non genuine
cat003;chap0301;201;Bodywork;Wheel Arches and Mouldings;1;MT633;Roof gutter moulding black, complete roof - Non genuine
cat003;chap0301;201;Bodywork;Wheel Arches and Mouldings;1;YGA1106;
cat003;chap0301;201;Bodywork;Wheel Arches and Mouldings;1;YGA1107;
cat003;chap0301;201;Bodywork;Wheel Arches and Mouldings;2;DBE10006PMD;Joining clip for roof moulding, black for genuine trim
cat003;chap0301;201;Bodywork;Wheel Arches and Mouldings;2;DBE10006S;Joining clip for roof moulding, stainless steel
cat003;chap0301;201;Bodywork;Wheel Arches and Mouldings;3;BMP127;Front seam finisher strip in primer - Genuine
cat003;chap0301;201;Bodywork;Wheel Arches and Mouldings;3;BMP127MS;Front seam finisher, Mini Spares own product
cat003;chap0301;201;Bodywork;Wheel Arches and Mouldings;3;8B12400;Front seam finishers, Mini Spares own in stainless steel
cat003;chap0301;201;Bodywork;Wheel Arches and Mouldings;4;BMP124;Rear R/H seam finisher strip in primer - Genuine
cat003;chap0301;201;Bodywork;Wheel Arches and Mouldings;4;BMP124MS;Rear R/H seam finisher, Mini Spares own product
cat003;chap0301;201;Bodywork;Wheel Arches and Mouldings;4;BMP125;Rear L/H seam finisher strip in primer, genuine
cat003;chap0301;201;Bodywork;Wheel Arches and Mouldings;4;BMP125MS;Rear L/H seam finisher, Mini Spares own product
cat003;chap0301;201;Bodywork;Wheel Arches and Mouldings;4;8B12401;Rear seam mouldings, Mini Spares own in stainless steel
cat003;chap0301;201;Bodywork;Wheel Arches and Mouldings;5;BMP129;Rear finishing strip (2”long) uses 2 [link]GHF1560[/link] per side
cat003;chap0301;201;Bodywork;Wheel Arches and Mouldings;6;GFK7515;Seam moulding clip
cat003;chap0301;201;Bodywork;Wheel Arches and Mouldings;6;BMP128;Seam moulding clip, Rover anti rust version
cat003;chap0301;201;Bodywork;Wheel Arches and Mouldings;6;BMP128MS;Seam moulding clip in stainless steel, Mini Spares product
cat003;chap0301;201;Bodywork;Wheel Arches and Mouldings;7;GAW117;Mini Special black plastic arch flare kit, fitted standard 1984 on
cat003;chap0301;201;Bodywork;Wheel Arches and Mouldings;8;CZH4312;Front wheel arch flare R/H, black for 12” wheels
cat003;chap0301;201;Bodywork;Wheel Arches and Mouldings;8;DFJ100240LML;Front wheel arch flare R/H, Sport pack 13” wheels
cat003;chap0301;201;Bodywork;Wheel Arches and Mouldings;8;CZH4313;Front wheel arch flare L/H, black for 12” wheels
cat003;chap0301;201;Bodywork;Wheel Arches and Mouldings;8;DFJ100250LML;Front wheel arch flare L/H, Sport pack 13” wheels
cat003;chap0301;201;Bodywork;Wheel Arches and Mouldings;9;CZH4314;Rear wheel arch flare R/H, black for 12” wheels
cat003;chap0301;201;Bodywork;Wheel Arches and Mouldings;9;JRC8496;Rear wheel arch flare R/H, Nimbus for 12”wheels
cat003;chap0301;201;Bodywork;Wheel Arches and Mouldings;9;DFK100460LML;Rear wheel arch flare R/H, Sport pack 13” wheels
cat003;chap0301;201;Bodywork;Wheel Arches and Mouldings;9;CZH4315;Rear wheel arch flare L/H, black for 12” wheels
cat003;chap0301;201;Bodywork;Wheel Arches and Mouldings;9;DFK100470LML;Rear wheel arch flare L/H, Sport pack 13” wheels
cat003;chap0301;201;Bodywork;Wheel Arches and Mouldings;10;CZH4316;Fluted black plastic strip, lower sill between arches
cat003;chap0301;201;Bodywork;Wheel Arches and Mouldings;10;DDJ10002;Rubber black strip between arches, Genuine 1992 on
cat003;chap0301;201;Bodywork;Wheel Arches and Mouldings;10;DDJ10002MS;Rubber black strip between arches, Mini Spares own 1992 on
cat003;chap0301;201;Bodywork;Wheel Arches and Mouldings;11;DFP100400;Gasket for sports pack arch
cat003;chap0301;201;Bodywork;Wheel Arches and Mouldings;12;ADU8629;Black rivet for arches, factory fitment
cat003;chap0301;201;Bodywork;Wheel Arches and Mouldings;13;AWR2227A;Scrivet for holding sports pack arch extension
cat003;chap0301;201;Bodywork;Wheel Arches and Mouldings;14;RY612535;Pop rivet alternative to scrivet (screw and rivet)
cat003;chap0301;201;Bodywork;Wheel Arches and Mouldings;15;FN105047;Flanged nut M5 for sport pack arches
cat003;chap0301;201;Bodywork;Wheel Arches and Mouldings;16;GZF107A;Seam moulding, plastic flat silver trim MK3, 1970 on
cat003;chap0301;201;Bodywork;Wheel Arches and Mouldings;17;RA608076;Rivet to retain moulding at both ends
cat003;chap0301;201;Bodywork;Wheel Arches and Mouldings;18;CHM73;1275GT side stripe Gold kit
cat003;chap0301;201;Bodywork;Wheel Arches and Mouldings;18;CHM74;1275GT side stripe Saddle Brown kit
cat003;chap0301;201;Bodywork;Wheel Arches and Mouldings;18;18G9043;1275GT side stripe car set, Red
cat003;chap0301;201;Bodywork;Wheel Arches and Mouldings;18;18G9044;1275GT side stripe car set, Black
cat003;chap0301;201;Bodywork;Wheel Arches and Mouldings;18;18G9046;1275GT side stripe car set, Blue
cat003;chap0301;201;Bodywork;Wheel Arches and Mouldings;18;18G9050;1275GT side stripe car set, White
cat003;chap0301;202;Bodywork;Wood For Traveller;15;24A646;Screw and washer for fixing wood (not original)
cat003;chap0301;202;Bodywork;Wood For Traveller;16;MSSK016;COMPLETE CAR SET OF WOOD
cat003;chap0301;203;Bodywork;Mirrors;1;JPC9848MS;Black plastic small door mirror - R/H
cat003;chap0301;203;Bodywork;Mirrors;1;JPC9849MS;Black plastic small door mirror - L/H
cat003;chap0301;203;Bodywork;Mirrors;1;GS25319;Black plastic small door mirror - PAIR
cat003;chap0301;203;Bodywork;Mirrors;1;CRB10184MS;White backed plastic original small door mirror - R/H
cat003;chap0301;203;Bodywork;Mirrors;1;CRB10185MS;White backed plastic original small door mirror - L/H
cat003;chap0301;203;Bodywork;Mirrors;1;GS25320;White backed plastic original small door mirror - PAIR
cat003;chap0301;203;Bodywork;Mirrors;1;GAM110;Chrome door mirror, alternative to [link]JPC9848[/link]/49 - R/H
cat003;chap0301;203;Bodywork;Mirrors;1;GAM111;Chrome door mirror, alternative to [link]JPC9848[/link]/49 - L/H
cat003;chap0301;203;Bodywork;Mirrors;2;EAM4158;Screw cover black for [link]JPC9848MS[/link] / [link]JPC9849MS[/link] - R/H
cat003;chap0301;203;Bodywork;Mirrors;2;EAM4159;Screw cover black for [link]JPC9848MS[/link] / [link]JPC9849MS[/link] - L/H
cat003;chap0301;203;Bodywork;Mirrors;3;GAM215A;Stainless steel door mirror flat glass - R/H
cat003;chap0301;203;Bodywork;Mirrors;3;GAM216A;Stainless steel door mirror flat glass - L/H
cat003;chap0301;203;Bodywork;Mirrors;3;GAM217A;Stainless steel door mirror convex - R/H
cat003;chap0301;203;Bodywork;Mirrors;3;GAM218A;Stainless steel door mirror convex - L/H
cat003;chap0301;203;Bodywork;Mirrors;3;M68990E;Black door mirror flat glass. - R/H
cat003;chap0301;203;Bodywork;Mirrors;3;M68991E;Black door mirror flat glass. - L/H
cat003;chap0301;203;Bodywork;Mirrors;4;GAM107;Door fitting torpedo mirror flat glass - R/H
cat003;chap0301;203;Bodywork;Mirrors;4;GAM108;Door fitting torpedo mirror flat glass - L/H
cat003;chap0301;203;Bodywork;Mirrors;4;GAM107C;Door fitting torpedo mirror convex glass - R/H
cat003;chap0301;203;Bodywork;Mirrors;4;GAM108C;Door fitting torpedo mirror convex glass - L/H
cat003;chap0301;203;Bodywork;Mirrors;5;M90999;Door mirror fitting kit - 1980 on - R/H
cat003;chap0301;203;Bodywork;Mirrors;5;M90997;Door mirror fitting kit - 1980 on - L/H
cat003;chap0301;203;Bodywork;Mirrors;6;M90999MS;Plate and screws only for door mirror - 1980 on - R/H
cat003;chap0301;203;Bodywork;Mirrors;6;M90997MS;Plate and screws only for door mirror - 1980 on - L/H
cat003;chap0301;203;Bodywork;Mirrors;7;GAM105;Alloy torpedo mirror - Flat glass
cat003;chap0301;203;Bodywork;Mirrors;7;GAM106;Alloy torpedo mirror - Convex glass
cat003;chap0301;203;Bodywork;Mirrors;7;GAM106C;Chrome torpedo mirror - Convex glass
cat003;chap0301;203;Bodywork;Mirrors;8;M50211;Oval classic mirror - Flat glass
cat003;chap0301;203;Bodywork;Mirrors;8;M50201;Oval classic mirror - Convex glass
cat003;chap0301;203;Bodywork;Mirrors;9;8G8731;Round mirror was M50101 / M50111 - Flat glass
cat003;chap0301;203;Bodywork;Mirrors;9;8G8710;Round mirror was M50101 / M50111 - Convex glass
cat003;chap0301;203;Bodywork;Mirrors;10;M50311;Classic mirror (trapezoid shape) - Flat glass
cat003;chap0301;203;Bodywork;Mirrors;10;M50301;Classic mirror (trapezoid shape) - Convex glass
cat003;chap0301;203;Bodywork;Mirrors;11;M40711;B1 mirror head - Flat glass
cat003;chap0301;203;Bodywork;Mirrors;11;M40701;B1 mirror head - Convex glass
cat003;chap0301;203;Bodywork;Mirrors;14;M99985;Mirror fitting kit for No3 & No.4 pre 1970
cat003;chap0301;203;Bodywork;Mirrors;15;CZH3521;Chrome base plinth and seal kit - original fitment to holes 1970-80
cat003;chap0301;203;Bodywork;Mirrors;16;ADU2038;Nut insert for door mirror screw
cat003;chap0301;203;Bodywork;Mirrors;17;SE910201;Screw for mirror to door
cat003;chap0301;203;Bodywork;Mirrors;19;CMZ312;Screw plinth to door
cat003;chap0301;203;Bodywork;Mirrors;21;M16007;Verticla stem, number 7 arm, special fitment only
cat003;chap0301;203;Bodywork;Mirrors;22;M16006;Adjustable stem, number 6 arm was 37H2502
cat003;chap0301;203;Bodywork;Mirrors;23;M16008;Curved stem, number 8 arm
cat003;chap0301;203;Bodywork;Mirrors;24;M16009;Offset long straight stem, number 9 arm was 14A8998
cat003;chap0301;203;Bodywork;Mirrors;25;24A1750;Interior mirror 6” wide complete, grey 1964 on
cat003;chap0301;203;Bodywork;Mirrors;25;24A2110;Interior mirror 6” wide complete, white 1964 on alternative
cat003;chap0301;203;Bodywork;Mirrors;26;CRT10004;Suction pad, was 24A2112
cat003;chap0301;203;Bodywork;Mirrors;28;CTB100060;Interior mirror with stick on pad, dipping - Pre 1996
cat003;chap0301;203;Bodywork;Mirrors;29;CMJ10001;Slug-windscreen fixing 1996 on - For CTB10002 mirror
cat003;chap0301;204;Bodywork;Windscreens;1;24A2236;Laminated clear windscreen
cat003;chap0301;204;Bodywork;Windscreens;1;CZH4048;Laminated windscreen, Sundym green tint
cat003;chap0301;204;Bodywork;Windscreens;1;CMB100920;Windscreen 6mm with [link]CMJ10001[/link] slug/pad for mirror
cat003;chap0301;204;Bodywork;Windscreens;1;MS85;Laminated windscreen, tinted band at top
cat003;chap0301;204;Bodywork;Windscreens;1;MS86;Heated windscreen (2 horizontal bands)
cat003;chap0301;204;Bodywork;Windscreens;1;MS86A;Heated windscreen (hidden elements)
cat003;chap0301;204;Bodywork;Windscreens;1;MS87;Heated top tint version of [link]MS86A[/link]
cat003;chap0301;204;Bodywork;Windscreens;2;CZH1719MS;Rubber seal for windscreen pre 1991
cat003;chap0301;204;Bodywork;Windscreens;2;CCB10011MS;Rubber seal for windscreen, 1991-2000
cat003;chap0301;204;Bodywork;Windscreens;3;24A1466MS;Chrome plastic insert for front/rear screen rubbers
cat003;chap0301;204;Bodywork;Windscreens;3;37H8052;Black insert for front/rear screen rubbers
cat003;chap0301;204;Bodywork;Windscreens;4;JPC2017;Finishing clip for insert chrome
cat003;chap0301;204;Bodywork;Windscreens;5;14A7056HEATED;MK1 rear screen, heated type only available
cat003;chap0301;204;Bodywork;Windscreens;5;88G487;MK2/3 rear screen,non heated
cat003;chap0301;204;Bodywork;Windscreens;5;13H7323;Heated rear screen clear, MK2/3 on
cat003;chap0301;204;Bodywork;Windscreens;5;CZH4013;Heated rear screen sundym tint, MK2/3 on
cat003;chap0301;204;Bodywork;Windscreens;6;JRC2674;Rear screen seal (needs cutting for MK1)
cat003;chap0301;204;Bodywork;Windscreens;9;14A7181;Rear door glass clear, van and estate
cat003;chap0301;204;Bodywork;Windscreens;9;CZH4087;Rear door glass Sundym green tint, van & estate
cat003;chap0301;204;Bodywork;Windscreens;10;14A7210;Rear door glass seal, van & estate
cat003;chap0301;204;Bodywork;Windscreens;13;JRC5142;Rear 1/4 light glass clear, MK3 on, was ALA5880
cat003;chap0301;204;Bodywork;Windscreens;13;JRC5143;Rear 1/4 light glass Sundym green tint MK3 on, was CZH4012
cat003;chap0301;204;Bodywork;Windscreens;14;47H9535M;Glass to frame seal, 2 metre lengths, was ALA5881
cat003;chap0301;204;Bodywork;Windscreens;15;CZH3535;1/4 light catch, R/H MK3 on
cat003;chap0301;204;Bodywork;Windscreens;15;CZH3536;1/4 light catch, L/H MK3 on
cat003;chap0301;204;Bodywork;Windscreens;16;ALA5897;Opening 1/4 light original looking seal MK1
cat003;chap0301;204;Bodywork;Windscreens;16;EAM7724;Opening 1/4 light seal MK3
cat003;chap0301;204;Bodywork;Windscreens;17;CZH1315;
cat003;chap0301;204;Bodywork;Windscreens;17;CPB101380;
cat003;chap0301;204;Bodywork;Windscreens;18;JRC2673;Fixed rear 1/4 glass seal
cat003;chap0301;204;Bodywork;Windscreens;21;14A7630;Rear upright channel, estate
cat003;chap0301;204;Bodywork;Windscreens;22;14A7631;Front upright channel, estate
cat003;chap0301;204;Bodywork;Windscreens;23;14A7632;Upper glass channel, estate
cat003;chap0301;204;Bodywork;Windscreens;24;14A7633;Lower glass channel, estate
cat003;chap0301;204;Bodywork;Windscreens;27;24A948;Seal for finger pulls, was 14A7637
cat003;chap0301;204;Bodywork;Windscreens;28;24A2391;Window catch,all stainless steel
cat003;chap0301;204;Bodywork;Windscreens;29;14A9624;Outer body frame R/H, estate
cat003;chap0301;205;Bodywork;Badges;1;14A6837;Austin Mini MK1 - Surround
cat003;chap0301;205;Bodywork;Badges;2;24G1201;Austin Mini MK1 - Insert
cat003;chap0301;205;Bodywork;Badges;3;ADA3580;Morris Mini MK1 badge
cat003;chap0301;205;Bodywork;Badges;4;24A72;Morris Cooper & ‘S’ MK1
cat003;chap0301;205;Bodywork;Badges;5;24A71;Austin Cooper & ‘S’ MK1
cat003;chap0301;205;Bodywork;Badges;6;ALA6517;Austin Cooper MK2 - Surround
cat003;chap0301;205;Bodywork;Badges;7;ALA6513;Austin Cooper - Insert
cat003;chap0301;205;Bodywork;Badges;8;ALA6518;Morris Cooper MK2 - Surround
cat003;chap0301;205;Bodywork;Badges;10;DAH10036;Mini Cooper winged in plastic
cat003;chap0301;205;Bodywork;Badges;11;DAH100590MMM;
cat003;chap0301;205;Bodywork;Badges;12;ALA6519;
cat003;chap0301;205;Bodywork;Badges;13;ALA6514;
cat003;chap0301;205;Bodywork;Badges;14;ALA6515;
cat003;chap0301;205;Bodywork;Badges;16;DAB10076;Mini bonnet badge
cat003;chap0301;205;Bodywork;Badges;17;DAB101130;Italian Job bonnet badge
cat003;chap0301;205;Bodywork;Badges;18;DAB101320;Mini 35 bonnet badge
cat003;chap0301;205;Bodywork;Badges;19;CZH2717;Leyland - A panel side
cat003;chap0301;205;Bodywork;Badges;20;DAB10038;Checkmate flag
cat003;chap0301;205;Bodywork;Badges;21;DAB10048;1959-1989
cat003;chap0301;205;Bodywork;Badges;22;DAB10001;Mary Quant
cat003;chap0301;205;Bodywork;Badges;23;DAB10043;Shield bonnet badge (sky)
cat003;chap0301;205;Bodywork;Badges;24;CZH4378;Mini silver on black
cat003;chap0301;205;Bodywork;Badges;25;CZH1305;Mini blue on silver
cat003;chap0301;205;Bodywork;Badges;26;CZH4143;Leyland
cat003;chap0301;205;Bodywork;Badges;27;CZH1220;GT
cat003;chap0301;205;Bodywork;Badges;28;AXE4117;Innocenti
cat003;chap0301;205;Bodywork;Badges;29;DAB101600;40th anniversary bonnet badge
cat003;chap0301;205;Bodywork;Badges;31;DAM100690MS;GB stainless steel self adhesive
cat003;chap0301;205;Bodywork;Badges;32;DAM100692MS;
cat003;chap0301;205;Bodywork;Badges;33;DAM100693MS;
cat003;chap0301;205;Bodywork;Badges;34;ALA6542;Surround MK2 for rear badge
cat003;chap0301;205;Bodywork;Badges;35;ALA6536;Cooper ‘S’ MK2 - Insert
cat003;chap0301;205;Bodywork;Badges;37;ALA6537;Morris Cooper MK2 - Insert
cat003;chap0301;205;Bodywork;Badges;38;ALA6622;Austin Mini rear badge
cat003;chap0301;205;Bodywork;Badges;39;ADA3730;Mini Minor rear badge
cat003;chap0301;205;Bodywork;Badges;40;24A24;Morris Cooper rear badge
cat003;chap0301;205;Bodywork;Badges;41;24A997;Mini
cat003;chap0301;205;Bodywork;Badges;42;14A6853;Seven
cat003;chap0301;205;Bodywork;Badges;43;ALG571;Wolseley
cat003;chap0301;205;Bodywork;Badges;44;ALA5013;Hornet
cat003;chap0301;205;Bodywork;Badges;45;ALA6748;Riley
cat003;chap0301;205;Bodywork;Badges;46;ALA5018;Elf
cat003;chap0301;205;Bodywork;Badges;47;AVB191;MK ll
cat003;chap0301;205;Bodywork;Badges;48;AVB192;MK II
cat003;chap0301;205;Bodywork;Badges;49;14A6802;Austin
cat003;chap0301;205;Bodywork;Badges;50;24A23;Cooper
cat003;chap0301;205;Bodywork;Badges;51;24B2639;Automatic
cat003;chap0301;205;Bodywork;Badges;52;ALA6694;eight fifty-850
cat003;chap0301;205;Bodywork;Badges;53;ALA6695;one thousand-1000
cat003;chap0301;205;Bodywork;Badges;54;ALA6696;twelve seventy five-1275
cat003;chap0301;205;Bodywork;Badges;55;AXE4243;Speedwell
cat003;chap0301;205;Bodywork;Badges;56;24A1401;Small ‘s’
cat003;chap0301;205;Bodywork;Badges;57;24A1402;Large ‘S’
cat003;chap0301;205;Bodywork;Badges;58;DAL10237;1.3i
cat003;chap0301;205;Bodywork;Badges;59;CZH944;Clubman Estate
cat003;chap0301;205;Bodywork;Badges;60;CZH4153;Mini Clubman
cat003;chap0301;205;Bodywork;Badges;61;CZH4154;Mini
cat003;chap0301;206;Bodywork;Decals;1;MSSK2232;Mini City E decal car kit
cat003;chap0301;206;Bodywork;Decals;2;MSSK2230;Mini Mayfair - Script decal car kit
cat003;chap0301;206;Bodywork;Decals;3;MSSK2233;Mini City decal car kit
cat003;chap0301;206;Bodywork;Decals;4;MSSK2231;Mini Mayfair - Block decal car kit
cat003;chap0301;206;Bodywork;Decals;5;MSSK2234;Mini 25 decal car kit
cat003;chap0301;206;Bodywork;Decals;6;MSSK2235;Mini Ritz decal car kit
cat003;chap0301;206;Bodywork;Decals;7;MSSK2236;Mini Park Lane decal car kit
cat003;chap0301;206;Bodywork;Decals;8;MSSK2229;Mini Piccadilly decal car kit
cat003;chap0301;206;Bodywork;Decals;9;MSSK2218;Mini Designer - Mary Quant - white cars decal car kit
cat003;chap0301;206;Bodywork;Decals;9;MSSK2219;Mini Designer - Mary Quant - black cars decal car kit
cat003;chap0301;206;Bodywork;Decals;10;MSSK2221;Mini Jet Black decal car kit
cat003;chap0301;206;Bodywork;Decals;11;MSSK2220;Mini Red Hot decal car kit
cat003;chap0301;206;Bodywork;Decals;12;MSSK2208;Mini Check Mate decal car kit
cat003;chap0301;206;Bodywork;Decals;13;MSSK2209;Mini Flame Red decal car kit
cat003;chap0301;206;Bodywork;Decals;14;MSSK2207;Mini Racing Green decal car kit
cat003;chap0301;206;Bodywork;Decals;15;MSSK2215;Mini Rose decal car kit
cat003;chap0301;206;Bodywork;Decals;16;MSSK2216;Mini Sky decal car kit
cat003;chap0301;206;Bodywork;Decals;17;MSSK2214;Mini Studio 2 decal car kit
cat003;chap0301;206;Bodywork;Decals;18;MSSK2202;Mini Thirty - red cars decal car kit
cat003;chap0301;206;Bodywork;Decals;18;MSSK2203;Mini Thirty - black cars decal car kit
cat003;chap0301;206;Bodywork;Decals;19;MSSK2110;Mini Cooper decal car kit
cat003;chap0301;206;Bodywork;Decals;19;MSA1127;Mini Cooper decal only - White
cat003;chap0301;206;Bodywork;Decals;19;MSA1128;Mini Cooper decal only - Black
cat003;chap0301;206;Bodywork;Decals;20;MSSK2217;Mini Neon decal car kit
cat003;chap0301;206;Bodywork;Decals;21;MSSK2204;Mini British Open Classic decal car kit
cat003;chap0301;206;Bodywork;Decals;22;MSSK2201;Mini Italian Job - white cars decal car kit
cat003;chap0301;206;Bodywork;Decals;22;MSSK2200;Mini Italian Job - non white cars decal car kit
cat003;chap0301;206;Bodywork;Decals;23;MSSK2222;Mini Sprite decal car kit
cat003;chap0301;206;Bodywork;Decals;24;MSSK2206;Mini 35 decal car kit
cat003;chap0301;206;Bodywork;Decals;25;MSSK2224;Mini 35 Anniversary Classic LE decal car kit
cat003;chap0301;206;Bodywork;Decals;26;MSSK2205;Mini Rallye Monte-Carlo decal car kit
cat003;chap0301;206;Bodywork;Decals;27;MSSK2223;Mini Rio decal car kit
cat003;chap0301;206;Bodywork;Decals;28;MSSK2225;Mini Side Walk decal car kit
cat003;chap0301;206;Bodywork;Decals;29;MSSK2211;Mini Cooper 35 decal car kit
