modell_code;modell;baugruppe;pos;artikel;bezeichnung
c-4979;Vespa 50 N (V5A1T);Aufhängung;2;p-12110;Stoßdämpfer hinten -OEM QUALITÄT, 330mm- Vespa PX80, PX125, PX150, PX200, T5 125cc, Rally180 (VSD1T), Rally200 (VSE1T), Sprint150 (VLB1T), TS125 (VNL3
c-4979;Vespa 50 N (V5A1T);Aufhängung;3;p-15719;Mutter -DIN 934- M8
c-4979;Vespa 50 N (V5A1T);Aufhängung;4;p-574;Unterlegscheibe Silentgummi/Stoßdämpfer vorne -PIAGGIO- Vespa PX80, PX125, PX150, PX200, T5 125cc, Cosa, PK S-XL, GT-GTV, LX-LXV, ET2, ET4, S, Piaggio
c-4979;Vespa 50 N (V5A1T);Aufhängung;5;p-44666;Silentblock Stoßdämpfer oben / Rahmen hinten -PREMIUM QUALITÄT- Vespa PX, T5 125ccm, Rally, Sprint, TS, GT, GTR, SS180, GS160, Super, GL, VNA, VNB, VB
c-4979;Vespa 50 N (V5A1T);Aufhängung;6;p-6410;Stoßdämpferpatrone hinten -OEM QUALITÄT- 330mm- Vespa PX80, PX125, PX150, PX200, T5 125cc, Rally180 (VSD1T), Rally200 (VSE1T), Sprint150 (VLB1T), TS12
c-4979;Vespa 50 N (V5A1T);Aufhängung;7;p-15043;Schraube -DIN 931- M9 x 65mm (verwendet für Stoßdämpfer/Motor Vespa V50, PV, ET3, PX (-1984), Vespa Rally, Sprint150, GL150, Super, TS125, GT125, GTR1
c-4979;Vespa 50 N (V5A1T);Aufhängung;8;p-15734;Mutter -DIN 934- M9 (verwendet für Stoßdämpfer/Motor Vespa PX80, PX125, PX150, PX200 (-1984), Rally180 (VSD1T), Rally200 (VSE1T), Sprint150 (VLB1T), T
c-4979;Vespa 50 N (V5A1T);Aufhängung;9;p-15734;Mutter -DIN 934- M9 (verwendet für Stoßdämpfer/Motor Vespa PX80, PX125, PX150, PX200 (-1984), Rally180 (VSD1T), Rally200 (VSE1T), Sprint150 (VLB1T), T
c-4979;Vespa 50 N (V5A1T);Aufhängung;10;p-35825;Traversenschraube M10 x 220mm -PIAGGIO- Vespa GT 250 (ZAPM45102), Vespa GT L 125 (ZAPM31100, ZAPM31101), Vespa GT L 200 (ZAPM31200), Vespa GTS 125 (ZA
c-4979;Vespa 50 N (V5A1T);Aufhängung;11;p-15757;Federring -DIN 127- M10
c-4979;Vespa 50 N (V5A1T);Aufhängung;16;p-12035;Sicherungsscheibe Silentgummi Motor links 29x39x2mm -OEM QUALITÄT- Vespa PV125, V50N, PK S, PK XL, PK XL2
c-4979;Vespa 50 N (V5A1T);Aufhängung;17;p-12035;Sicherungsscheibe Silentgummi Motor links 29x39x2mm -OEM QUALITÄT- Vespa PV125, V50N, PK S, PK XL, PK XL2
c-4979;Vespa 50 N (V5A1T);Aufhängung;19;p-49139;Unterlegscheibe M8x24x2mm Gabel/Schwingenabdeckung -VESPA- V50, V90, SS50, SS90, PV125, ET3
c-4979;Vespa 50 N (V5A1T);Aufhängung;20;p-15719;Mutter -DIN 934- M8
c-4979;Vespa 50 N (V5A1T);Aufhängung;21;p-3553;Silentgummi Stoßdämpfer vorne oben -CIF 14x31x9mm- Vespa V50, 50N, SS50, V90, SS90, PV125, ET3, PK, GS160, SS180
c-4979;Vespa 50 N (V5A1T);Aufhängung;26;p-6410;Stoßdämpferpatrone hinten -OEM QUALITÄT- 330mm- Vespa PX80, PX125, PX150, PX200, T5 125cc, Rally180 (VSD1T), Rally200 (VSE1T), Sprint150 (VLB1T), TS12
c-4979;Vespa 50 N (V5A1T);Aufhängung;28;p-15727;Federring -DIN 127- M8
c-4979;Vespa 50 N (V5A1T);Aufhängung;29;p-15727;Federring -DIN 127- M8
c-4979;Vespa 50 N (V5A1T);Aufhängung;38;p-47704;Silentblock-Set Stoßdämpfer/Motor -BGM PRO Antislip orange (Made in Germany) Ø=9mm x 48mm- Vespa PX (1983), Rally, TS, Sprint, Sprint Veloce, GT, GTR,
c-4979;Vespa 50 N (V5A1T);Aufhängung;39;p-47704;Silentblock-Set Stoßdämpfer/Motor -BGM PRO Antislip orange (Made in Germany) Ø=9mm x 48mm- Vespa PX (1983), Rally, TS, Sprint, Sprint Veloce, GT, GTR,
c-4979;Vespa 50 N (V5A1T);Aufhängung;40;p-365;Silentblockbuchse Motor -PIAGGIO- Vespa V50, SS50, PK 50S, PK 50XL, PK 50XL2
c-4979;Vespa 50 N (V5A1T);Aufhängung;45;p-15295;O-Ring Ø16x2,50mm -PIAGGIO-Kickstarterwelle Vespa V50, PV125, ET3, PK, PX, T5 125ccm, Cosa, Rally, Sprint, TS125, GT125, GTR125, Super, GS160 / GS4, S
c-4979;Vespa 50 N (V5A1T);Aufhängung;46;p-15295;O-Ring Ø16x2,50mm -PIAGGIO-Kickstarterwelle Vespa V50, PV125, ET3, PK, PX, T5 125ccm, Cosa, Rally, Sprint, TS125, GT125, GTR125, Super, GS160 / GS4, S
c-4979;Vespa 50 N (V5A1T);Aufhängung;48;p-15768;Mutter selbstsichernd -DIN 985- M5 (verwendet für Hebelschraube Vespa PX, T5 125ccm, Rally, Sprint, TS, GT, GTR, SS180, GS160, Super, GL, VNA, VNB, VB
c-4979;Vespa 50 N (V5A1T);Beleuchtung;3;p-11557;Schraube -DIN 84- M3 x 12mm (verwendet für Befestigung Lichtschalter/Blinkerschalter Rally180 (VSD1T), Rally200 (VSE1T), Sprint, PV, ET3, V50)
c-4979;Vespa 50 N (V5A1T);Beleuchtung;6;p-9696;Lichtschalter -GRABOR- Vespa V50 N, V50 L, V50 R
c-4979;Vespa 50 N (V5A1T);Beleuchtung;12;p-15497;Birne -BA15s (Stifte gerade) - 6V 15W - Weiss - Bremslicht Vespa 90 Racer (V9SS2T), Vespa 50 Special (V5B1T, V5B3T), 50 Sprinter (V5SS1T), 50 SR (V5SS
c-4979;Vespa 50 N (V5A1T);Beleuchtung;13;p-15485;Soffitte -SV8,5 11x36mm- 6V 5W - Weiss
c-4979;Vespa 50 N (V5A1T);Beleuchtung;14;p-15496;Birne -BA15s (Stifte gerade) - 6V 10W - Weiss
c-4979;Vespa 50 N (V5A1T);Beleuchtung;16;p-15494;Birne -BA20d- 6V 25/25W - Weiss
c-4979;Vespa 50 N (V5A1T);Beleuchtung;19;p-14329;Scheinwerfereinstellschiene Sicherungsklammer Scheinwerfer -OEM QUALITÄT- Vespa V50, PV125, ET3
c-4979;Vespa 50 N (V5A1T);Beleuchtung;20;p-48101;Scheinwerfer -SIEM LED Ø=105/115mm (Glas/außen)- Vespa Smallframe V50 (kleiner Rundlenker)- 50N (V5A1T 122877-), 50L (V5A1T), 50R (V5A1T) - inkl. Span
c-4979;Vespa 50 N (V5A1T);Beleuchtung;22;p-48101;Scheinwerfer -SIEM LED Ø=105/115mm (Glas/außen)- Vespa Smallframe V50 (kleiner Rundlenker)- 50N (V5A1T 122877-), 50L (V5A1T), 50R (V5A1T) - inkl. Span
c-4979;Vespa 50 N (V5A1T);Beleuchtung;24;p-11741;Scheinwerfer -SIEM, Ø=105/115mm (Glas/außen)- Vespa Smallframe V50 (kleiner Rundlenker)- 50N (V5A1T 122877-), 50L (V5A1T), 50R (V5A1T) - Bilux BA20d 2
c-4979;Vespa 50 N (V5A1T);Beleuchtung;29;p-11741;Scheinwerfer -SIEM, Ø=105/115mm (Glas/außen)- Vespa Smallframe V50 (kleiner Rundlenker)- 50N (V5A1T 122877-), 50L (V5A1T), 50R (V5A1T) - Bilux BA20d 2
c-4979;Vespa 50 N (V5A1T);Beleuchtung;34;p-15601;Hupendichtung -OEM QUALITÄT, Ø=54x81x4mm V50, V90, SS50, SS90, PV125, ET3 - Vespa Grau
c-4979;Vespa 50 N (V5A1T);Beleuchtung;35;p-9541;Blechmutter 2,9mm (verwendet für Hupe Vespa V50, V90, GL150 (VLA1T), GT125 (VNL2T), GTR125 (VNL2T), Super, Sprint150 (VLB1T), Rally180 (VSD1T), Rally2
c-4979;Vespa 50 N (V5A1T);Beleuchtung;36;p-13069;Blechschraube -DIN 7971 2,9x19mm Edelstahl (verwendet für Hupe Rally180 (VSD1T), Rally200 (VSE1T), Sprint150 (VLB1T), TS125 (VNL3T), GT125 (VNL2T), GT
c-4979;Vespa 50 N (V5A1T);Beleuchtung;37;p-13069;Blechschraube -DIN 7971 2,9x19mm Edelstahl (verwendet für Hupe Rally180 (VSD1T), Rally200 (VSE1T), Sprint150 (VLB1T), TS125 (VNL3T), GT125 (VNL2T), GT
c-4979;Vespa 50 N (V5A1T);Beleuchtung;39;p-11962;Schraube -DIN 933- M4 x 25mm (verwendet für Bremslichtschalter Vespa PK, PX, PV, ET3)
c-4979;Vespa 50 N (V5A1T);Beleuchtung;40;p-15678;Federring -DIN 127- M4
c-4979;Vespa 50 N (V5A1T);Beleuchtung;41;p-15678;Federring -DIN 127- M4
c-4979;Vespa 50 N (V5A1T);Beleuchtung;42;p-15677;Unterlegscheibe -DIN 125- M4
c-4979;Vespa 50 N (V5A1T);Beleuchtung;44;p-358;Gummi Bremspedal/Bremslichtschalter -PIAGGIO- Vespa PX, ET3, PV, V50
c-4979;Vespa 50 N (V5A1T);Beleuchtung;45;p-15547;Bremslichtschalter -OEM QUALITÄT- Vespa PV125, ET3, PX80, PX125, PX150, PX200 (Modelle ohne Blinker) - Öffner (Blau/Schwarz)
c-4979;Vespa 50 N (V5A1T);Beleuchtung;53;p-11525;Schraube -DIN 931- M6 x 25mm (8.8 Festigkeit) - (verwendet für Kupplungsdeckel Vespa PX, Cosa, T5 125ccm, Rally, Sprint, TS, GT, GTR, GL, SS 180, GS 1
c-4979;Vespa 50 N (V5A1T);Beleuchtung;54;p-11920;Schraube -DIN 933- M6 x 16mm (8.8 Festigkeit)
c-4979;Vespa 50 N (V5A1T);Beleuchtung;55;p-15700;Schraube -DIN 933- M6 x 20mm (8.8 Festigkeit)
c-4979;Vespa 50 N (V5A1T);Beleuchtung;56;p-15696;Federring -DIN 127- M6
c-4979;Vespa 50 N (V5A1T);Beleuchtung;57;p-13501;Unterlegscheibe Karosserie -DIN 9021- M6 - Edelstahl
c-4979;Vespa 50 N (V5A1T);Beleuchtung;61;p-5594;Rücklichtgummi (Dichtung zum Rahmen) -SIEM- PV125 (VMA2T, 140162-), ET3 (VMB1T), P125 ETS (PK, VMS1T), 50 Sprinter (V5SS2T, 10480- Deutschland), 50 Sp
c-4979;Vespa 50 N (V5A1T);Beleuchtung;62;p-5402;Rücklichtgummi (Dichtung zum Rahmen) -SIEM- passend für Rücklicht SIEM Vespa Antik- Metall klein - Vespa 50S (V5SA1T), V50R (V5A1T), V50 Special (V5A2
c-4979;Vespa 50 N (V5A1T);Beleuchtung;63;p-5594;Rücklichtgummi (Dichtung zum Rahmen) -SIEM- PV125 (VMA2T, 140162-), ET3 (VMB1T), P125 ETS (PK, VMS1T), 50 Sprinter (V5SS2T, 10480- Deutschland), 50 Sp
c-4979;Vespa 50 N (V5A1T);Beleuchtung;64;p-5402;Rücklichtgummi (Dichtung zum Rahmen) -SIEM- passend für Rücklicht SIEM Vespa Antik- Metall klein - Vespa 50S (V5SA1T), V50R (V5A1T), V50 Special (V5A2
c-4979;Vespa 50 N (V5A1T);Beleuchtung;65;p-15496;Birne -BA15s (Stifte gerade) - 6V 10W - Weiss
c-4979;Vespa 50 N (V5A1T);Beleuchtung;66;p-15496;Birne -BA15s (Stifte gerade) - 6V 10W - Weiss
c-4979;Vespa 50 N (V5A1T);Beleuchtung;67;p-15485;Soffitte -SV8,5 11x36mm- 6V 5W - Weiss
c-4979;Vespa 50 N (V5A1T);Beleuchtung;68;p-15492;Soffitte -SV8,5 15x41mm- 6V 18W - Weiss
c-4979;Vespa 50 N (V5A1T);Beleuchtung;69;p-15485;Soffitte -SV8,5 11x36mm- 6V 5W - Weiss
c-4979;Vespa 50 N (V5A1T);Beleuchtung;70;p-15485;Soffitte -SV8,5 11x36mm- 6V 5W - Weiss
c-4979;Vespa 50 N (V5A1T);Beleuchtung;71;p-15492;Soffitte -SV8,5 15x41mm- 6V 18W - Weiss
c-4979;Vespa 50 N (V5A1T);Beleuchtung;72;p-15485;Soffitte -SV8,5 11x36mm- 6V 5W - Weiss
c-4979;Vespa 50 N (V5A1T);Beleuchtung;80;p-9631;Rücklichtglas -SIEM- Vespa V50 S, V50 N, V50 L
c-4979;Vespa 50 N (V5A1T);Beleuchtung;81;p-9631;Rücklichtglas -SIEM- Vespa V50 S, V50 N, V50 L
c-4979;Vespa 50 N (V5A1T);Beleuchtung;82;p-5592;Rücklicht -SIEM- PV125 (VMA2T, 140162-), ET3 (VMB1T), P125 ETS (PK, VMS1T), 50 Sprinter (V5SS2T, 10480- Deutschland), 50 Special (V5B3T, 185179-), V50
c-4979;Vespa 50 N (V5A1T);Beleuchtung;86;p-5593;Rücklichtglas -SIEM- PV125 (VMA2T, 140162-), ET3 (VMB1T), P125 ETS (PK, VMS1T), 50 Sprinter (V5SS2T, 10480- Deutschland), 50 Special (V5B3T, 185179-),
c-4979;Vespa 50 N (V5A1T);Beleuchtung;87;p-12656;Schraube Rücklichtglas -VESPA M3 x 32mm- Vespa 50 N (V5A1T -122876), GL (VLA1T), Sprint (VLB1T -025478), SS 180 (VSC1T -18000)
c-4979;Vespa 50 N (V5A1T);Beleuchtung;89;p-13103;Schraube für Rücklichtglas -SIEM M3 x 35mm, Steigung=0.5, Schaft Ø=3x24mm- Vespa Vespa 50 (V5A1T (CH)), Vespa 50 SS (V5SS1T), Vespa 90 (V9A1T (CH)), V
c-4979;Vespa 50 N (V5A1T);Bowdenzüge;1;p-9818;Lötnippel -UNIVERSAL- Nippel Ø=3,0mm x 3mm
c-4979;Vespa 50 N (V5A1T);Bowdenzüge;4;p-6433;Endkappe für Außenzug -UNIVERSAL- Øinnen=5mm
c-4979;Vespa 50 N (V5A1T);Bowdenzüge;5;p-6433;Endkappe für Außenzug -UNIVERSAL- Øinnen=5mm
c-4979;Vespa 50 N (V5A1T);Bowdenzüge;6;p-6433;Endkappe für Außenzug -UNIVERSAL- Øinnen=5mm
c-4979;Vespa 50 N (V5A1T);Bowdenzüge;7;p-6433;Endkappe für Außenzug -UNIVERSAL- Øinnen=5mm
c-4979;Vespa 50 N (V5A1T);Bowdenzüge;8;p-6433;Endkappe für Außenzug -UNIVERSAL- Øinnen=5mm
c-4979;Vespa 50 N (V5A1T);Bowdenzüge;9;p-6433;Endkappe für Außenzug -UNIVERSAL- Øinnen=5mm
c-4979;Vespa 50 N (V5A1T);Bowdenzüge;10;p-6433;Endkappe für Außenzug -UNIVERSAL- Øinnen=5mm
c-4979;Vespa 50 N (V5A1T);Bowdenzüge;11;p-6433;Endkappe für Außenzug -UNIVERSAL- Øinnen=5mm
c-4979;Vespa 50 N (V5A1T);Bowdenzüge;14;p-6548;Zug universal innen -Ø=1,2mm x 2000mm, Nippel Ø=5,5mm x 7mm- verwendet als Gaszug - gedreht
c-4979;Vespa 50 N (V5A1T);Bowdenzüge;17;p-6432;Endhülse für Zug -UNIVERSAL- Øinnen=7,2mm
c-4979;Vespa 50 N (V5A1T);Bowdenzüge;18;p-6432;Endhülse für Zug -UNIVERSAL- Øinnen=7,2mm
c-4979;Vespa 50 N (V5A1T);Bowdenzüge;19;p-10818;Aussenhülle -VESPA Vintage- Ø innen = 2,4mm, Ø aussen = 5,0mm (5m) - Grau
c-4979;Vespa 50 N (V5A1T);Bowdenzüge;20;p-10818;Aussenhülle -VESPA Vintage- Ø innen = 2,4mm, Ø aussen = 5,0mm (5m) - Grau
c-4979;Vespa 50 N (V5A1T);Bowdenzüge;25;p-9816;Birnennippeladapter -PIAGGIO- Nippel Ø=8x8mm - Vespa PX, T5 125ccm, Rally, Sprint, VBB, VNB, VNA, VBA, Super, TS, GT, GTR, V50, 50N, SS50, SS90, V90, 
c-4979;Vespa 50 N (V5A1T);Bowdenzüge;26;p-9816;Birnennippeladapter -PIAGGIO- Nippel Ø=8x8mm - Vespa PX, T5 125ccm, Rally, Sprint, VBB, VNB, VNA, VBA, Super, TS, GT, GTR, V50, 50N, SS50, SS90, V90, 
c-4979;Vespa 50 N (V5A1T);Bowdenzüge;29;p-6529;Tachowelle -PIAGGIO- Vespa V50, PV125
c-4979;Vespa 50 N (V5A1T);Bowdenzüge;31;p-6423;Zug universal innen -Ø=1,9mm x 2000mm, Nippel Birnentyp- verwendet als Kupplungszug, Bremszug vorne - gedreht
c-4979;Vespa 50 N (V5A1T);Bowdenzüge;32;p-10819;Aussenhülle -VESPA Vintage- Ø innen = 3,0mm, Ø aussen = 5,5mm (5m) - Grau
c-4979;Vespa 50 N (V5A1T);Bowdenzüge;33;p-10817;Aussenhülle -VESPA Vintage- Ø innen = 2,0mm, Ø aussen = 4,4mm (5m) - Grau
c-4979;Vespa 50 N (V5A1T);Bowdenzüge;34;p-10817;Aussenhülle -VESPA Vintage- Ø innen = 2,0mm, Ø aussen = 4,4mm (5m) - Grau
c-4979;Vespa 50 N (V5A1T);Bowdenzüge;35;p-35201;Schraubenschlüssel, Doppel-Maulschlüssel -TOPTUL- 8x9mm SLIMLINE- verwendet zur Befestigung Klemmnippel Schaltraste Vespa
c-4979;Vespa 50 N (V5A1T);Bowdenzüge;36;p-35201;Schraubenschlüssel, Doppel-Maulschlüssel -TOPTUL- 8x9mm SLIMLINE- verwendet zur Befestigung Klemmnippel Schaltraste Vespa
c-4979;Vespa 50 N (V5A1T);Bowdenzüge;37;p-11920;Schraube -DIN 933- M6 x 16mm (8.8 Festigkeit)
c-4979;Vespa 50 N (V5A1T);Bowdenzüge;38;p-1307;Bremspedalbolzen -VESPA- V50, V90, SS50, SS90, PV125, ET3 (bis Nr. 52720), PX (Bj. 1977)
c-4979;Vespa 50 N (V5A1T);Bowdenzüge;39;p-11624;Klammer zur Führung der Schaltzüge -PIAGGIO- Vespa PX, T5 125ccm, Rally, TS, Sprint, Sprint Veloce, GT, GTR, GL, Super, SS180, V50, PV125, ET3, PK S, 
c-4979;Vespa 50 N (V5A1T);Bowdenzüge;40;p-6937;Bremspedalfeder -VESPA- PX, T5 125cc, PK, V50, V90, SS50, SS90, PV125, ET3
c-4979;Vespa 50 N (V5A1T);Bowdenzüge;41;p-9892;Bremspedalgummi -PIAGGIO- Vespa V50, PV, ET3 - Schwarz
c-4979;Vespa 50 N (V5A1T);Bowdenzüge;42;p-45629;Bremspedal -PREMIUM- Vespa Rally180 (VSD1T), Rally200 (VSE1T), Sprint150 (VLB1T), TS125 (VNL3T), GT125 (VNL2T), GTR125 (VNL2T), GL150 (VLA1T), Super, 
c-4979;Vespa 50 N (V5A1T);Bowdenzüge;43;p-11964;Sicherungsstift - Spannstift -PIAGGIO- 3x18mm (verwendet für Kupplungsarm Vespa V50, PV125, ET3)
c-4979;Vespa 50 N (V5A1T);Bowdenzüge;44;p-11525;Schraube -DIN 931- M6 x 25mm (8.8 Festigkeit) - (verwendet für Kupplungsdeckel Vespa PX, Cosa, T5 125ccm, Rally, Sprint, TS, GT, GTR, GL, SS 180, GS 1
c-4979;Vespa 50 N (V5A1T);Bowdenzüge;45;p-12065;Unterlegscheibe 6,5x16x1,5mm -PIAGGIO- (verwendet für Kotflügel Vespa PX)
c-4979;Vespa 50 N (V5A1T);Bowdenzüge;46;p-12065;Unterlegscheibe 6,5x16x1,5mm -PIAGGIO- (verwendet für Kotflügel Vespa PX)
c-4979;Vespa 50 N (V5A1T);Bowdenzüge;47;p-15696;Federring -DIN 127- M6
c-4979;Vespa 50 N (V5A1T);Bowdenzüge;48;p-15696;Federring -DIN 127- M6
c-4979;Vespa 50 N (V5A1T);Bowdenzüge;49;p-15690;Mutter -DIN 934- M6
c-4979;Vespa 50 N (V5A1T);Bowdenzüge;50;p-44723;Bremspedal-Set -OEM QUALITÄT- Vespa PX, PX Lusso, PX 98, PX My, PX 2011, T5 125cc, PK S, PK XL, PK XL2, ET3 (ab Nr. 52721), V50 R (ab Nr. 914748), V50
c-4979;Vespa 50 N (V5A1T);Bowdenzüge;51;p-13137;Kastenmutter -M6- verwendet für Befestigung Spannungsregler und Bremspedal Vespa PX, T5, PK, Cosa
c-4979;Vespa 50 N (V5A1T);Bowdenzüge;52;p-13137;Kastenmutter -M6- verwendet für Befestigung Spannungsregler und Bremspedal Vespa PX, T5, PK, Cosa
c-4979;Vespa 50 N (V5A1T);Bowdenzüge;53;p-6936;Bremspedalbolzen Ø=5,5x21,5mm -PIAGGIO- Vespa PX, T5 125cc, PK, V50, V90, SS50, SS90, PV125, ET3 - verwendet zur Befestigung des Bremszuges im Pedal (
c-4979;Vespa 50 N (V5A1T);Bowdenzüge;54;p-1824;Gummi Rahmen/Bremspedal -OEM QUALITÄT- Vespa V50, V90, PV, PX alt (-1984) - runde Form
c-4979;Vespa 50 N (V5A1T);Bowdenzüge;55;p-15026;Splint -DIN 94- Ø=2,0mm - 20mm - verwendet für Bolzen Klemmplättchen / Bremsarm hinten Vespa PX, Sprint, Rally, V50, PV125, ET3 etc.
c-4979;Vespa 50 N (V5A1T);Bowdenzüge;57;p-11955;Mutter flach -DIN 439 ähnlich- M9 x 1,0mm - verwendet für Klemmplättchen hinten Bremszug/Bremsarm/Bremspedal Vespa
c-4979;Vespa 50 N (V5A1T);Bowdenzüge;61;p-6515;Endkappe für Außenzug -UNIVERSAL- Øinnen=7mm
c-4979;Vespa 50 N (V5A1T);Bowdenzüge;62;p-6429;Bremszug hinten innen -OEM QUALITÄT, Ø=2,5mm ohne Öse- Vespa Rally180 (VSD1T), Rally200 (VSE1T), Sprint, VNA, VNB, VBA, VBB, VNC, VBC…
c-4979;Vespa 50 N (V5A1T);Bowdenzüge;64;p-17327;Chokezug -BGM PRO- Vespa Smallframe, 300/380mm, Tonne 3x3mm
c-4979;Vespa 50 N (V5A1T);Bowdenzüge;65;p-9799;Gaszug -PIAGGIO- Vespa V50, PV125, ET3
c-4979;Vespa 50 N (V5A1T);Bowdenzüge;66;p-9807;Schaltzug -PIAGGIO- Vespa V50, PV125, ET3
c-4979;Vespa 50 N (V5A1T);Bowdenzüge;67;p-9803;Kupplungszug -PIAGGIO- Vespa V50, PV125, ET3
c-4979;Vespa 50 N (V5A1T);Bowdenzüge;68;p-6529;Tachowelle -PIAGGIO- Vespa V50, PV125
c-4979;Vespa 50 N (V5A1T);Bowdenzüge;69;p-9792;Bremszug vorne -PIAGGIO- Vespa V50, PV125, ET3
c-4979;Vespa 50 N (V5A1T);Bowdenzüge;71;p-362;Federscheibe gewellt -PIAGGIO- Stahl verzinkt- M6 - verwendet für Zylinderhaube Smallframe, Druckfeder Chokehebel
c-4979;Vespa 50 N (V5A1T);Bowdenzüge;73;p-15696;Federring -DIN 127- M6
c-4979;Vespa 50 N (V5A1T);Bowdenzüge;75;p-3120;Chokehebel am Rahmen -OEM QUALITÄT- Vespa PK S, PK XL - flaches Blech
c-4979;Vespa 50 N (V5A1T);Bowdenzüge;76;p-5621;Gummi Rahmen/Schalt-Kupplungszug -IMPORT- Vespa V50, V90, PV, ET3
c-4979;Vespa 50 N (V5A1T);Bowdenzüge;78;p-11795;Schlauchklemme -UNIVERSAL- Ø = 14mm - verwendet z.B. für Benzinschlauch Vespa Klassik Largeframe (Vespa PX, Rally, Sprint, GT, GTR, Super, VNA, VNB, V
c-4979;Vespa 50 N (V5A1T);Elektrische Ausrüstung;25;p-17010;Bougierohr -UNIVERSAL Ø=8mm- 5m - Schwarz
c-4979;Vespa 50 N (V5A1T);Elektrische Ausrüstung;26;p-17010;Bougierohr -UNIVERSAL Ø=8mm- 5m - Schwarz
c-4979;Vespa 50 N (V5A1T);Elektrische Ausrüstung;27;p-2949;Kabelschuh -Flachsteckhülse 4,8mm Ø=0,5-1,0mm²- DIN 46247 - 10stk.
c-4979;Vespa 50 N (V5A1T);Elektrische Ausrüstung;28;p-2949;Kabelschuh -Flachsteckhülse 4,8mm Ø=0,5-1,0mm²- DIN 46247 - 10stk.
c-4979;Vespa 50 N (V5A1T);Elektrische Ausrüstung;29;p-2949;Kabelschuh -Flachsteckhülse 4,8mm Ø=0,5-1,0mm²- DIN 46247 - 10stk.
c-4979;Vespa 50 N (V5A1T);Elektrische Ausrüstung;30;p-2949;Kabelschuh -Flachsteckhülse 4,8mm Ø=0,5-1,0mm²- DIN 46247 - 10stk.
c-4979;Vespa 50 N (V5A1T);Elektrische Ausrüstung;31;p-2949;Kabelschuh -Flachsteckhülse 4,8mm Ø=0,5-1,0mm²- DIN 46247 - 10stk.
c-4979;Vespa 50 N (V5A1T);Elektrische Ausrüstung;32;p-2949;Kabelschuh -Flachsteckhülse 4,8mm Ø=0,5-1,0mm²- DIN 46247 - 10stk.
c-4979;Vespa 50 N (V5A1T);Elektrische Ausrüstung;33;p-2949;Kabelschuh -Flachsteckhülse 4,8mm Ø=0,5-1,0mm²- DIN 46247 - 10stk.
c-4979;Vespa 50 N (V5A1T);Elektrische Ausrüstung;34;p-2949;Kabelschuh -Flachsteckhülse 4,8mm Ø=0,5-1,0mm²- DIN 46247 - 10stk.
c-4979;Vespa 50 N (V5A1T);Elektrische Ausrüstung;35;p-2949;Kabelschuh -Flachsteckhülse 4,8mm Ø=0,5-1,0mm²- DIN 46247 - 10stk.
c-4979;Vespa 50 N (V5A1T);Elektrische Ausrüstung;36;p-2949;Kabelschuh -Flachsteckhülse 4,8mm Ø=0,5-1,0mm²- DIN 46247 - 10stk.
c-4979;Vespa 50 N (V5A1T);Elektrische Ausrüstung;37;p-2949;Kabelschuh -Flachsteckhülse 4,8mm Ø=0,5-1,0mm²- DIN 46247 - 10stk.
c-4979;Vespa 50 N (V5A1T);Elektrische Ausrüstung;38;p-2949;Kabelschuh -Flachsteckhülse 4,8mm Ø=0,5-1,0mm²- DIN 46247 - 10stk.
c-4979;Vespa 50 N (V5A1T);Elektrische Ausrüstung;39;p-2949;Kabelschuh -Flachsteckhülse 4,8mm Ø=0,5-1,0mm²- DIN 46247 - 10stk.
c-4979;Vespa 50 N (V5A1T);Elektrische Ausrüstung;40;p-2949;Kabelschuh -Flachsteckhülse 4,8mm Ø=0,5-1,0mm²- DIN 46247 - 10stk.
c-4979;Vespa 50 N (V5A1T);Elektrische Ausrüstung;41;p-17012;Bougierohr -UNIVERSAL Ø=10mm- 5m - Schwarz
c-4979;Vespa 50 N (V5A1T);Elektrische Ausrüstung;42;p-17012;Bougierohr -UNIVERSAL Ø=10mm- 5m - Schwarz
c-4979;Vespa 50 N (V5A1T);Elektrische Ausrüstung;43;p-17012;Bougierohr -UNIVERSAL Ø=10mm- 5m - Schwarz
c-4979;Vespa 50 N (V5A1T);Elektrische Ausrüstung;44;p-6833;Gummikappe Kabelkästchen -PIAGGIO- Vespa alle Modelle
c-4979;Vespa 50 N (V5A1T);Elektrische Ausrüstung;45;p-17016;Bougierohr -UNIVERSAL Ø=4mm- 5m - Schwarz
c-4979;Vespa 50 N (V5A1T);Elektrische Ausrüstung;46;p-17016;Bougierohr -UNIVERSAL Ø=4mm- 5m - Schwarz
c-4979;Vespa 50 N (V5A1T);Elektrische Ausrüstung;47;p-5621;Gummi Rahmen/Schalt-Kupplungszug -IMPORT- Vespa V50, V90, PV, ET3
c-4979;Vespa 50 N (V5A1T);Elektrische Ausrüstung;48;p-158;Kabelbaum -PIAGGIO- Vespa V50 (V5A1T) - Stator mit 2-Spulen, innenliegende Zündspule, ohne Bremslicht
c-4979;Vespa 50 N (V5A1T);Elektrische Ausrüstung;52;p-10350;Gummi Rücklichtkabel/Rahmen -PIAGGIO- Vespa
c-4979;Vespa 50 N (V5A1T);Elektrische Ausrüstung;53;p-45381;Verbindungskabel Zündspule und Kabelkästchen -VESPARATUR- Vespa Sprint, GT, GTR, TS
c-4979;Vespa 50 N (V5A1T);Gabel - Kotflügel - Bremstrommel vorn;2;p-9;Bremstrommel vorne 9 Zoll -FA ITALIA- Vespa V50 R (V5A1T ab Nr. 752189), V50 Special (V5A2T, - bis Bj. 1971), V50 Special Elestart (V5A3T - bis Bj. 19
c-4979;Vespa 50 N (V5A1T);Gabel - Kotflügel - Bremstrommel vorn;3;p-9;Bremstrommel vorne 9 Zoll -FA ITALIA- Vespa V50 R (V5A1T ab Nr. 752189), V50 Special (V5A2T, - bis Bj. 1971), V50 Special Elestart (V5A3T - bis Bj. 19
c-4979;Vespa 50 N (V5A1T);Gabel - Kotflügel - Bremstrommel vorn;6;p-513;Wellendichtring 25x40x7mm -CORTECO NBR- (verwendet für Vorderrad Vespa V50, V90, SS50, SS90, PV125, ET3)
c-4979;Vespa 50 N (V5A1T);Gabel - Kotflügel - Bremstrommel vorn;7;p-1;Seegerring -BOHRUNG DIN472- Ø=40mm - (verwendet für Radlager 6203 in Schwinge V50, 50N, PV125, Sprint, Rally, VBB)
c-4979;Vespa 50 N (V5A1T);Gabel - Kotflügel - Bremstrommel vorn;8;p-13920;Kugellager -6203- (17x40x12mm) - (verwendet für Kurbelwelle Lambretta A, B, C, LC)
c-4979;Vespa 50 N (V5A1T);Gabel - Kotflügel - Bremstrommel vorn;9;p-354;Kronenmutter Schwinge/Vorderradlager -VESPA- V50, V90, SS50, SS90, PV125, ET3
c-4979;Vespa 50 N (V5A1T);Gabel - Kotflügel - Bremstrommel vorn;10;p-14286;Kugellager -6201- (12x32x10mm) - (verwendet für Vorderrad Lambretta alle, Vespa PX (bis Bj. 1982) - Getriebe Lambretta A, B, C, LC, D, LD)
c-4979;Vespa 50 N (V5A1T);Gabel - Kotflügel - Bremstrommel vorn;11;p-370;Tachoschnecken-Set -BGM ORIGINAL- Vespa 11 Zähne, Ø=21,8mm, Metall + 9 Zähne, l= 31mm, 2,7mm Vierkant, schwarz (passend für Tachoschnecke 9 Zähne) - (
c-4979;Vespa 50 N (V5A1T);Gabel - Kotflügel - Bremstrommel vorn;12;p-361;Gummikappe Tachoantrieb -PIAGGIO- Vespa V50, V90, PV, ET3 - grau
c-4979;Vespa 50 N (V5A1T);Gabel - Kotflügel - Bremstrommel vorn;13;p-353;Gummi Tachowelle/Bremsankerplatte -PIAGGIO- Vespa V50, V90, PV, ET3
c-4979;Vespa 50 N (V5A1T);Gabel - Kotflügel - Bremstrommel vorn;14;p-368;Tachoschnecke -BGM ORIGINAL- Vespa 9 Zähne, l= 31mm, 2,7mm Vierkant, schwarz (verwendet in Vespa V50, 50N, 50L, 50R (V5A1T, 9 Zoll Reifen)
c-4979;Vespa 50 N (V5A1T);Gabel - Kotflügel - Bremstrommel vorn;15;p-11591;Dichtung für Sicherungskappe Tachoschnecke -OEM QUALITÄT- Vespa V50, PV125, ET3 - Ø=14x20x1,5mm
c-4979;Vespa 50 N (V5A1T);Gabel - Kotflügel - Bremstrommel vorn;17;p-6711;Niet - Kerbnagel Ø=2,5x13,5mm für Lenkschlossblende -OEM QUALITÄT- Vespa PX (-1984), V50 Special, PV125, ET3
c-4979;Vespa 50 N (V5A1T);Gabel - Kotflügel - Bremstrommel vorn;18;p-2728;Schlüsselrohling -ZADI- Vespa/Ape Lenkschloss
c-4979;Vespa 50 N (V5A1T);Gabel - Kotflügel - Bremstrommel vorn;19;p-1317;Lenkschlossblende inkl. Niete -CIF, Rund- Vespa PX (-1984), ET3, V50 (V5A1T 912783-), V50 Special (V5B3T 207317-), V50 S (V5SA1T 77868-), SR50 (V5SS2T
c-4979;Vespa 50 N (V5A1T);Gabel - Kotflügel - Bremstrommel vorn;20;p-10816;Lenkschloss -ZADI 38,5x4mm- Vespa PX (-1984), V50 N (V5A1T Nr. 236001 bis Nr. 283299), V50 L (V5A1T, ab Nr. 580001) ,V50 Special (V5A2 bis 3T), V50 S 
c-4979;Vespa 50 N (V5A1T);Gabel - Kotflügel - Bremstrommel vorn;21;p-575;Gummi Lenkschloss -PIAGGIO- Vespa PX (-1984), V50 Special, PV125, ET3, Sprint, Rally, GT, GTR, SS180
c-4979;Vespa 50 N (V5A1T);Gabel - Kotflügel - Bremstrommel vorn;22;p-15133;Gabel - Lenkrohr - Steuerrohr -BGM ORIGINAL- Vespa V50, ET3, PV125
c-4979;Vespa 50 N (V5A1T);Gabel - Kotflügel - Bremstrommel vorn;23;p-15132;Schwingenabdeckung -PIAGGIO- Vespa V50, ET3, PV125 - Aluminium, Silbern
c-4979;Vespa 50 N (V5A1T);Gabel - Kotflügel - Bremstrommel vorn;24;p-15360;Mutter -DIN 934- M12 x 1,50 - verwendet als Kupplungsmutter für Kupplung Vespa Cosa2
c-4979;Vespa 50 N (V5A1T);Gabel - Kotflügel - Bremstrommel vorn;25;p-11565;Federring -DIN 127- M12
c-4979;Vespa 50 N (V5A1T);Gabel - Kotflügel - Bremstrommel vorn;26;p-47290;Schwingenabdeckungs-Kit -OEM QUALITÄT- Vespa V50, ET3, PV125 innen
c-4979;Vespa 50 N (V5A1T);Gabel - Kotflügel - Bremstrommel vorn;27;p-15145;Kotflügel -OEM QUALITÄT- Vespa V50, V90, PV125, ET3 - unlackiert
c-4979;Vespa 50 N (V5A1T);Gabel - Kotflügel - Bremstrommel vorn;29;p-6706;Schwingenlagersatz -VESPA- V50, ET3, PV125
c-4979;Vespa 50 N (V5A1T);Gabel - Kotflügel - Bremstrommel vorn;30;p-6706;Schwingenlagersatz -VESPA- V50, ET3, PV125
c-4979;Vespa 50 N (V5A1T);Gabel - Kotflügel - Bremstrommel vorn;31;p-44644;O-Ring Set (6-teilig) Gabel -OEM QUALITÄT- Vespa Smallframe V50, PV, ET3, Motovespa T3, 125 Primavera
c-4979;Vespa 50 N (V5A1T);Gabel - Kotflügel - Bremstrommel vorn;32;p-44644;O-Ring Set (6-teilig) Gabel -OEM QUALITÄT- Vespa Smallframe V50, PV, ET3, Motovespa T3, 125 Primavera
c-4979;Vespa 50 N (V5A1T);Gabel - Kotflügel - Bremstrommel vorn;33;p-17425;Einstellschraube M5 x 20mm (Øinnen=6,9mm) -BGM ORIGINAL- (verwendet für Schaltraste Vespa) - 10 Stück
c-4979;Vespa 50 N (V5A1T);Gabel - Kotflügel - Bremstrommel vorn;34;p-15682;Mutter -DIN 934- M5
c-4979;Vespa 50 N (V5A1T);Gabel - Kotflügel - Bremstrommel vorn;35;p-12252;Klemmschraube Vorderradbremszug -PIAGGIO- Vespa V50, V90, SS50, SS90, PV125, ET3, VNA, VNB, VBA, VBB, Super, GL150 (VLA1T), GT125 (VNL2T), GTR125 (VNL
c-4979;Vespa 50 N (V5A1T);Gabel - Kotflügel - Bremstrommel vorn;36;p-555;Klemmplättchen-Bolzen Ø=5,0x11mm Bremse vorne -OEM QUALITÄT- alle Modelle (bis Bj. 1981), PX (-1984)
c-4979;Vespa 50 N (V5A1T);Gabel - Kotflügel - Bremstrommel vorn;37;p-15026;Splint -DIN 94- Ø=2,0mm - 20mm - verwendet für Bolzen Klemmplättchen / Bremsarm hinten Vespa PX, Sprint, Rally, V50, PV125, ET3 etc.
c-4979;Vespa 50 N (V5A1T);Gabel - Kotflügel - Bremstrommel vorn;40;p-12253;Mutter M7 flach für Klemmschraube Vorderradbremszug -PIAGGIO- Vespa V50, V90, PV125, ET3, VNA, VNB, VBA, VBB, Super, GL150 (VLA1T), GT/GTR125 (VNL2T),
c-4979;Vespa 50 N (V5A1T);Gabel - Kotflügel - Bremstrommel vorn;41;p-581;Bremsarm mit Bremsnocke vorne -BGM ORIGINAL- Vespa V50, V90, SS50, SS90, PV125, ET3 - Ø= 14,9mm
c-4979;Vespa 50 N (V5A1T);Gabel - Kotflügel - Bremstrommel vorn;42;p-6843;Kotflügelschraube seitlich M5 x 16mm -CIF- Vespa Smallframe V50, 50N, PV, ET3, PK S, PK XL, Largeframe PX, VNA, VNB, VBA, VBB, Super, Sprint Veloce, R
c-4979;Vespa 50 N (V5A1T);Gabel - Kotflügel - Bremstrommel vorn;44;p-13509;Federring -DIN 127- M5 - Edelstahl
c-4979;Vespa 50 N (V5A1T);Gabel - Kotflügel - Bremstrommel vorn;45;p-13509;Federring -DIN 127- M5 - Edelstahl
c-4979;Vespa 50 N (V5A1T);Gabel - Kotflügel - Bremstrommel vorn;46;p-13509;Federring -DIN 127- M5 - Edelstahl
c-4979;Vespa 50 N (V5A1T);Gabel - Kotflügel - Bremstrommel vorn;47;p-15682;Mutter -DIN 934- M5
c-4979;Vespa 50 N (V5A1T);Gabel - Kotflügel - Bremstrommel vorn;48;p-15682;Mutter -DIN 934- M5
c-4979;Vespa 50 N (V5A1T);Gabel - Kotflügel - Bremstrommel vorn;49;p-15687;Schraube -DIN 933- M5 x 25mm
c-4979;Vespa 50 N (V5A1T);Gabel - Kotflügel - Bremstrommel vorn;53;p-6679;Schraube -DIN 933- M5 x 10mm (verwendet für Abdeckblech Tachoschnecke Vespa PX, T5 125cc, V50, PV125, ET3)
c-4979;Vespa 50 N (V5A1T);Gabel - Kotflügel - Bremstrommel vorn;54;p-45470;Schwinge -PREMIUM- V50, ET3, PV125 - Bremsnocke Ø=14,9mm
c-4979;Vespa 50 N (V5A1T);Gabel - Kotflügel - Bremstrommel vorn;57;p-15130;Bremsbacken -NEWFREN- Ø=125x17mm- 8 + 9 + 10 vorne, 1 Aufnahme, Vespa Smallframe V50, V90, SS50, SS90, PV125, ET3, Wideframe V1T bis V15T, V30T-V33T, 
c-4979;Vespa 50 N (V5A1T);Gabel - Kotflügel - Bremstrommel vorn;58;p-159;Bremsbacken Rückholfeder -PIAGGIO- Vespa Rally (v), Sprint (v), GT (v), GTR (v), TS (v), Super (v), V50-90 (v), SS50-90 (v), PV125 (v), ET3 (v), GS160
c-4979;Vespa 50 N (V5A1T);Gabel - Kotflügel - Bremstrommel vorn;59;p-15030;Bremsbackensicherung (Omega) -VESPA- V50, V90, SS50, SS90, PV125, ET3, VNA, VNB, VBA, VBB, Super, GL150 (VLA1T), GT125 (VNL2T), GTR125 (VNL2T), TS125 
c-4979;Vespa 50 N (V5A1T);Gabel - Kotflügel - Bremstrommel vorn;62;p-11773;Distanzscheibe Kunststoff Ø=18x6,4x6mm für Kotflügel -OEM QUALITÄT- Vespa V50, V90, PV125, ET3 125
c-4979;Vespa 50 N (V5A1T);Gabel - Kotflügel - Bremstrommel vorn;63;p-11229;Hinterradmutter -Kronenmutter -OEM QUALITÄT M14x1,5 SW22- Vespa PX (-1984), Rally, Sprint150, TS125, GT125, GTR125, Super, SS180, GS160 / GS4, VNA, VN
c-4979;Vespa 50 N (V5A1T);Gabel - Kotflügel - Bremstrommel vorn;64;p-6630;Splint -ISO 1234- Ø=3,5 x 32mm (verwendet für Vorderrad Vespa PK, PX, Cosa, T5 125ccm - Hinterrad Vespa PK, PX, Cosa, T5 125ccm, Rally, Sprint, TS, GT
c-4979;Vespa 50 N (V5A1T);Gabel - Kotflügel - Bremstrommel vorn;65;p-15727;Federring -DIN 127- M8
c-4979;Vespa 50 N (V5A1T);Gabel - Kotflügel - Bremstrommel vorn;67;p-9275;Schmiernippel -DIN 71412- M10 x 1,0 - Schlüsselweite 11mm
c-4979;Vespa 50 N (V5A1T);Gabel - Kotflügel - Bremstrommel vorn;68;p-34867;Kotflügelnippel -TOMAS COMPOSITI, Echtcarbon- Vespa 50L/R (V5A1T), 90 Racer (V9SS2T), Nuova 125 (VMA1T), PV125 (VMA2T), ET3 (VMB1T), Super 125/150 (VN
c-4979;Vespa 50 N (V5A1T);Gabel - Kotflügel - Bremstrommel vorn;69;p-9514;Federmutter -OEM QUALITÄT- Vespa (verwendet für Kotflügelnippel Rally180 (VSD1T), Rally200 (VSE1T), Sprint150 (VLB1T), GT125 (VNL2T), GTR125 (VNL2T), 
c-4979;Vespa 50 N (V5A1T);Gabel - Kotflügel - Bremstrommel vorn;70;p-344;V-Ring Dichtring Ø=18x3x22mm Schwinge innen -VESPA- PX (bis Bj. 1982), V50, PV125, ET3, SS50, SS90
c-4979;Vespa 50 N (V5A1T);Gabel - Kotflügel - Bremstrommel vorn;71;p-13072;Feder Lenkschloss -VESPA- Vespa
c-4979;Vespa 50 N (V5A1T);Gabel - Kotflügel - Bremstrommel vorn;72;p-6706;Schwingenlagersatz -VESPA- V50, ET3, PV125
c-4979;Vespa 50 N (V5A1T);Getriebe - Hinterradnabe;2;p-6630;Splint -ISO 1234- Ø=3,5 x 32mm (verwendet für Vorderrad Vespa PK, PX, Cosa, T5 125ccm - Hinterrad Vespa PK, PX, Cosa, T5 125ccm, Rally, Sprint, TS, GT
c-4979;Vespa 50 N (V5A1T);Getriebe - Hinterradnabe;3;p-11229;Hinterradmutter -Kronenmutter -OEM QUALITÄT M14x1,5 SW22- Vespa PX (-1984), Rally, Sprint150, TS125, GT125, GTR125, Super, SS180, GS160 / GS4, VNA, VN
c-4979;Vespa 50 N (V5A1T);Getriebe - Hinterradnabe;4;p-6631;Unterlegscheibe Hinterradmutter - Bremstrommel hinten -OEM QUALITÄT- Vespa 1951-1982, PX (-1982), Rally, Sprint, TS125, GT125, GTR125, GL150, Super, V
c-4979;Vespa 50 N (V5A1T);Getriebe - Hinterradnabe;5;p-10;Bremstrommel hinten 9 Zoll -FA ITALIA- Vespa V50 R (V5A1T ab Nr. 752189), V50 Special (V5A2T, - bis Bj. 1971), V50 Special Elestart (V5A3T - bis Bj. 1
c-4979;Vespa 50 N (V5A1T);Getriebe - Hinterradnabe;6;p-10;Bremstrommel hinten 9 Zoll -FA ITALIA- Vespa V50 R (V5A1T ab Nr. 752189), V50 Special (V5A2T, - bis Bj. 1971), V50 Special Elestart (V5A3T - bis Bj. 1
c-4979;Vespa 50 N (V5A1T);Getriebe - Hinterradnabe;8;p-32712;Bremsbacken -POLINI Ø=135x20mm- VESPA V50 (h) - 9 Zoll
c-4979;Vespa 50 N (V5A1T);Getriebe - Hinterradnabe;9;p-15030;Bremsbackensicherung (Omega) -VESPA- V50, V90, SS50, SS90, PV125, ET3, VNA, VNB, VBA, VBB, Super, GL150 (VLA1T), GT125 (VNL2T), GTR125 (VNL2T), TS125 
c-4979;Vespa 50 N (V5A1T);Getriebe - Hinterradnabe;10;p-15038;Bremsbacken Rückholfeder -PIAGGIO- Vespa PX (vh), T5 125cc (vh), PK (vh), Rally180 (VSD1T), Rally200 (VSE1T) (h), Sprint (h), Super (h), GT125 (VNL2T)
c-4979;Vespa 50 N (V5A1T);Getriebe - Hinterradnabe;11;p-19206;Bremsbackenträger für Bremsankerplatte hinten CNC Aluminium -CMD Little Kong- Vespa V50, 50N, PV125, ET3
c-4979;Vespa 50 N (V5A1T);Getriebe - Hinterradnabe;12;p-11957;O-Ring 12,5x 2,5mm -PIAGGIO- (verwendet für Bremsnocke Vespa PK S, PK XL, PK XL2, Federbock Sprint, Rally, GT, GTR, GS150)
c-4979;Vespa 50 N (V5A1T);Getriebe - Hinterradnabe;13;p-363;Bremsarm mit Bremsnocke hinten -KR AUTOMATION- Vespa V50, V90, SS50, SS90, PV125, ET3
c-4979;Vespa 50 N (V5A1T);Getriebe - Hinterradnabe;14;p-12356;Wellendichtring 27x37x7mm -MALOSSI PTFE/FKM- (verwendet für Hinterrad / hintere Bremstrommel Vespa V50, V90, SS50, SS90, PV125, ET3, PK S, PK XL, PK X
c-4979;Vespa 50 N (V5A1T);Getriebe - Hinterradnabe;15;p-31085;Kugellager -Malossi (beidseitig gekapselt)- (20x47x14mm) - Radwelle hinten PIAGGIO/VESPA (6204 2RS C3)
c-4979;Vespa 50 N (V5A1T);Getriebe - Hinterradnabe;16;p-11934;Dichtung Bremsankerplatte hinten -PIAGGIO- Vespa V50, V90, PV 25, ET3, PK S, PK XL, PK XL2, PK HP
c-4979;Vespa 50 N (V5A1T);Getriebe - Hinterradnabe;17;p-526;Ölablassschraube M8 x 8mm -PIAGGIO Olio- Vespa PX, T5 125cc, Cosa, Rally180/200, Sprint150, TS125, GT125, GTR125, GL150, Super, SS180, GS160 / GS4, VN
c-4979;Vespa 50 N (V5A1T);Getriebe - Hinterradnabe;18;p-526;Ölablassschraube M8 x 8mm -PIAGGIO Olio- Vespa PX, T5 125cc, Cosa, Rally180/200, Sprint150, TS125, GT125, GTR125, GL150, Super, SS180, GS160 / GS4, VN
c-4979;Vespa 50 N (V5A1T);Getriebe - Hinterradnabe;19;p-15037;Dichtung Ölablassschraube -OEM QUALITÄT 8x14x1mm- Vespa V50, 50N, SS50, SR50, V90, SS90, V100, PV125, ET3, PK, PX, T5 125ccm, Cosa, Rally, Sprint, TS1
c-4979;Vespa 50 N (V5A1T);Getriebe - Hinterradnabe;20;p-15037;Dichtung Ölablassschraube -OEM QUALITÄT 8x14x1mm- Vespa V50, 50N, SS50, SR50, V90, SS90, V100, PV125, ET3, PK, PX, T5 125ccm, Cosa, Rally, Sprint, TS1
c-4979;Vespa 50 N (V5A1T);Getriebe - Hinterradnabe;21;p-3498;Entlüftungsschraube Kupplungsdeckel -PIAGGIO- Vespa alle Vespas
c-4979;Vespa 50 N (V5A1T);Getriebe - Hinterradnabe;22;p-10285;Kickstarteranschlaggummi -PIAGGIO- Vespa V50, V90, PV125, ET3, PK S - 20 x 24 x 9mm
c-4979;Vespa 50 N (V5A1T);Getriebe - Hinterradnabe;23;p-17425;Einstellschraube M5 x 20mm (Øinnen=6,9mm) -BGM ORIGINAL- (verwendet für Schaltraste Vespa) - 10 Stück
c-4979;Vespa 50 N (V5A1T);Getriebe - Hinterradnabe;24;p-15682;Mutter -DIN 934- M5
c-4979;Vespa 50 N (V5A1T);Getriebe - Hinterradnabe;25;p-391;Sicherungsschraube Schaltgabel -OEM QUALITÄT- V50, V90, SS50, SS90, PV125, ET3, PK S, PK XL1
c-4979;Vespa 50 N (V5A1T);Getriebe - Hinterradnabe;26;p-11951;Klemmplättchen-Bolzen Ø=5,4x11mm Bremse hinten -PIAGGIO- Vespa V50, V90, PV125, ET3, PK, PK S, PK XL, PK XL2, PX, Rally, Sprint, GT, GTR
c-4979;Vespa 50 N (V5A1T);Getriebe - Hinterradnabe;27;p-44764;Schaltgabel -PREMIUM- Vespa V50, V90, SS50, SS90, PV125, ET3 - 2x O-Ringe
c-4979;Vespa 50 N (V5A1T);Getriebe - Hinterradnabe;28;p-1321;Schubklotz für Schaltklaue -PIAGGIO- Vespa V50, V90, SS50, SS90, PV125, ET3, PK S, PK XL
c-4979;Vespa 50 N (V5A1T);Getriebe - Hinterradnabe;30;p-17433;Einstellschraube M7 x 25mm -BGM ORIGINAL- 10 Stück
c-4979;Vespa 50 N (V5A1T);Getriebe - Hinterradnabe;31;p-12253;Mutter M7 flach für Klemmschraube Vorderradbremszug -PIAGGIO- Vespa V50, V90, PV125, ET3, VNA, VNB, VBA, VBB, Super, GL150 (VLA1T), GT/GTR125 (VNL2T),
c-4979;Vespa 50 N (V5A1T);Getriebe - Hinterradnabe;35;p-11717;Wellscheibe für Schaltgabel -OEM QUALITÄT, 7,75x12,0x0,1mm- Vespa V50, V90, SS50, SS90, PV125, ET3, PK S, PK XL1
c-4979;Vespa 50 N (V5A1T);Getriebe - Hinterradnabe;36;p-13916;Sicherungsring -WELLE DIN6799- Ø=3mm - verwendet für Schubklotz Schaltklaue Vespa Smallframe (V50, PV, ET3, PK, PK XL, PK XL2)
c-4979;Vespa 50 N (V5A1T);Getriebe - Hinterradnabe;37;p-111;Sicherungsstift (zylindrisch) 4,0x23mm (verwendet für Schaltraste PX, Cosa, T5, Rally, Sprint, TS, GT, GTR, Super, SS180, GS160, GL, VNA, VNB, VBA, VB
c-4979;Vespa 50 N (V5A1T);Getriebe - Hinterradnabe;41;p-11133;Schaltklaue -FA ITALIA- 4-Arme, 3 Gang - Vespa 50N (V5A1T, 92877-), 50L, 50R, 50 Special (V5A2T, V5B3T), Special Elestart (V5B2T, V5A3T), V90 (V9A1T),
c-4979;Vespa 50 N (V5A1T);Getriebe - Hinterradnabe;42;p-6623;Seegerring -WELLE DIN471 ähnlich- Ø=48mm x 1,7mm - verwendet für Hauptwelle Getriebe Vespa V50, PV, ET3, Sprint, Rally, VNA, VNB, VBA, VBB, Super, GT,
c-4979;Vespa 50 N (V5A1T);Getriebe - Hinterradnabe;43;p-6623;Seegerring -WELLE DIN471 ähnlich- Ø=48mm x 1,7mm - verwendet für Hauptwelle Getriebe Vespa V50, PV, ET3, Sprint, Rally, VNA, VNB, VBA, VBB, Super, GT,
c-4979;Vespa 50 N (V5A1T);Getriebe - Hinterradnabe;44;p-30127;Schulterring -MALOSSI- Vespa Smallframe V50, PV125, ET3, PK - Largeframe PX Lusso (1984-), Cosa, T5 125ccm - 1,00mm
c-4979;Vespa 50 N (V5A1T);Getriebe - Hinterradnabe;45;p-30127;Schulterring -MALOSSI- Vespa Smallframe V50, PV125, ET3, PK - Largeframe PX Lusso (1984-), Cosa, T5 125ccm - 1,00mm
c-4979;Vespa 50 N (V5A1T);Getriebe - Hinterradnabe;50;p-15098;Schaltfeder -VESPA- V50, V90, SS50, SS90, PV125, ET3, PK S, PK XL
c-4979;Vespa 50 N (V5A1T);Getriebe - Hinterradnabe;51;p-10067;Schaltfeder-Set -VESPA- V50, V90, SS50, SS90, PV125, ET3, PK S, PK XL - verstärkt
c-4979;Vespa 50 N (V5A1T);Getriebe - Hinterradnabe;52;p-15719;Mutter -DIN 934- M8
c-4979;Vespa 50 N (V5A1T);Getriebe - Hinterradnabe;53;p-15727;Federring -DIN 127- M8
c-4979;Vespa 50 N (V5A1T);Getriebe - Hinterradnabe;54;p-15725;Unterlegscheibe -DIN 125- M8 - schwarz verzinkt
c-4979;Vespa 50 N (V5A1T);Getriebe - Hinterradnabe;55;p-15026;Splint -DIN 94- Ø=2,0mm - 20mm - verwendet für Bolzen Klemmplättchen / Bremsarm hinten Vespa PX, Sprint, Rally, V50, PV125, ET3 etc.
c-4979;Vespa 50 N (V5A1T);Getriebe - Hinterradnabe;56;p-11955;Mutter flach -DIN 439 ähnlich- M9 x 1,0mm - verwendet für Klemmplättchen hinten Bremszug/Bremsarm/Bremspedal Vespa
c-4979;Vespa 50 N (V5A1T);Getriebe - Hinterradnabe;61;p-3041;Schraube Kabelkästchen M3 x 8mm mit Schlitz -PIAGGIO- Vespa Smallframe V50, PV125, Wideframe VM1, VM2, VNB1, VNB2, Super, GS150 VS1-5, Sprint, GT, GTR
c-4979;Vespa 50 N (V5A1T);Getriebe - Hinterradnabe;64;p-6832;Schraube Linsen-Senkkopf -DIN 966- M5 x 40 (verwendet für Kabelkästchen Vespa PX, T5 125cc, Rally180 (VSD1T), Rally200 (VSE1T), Sprint150 (VLB1T), TS1
c-4979;Vespa 50 N (V5A1T);Getriebe - Hinterradnabe;65;p-392;Unterlegscheibe -VESPA- 12x20x2,3mm (verwendet für Sicherungsschraube Schaltgabel Vespa V50, V90, SS50, SS90, PV125, ET3, PK S, PK XL)
c-4979;Vespa 50 N (V5A1T);Getriebe - Hinterradnabe;66;p-15727;Federring -DIN 127- M8
c-4979;Vespa 50 N (V5A1T);Getriebe - Hinterradnabe;67;p-15727;Federring -DIN 127- M8
c-4979;Vespa 50 N (V5A1T);Getriebe - Hinterradnabe;68;p-46131;Schubklotz-Set für Schaltgabel - Schaltklaue -FRT- Vespa V50, V90, SS50, SS90, PV125, ET3, PK S, PK XL
c-4979;Vespa 50 N (V5A1T);Kupplung - Kickstarter;1;p-15337;Kickstarterfeder -OEM QUALITÄT- Vespa V50, V90, PV125, PK50, PK80, PK125
c-4979;Vespa 50 N (V5A1T);Kupplung - Kickstarter;2;p-12734;Kickstarterwelle -PIAGGIO- Vespa V50, V90, SS50, SS90, PV125, ET3, PK50, PK80, PK125 S, PK50, PK80, PK125 XL - 12 Zähne
c-4979;Vespa 50 N (V5A1T);Kupplung - Kickstarter;3;p-15295;O-Ring Ø16x2,50mm -PIAGGIO-Kickstarterwelle Vespa V50, PV125, ET3, PK, PX, T5 125ccm, Cosa, Rally, Sprint, TS125, GT125, GTR125, Super, GS160 / GS4, S
c-4979;Vespa 50 N (V5A1T);Kupplung - Kickstarter;4;p-15111;Kickstarterritzel -OEM QUALITÄT- Vespa V50, V90, SS50, SS90, PV125, ET3, PK S, PK XL - Zähne 12/10, Ø=20,5mm
c-4979;Vespa 50 N (V5A1T);Kupplung - Kickstarter;6;p-15011;Kickstarterritzelandruckfeder -OEM QUALITÄT- Vespa V50, V90, PV125, ET3, PK
c-4979;Vespa 50 N (V5A1T);Kupplung - Kickstarter;7;p-14464;Seegerring -WELLE DIN471- Ø=25mm - Smallframe primär, V50, 50N, SS50, SS90, V90, PV125, ET3, PK, PK XL, PK XL2, ETS
c-4979;Vespa 50 N (V5A1T);Kupplung - Kickstarter;8;p-12229;Halbmond Keil (Scheibenfeder) -DIN 6888- 3x3,6mm (verwendet für Kurbelwelle Lichtmaschinenseite Vespa GS 150, Lambretta D 125-150 (1956-1957), LD 125-
c-4979;Vespa 50 N (V5A1T);Kupplung - Kickstarter;9;p-46019;Rollenlager -CRIMAZ NUP 16005 (25x47x8mm)- verwendet für Primär Vespa V50, V90, SS50, SS90, PV125, ET3, PK S, PK XL
c-4979;Vespa 50 N (V5A1T);Kupplung - Kickstarter;10;p-15175;Schraube -DIN 931- M9 x 50mm (verwendet als Kickstarterschraube Vespa V50, V90, SS50, SS90, PV125, ET3, PK
c-4979;Vespa 50 N (V5A1T);Kupplung - Kickstarter;11;p-11935;Zahnscheibe -DIN 6798- M9 - innenverzahnt
c-4979;Vespa 50 N (V5A1T);Kupplung - Kickstarter;12;p-15113;Kickstarter Vespa V50, PV, ET3 - Aluminium poliert
c-4979;Vespa 50 N (V5A1T);Kupplung - Kickstarter;13;p-15203;Seegerring -BOHRUNG DIN472- Ø=47mm - für Kugellager Smallframe, Largeframe Hauptwelle 6204 Radseite, Kugellager 16005 Primär Smallframe V50, PV, ET3, 
c-4979;Vespa 50 N (V5A1T);Kupplung - Kickstarter;18;p-15015;Kupplungsandruckplatte -OEM QUALITÄT- Vespa PX80, PX125, PX150, Sprint150 (VLB1T), TS125 (VNL3T), GT125 (VNL2T), GTR125 (VNL2T), Super, VNA, VNB, VBA,
c-4979;Vespa 50 N (V5A1T);Kupplung - Kickstarter;19;p-10273;Kupplungsandruckplattenfeder -PIAGGIO- Vespa PX, T5 125cc, Cosa2, Rally180 (VSD1T), Rally200 (VSE1T), Sprint150 (VLB1T), TS125 (VNL3T), GT125 (VNL2T),
c-4979;Vespa 50 N (V5A1T);Kupplung - Kickstarter;20;p-15189;Kupplungstrennpilz -OEM QUALITÄT- Vespa V50 (ab Bj. 1978), PV125 (ab Bj. 1978), ET3 (ab Bj. 1978), PK S, PK XL1 - 2 Ärmchen
c-4979;Vespa 50 N (V5A1T);Kupplung - Kickstarter;21;p-1322;Dichtung Kupplungsdeckel -OEM QUALITÄT- Vespa V50, PV125, ET3, PK50, PK80, PK125
c-4979;Vespa 50 N (V5A1T);Kupplung - Kickstarter;22;p-11525;Schraube -DIN 931- M6 x 25mm (8.8 Festigkeit) - (verwendet für Kupplungsdeckel Vespa PX, Cosa, T5 125ccm, Rally, Sprint, TS, GT, GTR, GL, SS 180, GS 1
c-4979;Vespa 50 N (V5A1T);Kupplung - Kickstarter;23;p-6547;Federscheibe gewellt -DIN 137 Stahl verzinkt- M6
c-4979;Vespa 50 N (V5A1T);Kupplung - Kickstarter;24;p-6547;Federscheibe gewellt -DIN 137 Stahl verzinkt- M6
c-4979;Vespa 50 N (V5A1T);Kupplung - Kickstarter;25;p-32630;Kupplungsdeckel -POLINI, kurzer gerader Hebel- Vespa V50, PV, ET3
c-4979;Vespa 50 N (V5A1T);Kupplung - Kickstarter;26;p-15700;Schraube -DIN 933- M6 x 20mm (8.8 Festigkeit)
c-4979;Vespa 50 N (V5A1T);Kupplung - Kickstarter;31;p-364;Kupplungsarmfeder -VESPA- V50, V90 (bis Bj. 1977), SS50, SS90, PV125 (bis Bj. 1977), ET3
c-4979;Vespa 50 N (V5A1T);Kupplung - Kickstarter;32;p-12629;Kupplungsarm -VESPA- Vespa 50 (V5A1T), 50 Elestart (V5B2T), 50 N Special (V5A1T, V5B3T), 50 Special (V5B1T), 50 SR (V5SA1T), 50 SS (V5SS1T), V 90 (V9A
c-4979;Vespa 50 N (V5A1T);Kupplung - Kickstarter;34;p-15124;Sicherungsring Kupplungskorb -NEWFREN Ø=61mm b=2,9mm h=1,1mm- Vespa V50 (V5A1T, V5A2T, V5A3T, V5B1T, V5B2T, V5B3T, V5B4T, V5R1T, V5SA1T), SS50 (V5SS1T
c-4979;Vespa 50 N (V5A1T);Kupplung - Kickstarter;35;p-15123;Ölsammelblech Kupplung -OEM QUALITÄT- Vespa V50, V90, SS50, SS90, PV125, ET3, PK S, PK XL1
c-4979;Vespa 50 N (V5A1T);Kupplung - Kickstarter;36;p-15122;Kupplungsabdeckscheibe -OEM QUALITÄT- Vespa V50, PV125, ET3, PK S, PK XL1
c-4979;Vespa 50 N (V5A1T);Kupplung - Kickstarter;37;p-2641;Kupplungsbeläge -VESPA Smallframe V50, V90, SS50, SS90, PV125, ET3, PK50, PK80, PK50 S, PK80 S, PK125 S, PK50 XL, PK125 XL, ETS, PK50 HP, PK50 SS - 3-
c-4979;Vespa 50 N (V5A1T);Kupplung - Kickstarter;38;p-2641;Kupplungsbeläge -VESPA Smallframe V50, V90, SS50, SS90, PV125, ET3, PK50, PK80, PK50 S, PK80 S, PK125 S, PK50 XL, PK125 XL, ETS, PK50 HP, PK50 SS - 3-
c-4979;Vespa 50 N (V5A1T);Kupplung - Kickstarter;39;p-2641;Kupplungsbeläge -VESPA Smallframe V50, V90, SS50, SS90, PV125, ET3, PK50, PK80, PK50 S, PK80 S, PK125 S, PK50 XL, PK125 XL, ETS, PK50 HP, PK50 SS - 3-
c-4979;Vespa 50 N (V5A1T);Kupplung - Kickstarter;40;p-12245;Kupplungsstahlscheibe -PIAGGIO- Vespa Smallframe V50, V90, SS50, SS90, PV125, ET3, PK50, PK80, PK50 S, PK80 S, PK125 S, PK50 XL, PK125 XL, ETS, PK50 H
c-4979;Vespa 50 N (V5A1T);Kupplung - Kickstarter;41;p-12245;Kupplungsstahlscheibe -PIAGGIO- Vespa Smallframe V50, V90, SS50, SS90, PV125, ET3, PK50, PK80, PK50 S, PK80 S, PK125 S, PK50 XL, PK125 XL, ETS, PK50 H
c-4979;Vespa 50 N (V5A1T);Kupplung - Kickstarter;42;p-15120;Kupplungsgrundplatte -OEM QUALITÄT- Vespa V50, PV125, ET3, PK S, PK XL1
c-4979;Vespa 50 N (V5A1T);Kupplung - Kickstarter;43;p-439;Kupplungsfeder -PIAGGIO- Vespa V50 (V5A1T, V5A2T, V5A3T, V5B1T, V5B2T, V5B3T, V5B4T, V5R1T, V5SA1T), SS50 (V5SS1T), SR50 (V5SS2T), V90 (V9A1T), SS90 (
c-4979;Vespa 50 N (V5A1T);Kupplung - Kickstarter;44;p-15119;Kupplungsspinne -OEM QUALITÄT- Vespa V50, PV125, ET3, PK S, PK XL1
c-4979;Vespa 50 N (V5A1T);Kupplung - Kickstarter;45;p-15705;Mutter hoch -DIN 934 ähnlich- M7
c-4979;Vespa 50 N (V5A1T);Kupplung - Kickstarter;46;p-15711;Federring -DIN 127- M7
c-4979;Vespa 50 N (V5A1T);Kupplung - Kickstarter;47;p-4268;Halteblech Brems-/Kupplungszug am Motor -PREMIUM- Vespa V50 (VMA1M), PV125, ET3, SS50, SS90 - 1. Serie (kurzer Kupplungsausrückhebel)
c-4979;Vespa 50 N (V5A1T);Kupplung - Kickstarter;48;p-15717;Schraube -DIN 933- M7 x 25mm (8.8 Festigkeit)
c-4979;Vespa 50 N (V5A1T);Kupplung - Kickstarter;49;p-15682;Mutter -DIN 934- M5
c-4979;Vespa 50 N (V5A1T);Kupplung - Kickstarter;50;p-17425;Einstellschraube M5 x 20mm (Øinnen=6,9mm) -BGM ORIGINAL- (verwendet für Schaltraste Vespa) - 10 Stück
c-4979;Vespa 50 N (V5A1T);Kupplung - Kickstarter;51;p-6238;Kugellager -6200- (10x30x09mm) - (verwendet für Nebenwelle Vespa V50, V90, SS50, SS90, PV125, ET3, PK S, PK XL)
c-4979;Vespa 50 N (V5A1T);Kupplung - Kickstarter;53;p-665;Sicherungsblech Nebenwelle -PIAGGIO- Vespa V50, V90, SS50, SS90, PV125, ET3, PK S, PK XL
c-4979;Vespa 50 N (V5A1T);Kupplung - Kickstarter;54;p-15018;Kupplungsmutter -PIAGGIO- Vespa V50, PV125, ET3, PK S, PK XL - (verwendet als Mutter für Nebenwelle)
c-4979;Vespa 50 N (V5A1T);Lenker;1;p-6775;Griffe Vespa V50, PV, ET3 - Schwarz
c-4979;Vespa 50 N (V5A1T);Lenker;2;p-6775;Griffe Vespa V50, PV, ET3 - Schwarz
c-4979;Vespa 50 N (V5A1T);Lenker;6;p-15082;Bremshebelschraube - Kupplungshebelschraube -OEM QUALITÄT- Vespa V50, SS50, 50 Special, V90, SS90, Super (VNC, VBC), GT125 (VNL2T), GTR125 (VNL2T), PV
c-4979;Vespa 50 N (V5A1T);Lenker;7;p-15082;Bremshebelschraube - Kupplungshebelschraube -OEM QUALITÄT- Vespa V50, SS50, 50 Special, V90, SS90, Super (VNC, VBC), GT125 (VNL2T), GTR125 (VNL2T), PV
c-4979;Vespa 50 N (V5A1T);Lenker;8;p-12054;Unterlegscheibe - Wellscheibe Hebelschraube (oben) -PIAGGIO- Vespa PK, PK S, PK XL, PX - Ø6,6 x 14 x 0,3mm
c-4979;Vespa 50 N (V5A1T);Lenker;9;p-12054;Unterlegscheibe - Wellscheibe Hebelschraube (oben) -PIAGGIO- Vespa PK, PK S, PK XL, PX - Ø6,6 x 14 x 0,3mm
c-4979;Vespa 50 N (V5A1T);Lenker;10;p-3016;Unterlegscheibe Hebelschraube (oben) -CIF- 14x6,6x0,6mm - Vespa V50, V90, SS50, SS90, PV125, ET3, Super, GS150, Sprint, Rally, SS180, PX, T5 125ccm
c-4979;Vespa 50 N (V5A1T);Lenker;11;p-3016;Unterlegscheibe Hebelschraube (oben) -CIF- 14x6,6x0,6mm - Vespa V50, V90, SS50, SS90, PV125, ET3, Super, GS150, Sprint, Rally, SS180, PX, T5 125ccm
c-4979;Vespa 50 N (V5A1T);Lenker;12;p-3017;Unterlegscheibe Hebelschraube (unten) -PIAGGIO- 14x5,3x1,0mm - Vespa V50, V90, SS50, SS90, PV125, ET3, Super, GS150, Sprint, Rally, SS180, PX, T5 125c
c-4979;Vespa 50 N (V5A1T);Lenker;13;p-15768;Mutter selbstsichernd -DIN 985- M5 (verwendet für Hebelschraube Vespa PX, T5 125ccm, Rally, Sprint, TS, GT, GTR, SS180, GS160, Super, GL, VNA, VNB, VB
c-4979;Vespa 50 N (V5A1T);Lenker;14;p-15768;Mutter selbstsichernd -DIN 985- M5 (verwendet für Hebelschraube Vespa PX, T5 125ccm, Rally, Sprint, TS, GT, GTR, SS180, GS160, Super, GL, VNA, VNB, VB
c-4979;Vespa 50 N (V5A1T);Lenker;15;p-6703;Splint Gaszug-/Schaltzugrolle -PIAGGIO- Vespa Rally180 (VSD1T), Rally200 (VSE1T), Sprint150 (VLB1T), TS125 (VNL3T), GTR125 (VNL2T), PK XL2
c-4979;Vespa 50 N (V5A1T);Lenker;16;p-6703;Splint Gaszug-/Schaltzugrolle -PIAGGIO- Vespa Rally180 (VSD1T), Rally200 (VSE1T), Sprint150 (VLB1T), TS125 (VNL3T), GTR125 (VNL2T), PK XL2
c-4979;Vespa 50 N (V5A1T);Lenker;18;p-44743;Schaltzug- Gaszugrollen Set -PREMIUM ohne Lenkerblinker- Vespa V50, V90, SS50, SS90, PV125, ET3, Rally180 (VSD1T), Rally200 (VSE1T), Sprint150 (VLB1T)
c-4979;Vespa 50 N (V5A1T);Lenker;19;p-44743;Schaltzug- Gaszugrollen Set -PREMIUM ohne Lenkerblinker- Vespa V50, V90, SS50, SS90, PV125, ET3, Rally180 (VSD1T), Rally200 (VSE1T), Sprint150 (VLB1T)
c-4979;Vespa 50 N (V5A1T);Lenker;20;p-6697;Federscheibe Gasrohr/Schaltrohr 24 x 31x 1mm -VESPA- PX, T5 125cc, Rally180 (VSD1T), Rally200 (VSE1T), Sprint150 (VLB1T), TS125 (VNL3T), GT125 (VNL2T)
c-4979;Vespa 50 N (V5A1T);Lenker;21;p-6697;Federscheibe Gasrohr/Schaltrohr 24 x 31x 1mm -VESPA- PX, T5 125cc, Rally180 (VSD1T), Rally200 (VSE1T), Sprint150 (VLB1T), TS125 (VNL3T), GT125 (VNL2T)
c-4979;Vespa 50 N (V5A1T);Lenker;22;p-11554;Schaltzugrolle -OEM QUALITÄT mit Lenkerblinker- Vespa V50, V90, SS50, SS90, PV125, ET3, Rally180 (VSD1T), Rally200 (VSE1T), Sprint150 (VLB1T), TS125 (
c-4979;Vespa 50 N (V5A1T);Lenker;23;p-15055;Lenkkopfschraube inkl. Vierkantmutter -CIF- Vespa PX, PK, Rally, Sprint150, 180 SS, Super, TS125, GT125 (VNL2T), GTR125 (VNL2T), ET3, PV125, V50, V90
c-4979;Vespa 50 N (V5A1T);Lenker;24;p-15056;Lenkkopfmutter -VESPA- PX, PK, Rally180 (VSD1T), Rally200 (VSE1T), Sprint150 (VLB1T), 180 SS, Super, TS125 (VNL3T), GT125 (VNL2T), GTR125 (VNL2T), ET3
c-4979;Vespa 50 N (V5A1T);Lenker;29;p-2804;Tachodichtung -OEM QUALITÄT- Vespa V50 Ø=48mm - Vespa 50N, 50L, 50R, 50S und V90 (Rund),Lambretta lui 50-75
c-4979;Vespa 50 N (V5A1T);Lenker;30;p-2804;Tachodichtung -OEM QUALITÄT- Vespa V50 Ø=48mm - Vespa 50N, 50L, 50R, 50S und V90 (Rund),Lambretta lui 50-75
c-4979;Vespa 50 N (V5A1T);Lenker;31;p-8994;Sicherungsblech Tacho -OEM QUALITÄT- Vespa V50 Ø=48mm
c-4979;Vespa 50 N (V5A1T);Lenker;34;p-69;Fächerscheibe -DIN 6798- M5
c-4979;Vespa 50 N (V5A1T);Lenker;36;p-6705;Schraube -DIN 7985- M5 x 35mm - verwendet für Lenkkopfabdeckung Vespa PX, PK S, PK XL, Luftfilter SI
c-4979;Vespa 50 N (V5A1T);Lenker;38;p-6708;Staubschutzring Steuersatzschale auf Gabel -OEM QUALITÄT- Vespa PX, T5 125cc, Cosa, PK, V50, V90, PV125, ET3, PK, Rally180 (VSD1T), Vespa Rally200 (VS
c-4979;Vespa 50 N (V5A1T);Lenker;39;p-6714;Steuersatz - Lenkkopflager -PIAGGIO- unten (4 teilig) - Vespa V50, 50N, PV, ​ET3, ​PK, PX, T5, Cosa, Rally, Sprint, Super, GS160, SS180, GTS, HPE, ET2
c-4979;Vespa 50 N (V5A1T);Lenker;40;p-6273;Kugelring - Kugellager Steuersatz unten -OEM QUALITÄT, Kugeln = 1/4“ = 6,35mm- Vespa, Piaggio, Gilera, Lambretta LI, LI S, SX, TV, DL, GP
c-4979;Vespa 50 N (V5A1T);Lenker;41;p-6714;Steuersatz - Lenkkopflager -PIAGGIO- unten (4 teilig) - Vespa V50, 50N, PV, ​ET3, ​PK, PX, T5, Cosa, Rally, Sprint, Super, GS160, SS180, GTS, HPE, ET2
c-4979;Vespa 50 N (V5A1T);Lenker;45;p-11970;Unterlegscheibe Steuersatz -PIAGGIO- 30,2x40,0x2,5mm - verwendet als Nasenscheibe
c-4979;Vespa 50 N (V5A1T);Lenker;46;p-17870;Steuersatzschalenkontermutter h=6mm -BGM ORIGINAL- Vespa 125 VN1, VN2, VNA1T, VNA2T, VNB1T, VNB2T, VNB3T, VNB4T, VNB5T, VNB6T, Vespa 150 VL1, VL3T, VB
c-4979;Vespa 50 N (V5A1T);Lenker;49;p-10366;Feder für Gasrohr -OEM QUALITÄT- Vespa V50 (V5A1T bis V5A3T, V5SA1T), SS50 (V5SS1T bis V5SS2T), V90 (V9A1T), SS90 (V9SS1T bis V9SS2T), PV125, ET3, GL1
c-4979;Vespa 50 N (V5A1T);Lenker;50;p-48819;Gaszugrolle -RMS Aluminium- Vespa V50, V90, SS50, SS90, PV125, ET3, Rally180 (VSD1T), Rally200 (VSE1T), Sprint150 (VLB1T), TS125 (VNL3T), GT125 (VNL2T
c-4979;Vespa 50 N (V5A1T);Lenker;52;p-9642;Scheinwerferzierring -SIEM Ø=105/115mm (Glas/außen)- Vespa V50, V90 - Chrom
c-4979;Vespa 50 N (V5A1T);Lenker;55;p-12646;Distanzscheibe Gasrohr/Schaltrohr 24 x 31x 2mm -VESPA- Vespa Rally180 (VSD1T), Rally200 (VSE1T), Sprint150 (VLB1T), TS125 (VNL3T), GT125 (VNL2T), GTR1
c-4979;Vespa 50 N (V5A1T);Magnetzünder - Zündspule;1;p-15682;Mutter -DIN 934- M5
c-4979;Vespa 50 N (V5A1T);Magnetzünder - Zündspule;2;p-13509;Federring -DIN 127- M5 - Edelstahl
c-4979;Vespa 50 N (V5A1T);Magnetzünder - Zündspule;3;p-13509;Federring -DIN 127- M5 - Edelstahl
c-4979;Vespa 50 N (V5A1T);Magnetzünder - Zündspule;4;p-13509;Federring -DIN 127- M5 - Edelstahl
c-4979;Vespa 50 N (V5A1T);Magnetzünder - Zündspule;5;p-48510;Zündspule -Levistronic HT 400V- Vespa Smallframe V50, V90, SS50, SS90, PV125, ET3, Largeframe GT125 (VNL2T), GTR125 (VNL2T), TS125 (VNL3T), Sprint150 
c-4979;Vespa 50 N (V5A1T);Magnetzünder - Zündspule;6;p-3044;Schraube -DIN 85- M5 x 14mm (verwendet für Zündgrundplatte Rally180 (VSD1T), Rally200 (VSE1T), Sprint150 (VLB1T), TS125 (VNL3T), GT125 (VNL2T), GTR125
c-4979;Vespa 50 N (V5A1T);Magnetzünder - Zündspule;7;p-3044;Schraube -DIN 85- M5 x 14mm (verwendet für Zündgrundplatte Rally180 (VSD1T), Rally200 (VSE1T), Sprint150 (VLB1T), TS125 (VNL3T), GT125 (VNL2T), GTR125
c-4979;Vespa 50 N (V5A1T);Magnetzünder - Zündspule;16;p-9129;Seegerring -BOHRUNG DIN472- Ø=25mm - (verwendet für Polrad Vespa V50, 50N, PV125, SS50, SS90, SR50, Sprint150, Super, VNA, GT125, GTR125)
c-4979;Vespa 50 N (V5A1T);Magnetzünder - Zündspule;19;p-170;Gummi Motor/Kabel -PIAGGIO- Vespa V50, V90, PV, ET3, VNA1T-2T, VNB1T-5T (verwendet zur Kabeldurchführung Motorgehäuse / Zündgrundplatte)
c-4979;Vespa 50 N (V5A1T);Magnetzünder - Zündspule;20;p-170;Gummi Motor/Kabel -PIAGGIO- Vespa V50, V90, PV, ET3, VNA1T-2T, VNB1T-5T (verwendet zur Kabeldurchführung Motorgehäuse / Zündgrundplatte)
c-4979;Vespa 50 N (V5A1T);Magnetzünder - Zündspule;21;p-170;Gummi Motor/Kabel -PIAGGIO- Vespa V50, V90, PV, ET3, VNA1T-2T, VNB1T-5T (verwendet zur Kabeldurchführung Motorgehäuse / Zündgrundplatte)
c-4979;Vespa 50 N (V5A1T);Magnetzünder - Zündspule;22;p-170;Gummi Motor/Kabel -PIAGGIO- Vespa V50, V90, PV, ET3, VNA1T-2T, VNB1T-5T (verwendet zur Kabeldurchführung Motorgehäuse / Zündgrundplatte)
c-4979;Vespa 50 N (V5A1T);Magnetzünder - Zündspule;23;p-6833;Gummikappe Kabelkästchen -PIAGGIO- Vespa alle Modelle
c-4979;Vespa 50 N (V5A1T);Magnetzünder - Zündspule;24;p-6833;Gummikappe Kabelkästchen -PIAGGIO- Vespa alle Modelle
c-4979;Vespa 50 N (V5A1T);Magnetzünder - Zündspule;25;p-45381;Verbindungskabel Zündspule und Kabelkästchen -VESPARATUR- Vespa Sprint, GT, GTR, TS
c-4979;Vespa 50 N (V5A1T);Magnetzünder - Zündspule;26;p-45381;Verbindungskabel Zündspule und Kabelkästchen -VESPARATUR- Vespa Sprint, GT, GTR, TS
c-4979;Vespa 50 N (V5A1T);Magnetzünder - Zündspule;27;p-45381;Verbindungskabel Zündspule und Kabelkästchen -VESPARATUR- Vespa Sprint, GT, GTR, TS
c-4979;Vespa 50 N (V5A1T);Magnetzünder - Zündspule;28;p-45381;Verbindungskabel Zündspule und Kabelkästchen -VESPARATUR- Vespa Sprint, GT, GTR, TS
c-4979;Vespa 50 N (V5A1T);Magnetzünder - Zündspule;29;p-45381;Verbindungskabel Zündspule und Kabelkästchen -VESPARATUR- Vespa Sprint, GT, GTR, TS
c-4979;Vespa 50 N (V5A1T);Magnetzünder - Zündspule;30;p-45381;Verbindungskabel Zündspule und Kabelkästchen -VESPARATUR- Vespa Sprint, GT, GTR, TS
c-4979;Vespa 50 N (V5A1T);Magnetzünder - Zündspule;31;p-45381;Verbindungskabel Zündspule und Kabelkästchen -VESPARATUR- Vespa Sprint, GT, GTR, TS
c-4979;Vespa 50 N (V5A1T);Magnetzünder - Zündspule;33;p-3052;Niet für Polrad -PIAGGIO- Vespa V50, 50N, Spezial, PV125, ET3, Super, Sprint, GT, GTR, TS, P125X, P150S
c-4979;Vespa 50 N (V5A1T);Magnetzünder - Zündspule;34;p-49055;Lüfterradabdeckung -CIF- Vespa V50, PV125, ET3 - schwarz
c-4979;Vespa 50 N (V5A1T);Magnetzünder - Zündspule;35;p-3037;Schraube Zündkontakt M4 x 10mm mit Schlitz -PIAGGIO- Vespa Smallframe V50, PV125, Wideframe VM1, VM2, VNB1, VNB2, Super, GS150 VS1-5, Sprint, GT, GTR,
c-4979;Vespa 50 N (V5A1T);Magnetzünder - Zündspule;36;p-3037;Schraube Zündkontakt M4 x 10mm mit Schlitz -PIAGGIO- Vespa Smallframe V50, PV125, Wideframe VM1, VM2, VNB1, VNB2, Super, GS150 VS1-5, Sprint, GT, GTR,
c-4979;Vespa 50 N (V5A1T);Magnetzünder - Zündspule;37;p-11195;Zündkontakte -PIAGGIO kurz, Ø=5,0mm Führungsbolzen- Vespa 50 N, L, R, Special
c-4979;Vespa 50 N (V5A1T);Magnetzünder - Zündspule;38;p-11195;Zündkontakte -PIAGGIO kurz, Ø=5,0mm Führungsbolzen- Vespa 50 N, L, R, Special
c-4979;Vespa 50 N (V5A1T);Magnetzünder - Zündspule;39;p-15774;Schmierfilz Kontaktzündung (Kondensator Ø=14mm) -OEM QUALITÄT- Vespa V50, PX
c-4979;Vespa 50 N (V5A1T);Magnetzünder - Zündspule;40;p-5670;Kondensator -Ø=20mm, 1-Kabel- Vespa V50 N, V50 L, V50 R, V50 Special, V90, 90 SS, PV125
c-4979;Vespa 50 N (V5A1T);Magnetzünder - Zündspule;51;p-2947;Kabelschuh -Flachsteckhülse 6,3mm Ø=1,0-1,5mm²- DIN 46340 - 10stk.
c-4979;Vespa 50 N (V5A1T);Magnetzünder - Zündspule;52;p-2947;Kabelschuh -Flachsteckhülse 6,3mm Ø=1,0-1,5mm²- DIN 46340 - 10stk.
c-4979;Vespa 50 N (V5A1T);Magnetzünder - Zündspule;53;p-3062;Schraube Zündkontakt M4x10mm mit Schlitz -OEM QUALITÄT- Vespa Smallframe V50, PV125, Wideframe VM1, VM2, VNB1, VNB2, Super, GS150 VS1-5, Sprint, GT, G
c-4979;Vespa 50 N (V5A1T);Magnetzünder - Zündspule;55;p-3062;Schraube Zündkontakt M4x10mm mit Schlitz -OEM QUALITÄT- Vespa Smallframe V50, PV125, Wideframe VM1, VM2, VNB1, VNB2, Super, GS150 VS1-5, Sprint, GT, G
c-4979;Vespa 50 N (V5A1T);Magnetzünder - Zündspule;56;p-3062;Schraube Zündkontakt M4x10mm mit Schlitz -OEM QUALITÄT- Vespa Smallframe V50, PV125, Wideframe VM1, VM2, VNB1, VNB2, Super, GS150 VS1-5, Sprint, GT, G
c-4979;Vespa 50 N (V5A1T);Magnetzünder - Zündspule;57;p-2978;Fächerscheibe -DIN 6798- M3 (verwendet für Sicherungshalter PX, Zündkontakt Vespa lang)
c-4979;Vespa 50 N (V5A1T);Magnetzünder - Zündspule;58;p-2978;Fächerscheibe -DIN 6798- M3 (verwendet für Sicherungshalter PX, Zündkontakt Vespa lang)
c-4979;Vespa 50 N (V5A1T);Magnetzünder - Zündspule;59;p-13916;Sicherungsring -WELLE DIN6799- Ø=3mm - verwendet für Schubklotz Schaltklaue Vespa Smallframe (V50, PV, ET3, PK, PK XL, PK XL2)
c-4979;Vespa 50 N (V5A1T);Magnetzünder - Zündspule;60;p-13916;Sicherungsring -WELLE DIN6799- Ø=3mm - verwendet für Schubklotz Schaltklaue Vespa Smallframe (V50, PV, ET3, PK, PK XL, PK XL2)
c-4979;Vespa 50 N (V5A1T);Magnetzünder - Zündspule;61;p-362;Federscheibe gewellt -PIAGGIO- Stahl verzinkt- M6 - verwendet für Zylinderhaube Smallframe, Druckfeder Chokehebel
c-4979;Vespa 50 N (V5A1T);Magnetzünder - Zündspule;62;p-512;Zündkerzenstecker Metallklammer -PIAGGIO- Vespa, Piaggio - Messing
c-4979;Vespa 50 N (V5A1T);Magnetzünder - Zündspule;63;p-11927;Blechmutter -PIAGGIO- Ø=4,8mm 12x15mm verwendet für Zylinderhaube Vespa V50, PV125, ET3, PK S, PK XL
c-4979;Vespa 50 N (V5A1T);Magnetzünder - Zündspule;65;p-15688;Schraube -DIN 7985- M5 x 25mm (verwendet für Halter CDI / Elektronikzentrale PX)
c-4979;Vespa 50 N (V5A1T);Magnetzünder - Zündspule;66;p-6517;Gummistopfen Polrad (Niere) -OEM QUALITÄT Höhe=11.4mm, Breite: 40.6mm- Vespa V50 (200001 bis 763500), V90, 90SS, VNB6T (ab 04295), Super, GT125 (VNL2T
c-4979;Vespa 50 N (V5A1T);Magnetzünder - Zündspule;67;p-13482;Schraube -DIN 84- M6 x 10mm (verwendet für Lüfterradabdeckung Vespa)
c-4979;Vespa 50 N (V5A1T);Model mit Pedale;7;p-15690;Mutter -DIN 934- M6
c-4979;Vespa 50 N (V5A1T);Model mit Pedale;8;p-15690;Mutter -DIN 934- M6
c-4979;Vespa 50 N (V5A1T);Model mit Pedale;9;p-13501;Unterlegscheibe Karosserie -DIN 9021- M6 - Edelstahl
c-4979;Vespa 50 N (V5A1T);Model mit Pedale;10;p-13501;Unterlegscheibe Karosserie -DIN 9021- M6 - Edelstahl
c-4979;Vespa 50 N (V5A1T);Model mit Pedale;21;p-11920;Schraube -DIN 933- M6 x 16mm (8.8 Festigkeit)
c-4979;Vespa 50 N (V5A1T);Model mit Pedale;22;p-15690;Mutter -DIN 934- M6
c-4979;Vespa 50 N (V5A1T);Model mit Pedale;23;p-15696;Federring -DIN 127- M6
c-4979;Vespa 50 N (V5A1T);Model mit Pedale;29;p-13501;Unterlegscheibe Karosserie -DIN 9021- M6 - Edelstahl
c-4979;Vespa 50 N (V5A1T);Model mit Pedale;38;p-11548;Schraube -DIN 84- M5 x 8mm (verwendet für Befestigung Lenkerendblinker Rally180 (VSD1T), Rally200 (VSE1T), Sprint, PV, ET3, V50)
c-4979;Vespa 50 N (V5A1T);Model mit Pedale;39;p-69;Fächerscheibe -DIN 6798- M5
c-4979;Vespa 50 N (V5A1T);Model mit Pedale;41;p-15727;Federring -DIN 127- M8
c-4979;Vespa 50 N (V5A1T);Motorgehäuse - Zylinder - Kurbelwelle;1;p-15008;Motorgehäusebolzen - Motorschrauben - Motorbolzen M7 x 75mm -VESPA- (Smallframe V50, PV125, ET3, PK)
c-4979;Vespa 50 N (V5A1T);Motorgehäuse - Zylinder - Kurbelwelle;2;p-15008;Motorgehäusebolzen - Motorschrauben - Motorbolzen M7 x 75mm -VESPA- (Smallframe V50, PV125, ET3, PK)
c-4979;Vespa 50 N (V5A1T);Motorgehäuse - Zylinder - Kurbelwelle;3;p-15709;Unterlegscheibe -DIN 125- M7
c-4979;Vespa 50 N (V5A1T);Motorgehäuse - Zylinder - Kurbelwelle;4;p-15709;Unterlegscheibe -DIN 125- M7
c-4979;Vespa 50 N (V5A1T);Motorgehäuse - Zylinder - Kurbelwelle;5;p-15709;Unterlegscheibe -DIN 125- M7
c-4979;Vespa 50 N (V5A1T);Motorgehäuse - Zylinder - Kurbelwelle;6;p-15709;Unterlegscheibe -DIN 125- M7
c-4979;Vespa 50 N (V5A1T);Motorgehäuse - Zylinder - Kurbelwelle;7;p-15709;Unterlegscheibe -DIN 125- M7
c-4979;Vespa 50 N (V5A1T);Motorgehäuse - Zylinder - Kurbelwelle;8;p-15709;Unterlegscheibe -DIN 125- M7
c-4979;Vespa 50 N (V5A1T);Motorgehäuse - Zylinder - Kurbelwelle;9;p-15709;Unterlegscheibe -DIN 125- M7
c-4979;Vespa 50 N (V5A1T);Motorgehäuse - Zylinder - Kurbelwelle;10;p-15709;Unterlegscheibe -DIN 125- M7
c-4979;Vespa 50 N (V5A1T);Motorgehäuse - Zylinder - Kurbelwelle;11;p-15711;Federring -DIN 127- M7
c-4979;Vespa 50 N (V5A1T);Motorgehäuse - Zylinder - Kurbelwelle;12;p-15711;Federring -DIN 127- M7
c-4979;Vespa 50 N (V5A1T);Motorgehäuse - Zylinder - Kurbelwelle;13;p-15711;Federring -DIN 127- M7
c-4979;Vespa 50 N (V5A1T);Motorgehäuse - Zylinder - Kurbelwelle;14;p-15711;Federring -DIN 127- M7
c-4979;Vespa 50 N (V5A1T);Motorgehäuse - Zylinder - Kurbelwelle;15;p-15711;Federring -DIN 127- M7
c-4979;Vespa 50 N (V5A1T);Motorgehäuse - Zylinder - Kurbelwelle;16;p-15711;Federring -DIN 127- M7
c-4979;Vespa 50 N (V5A1T);Motorgehäuse - Zylinder - Kurbelwelle;17;p-15711;Federring -DIN 127- M7
c-4979;Vespa 50 N (V5A1T);Motorgehäuse - Zylinder - Kurbelwelle;18;p-15711;Federring -DIN 127- M7
c-4979;Vespa 50 N (V5A1T);Motorgehäuse - Zylinder - Kurbelwelle;19;p-15711;Federring -DIN 127- M7
c-4979;Vespa 50 N (V5A1T);Motorgehäuse - Zylinder - Kurbelwelle;20;p-15705;Mutter hoch -DIN 934 ähnlich- M7
c-4979;Vespa 50 N (V5A1T);Motorgehäuse - Zylinder - Kurbelwelle;21;p-15705;Mutter hoch -DIN 934 ähnlich- M7
c-4979;Vespa 50 N (V5A1T);Motorgehäuse - Zylinder - Kurbelwelle;22;p-15705;Mutter hoch -DIN 934 ähnlich- M7
c-4979;Vespa 50 N (V5A1T);Motorgehäuse - Zylinder - Kurbelwelle;23;p-15705;Mutter hoch -DIN 934 ähnlich- M7
c-4979;Vespa 50 N (V5A1T);Motorgehäuse - Zylinder - Kurbelwelle;24;p-15705;Mutter hoch -DIN 934 ähnlich- M7
c-4979;Vespa 50 N (V5A1T);Motorgehäuse - Zylinder - Kurbelwelle;25;p-15705;Mutter hoch -DIN 934 ähnlich- M7
c-4979;Vespa 50 N (V5A1T);Motorgehäuse - Zylinder - Kurbelwelle;26;p-15705;Mutter hoch -DIN 934 ähnlich- M7
c-4979;Vespa 50 N (V5A1T);Motorgehäuse - Zylinder - Kurbelwelle;27;p-15705;Mutter hoch -DIN 934 ähnlich- M7
c-4979;Vespa 50 N (V5A1T);Motorgehäuse - Zylinder - Kurbelwelle;28;p-15705;Mutter hoch -DIN 934 ähnlich- M7
c-4979;Vespa 50 N (V5A1T);Motorgehäuse - Zylinder - Kurbelwelle;29;p-15199;Polradmutter M10 x 1,50 Bund Ø=24mm h=6mm -OEM QUALITÄT- Vespa V50(N) (ab Nr. 92877), V50 R (bis Nr. 917729), V50 S (Nr. 15325 bis Nr. 81866),V90 (bis
c-4979;Vespa 50 N (V5A1T);Motorgehäuse - Zylinder - Kurbelwelle;30;p-15009;Fächerscheibe Polradmutter -OEM QUALITÄT Øa=24mm- Vespa Sprint150 (VLB1T), VNB, VBB, Super, GL150 (VLA1T), GT125 (VNL2T), GTR125 (VNL2T), V50(N) (ab N
c-4979;Vespa 50 N (V5A1T);Motorgehäuse - Zylinder - Kurbelwelle;31;p-15714;Stehbolzen -M7 x 35mm- (verwendet für Zylinder Vespa V50, PK50)
c-4979;Vespa 50 N (V5A1T);Motorgehäuse - Zylinder - Kurbelwelle;32;p-15714;Stehbolzen -M7 x 35mm- (verwendet für Zylinder Vespa V50, PK50)
c-4979;Vespa 50 N (V5A1T);Motorgehäuse - Zylinder - Kurbelwelle;33;p-31094;Wellendichtring 19x32x7mm -MALOSSI PTFE/FKM- (verwendet für Kurbelwelle Lichtmaschinenseite Vespa V50, V90, SS50, SS90, PV125, ET3, PK S)
c-4979;Vespa 50 N (V5A1T);Motorgehäuse - Zylinder - Kurbelwelle;34;p-11698;Stehbolzen -M8 x 36mm- (verwendet für Bremsankerplatte hinten Vespa V50 ,PV125, ET3 ,PK S, PK XL, PK XL2)
c-4979;Vespa 50 N (V5A1T);Motorgehäuse - Zylinder - Kurbelwelle;35;p-31084;Kugellager Kurbelwelle -MALOSSI- 6204 (20x47x14mm) - C4 Polyamid, Kugel Ø=7,9mm, carbonitrierter Innenring - (verwendet für Kurbelwelle CPI / Minarell
c-4979;Vespa 50 N (V5A1T);Motorgehäuse - Zylinder - Kurbelwelle;36;p-15350;Motorgehäusebolzen - Motorschrauben - Motorbolzen M7 x 42mm -VESPA- 25-17mm (Smallframe V50, PV125, ET3, PK)
c-4979;Vespa 50 N (V5A1T);Motorgehäuse - Zylinder - Kurbelwelle;37;p-15069;Halbmond Keil -PIAGGIO 3x5mm- Kurbelwelle Lichtmaschinenseite (Lima) Vespa Ciao, Bravo, SI, Piaggio 50-180 ccm 2-Takt - Aprilia SR125, Gilera Runner F
c-4979;Vespa 50 N (V5A1T);Motorgehäuse - Zylinder - Kurbelwelle;38;p-1245;Kurbelwelle -MAZZUCCHELLI Standard (Drehschieber)- Vespa V50, PK50 S (Ø 19mm Konus)
c-4979;Vespa 50 N (V5A1T);Motorgehäuse - Zylinder - Kurbelwelle;39;p-12173;Motorgehäusebolzen - Motorschrauben - Motorbolzen M7 x 58mm -VESPA- 40-18mm (Smallframe V50, PV125, ET3, PK, PX, T5 125ccm)
c-4979;Vespa 50 N (V5A1T);Motorgehäuse - Zylinder - Kurbelwelle;40;p-12173;Motorgehäusebolzen - Motorschrauben - Motorbolzen M7 x 58mm -VESPA- 40-18mm (Smallframe V50, PV125, ET3, PK, PX, T5 125ccm)
c-4979;Vespa 50 N (V5A1T);Motorgehäuse - Zylinder - Kurbelwelle;42;p-8508;Dichtsatz Motor -PIAGGIO- Vespa V50, PV125, ET3
c-4979;Vespa 50 N (V5A1T);Motorgehäuse - Zylinder - Kurbelwelle;43;p-16284;Wellendichtring 22,7x47x7/7,5mm -FKM- (verwendet für Kurbelwelle Antriebseite Vespa V50, V90, SS50, SS90, PV125, ET3, PK S, PK XL - Getriebeeingangswe
c-4979;Vespa 50 N (V5A1T);Motorgehäuse - Zylinder - Kurbelwelle;44;p-15203;Seegerring -BOHRUNG DIN472- Ø=47mm - für Kugellager Smallframe, Largeframe Hauptwelle 6204 Radseite, Kugellager 16005 Primär Smallframe V50, PV, ET3, 
c-4979;Vespa 50 N (V5A1T);Motorgehäuse - Zylinder - Kurbelwelle;45;p-31075;Kugellager Kurbelwelle -MALOSSI- 6303 (17x47x14mm) - C3 Polyamid - (verwendet für Kurbelwelle Antriebseite Vespa V50, V90, PV125, ET3, PK S, PK XL, La
c-4979;Vespa 50 N (V5A1T);Motorgehäuse - Zylinder - Kurbelwelle;46;p-12003;Dichtung Motorgehäuse -PIAGGIO- Vespa V50, V90, PV125, ET3, PK S, PK XL, PK XL2
c-4979;Vespa 50 N (V5A1T);Motorgehäuse - Zylinder - Kurbelwelle;52;p-15198;Sicherungsblech Primär -OEM QUALITÄT- V50, V90, SS50, SS90, PV125, ET3, PK S, PK XL
c-4979;Vespa 50 N (V5A1T);Motorgehäuse - Zylinder - Kurbelwelle;53;p-15197;Mutter M12 x1,5 SW=19 halbhoch (verwendet für Kurbelwelle/Primärrad Vespa V50, V90, SS50, SS90, PV125, ET3, PK S, PK XL)
c-4979;Vespa 50 N (V5A1T);Motorgehäuse - Zylinder - Kurbelwelle;54;p-13140;Nadellager -HK 1612- (16x22x12mm) - (verwendet für Hauptwelle V 50-90, SS 50-90, PV 125, ET3, PK S, PK XL)
c-4979;Vespa 50 N (V5A1T);Motorgehäuse - Zylinder - Kurbelwelle;55;p-13482;Schraube -DIN 84- M6 x 10mm (verwendet für Lüfterradabdeckung Vespa)
c-4979;Vespa 50 N (V5A1T);Motorgehäuse - Zylinder - Kurbelwelle;56;p-13482;Schraube -DIN 84- M6 x 10mm (verwendet für Lüfterradabdeckung Vespa)
c-4979;Vespa 50 N (V5A1T);Motorgehäuse - Zylinder - Kurbelwelle;57;p-13482;Schraube -DIN 84- M6 x 10mm (verwendet für Lüfterradabdeckung Vespa)
c-4979;Vespa 50 N (V5A1T);Motorgehäuse - Zylinder - Kurbelwelle;58;p-362;Federscheibe gewellt -PIAGGIO- Stahl verzinkt- M6 - verwendet für Zylinderhaube Smallframe, Druckfeder Chokehebel
c-4979;Vespa 50 N (V5A1T);Motorgehäuse - Zylinder - Kurbelwelle;59;p-362;Federscheibe gewellt -PIAGGIO- Stahl verzinkt- M6 - verwendet für Zylinderhaube Smallframe, Druckfeder Chokehebel
c-4979;Vespa 50 N (V5A1T);Motorgehäuse - Zylinder - Kurbelwelle;63;p-15013;Motorgehäusebolzen - Motorschrauben - Motorbolzen M7 x 80mm -VESPA- 56-24mm (Lusso/T5 125ccm/Cosa an Stoßdämpferaufnahme, Smallframe unten)
c-4979;Vespa 50 N (V5A1T);Motorgehäuse - Zylinder - Kurbelwelle;64;p-8842;Dichtung Zylinderfuß -VESPA 50-125 ccm- Vespa V50, PV125, ET3, PK50, PK80, PK125 - Papier
c-4979;Vespa 50 N (V5A1T);Motorgehäuse - Zylinder - Kurbelwelle;66;p-15092;Kolbenclip -12mm- Seegerring-Typ
c-4979;Vespa 50 N (V5A1T);Motorgehäuse - Zylinder - Kurbelwelle;68;p-15750;Schraube -DIN 933- M7 x 35mm (8.8 Festigkeit)
c-4979;Vespa 50 N (V5A1T);Motorgehäuse - Zylinder - Kurbelwelle;69;p-657;Stehbolzen -PIAGGIO M6 x 28mm- (verwendet für Auspuff/Zylinder Piaggio/Gilera 50cc)
c-4979;Vespa 50 N (V5A1T);Motorgehäuse - Zylinder - Kurbelwelle;70;p-15246;Zylinderkopf -OEM QUALITÄT,- Vespa V50, V50 S, SS50, PK50
c-4979;Vespa 50 N (V5A1T);Motorgehäuse - Zylinder - Kurbelwelle;71;p-9480;Gummikappe Zündkerzenstecker/Zündkabel -PIAGGIO- Vespa, Piaggio
c-4979;Vespa 50 N (V5A1T);Motorgehäuse - Zylinder - Kurbelwelle;73;p-33184;Zündkerzenstecker -POLINI- Silikon, kurz - blau
c-4979;Vespa 50 N (V5A1T);Motorgehäuse - Zylinder - Kurbelwelle;74;p-15108;Zylinderhaube -OEM QUALITÄT- Vespa V50, PK50 (für Zylinder 50-112 ccm)
c-4979;Vespa 50 N (V5A1T);Motorgehäuse - Zylinder - Kurbelwelle;75;p-12103;Stehbolzen -M7 x 59mm- 22-17-20mm (verwendet für Motorgehäuse Vespa V50, V90, PV125, ET3, PK S, PK XL)
c-4979;Vespa 50 N (V5A1T);Motorgehäuse - Zylinder - Kurbelwelle;77;p-6547;Federscheibe gewellt -DIN 137 Stahl verzinkt- M6
c-4979;Vespa 50 N (V5A1T);Räder - Zubehör;1;p-12138;Schraubenzieher -PIAGGIO- Schlitz + Kreuzschlitz
c-4979;Vespa 50 N (V5A1T);Räder - Zubehör;2;p-13581;Werkzeugtasche ohne Werkzeug -OEM QUALITÄT- Vespa universal - Blau
c-4979;Vespa 50 N (V5A1T);Räder - Zubehör;3;p-11817;Bordwerkzeug mit Werkzeugtasche (Nylon) -OEM QUALITÄT- 4-teilig - klassische Vespa (Schaltroller)
c-4979;Vespa 50 N (V5A1T);Räder - Zubehör;4;p-1330;Zündkerzenschlüssel Werkzeug SW21/13/11mm -VESPA- Smallframe V50, V90, SS50, SS90, PV125, ET3, PK S, PK XL
c-4979;Vespa 50 N (V5A1T);Räder - Zubehör;9;p-15760;Schraube -DIN 933- M8 x 25mm (8.8 Festigkeit)
c-4979;Vespa 50 N (V5A1T);Räder - Zubehör;10;p-15760;Schraube -DIN 933- M8 x 25mm (8.8 Festigkeit)
c-4979;Vespa 50 N (V5A1T);Räder - Zubehör;11;p-15760;Schraube -DIN 933- M8 x 25mm (8.8 Festigkeit)
c-4979;Vespa 50 N (V5A1T);Räder - Zubehör;12;p-15727;Federring -DIN 127- M8
c-4979;Vespa 50 N (V5A1T);Räder - Zubehör;13;p-15727;Federring -DIN 127- M8
c-4979;Vespa 50 N (V5A1T);Räder - Zubehör;14;p-15727;Federring -DIN 127- M8
c-4979;Vespa 50 N (V5A1T);Räder - Zubehör;15;p-15727;Federring -DIN 127- M8
c-4979;Vespa 50 N (V5A1T);Räder - Zubehör;16;p-15727;Federring -DIN 127- M8
c-4979;Vespa 50 N (V5A1T);Räder - Zubehör;17;p-15725;Unterlegscheibe -DIN 125- M8 - schwarz verzinkt
c-4979;Vespa 50 N (V5A1T);Räder - Zubehör;18;p-15725;Unterlegscheibe -DIN 125- M8 - schwarz verzinkt
c-4979;Vespa 50 N (V5A1T);Räder - Zubehör;27;p-6063;Ölmessbecher -100ml-
c-4979;Vespa 50 N (V5A1T);Räder - Zubehör;28;p-15719;Mutter -DIN 934- M8
c-4979;Vespa 50 N (V5A1T);Räder - Zubehör;29;p-15719;Mutter -DIN 934- M8
c-4979;Vespa 50 N (V5A1T);Räder - Zubehör;30;p-7231;Felge -VIGANO 1.80-9 Zoll Stahl - Vespa (Typ V50 9 Zoll - 4 Loch aussen) - Grau
c-4979;Vespa 50 N (V5A1T);Räder - Zubehör;33;p-15696;Federring -DIN 127- M6
c-4979;Vespa 50 N (V5A1T);Räder - Zubehör;34;p-15690;Mutter -DIN 934- M6
c-4979;Vespa 50 N (V5A1T);Räder - Zubehör;35;p-3068;Sitzkissen -NISA (30x23x12cm)- Vespa VNA1-2T, VNB1-6T, VBA1T, VBB1-2T - schwarz
c-4979;Vespa 50 N (V5A1T);Räder - Zubehör;36;p-12022;Schraube -DIN 931- M8 x 80mm (verwendet für Auspuff Vespa PK, PK HP, PK S, PK XL, PK XL2)
c-4979;Vespa 50 N (V5A1T);Räder - Zubehör;40;p-15690;Mutter -DIN 934- M6
c-4979;Vespa 50 N (V5A1T);Räder - Zubehör;41;p-15696;Federring -DIN 127- M6
c-4979;Vespa 50 N (V5A1T);Räder - Zubehör;42;p-13501;Unterlegscheibe Karosserie -DIN 9021- M6 - Edelstahl
c-4979;Vespa 50 N (V5A1T);Räder - Zubehör;43;p-223;Spiegel -BUMM Chrom, Edelstahl, Beinschild Klemmspiegel- Vespa/Lambretta universal klein - links
c-4979;Vespa 50 N (V5A1T);Räder - Zubehör;48;p-6843;Kotflügelschraube seitlich M5 x 16mm -CIF- Vespa Smallframe V50, 50N, PV, ET3, PK S, PK XL, Largeframe PX, VNA, VNB, VBA, VBB, Super, Sprint Veloce, R
c-4979;Vespa 50 N (V5A1T);Räder - Zubehör;49;p-13509;Federring -DIN 127- M5 - Edelstahl
c-4979;Vespa 50 N (V5A1T);Räder - Zubehör;50;p-15682;Mutter -DIN 934- M5
c-4979;Vespa 50 N (V5A1T);Rahmen - Gepäckfach - Fußraumabdeckungen;1;p-19811;Pfropfen -PIAGGIO- Vespa GTV
c-4979;Vespa 50 N (V5A1T);Rahmen - Gepäckfach - Fußraumabdeckungen;4;p-190;Schriftzug Lenker -OEM QUALITÄT- Vespa Piaggio Sechseck - Vespa Rally180 (VSD1T) (ab Bj. 1968), Vespa Sprint150 (VLB1T) Veloce (ab Bj. 1969), Vespa GT
c-4979;Vespa 50 N (V5A1T);Rahmen - Gepäckfach - Fußraumabdeckungen;6;p-9581;Reparaturblech Hupe/Kaskade -OEM QUALITÄT- Vespa V50, V90 (bis Bj. 1967), PV125 (bis 1967) - Befestigung Hupe 4-Schrauben
c-4979;Vespa 50 N (V5A1T);Rahmen - Gepäckfach - Fußraumabdeckungen;7;p-9581;Reparaturblech Hupe/Kaskade -OEM QUALITÄT- Vespa V50, V90 (bis Bj. 1967), PV125 (bis 1967) - Befestigung Hupe 4-Schrauben
c-4979;Vespa 50 N (V5A1T);Rahmen - Gepäckfach - Fußraumabdeckungen;8;p-270;Schriftzug Beinschild -OEM QUALITÄT- Vespa - Vespa PV125 (ab Bj. 1968), Vespa Rally200 (ab Bj. 1976), Vespa TS, Vespa V50 Special, Vespa PX (Bj. 1977-
c-4979;Vespa 50 N (V5A1T);Rahmen - Gepäckfach - Fußraumabdeckungen;9;p-244;Schriftzug Rahmen hinten -OEM QUALITÄT- Vespa 50 (Rechteck) - Vespa 50 Special (ab Bj. 1972)
c-4979;Vespa 50 N (V5A1T);Rahmen - Gepäckfach - Fußraumabdeckungen;11;p-9189;Haltefeder Werkzeugtasche im Gepäckfach -OEM QUALITÄT- Vespa PX, T5 125cc, V50, PV, ET3, PK
c-4979;Vespa 50 N (V5A1T);Rahmen - Gepäckfach - Fußraumabdeckungen;12;p-15696;Federring -DIN 127- M6
c-4979;Vespa 50 N (V5A1T);Rahmen - Gepäckfach - Fußraumabdeckungen;13;p-11258;Trittleistensatz -MAURO PASCOLI, Breite=20mm- Vespa V50, V50N, 1.Serie (-1964, V5A1T -36000) - Gummi (mit eingegossenen Hohlnieten)
c-4979;Vespa 50 N (V5A1T);Rahmen - Gepäckfach - Fußraumabdeckungen;14;p-11258;Trittleistensatz -MAURO PASCOLI, Breite=20mm- Vespa V50, V50N, 1.Serie (-1964, V5A1T -36000) - Gummi (mit eingegossenen Hohlnieten)
c-4979;Vespa 50 N (V5A1T);Rahmen - Gepäckfach - Fußraumabdeckungen;15;p-11258;Trittleistensatz -MAURO PASCOLI, Breite=20mm- Vespa V50, V50N, 1.Serie (-1964, V5A1T -36000) - Gummi (mit eingegossenen Hohlnieten)
c-4979;Vespa 50 N (V5A1T);Rahmen - Gepäckfach - Fußraumabdeckungen;16;p-11258;Trittleistensatz -MAURO PASCOLI, Breite=20mm- Vespa V50, V50N, 1.Serie (-1964, V5A1T -36000) - Gummi (mit eingegossenen Hohlnieten)
c-4979;Vespa 50 N (V5A1T);Rahmen - Gepäckfach - Fußraumabdeckungen;17;p-11258;Trittleistensatz -MAURO PASCOLI, Breite=20mm- Vespa V50, V50N, 1.Serie (-1964, V5A1T -36000) - Gummi (mit eingegossenen Hohlnieten)
c-4979;Vespa 50 N (V5A1T);Rahmen - Gepäckfach - Fußraumabdeckungen;18;p-15700;Schraube -DIN 933- M6 x 20mm (8.8 Festigkeit)
c-4979;Vespa 50 N (V5A1T);Rahmen - Gepäckfach - Fußraumabdeckungen;19;p-6934;Ständerbleche / Haltebleche Hauptständer -OEM QUALITÄT, Ø=20mm- Vespa GS160 (VSB1T), 50S (V5SA1T 50535-), V90 (V9A1T 57885-), V50 Elestart (V5A3T 5308
c-4979;Vespa 50 N (V5A1T);Rahmen - Gepäckfach - Fußraumabdeckungen;20;p-6934;Ständerbleche / Haltebleche Hauptständer -OEM QUALITÄT, Ø=20mm- Vespa GS160 (VSB1T), 50S (V5SA1T 50535-), V90 (V9A1T 57885-), V50 Elestart (V5A3T 5308
c-4979;Vespa 50 N (V5A1T);Rahmen - Gepäckfach - Fußraumabdeckungen;21;p-6934;Ständerbleche / Haltebleche Hauptständer -OEM QUALITÄT, Ø=20mm- Vespa GS160 (VSB1T), 50S (V5SA1T 50535-), V90 (V9A1T 57885-), V50 Elestart (V5A3T 5308
c-4979;Vespa 50 N (V5A1T);Rahmen - Gepäckfach - Fußraumabdeckungen;22;p-15692;Mutter selbstsichernd -DIN 985- M6
c-4979;Vespa 50 N (V5A1T);Rahmen - Gepäckfach - Fußraumabdeckungen;23;p-15064;Ständerfederlasche -PIAGGIO- Vespa PX, T5 125cc, PK S, PK XL, Sprint150 (VLB1T), Rally180 (VSD1T), Rally200 (VSE1T), Super, GT125 (VNL2T), GTR125 (VNL
c-4979;Vespa 50 N (V5A1T);Rahmen - Gepäckfach - Fußraumabdeckungen;24;p-15192;Hauptständer -OEM QUALITÄT, Ø=20mm- Vespa V50, V90, PV125, ET3 - Schwarz
c-4979;Vespa 50 N (V5A1T);Rahmen - Gepäckfach - Fußraumabdeckungen;25;p-44711;Ständerfüße -PREMIUM, Ø= 20mm- Vespa V50, V90, PV125, ET3 - Schwarz
c-4979;Vespa 50 N (V5A1T);Rahmen - Gepäckfach - Fußraumabdeckungen;26;p-15084;Gummipuffer Seitenklappe, Nupsi -VESPA- V50, V90, SS50, SS90, PV125, ET3 - Höhe 5mm (Einbauposition: Oben/Links+Rechts)
c-4979;Vespa 50 N (V5A1T);Rahmen - Gepäckfach - Fußraumabdeckungen;28;p-5098;Seitenklappenhebel -OEM QUALITÄT- Vespa V50, V90, SS50, SS90, PV125, ET3 - Aluminium
c-4979;Vespa 50 N (V5A1T);Rahmen - Gepäckfach - Fußraumabdeckungen;29;p-44660;Seitenklappe rechts -PREMIUM- Vespa Smallframe ab 1965 - V50 Special (V5A2T, V5B1T, V5B3T), PV125 (VMA2T), ET3 (VMB1T), V50 Elestart, SS50, SS90, 90 R
c-4979;Vespa 50 N (V5A1T);Rahmen - Gepäckfach - Fußraumabdeckungen;30;p-5098;Seitenklappenhebel -OEM QUALITÄT- Vespa V50, V90, SS50, SS90, PV125, ET3 - Aluminium
c-4979;Vespa 50 N (V5A1T);Rahmen - Gepäckfach - Fußraumabdeckungen;33;p-6927;Ständerfeder -OEM QUALITÄT- V50, V90, PV125, ET3
c-4979;Vespa 50 N (V5A1T);Rahmen - Gepäckfach - Fußraumabdeckungen;35;p-8621;Kantenschutz -PIAGGIO- Vespa V50, V90, PV125, ET3 - Aluminium
c-4979;Vespa 50 N (V5A1T);Rahmen - Gepäckfach - Fußraumabdeckungen;36;p-393;Seitenklappenaufhängung -PIAGGIO- Vespa V50 (V5A1T ab Nr. 70240), V50 S (V5SA1T ab Nr. 11765), V90 (V9A1T ab Nr.19975), SS50, SS90, PV125, ET3
c-4979;Vespa 50 N (V5A1T);Rahmen - Gepäckfach - Fußraumabdeckungen;37;p-9540;Federmutter für Schriftzüge -OEM QUALITÄT- Vespa (verwendet als Klammer für Schriftzüge)
c-4979;Vespa 50 N (V5A1T);Rahmen - Gepäckfach - Fußraumabdeckungen;38;p-15163;Werkzeugkasten - Werkzeugfach -OEM QUALITÄT-V50 N (V5A1T ab Nr. 92877), V50 R, V50 L, SS50, SS90, V50 Special, V90 (V9A1T ab Nr. 22235), PV125, ET3
c-4979;Vespa 50 N (V5A1T);Sitzbank, Tank;2;p-15091;Sitzbankbezug -OEM QUALITÄT- Vespa V50, PV125 - Keder grau
c-4979;Vespa 50 N (V5A1T);Sitzbank, Tank;3;p-7081;Sitzbankzapfen -OEM QUALITÄT- Vespa M7 x 26mm
c-4979;Vespa 50 N (V5A1T);Sitzbank, Tank;4;p-15072;Gummipuffer Sitzbank -OEM QUALITÄT- Vespa PX (bis Bj. 1997), T5 125cc, PKS, PK XL, V50, PV, ET3
c-4979;Vespa 50 N (V5A1T);Sitzbank, Tank;5;p-3027;Sitzbankbezug-Klammer -PIAGGIO- 7mm - Vespa V50, V90, PV125, ET3, PX, PK, Rally, Sprint, TS, GT, GTR
c-4979;Vespa 50 N (V5A1T);Sitzbank, Tank;6;p-3027;Sitzbankbezug-Klammer -PIAGGIO- 7mm - Vespa V50, V90, PV125, ET3, PX, PK, Rally, Sprint, TS, GT, GTR
c-4979;Vespa 50 N (V5A1T);Sitzbank, Tank;7;p-2933;Schraube M6 x 10mm (verwendet für Vergaserwannenbefestigung PX Lusso/Cosa/T5)
c-4979;Vespa 50 N (V5A1T);Sitzbank, Tank;8;p-12065;Unterlegscheibe 6,5x16x1,5mm -PIAGGIO- (verwendet für Kotflügel Vespa PX)
c-4979;Vespa 50 N (V5A1T);Sitzbank, Tank;9;p-12065;Unterlegscheibe 6,5x16x1,5mm -PIAGGIO- (verwendet für Kotflügel Vespa PX)
c-4979;Vespa 50 N (V5A1T);Sitzbank, Tank;10;p-15690;Mutter -DIN 934- M6
c-4979;Vespa 50 N (V5A1T);Sitzbank, Tank;11;p-15690;Mutter -DIN 934- M6
c-4979;Vespa 50 N (V5A1T);Sitzbank, Tank;12;p-12067;Sitzbankfeder -PIAGGIO- Vespa PV 125, V50, ET3, PK, PK S, PK S Lusso, PX, Rally, Sprint, TS
c-4979;Vespa 50 N (V5A1T);Sitzbank, Tank;13;p-15700;Schraube -DIN 933- M6 x 20mm (8.8 Festigkeit)
c-4979;Vespa 50 N (V5A1T);Sitzbank, Tank;14;p-15711;Federring -DIN 127- M7
c-4979;Vespa 50 N (V5A1T);Sitzbank, Tank;15;p-15711;Federring -DIN 127- M7
c-4979;Vespa 50 N (V5A1T);Sitzbank, Tank;16;p-15711;Federring -DIN 127- M7
c-4979;Vespa 50 N (V5A1T);Sitzbank, Tank;17;p-15711;Federring -DIN 127- M7
c-4979;Vespa 50 N (V5A1T);Sitzbank, Tank;18;p-8997;Gepäckbrücke -CUPPINI- Vespa V50, V90, PV125, ET3 - offen, unlackiert
c-4979;Vespa 50 N (V5A1T);Sitzbank, Tank;19;p-3846;Sitzbankriemen -MAURO PASCOLI- Vespa V50, PV, ET3 - Schwarz - 400mm x 22mm
c-4979;Vespa 50 N (V5A1T);Sitzbank, Tank;20;p-2981;Unterlegscheibe Karosserie -DIN 9021- M6 -6,4 x 18 x 1,6mm (verwendet für z.B. Sitzbankriemen Vespa PX Lusso, MY, 2011)
c-4979;Vespa 50 N (V5A1T);Sitzbank, Tank;21;p-385;Schraube -DIN 7985 ähnlich- M6 x 25mm (verwendet für Sitzbankriemen Vespa PX, T5 125cc)
c-4979;Vespa 50 N (V5A1T);Sitzbank, Tank;22;p-12222;Dichtung Tankdeckel -ROLLERLADEN- Vespa V50, PV125, ET3, Motovespa 125/150/160 - Kork
c-4979;Vespa 50 N (V5A1T);Sitzbank, Tank;24;p-6889;Tankdeckel -OEM QUALITÄT- Vespa V50, V90, SS50, SS90, PV125, ET3, Motovespa 125/150/160
c-4979;Vespa 50 N (V5A1T);Sitzbank, Tank;25;p-6864;Mutter Benzinhahn/Tank -VESPA- PX, Sprint150 (VLB1T), Rally180 (VSD1T), Rally200 (VSE1T), GT125 (VNL2T), GTR125 (VNL2T), GL150 (VLA1T), Super, VNB, VN
c-4979;Vespa 50 N (V5A1T);Sitzbank, Tank;27;p-31304;Tankdeckelverschluss Augbolzen -OEM QUALITÄT- Vespa PX80, PX125, PX150, PX200 (-1984), Vespa 125 - VNB1T - VNB6T, Vespa 150 - VBB1T - VBB2T, GS160 / G
c-4979;Vespa 50 N (V5A1T);Sitzbank, Tank;28;p-11769;Niet für Tankdeckel -OEM QUALITÄT- Vespa PX (-1984), Rally, Sprint, Sprint Veloce, TS, GT, GTR, SS180, GS160, GL, Super, GS150, VNA, VNB, VBA, VBB, Wi
c-4979;Vespa 50 N (V5A1T);Sitzbank, Tank;29;p-19;Mutter für Tankdeckelverschluss - Rändelmutter - VESPA - V50, V90, SS50, SS90, PV125, ET3, VNA, Super, GL150 (VLA1T), GT125 (VNL2T), GTR125 (VNL2T), T
c-4979;Vespa 50 N (V5A1T);Sitzbank, Tank;30;p-11281;Schraubknopf für Sattel -OEM QUALITÄT, vorne- Vespa V50, PV125, ET3
c-4979;Vespa 50 N (V5A1T);Sitzbank, Tank;32;p-15778;Mutter flach -DIN 439- M10 x 1,50 (verwendet für Traversenschraube Vespa V50, PV125, ET3, PK, verwendet für Stoßdämpfer/Motor Vespa PX (ab Bj. 1984), 
c-4979;Vespa 50 N (V5A1T);Sitzbank, Tank;36;p-11476;Sattelbezug - Satteldecke -NISA- Vespa 50 (ab Fgst.Nr. 122876)
c-4979;Vespa 50 N (V5A1T);Sitzbank, Tank;38;p-15727;Federring -DIN 127- M8
c-4979;Vespa 50 N (V5A1T);Sitzbank, Tank;39;p-15760;Schraube -DIN 933- M8 x 25mm (8.8 Festigkeit)
c-4979;Vespa 50 N (V5A1T);Sitzbank, Tank;40;p-15754;Schraube -DIN 933- M7 x 20mm (8.8 Festigkeit)
c-4979;Vespa 50 N (V5A1T);Sitzbank, Tank;41;p-15754;Schraube -DIN 933- M7 x 20mm (8.8 Festigkeit)
c-4979;Vespa 50 N (V5A1T);Sitzbank, Tank;42;p-15754;Schraube -DIN 933- M7 x 20mm (8.8 Festigkeit)
c-4979;Vespa 50 N (V5A1T);Sitzbank, Tank;43;p-15709;Unterlegscheibe -DIN 125- M7
c-4979;Vespa 50 N (V5A1T);Sitzbank, Tank;44;p-15709;Unterlegscheibe -DIN 125- M7
c-4979;Vespa 50 N (V5A1T);Sitzbank, Tank;45;p-15709;Unterlegscheibe -DIN 125- M7
c-4979;Vespa 50 N (V5A1T);Sitzbank, Tank;48;p-6920;Benzinhahnhebel -OEM QUALITÄT- Vespa V50, V90, SS50, SS90, PV125, ET3 - Kunstoff
c-4979;Vespa 50 N (V5A1T);Sitzbank, Tank;49;p-6500;Gummiring Benzinhahnhebel -OEM QUALITÄT- Vespa PX alt (-1984), Largeframe (-1984), Smallframe - Schwarz
c-4979;Vespa 50 N (V5A1T);Sitzbank, Tank;50;p-12058;Silentbuchse für Benzinhahnhebel -PIAGGIO- Vespa PX, T5 125ccm, Rally, Sprint, TS, PV125, V50, PK S, PK XL
c-4979;Vespa 50 N (V5A1T);Sitzbank, Tank;53;p-6504;Splint Benzinhahn -VESPA- PX, Sprint150 (VLB1T), Rally180 (VSD1T), Rally200 (VSE1T), GT125 (VNL2T), GTR125 (VNL2T), GL150 (VLA1T), Super, VNB, VNA , V
c-4979;Vespa 50 N (V5A1T);Sitzbank, Tank;54;p-11959;Schieber für Benzinhahn -PIAGGIO- Vespa PX, T5 125ccm, PK, V50, PV, ET3, Rally, Sprint, GT, GTR
c-4979;Vespa 50 N (V5A1T);Sitzbank, Tank;55;p-11966;Unterlegscheibe -PIAGGIO- 3,7x9,0x0,5mm (verwendet für Tacho Vespa PK XL2)
c-4979;Vespa 50 N (V5A1T);Sitzbank, Tank;56;p-2343;Benzinhahn -PIAGGIO- Vespa V50, V90, PV125, ET3
c-4979;Vespa 50 N (V5A1T);Sitzbank, Tank;59;p-10828;Benzinschlauch -PIAGGIO- Ø innen = 7mm, Ø aussen = 14mm, l = 750mm - passend für alle Vespa Schaltrollermodelle, Lambretta Serie 1-3
c-4979;Vespa 50 N (V5A1T);Sitzbank, Tank;60;p-6863;Dichtung Benzinhahn/Tank -PIAGGIO- Vespa (ab Bj. 1950)
c-4979;Vespa 50 N (V5A1T);Sitzbank, Tank;62;p-15719;Mutter -DIN 934- M8
c-4979;Vespa 50 N (V5A1T);Sitzbank, Tank;66;p-15709;Unterlegscheibe -DIN 125- M7
c-4979;Vespa 50 N (V5A1T);Sitzbank, Tank;69;p-6547;Federscheibe gewellt -DIN 137 Stahl verzinkt- M6
c-4979;Vespa 50 N (V5A1T);Sitzbank, Tank;70;p-15682;Mutter -DIN 934- M5
c-4979;Vespa 50 N (V5A1T);Sitzbank, Tank;71;p-15709;Unterlegscheibe -DIN 125- M7
c-4979;Vespa 50 N (V5A1T);Vergaser - Luftfilter;1;p-15690;Mutter -DIN 934- M6
c-4979;Vespa 50 N (V5A1T);Vergaser - Luftfilter;2;p-15690;Mutter -DIN 934- M6
c-4979;Vespa 50 N (V5A1T);Vergaser - Luftfilter;3;p-11320;Unterlegscheibe M6 DIN 433 ähnlich - kleinerer Außendurchmesser für Befestigung Lufteintrittshaube -LAMBRETTA- LI, LIS, SX, TV, DL, GP, Motorgehäuse L
c-4979;Vespa 50 N (V5A1T);Vergaser - Luftfilter;4;p-11902;Dichtung Auspuffkrümmer/Zylinder -PIAGGIO, M6 Lochstich 52mm- Vespa 50 (V5A1T, V5N1T, V5B2T), 50N (V5A1T, V5B3T), 50 Special (V5B1T), Vespa 90 (V9A1T)
c-4979;Vespa 50 N (V5A1T);Vergaser - Luftfilter;5;p-11902;Dichtung Auspuffkrümmer/Zylinder -PIAGGIO, M6 Lochstich 52mm- Vespa 50 (V5A1T, V5N1T, V5B2T), 50N (V5A1T, V5B3T), 50 Special (V5B1T), Vespa 90 (V9A1T)
c-4979;Vespa 50 N (V5A1T);Vergaser - Luftfilter;6;p-11902;Dichtung Auspuffkrümmer/Zylinder -PIAGGIO, M6 Lochstich 52mm- Vespa 50 (V5A1T, V5N1T, V5B2T), 50N (V5A1T, V5B3T), 50 Special (V5B1T), Vespa 90 (V9A1T)
c-4979;Vespa 50 N (V5A1T);Vergaser - Luftfilter;7;p-15143;Auspuffkrümmer -OEM QUALITÄT- für standard Auspuff - Vespa Smallframe V50, PK50/PK80 S, PK50/PK80 XL, PK50 XL2, PK50 HP, PK50 FL, PK 50 Automatik - Al
c-4979;Vespa 50 N (V5A1T);Vergaser - Luftfilter;8;p-362;Federscheibe gewellt -PIAGGIO- Stahl verzinkt- M6 - verwendet für Zylinderhaube Smallframe, Druckfeder Chokehebel
c-4979;Vespa 50 N (V5A1T);Vergaser - Luftfilter;9;p-362;Federscheibe gewellt -PIAGGIO- Stahl verzinkt- M6 - verwendet für Zylinderhaube Smallframe, Druckfeder Chokehebel
c-4979;Vespa 50 N (V5A1T);Vergaser - Luftfilter;10;p-44662;Gummiteileset -PREMIUM- für Vespa 50 N/​L/​R/​S, V90, PV​125 1° Serie (VMA1) - Grau
c-4979;Vespa 50 N (V5A1T);Vergaser - Luftfilter;11;p-15141;Klemmring Gusskappe -OEM QUALITÄT- Vespa Smallframe
c-4979;Vespa 50 N (V5A1T);Vergaser - Luftfilter;12;p-15408;Gussschutzkappe -OEM QUALITÄT- Vespa V50 - Vergaser Ø=16mm
c-4979;Vespa 50 N (V5A1T);Vergaser - Luftfilter;14;p-15696;Federring -DIN 127- M6
c-4979;Vespa 50 N (V5A1T);Vergaser - Luftfilter;15;p-15678;Federring -DIN 127- M4
c-4979;Vespa 50 N (V5A1T);Vergaser - Luftfilter;16;p-15678;Federring -DIN 127- M4
c-4979;Vespa 50 N (V5A1T);Vergaser - Luftfilter;18;p-13981;Dichtung Ansaugstutzen -OEM QUALITÄT- Vespa V50, PV125, ET3, PK50, PK80, PK125 S
c-4979;Vespa 50 N (V5A1T);Vergaser - Luftfilter;19;p-10868;Luftfilter -OEM QUALITÄT- Vespa V50 (1. Serie) (Dellorto SHBC 16mm)
c-4979;Vespa 50 N (V5A1T);Vergaser - Luftfilter;20;p-515;Mutter für Gaszughebel -PIAGGIO- SHB - SW=8
c-4979;Vespa 50 N (V5A1T);Vergaser - Luftfilter;21;p-3497;Gummi Vergaserwannendeckel -PIAGGIO- Vespa Largeframe (ab Bj. 1958)
c-4979;Vespa 50 N (V5A1T);Vergaser - Luftfilter;22;p-15026;Splint -DIN 94- Ø=2,0mm - 20mm - verwendet für Bolzen Klemmplättchen / Bremsarm hinten Vespa PX, Sprint, Rally, V50, PV125, ET3 etc.
c-4979;Vespa 50 N (V5A1T);Vergaser - Luftfilter;27;p-446;Luftfiltereinsatz - Drahtgewebe -PIAGGIO- Vespa V50 N/L/R/S, V50 Special,V90, SS90, PV125, ET3 (Dellorto SHBC 16-19mm)
c-4979;Vespa 50 N (V5A1T);Vergaser - Luftfilter;30;p-9429;Vergaser -DELLORTO 16/10mm SHB- Vespa V50
c-4979;Vespa 50 N (V5A1T);Vergaser - Luftfilter;31;p-515;Mutter für Gaszughebel -PIAGGIO- SHB - SW=8
c-4979;Vespa 50 N (V5A1T);Vergaser - Luftfilter;32;p-4841;Schraube Schieberdeckel -PIAGGIO- Vergaser SI DellOrto - SI20/15, SI20/17, SI20/20, SI24/24, SI26/27
c-4979;Vespa 50 N (V5A1T);Vergaser - Luftfilter;35;p-18517;Vergaserdeckel -DELLORTO- SHB 16 (Typ Vespa V50)
c-4979;Vespa 50 N (V5A1T);Vergaser - Luftfilter;36;p-389;Einstellschraube - Gaszugführung -PIAGGIO- M5 x 0,75 - 0° - ohne Kontermutter
c-4979;Vespa 50 N (V5A1T);Vergaser - Luftfilter;37;p-389;Einstellschraube - Gaszugführung -PIAGGIO- M5 x 0,75 - 0° - ohne Kontermutter
c-4979;Vespa 50 N (V5A1T);Vergaser - Luftfilter;38;p-7143;Dichtsatz Vergaser -DELLORTO- SHBC 16
c-4979;Vespa 50 N (V5A1T);Vergaser - Luftfilter;40;p-18506;Gasschieber -DELLORTO SHB 16- 6231-1
c-4979;Vespa 50 N (V5A1T);Vergaser - Luftfilter;41;p-7021;Gasschieberfeder -DELLORTO- SHBC 16
c-4979;Vespa 50 N (V5A1T);Vergaser - Luftfilter;42;p-7142;Dichtsatz Vergaser -DELLORTO- SHB 19 Vespa PV125, ET3
c-4979;Vespa 50 N (V5A1T);Vergaser - Luftfilter;43;p-7027;Schraube Benzinbanjo -DELLORTO- SHB16/10, SHB16/16
c-4979;Vespa 50 N (V5A1T);Vergaser - Luftfilter;45;p-18504;Benzinbanjo -DELLORTO- SHB 16
c-4979;Vespa 50 N (V5A1T);Vergaser - Luftfilter;46;p-18503;Benzinfilter -DELLORTO- SHB16-Vergaser- Vespa V50, 50N, 50L, 50R, Special, 50SR, Sprinter, SS50, V90, SS90, 90 Racer
c-4979;Vespa 50 N (V5A1T);Vergaser - Luftfilter;51;p-12129;Chokedüse -DELLORTO (Typ: 6217) SHB- 50
c-4979;Vespa 50 N (V5A1T);Vergaser - Luftfilter;52;p-7051;Schwimmernadel -DELLORTO, dreieckig- SHBC (Vespa V50, PV,ET3), SHA (Ciao, Bravo, SI), PHBG, PHVA, PHVB, PHBN, FHBB - ungefedert
c-4979;Vespa 50 N (V5A1T);Vergaser - Luftfilter;54;p-7057;Schwimmerstift -DELLORTO- SHB, SI
c-4979;Vespa 50 N (V5A1T);Vergaser - Luftfilter;55;p-18510;Schwimmer -DELLORTO- SHB
c-4979;Vespa 50 N (V5A1T);Vergaser - Luftfilter;56;p-7143;Dichtsatz Vergaser -DELLORTO- SHBC 16
c-4979;Vespa 50 N (V5A1T);Vergaser - Luftfilter;57;p-18513;Schwimmerkammer -DELLORTO- SHB / SHBC 16mm-19mm
c-4979;Vespa 50 N (V5A1T);Vergaser - Luftfilter;58;p-18516;Schraube Schwimmerkammer -DELLORTO- SHB, PHVA, PHVB, PHBN
c-4979;Vespa 50 N (V5A1T);Vergaser - Luftfilter;59;p-2414;Nebendüse -DELLORTO (Typ: 3360) SH / SHA / SHB- 38
c-4979;Vespa 50 N (V5A1T);Vergaser - Luftfilter;60;p-18512;Feder Gemischeinstellschraube -DELLORTO- SHB, SHBC, PHBG
c-4979;Vespa 50 N (V5A1T);Vergaser - Luftfilter;61;p-7070;Gemischeinstellschraube -DELLORTO- SHB, SHBC - Gewinde M4 x 0,75mm, L=27mm - dicke Spitze
c-4979;Vespa 50 N (V5A1T);Vergaser - Luftfilter;62;p-15441;Vergaserschelle -DELLORTO Ø=34mm- SHBC 16 (Typ Vespa)
c-4979;Vespa 50 N (V5A1T);Vergaser - Luftfilter;65;p-15378;Unterlegscheibe -DIN 125- M10
c-4979;Vespa 50 N (V5A1T);Vergaser - Luftfilter;66;p-15757;Federring -DIN 127- M10
c-4979;Vespa 50 N (V5A1T);Vergaser - Luftfilter;67;p-9780;Schraube -DIN 933- M10 x 30mm (verwendet als Auspuffschraube Vespa V50, V90, PV125, ET3)
c-4979;Vespa 50 N (V5A1T);Vergaser - Luftfilter;68;p-16367;Auspuff -BGM PRO TOURING Box- Vespa V50, 50 Special, 50 N, 50 S, 50 L, 50 R
c-4979;Vespa 50 N (V5A1T);Vergaser - Luftfilter;69;p-16367;Auspuff -BGM PRO TOURING Box- Vespa V50, 50 Special, 50 N, 50 S, 50 L, 50 R
c-4979;Vespa 50 N (V5A1T);Vergaser - Luftfilter;70;p-12127;Feder Einstellschraube Gaszug am Vergaser -DELLORTO- SHB
c-4979;Vespa 50 N (V5A1T);Vergaser - Luftfilter;71;p-15692;Mutter selbstsichernd -DIN 985- M6
c-4975;Vespa 50 (V5A1T, 1963);Bowdenzüge;1;p-9818;Lötnippel -UNIVERSAL- Nippel Ø=3,0mm x 3mm
c-4975;Vespa 50 (V5A1T, 1963);Bowdenzüge;4;p-6449;Endkappe für Außenzug -UNIVERSAL- Øinnen=4mm
c-4975;Vespa 50 (V5A1T, 1963);Bowdenzüge;5;p-6449;Endkappe für Außenzug -UNIVERSAL- Øinnen=4mm
c-4975;Vespa 50 (V5A1T, 1963);Bowdenzüge;6;p-6449;Endkappe für Außenzug -UNIVERSAL- Øinnen=4mm
c-4975;Vespa 50 (V5A1T, 1963);Bowdenzüge;7;p-6449;Endkappe für Außenzug -UNIVERSAL- Øinnen=4mm
c-4975;Vespa 50 (V5A1T, 1963);Bowdenzüge;8;p-6449;Endkappe für Außenzug -UNIVERSAL- Øinnen=4mm
c-4975;Vespa 50 (V5A1T, 1963);Bowdenzüge;9;p-6449;Endkappe für Außenzug -UNIVERSAL- Øinnen=4mm
c-4975;Vespa 50 (V5A1T, 1963);Bowdenzüge;10;p-10817;Aussenhülle -VESPA Vintage- Ø innen = 2,0mm, Ø aussen = 4,4mm (5m) - Grau
c-4975;Vespa 50 (V5A1T, 1963);Bowdenzüge;11;p-10817;Aussenhülle -VESPA Vintage- Ø innen = 2,0mm, Ø aussen = 4,4mm (5m) - Grau
c-4975;Vespa 50 (V5A1T, 1963);Bowdenzüge;12;p-6548;Zug universal innen -Ø=1,2mm x 2000mm, Nippel Ø=5,5mm x 7mm- verwendet als Gaszug - gedreht
c-4975;Vespa 50 (V5A1T, 1963);Bowdenzüge;14;p-6432;Endhülse für Zug -UNIVERSAL- Øinnen=7,2mm
c-4975;Vespa 50 (V5A1T, 1963);Bowdenzüge;15;p-6432;Endhülse für Zug -UNIVERSAL- Øinnen=7,2mm
c-4975;Vespa 50 (V5A1T, 1963);Bowdenzüge;16;p-6432;Endhülse für Zug -UNIVERSAL- Øinnen=7,2mm
c-4975;Vespa 50 (V5A1T, 1963);Bowdenzüge;17;p-6432;Endhülse für Zug -UNIVERSAL- Øinnen=7,2mm
c-4975;Vespa 50 (V5A1T, 1963);Bowdenzüge;18;p-10818;Aussenhülle -VESPA Vintage- Ø innen = 2,4mm, Ø aussen = 5,0mm (5m) - Grau
c-4975;Vespa 50 (V5A1T, 1963);Bowdenzüge;21;p-6423;Zug universal innen -Ø=1,9mm x 2000mm, Nippel Birnentyp- verwendet als Kupplungszug, Bremszug vorne - gedreht
c-4975;Vespa 50 (V5A1T, 1963);Bowdenzüge;22;p-9816;Birnennippeladapter -PIAGGIO- Nippel Ø=8x8mm - Vespa PX, T5 125ccm, Rally, Sprint, VBB, VNB, VNA, VBA, Super, TS, GT, GTR, V50, 50N, SS50, SS90, V90, 
c-4975;Vespa 50 (V5A1T, 1963);Bowdenzüge;23;p-9816;Birnennippeladapter -PIAGGIO- Nippel Ø=8x8mm - Vespa PX, T5 125ccm, Rally, Sprint, VBB, VNB, VNA, VBA, Super, TS, GT, GTR, V50, 50N, SS50, SS90, V90, 
c-4975;Vespa 50 (V5A1T, 1963);Bowdenzüge;25;p-6529;Tachowelle -PIAGGIO- Vespa V50, PV125
c-4975;Vespa 50 (V5A1T, 1963);Bowdenzüge;28;p-6423;Zug universal innen -Ø=1,9mm x 2000mm, Nippel Birnentyp- verwendet als Kupplungszug, Bremszug vorne - gedreht
c-4975;Vespa 50 (V5A1T, 1963);Bowdenzüge;29;p-10819;Aussenhülle -VESPA Vintage- Ø innen = 3,0mm, Ø aussen = 5,5mm (5m) - Grau
c-4975;Vespa 50 (V5A1T, 1963);Bowdenzüge;30;p-10817;Aussenhülle -VESPA Vintage- Ø innen = 2,0mm, Ø aussen = 4,4mm (5m) - Grau
c-4975;Vespa 50 (V5A1T, 1963);Bowdenzüge;31;p-10817;Aussenhülle -VESPA Vintage- Ø innen = 2,0mm, Ø aussen = 4,4mm (5m) - Grau
c-4975;Vespa 50 (V5A1T, 1963);Bowdenzüge;32;p-35201;Schraubenschlüssel, Doppel-Maulschlüssel -TOPTUL- 8x9mm SLIMLINE- verwendet zur Befestigung Klemmnippel Schaltraste Vespa
c-4975;Vespa 50 (V5A1T, 1963);Bowdenzüge;33;p-35201;Schraubenschlüssel, Doppel-Maulschlüssel -TOPTUL- 8x9mm SLIMLINE- verwendet zur Befestigung Klemmnippel Schaltraste Vespa
c-4975;Vespa 50 (V5A1T, 1963);Bowdenzüge;34;p-1307;Bremspedalbolzen -VESPA- V50, V90, SS50, SS90, PV125, ET3 (bis Nr. 52720), PX (Bj. 1977)
c-4975;Vespa 50 (V5A1T, 1963);Bowdenzüge;35;p-15026;Splint -DIN 94- Ø=2,0mm - 20mm - verwendet für Bolzen Klemmplättchen / Bremsarm hinten Vespa PX, Sprint, Rally, V50, PV125, ET3 etc.
c-4975;Vespa 50 (V5A1T, 1963);Bowdenzüge;36;p-6937;Bremspedalfeder -VESPA- PX, T5 125cc, PK, V50, V90, SS50, SS90, PV125, ET3
c-4975;Vespa 50 (V5A1T, 1963);Bowdenzüge;37;p-9892;Bremspedalgummi -PIAGGIO- Vespa V50, PV, ET3 - Schwarz
c-4975;Vespa 50 (V5A1T, 1963);Bowdenzüge;39;p-11964;Sicherungsstift - Spannstift -PIAGGIO- 3x18mm (verwendet für Kupplungsarm Vespa V50, PV125, ET3)
c-4975;Vespa 50 (V5A1T, 1963);Bowdenzüge;40;p-15700;Schraube -DIN 933- M6 x 20mm (8.8 Festigkeit)
c-4975;Vespa 50 (V5A1T, 1963);Bowdenzüge;41;p-15694;Unterlegscheibe -DIN 125- M6
c-4975;Vespa 50 (V5A1T, 1963);Bowdenzüge;42;p-15694;Unterlegscheibe -DIN 125- M6
c-4975;Vespa 50 (V5A1T, 1963);Bowdenzüge;43;p-15696;Federring -DIN 127- M6
c-4975;Vespa 50 (V5A1T, 1963);Bowdenzüge;44;p-15696;Federring -DIN 127- M6
c-4975;Vespa 50 (V5A1T, 1963);Bowdenzüge;45;p-15690;Mutter -DIN 934- M6
c-4975;Vespa 50 (V5A1T, 1963);Bowdenzüge;47;p-13137;Kastenmutter -M6- verwendet für Befestigung Spannungsregler und Bremspedal Vespa PX, T5, PK, Cosa
c-4975;Vespa 50 (V5A1T, 1963);Bowdenzüge;48;p-13137;Kastenmutter -M6- verwendet für Befestigung Spannungsregler und Bremspedal Vespa PX, T5, PK, Cosa
c-4975;Vespa 50 (V5A1T, 1963);Bowdenzüge;49;p-6936;Bremspedalbolzen Ø=5,5x21,5mm -PIAGGIO- Vespa PX, T5 125cc, PK, V50, V90, SS50, SS90, PV125, ET3 - verwendet zur Befestigung des Bremszuges im Pedal (
c-4975;Vespa 50 (V5A1T, 1963);Bowdenzüge;50;p-1824;Gummi Rahmen/Bremspedal -OEM QUALITÄT- Vespa V50, V90, PV, PX alt (-1984) - runde Form
c-4975;Vespa 50 (V5A1T, 1963);Bowdenzüge;51;p-15026;Splint -DIN 94- Ø=2,0mm - 20mm - verwendet für Bolzen Klemmplättchen / Bremsarm hinten Vespa PX, Sprint, Rally, V50, PV125, ET3 etc.
c-4975;Vespa 50 (V5A1T, 1963);Bowdenzüge;54;p-6438;Klemmschraube Bremszug hinten -PIAGGIO- Vespa V50, V90, SS50, SS90, PV125, ET3, VNA, VNB, VBA, VBB, Super, GL150 (VLA1T), GT125 (VNL2T), GTR125 (VNL2T
c-4975;Vespa 50 (V5A1T, 1963);Bowdenzüge;55;p-10820;Aussenhülle -VESPA Vintage- Ø innen = 4,3mm, Ø aussen = 6,5mm (5m) - Grau
c-4975;Vespa 50 (V5A1T, 1963);Bowdenzüge;56;p-6515;Endkappe für Außenzug -UNIVERSAL- Øinnen=7mm
c-4975;Vespa 50 (V5A1T, 1963);Bowdenzüge;57;p-6428;Bremszug hinten innen -OEM QUALITÄT, Ø=2,9mm mit Öse- Vespa PX, V50, PV125, ET3
c-4975;Vespa 50 (V5A1T, 1963);Bowdenzüge;59;p-17327;Chokezug -BGM PRO- Vespa Smallframe, 300/380mm, Tonne 3x3mm
c-4975;Vespa 50 (V5A1T, 1963);Bowdenzüge;61;p-9807;Schaltzug -PIAGGIO- Vespa V50, PV125, ET3
c-4975;Vespa 50 (V5A1T, 1963);Bowdenzüge;62;p-9803;Kupplungszug -PIAGGIO- Vespa V50, PV125, ET3
c-4975;Vespa 50 (V5A1T, 1963);Bowdenzüge;63;p-6529;Tachowelle -PIAGGIO- Vespa V50, PV125
c-4975;Vespa 50 (V5A1T, 1963);Bowdenzüge;64;p-9792;Bremszug vorne -PIAGGIO- Vespa V50, PV125, ET3
c-4975;Vespa 50 (V5A1T, 1963);Bowdenzüge;66;p-362;Federscheibe gewellt -PIAGGIO- Stahl verzinkt- M6 - verwendet für Zylinderhaube Smallframe, Druckfeder Chokehebel
c-4975;Vespa 50 (V5A1T, 1963);Bowdenzüge;68;p-15696;Federring -DIN 127- M6
c-4975;Vespa 50 (V5A1T, 1963);Bowdenzüge;69;p-15690;Mutter -DIN 934- M6
c-4975;Vespa 50 (V5A1T, 1963);Bowdenzüge;70;p-3120;Chokehebel am Rahmen -OEM QUALITÄT- Vespa PK S, PK XL - flaches Blech
c-4975;Vespa 50 (V5A1T, 1963);Bowdenzüge;71;p-5621;Gummi Rahmen/Schalt-Kupplungszug -IMPORT- Vespa V50, V90, PV, ET3
c-4975;Vespa 50 (V5A1T, 1963);Bowdenzüge;72;p-11542;Schutzhülle Gangseilzüge -PIAGGIO- Vespa PX, T5 125ccm, Rally, TS, Sprint, GT, GTR, SS180, GS160, GL, Super, VNA, VNB, VBA, VBB) - schwarz
c-4975;Vespa 50 (V5A1T, 1963);Bowdenzüge;73;p-11795;Schlauchklemme -UNIVERSAL- Ø = 14mm - verwendet z.B. für Benzinschlauch Vespa Klassik Largeframe (Vespa PX, Rally, Sprint, GT, GTR, Super, VNA, VNB, V
c-4975;Vespa 50 (V5A1T, 1963);Bowdenzüge;74;p-11624;Klammer zur Führung der Schaltzüge -PIAGGIO- Vespa PX, T5 125ccm, Rally, TS, Sprint, Sprint Veloce, GT, GTR, GL, Super, SS180, V50, PV125, ET3, PK S, 
c-4975;Vespa 50 (V5A1T, 1963);Bowdenzüge;75;p-15701;Schraube -DIN 933- M6 x 25mm (8.8 Festigkeit)
c-4975;Vespa 50 (V5A1T, 1963);Gabel, Vorderrad;1;p-15319;Schraube Felge M10 -OEM QUALITÄT- Vespa V50 (V5A1T bis Nr. 752188), V5SS2T, V5R1T, V90 (V9A1T) - Modelle mit 4-Loch Felge
c-4975;Vespa 50 (V5A1T, 1963);Gabel, Vorderrad;2;p-8331;Bremstrommel vorne 9 Zoll + 10 Zoll -PREDIERI & ABBATE- Vespa Smallframe 1963-1984 - V50 N (V5A1T), V50 S (V5SA1T), V50 L (V5A1T), SR50 (V, V50 R (V5A
c-4975;Vespa 50 (V5A1T, 1963);Gabel, Vorderrad;3;p-8331;Bremstrommel vorne 9 Zoll + 10 Zoll -PREDIERI & ABBATE- Vespa Smallframe 1963-1984 - V50 N (V5A1T), V50 S (V5SA1T), V50 L (V5A1T), SR50 (V, V50 R (V5A
c-4975;Vespa 50 (V5A1T, 1963);Gabel, Vorderrad;4;p-4089;Zentrierstift - Pin für Bremstrommel 9 (geschlossener Felgentyp) -OEM QUALITÄT- Vespa V50 R (V5A1T bis Nr. 752188), V50 N, V50 S, V50 L, SR50, V90
c-4975;Vespa 50 (V5A1T, 1963);Gabel, Vorderrad;5;p-367;Bremstrommelflansch / Achse vorne -OEM QUALITÄT- Vespa V50(N) (bis Bj 1971), V50 L, V50 S, V90
c-4975;Vespa 50 (V5A1T, 1963);Gabel, Vorderrad;6;p-367;Bremstrommelflansch / Achse vorne -OEM QUALITÄT- Vespa V50(N) (bis Bj 1971), V50 L, V50 S, V90
c-4975;Vespa 50 (V5A1T, 1963);Gabel, Vorderrad;7;p-1459;Wellendichtring 17x40x7mm - (verwendet für Vorderrad Rally180 (VSD1T), Rally200 (VSE1T), Sprint150 (VLB1T), TS125 (VNL3T), GT125 (VNL2T), GTR125 (VNL2
c-4975;Vespa 50 (V5A1T, 1963);Gabel, Vorderrad;8;p-1;Seegerring -BOHRUNG DIN472- Ø=40mm - (verwendet für Radlager 6203 in Schwinge V50, 50N, PV125, Sprint, Rally, VBB)
c-4975;Vespa 50 (V5A1T, 1963);Gabel, Vorderrad;9;p-13920;Kugellager -6203- (17x40x12mm) - (verwendet für Kurbelwelle Lambretta A, B, C, LC)
c-4975;Vespa 50 (V5A1T, 1963);Gabel, Vorderrad;10;p-354;Kronenmutter Schwinge/Vorderradlager -VESPA- V50, V90, SS50, SS90, PV125, ET3
c-4975;Vespa 50 (V5A1T, 1963);Gabel, Vorderrad;11;p-14286;Kugellager -6201- (12x32x10mm) - (verwendet für Vorderrad Lambretta alle, Vespa PX (bis Bj. 1982) - Getriebe Lambretta A, B, C, LC, D, LD)
c-4975;Vespa 50 (V5A1T, 1963);Gabel, Vorderrad;12;p-370;Tachoschnecken-Set -BGM ORIGINAL- Vespa 11 Zähne, Ø=21,8mm, Metall + 9 Zähne, l= 31mm, 2,7mm Vierkant, schwarz (passend für Tachoschnecke 9 Zähne) - (
c-4975;Vespa 50 (V5A1T, 1963);Gabel, Vorderrad;13;p-361;Gummikappe Tachoantrieb -PIAGGIO- Vespa V50, V90, PV, ET3 - grau
c-4975;Vespa 50 (V5A1T, 1963);Gabel, Vorderrad;14;p-353;Gummi Tachowelle/Bremsankerplatte -PIAGGIO- Vespa V50, V90, PV, ET3
c-4975;Vespa 50 (V5A1T, 1963);Gabel, Vorderrad;15;p-368;Tachoschnecke -BGM ORIGINAL- Vespa 9 Zähne, l= 31mm, 2,7mm Vierkant, schwarz (verwendet in Vespa V50, 50N, 50L, 50R (V5A1T, 9 Zoll Reifen)
c-4975;Vespa 50 (V5A1T, 1963);Gabel, Vorderrad;16;p-11591;Dichtung für Sicherungskappe Tachoschnecke -OEM QUALITÄT- Vespa V50, PV125, ET3 - Ø=14x20x1,5mm
c-4975;Vespa 50 (V5A1T, 1963);Gabel, Vorderrad;19;p-545;Niet - Kerbnagel Ø=4x10mm für Lenkschlossblende Typ NEIMAN (Oval) -OEM QUALITÄT- Vespa Rally180 (VSD1T), Rally200 (VSE1T), Sprint150 (VLB1T), TS125 (V
c-4975;Vespa 50 (V5A1T, 1963);Gabel, Vorderrad;20;p-2728;Schlüsselrohling -ZADI- Vespa/Ape Lenkschloss
c-4975;Vespa 50 (V5A1T, 1963);Gabel, Vorderrad;21;p-8912;Lenkschlossblenden-Set -NEIMAN (Oval, 1962-1971), Niet Ø=3mm- Vespa V50 L (V5A1T bis 580000), V50 N (V5A1T bis 236000), V90 (V9A1T bis 31300), PV125 (
c-4975;Vespa 50 (V5A1T, 1963);Gabel, Vorderrad;22;p-8740;Lenkschloss -IMPORT- Vespa GS160 (bis Nr. 0055506)
c-4975;Vespa 50 (V5A1T, 1963);Gabel, Vorderrad;25;p-15132;Schwingenabdeckung -PIAGGIO- Vespa V50, ET3, PV125 - Aluminium, Silbern
c-4975;Vespa 50 (V5A1T, 1963);Gabel, Vorderrad;26;p-15360;Mutter -DIN 934- M12 x 1,50 - verwendet als Kupplungsmutter für Kupplung Vespa Cosa2
c-4975;Vespa 50 (V5A1T, 1963);Gabel, Vorderrad;27;p-11565;Federring -DIN 127- M12
c-4975;Vespa 50 (V5A1T, 1963);Gabel, Vorderrad;28;p-47290;Schwingenabdeckungs-Kit -OEM QUALITÄT- Vespa V50, ET3, PV125 innen
c-4975;Vespa 50 (V5A1T, 1963);Gabel, Vorderrad;29;p-15145;Kotflügel -OEM QUALITÄT- Vespa V50, V90, PV125, ET3 - unlackiert
c-4975;Vespa 50 (V5A1T, 1963);Gabel, Vorderrad;31;p-6706;Schwingenlagersatz -VESPA- V50, ET3, PV125
c-4975;Vespa 50 (V5A1T, 1963);Gabel, Vorderrad;32;p-6706;Schwingenlagersatz -VESPA- V50, ET3, PV125
c-4975;Vespa 50 (V5A1T, 1963);Gabel, Vorderrad;33;p-44644;O-Ring Set (6-teilig) Gabel -OEM QUALITÄT- Vespa Smallframe V50, PV, ET3, Motovespa T3, 125 Primavera
c-4975;Vespa 50 (V5A1T, 1963);Gabel, Vorderrad;34;p-44644;O-Ring Set (6-teilig) Gabel -OEM QUALITÄT- Vespa Smallframe V50, PV, ET3, Motovespa T3, 125 Primavera
c-4975;Vespa 50 (V5A1T, 1963);Gabel, Vorderrad;35;p-17425;Einstellschraube M5 x 20mm (Øinnen=6,9mm) -BGM ORIGINAL- (verwendet für Schaltraste Vespa) - 10 Stück
c-4975;Vespa 50 (V5A1T, 1963);Gabel, Vorderrad;36;p-15682;Mutter -DIN 934- M5
c-4975;Vespa 50 (V5A1T, 1963);Gabel, Vorderrad;37;p-12252;Klemmschraube Vorderradbremszug -PIAGGIO- Vespa V50, V90, SS50, SS90, PV125, ET3, VNA, VNB, VBA, VBB, Super, GL150 (VLA1T), GT125 (VNL2T), GTR125 (VNL
c-4975;Vespa 50 (V5A1T, 1963);Gabel, Vorderrad;38;p-555;Klemmplättchen-Bolzen Ø=5,0x11mm Bremse vorne -OEM QUALITÄT- alle Modelle (bis Bj. 1981), PX (-1984)
c-4975;Vespa 50 (V5A1T, 1963);Gabel, Vorderrad;39;p-15026;Splint -DIN 94- Ø=2,0mm - 20mm - verwendet für Bolzen Klemmplättchen / Bremsarm hinten Vespa PX, Sprint, Rally, V50, PV125, ET3 etc.
c-4975;Vespa 50 (V5A1T, 1963);Gabel, Vorderrad;42;p-15705;Mutter hoch -DIN 934 ähnlich- M7
c-4975;Vespa 50 (V5A1T, 1963);Gabel, Vorderrad;43;p-581;Bremsarm mit Bremsnocke vorne -BGM ORIGINAL- Vespa V50, V90, SS50, SS90, PV125, ET3 - Ø= 14,9mm
c-4975;Vespa 50 (V5A1T, 1963);Gabel, Vorderrad;44;p-6843;Kotflügelschraube seitlich M5 x 16mm -CIF- Vespa Smallframe V50, 50N, PV, ET3, PK S, PK XL, Largeframe PX, VNA, VNB, VBA, VBB, Super, Sprint Veloce, R
c-4975;Vespa 50 (V5A1T, 1963);Gabel, Vorderrad;45;p-3017;Unterlegscheibe Hebelschraube (unten) -PIAGGIO- 14x5,3x1,0mm - Vespa V50, V90, SS50, SS90, PV125, ET3, Super, GS150, Sprint, Rally, SS180, PX, T5 125c
c-4975;Vespa 50 (V5A1T, 1963);Gabel, Vorderrad;46;p-15684;Federring -DIN 127- M5
c-4975;Vespa 50 (V5A1T, 1963);Gabel, Vorderrad;47;p-15684;Federring -DIN 127- M5
c-4975;Vespa 50 (V5A1T, 1963);Gabel, Vorderrad;48;p-15684;Federring -DIN 127- M5
c-4975;Vespa 50 (V5A1T, 1963);Gabel, Vorderrad;49;p-15682;Mutter -DIN 934- M5
c-4975;Vespa 50 (V5A1T, 1963);Gabel, Vorderrad;50;p-15682;Mutter -DIN 934- M5
c-4975;Vespa 50 (V5A1T, 1963);Gabel, Vorderrad;51;p-18207;Schraube für Gepäckfach -BGM ORIGINAL M5 x 25mm, vernickelt- Vespa PX, Rally180, Rally200, TS125, GS160 / GS4 (ab VSB1T0054684), SS180
c-4975;Vespa 50 (V5A1T, 1963);Gabel, Vorderrad;54;p-6679;Schraube -DIN 933- M5 x 10mm (verwendet für Abdeckblech Tachoschnecke Vespa PX, T5 125cc, V50, PV125, ET3)
c-4975;Vespa 50 (V5A1T, 1963);Gabel, Vorderrad;55;p-45470;Schwinge -PREMIUM- V50, ET3, PV125 - Bremsnocke Ø=14,9mm
c-4975;Vespa 50 (V5A1T, 1963);Gabel, Vorderrad;56;p-45470;Schwinge -PREMIUM- V50, ET3, PV125 - Bremsnocke Ø=14,9mm
c-4975;Vespa 50 (V5A1T, 1963);Gabel, Vorderrad;58;p-15130;Bremsbacken -NEWFREN- Ø=125x17mm- 8 + 9 + 10 vorne, 1 Aufnahme, Vespa Smallframe V50, V90, SS50, SS90, PV125, ET3, Wideframe V1T bis V15T, V30T-V33T, 
c-4975;Vespa 50 (V5A1T, 1963);Gabel, Vorderrad;59;p-159;Bremsbacken Rückholfeder -PIAGGIO- Vespa Rally (v), Sprint (v), GT (v), GTR (v), TS (v), Super (v), V50-90 (v), SS50-90 (v), PV125 (v), ET3 (v), GS160
c-4975;Vespa 50 (V5A1T, 1963);Gabel, Vorderrad;60;p-15030;Bremsbackensicherung (Omega) -VESPA- V50, V90, SS50, SS90, PV125, ET3, VNA, VNB, VBA, VBB, Super, GL150 (VLA1T), GT125 (VNL2T), GTR125 (VNL2T), TS125 
c-4975;Vespa 50 (V5A1T, 1963);Gabel, Vorderrad;64;p-11773;Distanzscheibe Kunststoff Ø=18x6,4x6mm für Kotflügel -OEM QUALITÄT- Vespa V50, V90, PV125, ET3 125
c-4975;Vespa 50 (V5A1T, 1963);Gabel, Vorderrad;65;p-9275;Schmiernippel -DIN 71412- M10 x 1,0 - Schlüsselweite 11mm
c-4975;Vespa 50 (V5A1T, 1963);Gabel, Vorderrad;66;p-344;V-Ring Dichtring Ø=18x3x22mm Schwinge innen -VESPA- PX (bis Bj. 1982), V50, PV125, ET3, SS50, SS90
c-4975;Vespa 50 (V5A1T, 1963);Getriebe, Hinterrad;1;p-15319;Schraube Felge M10 -OEM QUALITÄT- Vespa V50 (V5A1T bis Nr. 752188), V5SS2T, V5R1T, V90 (V9A1T) - Modelle mit 4-Loch Felge
c-4975;Vespa 50 (V5A1T, 1963);Getriebe, Hinterrad;2;p-6630;Splint -ISO 1234- Ø=3,5 x 32mm (verwendet für Vorderrad Vespa PK, PX, Cosa, T5 125ccm - Hinterrad Vespa PK, PX, Cosa, T5 125ccm, Rally, Sprint, TS, GT
c-4975;Vespa 50 (V5A1T, 1963);Getriebe, Hinterrad;3;p-11229;Hinterradmutter -Kronenmutter -OEM QUALITÄT M14x1,5 SW22- Vespa PX (-1984), Rally, Sprint150, TS125, GT125, GTR125, Super, SS180, GS160 / GS4, VNA, VN
c-4975;Vespa 50 (V5A1T, 1963);Getriebe, Hinterrad;4;p-6631;Unterlegscheibe Hinterradmutter - Bremstrommel hinten -OEM QUALITÄT- Vespa 1951-1982, PX (-1982), Rally, Sprint, TS125, GT125, GTR125, GL150, Super, V
c-4975;Vespa 50 (V5A1T, 1963);Getriebe, Hinterrad;5;p-538;Unterlegscheibe Hinterradmutter - Bremstrommel hinten -OEM QUALITÄT- Vespa V50, V90, SS50, SS90, PV125, ET3 - 31,5x14,5x8,5mm
c-4975;Vespa 50 (V5A1T, 1963);Getriebe, Hinterrad;6;p-8458;Bremstrommel hinten 9 Zoll + 10 Zoll -FA ITALIA- Vespa V50 R (V5A1T bis Nr. 752188), V50 N, V50 S, V50 L, SR50, V90
c-4975;Vespa 50 (V5A1T, 1963);Getriebe, Hinterrad;7;p-8458;Bremstrommel hinten 9 Zoll + 10 Zoll -FA ITALIA- Vespa V50 R (V5A1T bis Nr. 752188), V50 N, V50 S, V50 L, SR50, V90
c-4975;Vespa 50 (V5A1T, 1963);Getriebe, Hinterrad;8;p-44780;Bremstrommelflansch hinten -PREMIUM- Vespa 9 Zoll - Vespa V50(N) (bis Bj 1971), V50 L, V50 S, V90
c-4975;Vespa 50 (V5A1T, 1963);Getriebe, Hinterrad;10;p-32712;Bremsbacken -POLINI Ø=135x20mm- VESPA V50 (h) - 9 Zoll
c-4975;Vespa 50 (V5A1T, 1963);Getriebe, Hinterrad;11;p-15030;Bremsbackensicherung (Omega) -VESPA- V50, V90, SS50, SS90, PV125, ET3, VNA, VNB, VBA, VBB, Super, GL150 (VLA1T), GT125 (VNL2T), GTR125 (VNL2T), TS125 
c-4975;Vespa 50 (V5A1T, 1963);Getriebe, Hinterrad;12;p-15038;Bremsbacken Rückholfeder -PIAGGIO- Vespa PX (vh), T5 125cc (vh), PK (vh), Rally180 (VSD1T), Rally200 (VSE1T) (h), Sprint (h), Super (h), GT125 (VNL2T)
c-4975;Vespa 50 (V5A1T, 1963);Getriebe, Hinterrad;13;p-4089;Zentrierstift - Pin für Bremstrommel 9 (geschlossener Felgentyp) -OEM QUALITÄT- Vespa V50 R (V5A1T bis Nr. 752188), V50 N, V50 S, V50 L, SR50, V90
c-4975;Vespa 50 (V5A1T, 1963);Getriebe, Hinterrad;15;p-11957;O-Ring 12,5x 2,5mm -PIAGGIO- (verwendet für Bremsnocke Vespa PK S, PK XL, PK XL2, Federbock Sprint, Rally, GT, GTR, GS150)
c-4975;Vespa 50 (V5A1T, 1963);Getriebe, Hinterrad;16;p-363;Bremsarm mit Bremsnocke hinten -KR AUTOMATION- Vespa V50, V90, SS50, SS90, PV125, ET3
c-4975;Vespa 50 (V5A1T, 1963);Getriebe, Hinterrad;17;p-12356;Wellendichtring 27x37x7mm -MALOSSI PTFE/FKM- (verwendet für Hinterrad / hintere Bremstrommel Vespa V50, V90, SS50, SS90, PV125, ET3, PK S, PK XL, PK X
c-4975;Vespa 50 (V5A1T, 1963);Getriebe, Hinterrad;18;p-6263;Kugellager -6204- (20x47x14mm) - (verwendet für Hauptwelle Vespa PX, T5 125cc, Cosa, Rally180 (VSD1T), Rally200 (VSE1T), Sprint150 (VLB1T), TS125 (VNL
c-4975;Vespa 50 (V5A1T, 1963);Getriebe, Hinterrad;19;p-11934;Dichtung Bremsankerplatte hinten -PIAGGIO- Vespa V50, V90, PV 25, ET3, PK S, PK XL, PK XL2, PK HP
c-4975;Vespa 50 (V5A1T, 1963);Getriebe, Hinterrad;20;p-11934;Dichtung Bremsankerplatte hinten -PIAGGIO- Vespa V50, V90, PV 25, ET3, PK S, PK XL, PK XL2, PK HP
c-4975;Vespa 50 (V5A1T, 1963);Getriebe, Hinterrad;21;p-15040;Öleinfüllschraube M8 x 10mm -VESPA Olio- PX, T5 125cc, Cosa, Rally180 (VSD1T), Rally200 (VSE1T), Sprint150 (VLB1T), TS125 (VNL3T), GT125 (VNL2T), GTR1
c-4975;Vespa 50 (V5A1T, 1963);Getriebe, Hinterrad;22;p-15040;Öleinfüllschraube M8 x 10mm -VESPA Olio- PX, T5 125cc, Cosa, Rally180 (VSD1T), Rally200 (VSE1T), Sprint150 (VLB1T), TS125 (VNL3T), GT125 (VNL2T), GTR1
c-4975;Vespa 50 (V5A1T, 1963);Getriebe, Hinterrad;23;p-15037;Dichtung Ölablassschraube -OEM QUALITÄT 8x14x1mm- Vespa V50, 50N, SS50, SR50, V90, SS90, V100, PV125, ET3, PK, PX, T5 125ccm, Cosa, Rally, Sprint, TS1
c-4975;Vespa 50 (V5A1T, 1963);Getriebe, Hinterrad;24;p-15037;Dichtung Ölablassschraube -OEM QUALITÄT 8x14x1mm- Vespa V50, 50N, SS50, SR50, V90, SS90, V100, PV125, ET3, PK, PX, T5 125ccm, Cosa, Rally, Sprint, TS1
c-4975;Vespa 50 (V5A1T, 1963);Getriebe, Hinterrad;25;p-3498;Entlüftungsschraube Kupplungsdeckel -PIAGGIO- Vespa alle Vespas
c-4975;Vespa 50 (V5A1T, 1963);Getriebe, Hinterrad;26;p-44642;Set-Kickstarteranschlaggummi -OEM QUALITÄT- Vespa V50, V90, PV125, ET3, PK S - 15 x 24 x 6mm
c-4975;Vespa 50 (V5A1T, 1963);Getriebe, Hinterrad;27;p-17425;Einstellschraube M5 x 20mm (Øinnen=6,9mm) -BGM ORIGINAL- (verwendet für Schaltraste Vespa) - 10 Stück
c-4975;Vespa 50 (V5A1T, 1963);Getriebe, Hinterrad;28;p-15682;Mutter -DIN 934- M5
c-4975;Vespa 50 (V5A1T, 1963);Getriebe, Hinterrad;29;p-391;Sicherungsschraube Schaltgabel -OEM QUALITÄT- V50, V90, SS50, SS90, PV125, ET3, PK S, PK XL1
c-4975;Vespa 50 (V5A1T, 1963);Getriebe, Hinterrad;30;p-11951;Klemmplättchen-Bolzen Ø=5,4x11mm Bremse hinten -PIAGGIO- Vespa V50, V90, PV125, ET3, PK, PK S, PK XL, PK XL2, PX, Rally, Sprint, GT, GTR
c-4975;Vespa 50 (V5A1T, 1963);Getriebe, Hinterrad;32;p-44764;Schaltgabel -PREMIUM- Vespa V50, V90, SS50, SS90, PV125, ET3 - 2x O-Ringe
c-4975;Vespa 50 (V5A1T, 1963);Getriebe, Hinterrad;33;p-1321;Schubklotz für Schaltklaue -PIAGGIO- Vespa V50, V90, SS50, SS90, PV125, ET3, PK S, PK XL
c-4975;Vespa 50 (V5A1T, 1963);Getriebe, Hinterrad;35;p-17433;Einstellschraube M7 x 25mm -BGM ORIGINAL- 10 Stück
c-4975;Vespa 50 (V5A1T, 1963);Getriebe, Hinterrad;36;p-15705;Mutter hoch -DIN 934 ähnlich- M7
c-4975;Vespa 50 (V5A1T, 1963);Getriebe, Hinterrad;41;p-11717;Wellscheibe für Schaltgabel -OEM QUALITÄT, 7,75x12,0x0,1mm- Vespa V50, V90, SS50, SS90, PV125, ET3, PK S, PK XL1
c-4975;Vespa 50 (V5A1T, 1963);Getriebe, Hinterrad;42;p-13916;Sicherungsring -WELLE DIN6799- Ø=3mm - verwendet für Schubklotz Schaltklaue Vespa Smallframe (V50, PV, ET3, PK, PK XL, PK XL2)
c-4975;Vespa 50 (V5A1T, 1963);Getriebe, Hinterrad;43;p-111;Sicherungsstift (zylindrisch) 4,0x23mm (verwendet für Schaltraste PX, Cosa, T5, Rally, Sprint, TS, GT, GTR, Super, SS180, GS160, GL, VNA, VNB, VBA, VB
c-4975;Vespa 50 (V5A1T, 1963);Getriebe, Hinterrad;44;p-12325;Schaltrastenabdeckung -PIAGGIO- Vespa V50, V90, SS50, SS90, PV125, ET3
c-4975;Vespa 50 (V5A1T, 1963);Getriebe, Hinterrad;45;p-15684;Federring -DIN 127- M5
c-4975;Vespa 50 (V5A1T, 1963);Getriebe, Hinterrad;46;p-48698;Schraube für Luftfilter SI Vergaser, vorne -VESPA- Vespa PX, Rally180 (VSD1T), Rally200 (VSE1T), Sprint
c-4975;Vespa 50 (V5A1T, 1963);Getriebe, Hinterrad;47;p-8469;Schaltklaue -FA ITALIA- 2-Arme, Smallframe Bj. 1963-1967 V50 N (V5A1T bis Nr. 92876), V90 (V9A1T bis Nr. 25000) - 3 Gang
c-4975;Vespa 50 (V5A1T, 1963);Getriebe, Hinterrad;48;p-568;Schaltklaue -OEM QUALITÄT- 4-Arme, 3 Gang - Vespa 50N (V5A1T, 92877-), 50L, 50R, 50 Special (V5A2T, V5B3T), Special Elestart (V5B2T, V5A3T), V90 (V9A1
c-4975;Vespa 50 (V5A1T, 1963);Getriebe, Hinterrad;49;p-6623;Seegerring -WELLE DIN471 ähnlich- Ø=48mm x 1,7mm - verwendet für Hauptwelle Getriebe Vespa V50, PV, ET3, Sprint, Rally, VNA, VNB, VBA, VBB, Super, GT,
c-4975;Vespa 50 (V5A1T, 1963);Getriebe, Hinterrad;50;p-6623;Seegerring -WELLE DIN471 ähnlich- Ø=48mm x 1,7mm - verwendet für Hauptwelle Getriebe Vespa V50, PV, ET3, Sprint, Rally, VNA, VNB, VBA, VBB, Super, GT,
c-4975;Vespa 50 (V5A1T, 1963);Getriebe, Hinterrad;51;p-6623;Seegerring -WELLE DIN471 ähnlich- Ø=48mm x 1,7mm - verwendet für Hauptwelle Getriebe Vespa V50, PV, ET3, Sprint, Rally, VNA, VNB, VBA, VBB, Super, GT,
c-4975;Vespa 50 (V5A1T, 1963);Getriebe, Hinterrad;52;p-6623;Seegerring -WELLE DIN471 ähnlich- Ø=48mm x 1,7mm - verwendet für Hauptwelle Getriebe Vespa V50, PV, ET3, Sprint, Rally, VNA, VNB, VBA, VBB, Super, GT,
c-4975;Vespa 50 (V5A1T, 1963);Getriebe, Hinterrad;63;p-15098;Schaltfeder -VESPA- V50, V90, SS50, SS90, PV125, ET3, PK S, PK XL
c-4975;Vespa 50 (V5A1T, 1963);Getriebe, Hinterrad;64;p-15098;Schaltfeder -VESPA- V50, V90, SS50, SS90, PV125, ET3, PK S, PK XL
c-4975;Vespa 50 (V5A1T, 1963);Getriebe, Hinterrad;65;p-8118;Schaltkugel -PIAGGIO, Ø=7,1mm- Vespa V50, PV125, ET3, PK50, PK80, PK125, SS50, SS90
c-4975;Vespa 50 (V5A1T, 1963);Getriebe, Hinterrad;66;p-15690;Mutter -DIN 934- M6
c-4975;Vespa 50 (V5A1T, 1963);Getriebe, Hinterrad;67;p-15719;Mutter -DIN 934- M8
c-4975;Vespa 50 (V5A1T, 1963);Getriebe, Hinterrad;68;p-15696;Federring -DIN 127- M6
c-4975;Vespa 50 (V5A1T, 1963);Getriebe, Hinterrad;69;p-15727;Federring -DIN 127- M8
c-4975;Vespa 50 (V5A1T, 1963);Getriebe, Hinterrad;70;p-13501;Unterlegscheibe Karosserie -DIN 9021- M6 - Edelstahl
c-4975;Vespa 50 (V5A1T, 1963);Getriebe, Hinterrad;71;p-15725;Unterlegscheibe -DIN 125- M8 - schwarz verzinkt
c-4975;Vespa 50 (V5A1T, 1963);Getriebe, Hinterrad;72;p-15026;Splint -DIN 94- Ø=2,0mm - 20mm - verwendet für Bolzen Klemmplättchen / Bremsarm hinten Vespa PX, Sprint, Rally, V50, PV125, ET3 etc.
c-4975;Vespa 50 (V5A1T, 1963);Getriebe, Hinterrad;76;p-6438;Klemmschraube Bremszug hinten -PIAGGIO- Vespa V50, V90, SS50, SS90, PV125, ET3, VNA, VNB, VBA, VBB, Super, GL150 (VLA1T), GT125 (VNL2T), GTR125 (VNL2T
c-4975;Vespa 50 (V5A1T, 1963);Getriebe, Hinterrad;78;p-3041;Schraube Kabelkästchen M3 x 8mm mit Schlitz -PIAGGIO- Vespa Smallframe V50, PV125, Wideframe VM1, VM2, VNB1, VNB2, Super, GS150 VS1-5, Sprint, GT, GTR
c-4975;Vespa 50 (V5A1T, 1963);Getriebe, Hinterrad;81;p-6832;Schraube Linsen-Senkkopf -DIN 966- M5 x 40 (verwendet für Kabelkästchen Vespa PX, T5 125cc, Rally180 (VSD1T), Rally200 (VSE1T), Sprint150 (VLB1T), TS1
c-4975;Vespa 50 (V5A1T, 1963);Getriebe, Hinterrad;82;p-392;Unterlegscheibe -VESPA- 12x20x2,3mm (verwendet für Sicherungsschraube Schaltgabel Vespa V50, V90, SS50, SS90, PV125, ET3, PK S, PK XL)
c-4975;Vespa 50 (V5A1T, 1963);Kabelbaum;7;p-17012;Bougierohr -UNIVERSAL Ø=10mm- 5m - Schwarz
c-4975;Vespa 50 (V5A1T, 1963);Kabelbaum;8;p-17010;Bougierohr -UNIVERSAL Ø=8mm- 5m - Schwarz
c-4975;Vespa 50 (V5A1T, 1963);Kabelbaum;9;p-17014;Bougierohr -UNIVERSAL Ø=6mm- 5m - Schwarz
c-4975;Vespa 50 (V5A1T, 1963);Kabelbaum;10;p-17014;Bougierohr -UNIVERSAL Ø=6mm- 5m - Schwarz
c-4975;Vespa 50 (V5A1T, 1963);Kabelbaum;14;p-6833;Gummikappe Kabelkästchen -PIAGGIO- Vespa alle Modelle
c-4975;Vespa 50 (V5A1T, 1963);Kabelbaum;15;p-17012;Bougierohr -UNIVERSAL Ø=10mm- 5m - Schwarz
c-4975;Vespa 50 (V5A1T, 1963);Kabelbaum;16;p-17016;Bougierohr -UNIVERSAL Ø=4mm- 5m - Schwarz
c-4975;Vespa 50 (V5A1T, 1963);Kabelbaum;17;p-10350;Gummi Rücklichtkabel/Rahmen -PIAGGIO- Vespa
c-4975;Vespa 50 (V5A1T, 1963);Lenker;1;p-8473;Griffe -VESPA Ø=24mm, l=125mm, Piaggio 4-Eck- Vespa VL1T, VL2T, VL3T (Struzzo), Touren 2(D), T/2 (VD1T), GS150 (VS1T) - Grau - auch passend auf V50, P
c-4975;Vespa 50 (V5A1T, 1963);Lenker;2;p-8473;Griffe -VESPA Ø=24mm, l=125mm, Piaggio 4-Eck- Vespa VL1T, VL2T, VL3T (Struzzo), Touren 2(D), T/2 (VD1T), GS150 (VS1T) - Grau - auch passend auf V50, P
c-4975;Vespa 50 (V5A1T, 1963);Lenker;8;p-12054;Unterlegscheibe - Wellscheibe Hebelschraube (oben) -PIAGGIO- Vespa PK, PK S, PK XL, PX - Ø6,6 x 14 x 0,3mm
c-4975;Vespa 50 (V5A1T, 1963);Lenker;9;p-12054;Unterlegscheibe - Wellscheibe Hebelschraube (oben) -PIAGGIO- Vespa PK, PK S, PK XL, PX - Ø6,6 x 14 x 0,3mm
c-4975;Vespa 50 (V5A1T, 1963);Lenker;10;p-3016;Unterlegscheibe Hebelschraube (oben) -CIF- 14x6,6x0,6mm - Vespa V50, V90, SS50, SS90, PV125, ET3, Super, GS150, Sprint, Rally, SS180, PX, T5 125ccm
c-4975;Vespa 50 (V5A1T, 1963);Lenker;11;p-3016;Unterlegscheibe Hebelschraube (oben) -CIF- 14x6,6x0,6mm - Vespa V50, V90, SS50, SS90, PV125, ET3, Super, GS150, Sprint, Rally, SS180, PX, T5 125ccm
c-4975;Vespa 50 (V5A1T, 1963);Lenker;12;p-3017;Unterlegscheibe Hebelschraube (unten) -PIAGGIO- 14x5,3x1,0mm - Vespa V50, V90, SS50, SS90, PV125, ET3, Super, GS150, Sprint, Rally, SS180, PX, T5 125c
c-4975;Vespa 50 (V5A1T, 1963);Lenker;13;p-15768;Mutter selbstsichernd -DIN 985- M5 (verwendet für Hebelschraube Vespa PX, T5 125ccm, Rally, Sprint, TS, GT, GTR, SS180, GS160, Super, GL, VNA, VNB, VB
c-4975;Vespa 50 (V5A1T, 1963);Lenker;14;p-15768;Mutter selbstsichernd -DIN 985- M5 (verwendet für Hebelschraube Vespa PX, T5 125ccm, Rally, Sprint, TS, GT, GTR, SS180, GS160, Super, GL, VNA, VNB, VB
c-4975;Vespa 50 (V5A1T, 1963);Lenker;15;p-8391;Splint Gas- Schaltrohr -VESPA ohne Lenkerblinker- Vespa V50, V90, SS50, SS90, PV125, ET3, Rally180 (VSD1T), Rally200 (VSE1T), Sprint150 (VLB1T), TS125
c-4975;Vespa 50 (V5A1T, 1963);Lenker;16;p-8391;Splint Gas- Schaltrohr -VESPA ohne Lenkerblinker- Vespa V50, V90, SS50, SS90, PV125, ET3, Rally180 (VSD1T), Rally200 (VSE1T), Sprint150 (VLB1T), TS125
c-4975;Vespa 50 (V5A1T, 1963);Lenker;18;p-6696;Distanzscheibe Gasrohr/Schaltrohr 24 x 31x 1mm -PIAGGIO- Vespa PX, T5, PV125, ET3, V50 Special, PK S, PK XL1
c-4975;Vespa 50 (V5A1T, 1963);Lenker;19;p-6696;Distanzscheibe Gasrohr/Schaltrohr 24 x 31x 1mm -PIAGGIO- Vespa PX, T5, PV125, ET3, V50 Special, PK S, PK XL1
c-4975;Vespa 50 (V5A1T, 1963);Lenker;20;p-6697;Federscheibe Gasrohr/Schaltrohr 24 x 31x 1mm -VESPA- PX, T5 125cc, Rally180 (VSD1T), Rally200 (VSE1T), Sprint150 (VLB1T), TS125 (VNL3T), GT125 (VNL2T)
c-4975;Vespa 50 (V5A1T, 1963);Lenker;21;p-6697;Federscheibe Gasrohr/Schaltrohr 24 x 31x 1mm -VESPA- PX, T5 125cc, Rally180 (VSD1T), Rally200 (VSE1T), Sprint150 (VLB1T), TS125 (VNL3T), GT125 (VNL2T)
c-4975;Vespa 50 (V5A1T, 1963);Lenker;22;p-10629;Schaltzugrolle -IMPORT- Vespa V50, V90, SS50, SS90, PV125, ET3, Rally180 (VSD1T), Rally200 (VSE1T), Sprint150 (VLB1T), TS125 (VNL3T), GT125 (VNL2T), G
c-4975;Vespa 50 (V5A1T, 1963);Lenker;23;p-15055;Lenkkopfschraube inkl. Vierkantmutter -CIF- Vespa PX, PK, Rally, Sprint150, 180 SS, Super, TS125, GT125 (VNL2T), GTR125 (VNL2T), ET3, PV125, V50, V90
c-4975;Vespa 50 (V5A1T, 1963);Lenker;24;p-15056;Lenkkopfmutter -VESPA- PX, PK, Rally180 (VSD1T), Rally200 (VSE1T), Sprint150 (VLB1T), 180 SS, Super, TS125 (VNL3T), GT125 (VNL2T), GTR125 (VNL2T), ET3
c-4975;Vespa 50 (V5A1T, 1963);Lenker;25;p-9122;Aufnahme Gas- Schaltzug im Lenker -VESPA- V50 N, V50 L, V50 R, V90
c-4975;Vespa 50 (V5A1T, 1963);Lenker;29;p-15215;Tacho -OEM QUALITÄT- Vespa V50 Ø=48mm - 80km/h (weisses Zifferblatt, schwarze Ziffern)
c-4975;Vespa 50 (V5A1T, 1963);Lenker;30;p-15215;Tacho -OEM QUALITÄT- Vespa V50 Ø=48mm - 80km/h (weisses Zifferblatt, schwarze Ziffern)
c-4975;Vespa 50 (V5A1T, 1963);Lenker;31;p-2804;Tachodichtung -OEM QUALITÄT- Vespa V50 Ø=48mm - Vespa 50N, 50L, 50R, 50S und V90 (Rund),Lambretta lui 50-75
c-4975;Vespa 50 (V5A1T, 1963);Lenker;32;p-2804;Tachodichtung -OEM QUALITÄT- Vespa V50 Ø=48mm - Vespa 50N, 50L, 50R, 50S und V90 (Rund),Lambretta lui 50-75
c-4975;Vespa 50 (V5A1T, 1963);Lenker;33;p-8994;Sicherungsblech Tacho -OEM QUALITÄT- Vespa V50 Ø=48mm
c-4975;Vespa 50 (V5A1T, 1963);Lenker;35;p-6679;Schraube -DIN 933- M5 x 10mm (verwendet für Abdeckblech Tachoschnecke Vespa PX, T5 125cc, V50, PV125, ET3)
c-4975;Vespa 50 (V5A1T, 1963);Lenker;36;p-15684;Federring -DIN 127- M5
c-4975;Vespa 50 (V5A1T, 1963);Lenker;38;p-1312;Schraube -DIN 85- M5 x 65mm (verwendet für Tacho Vespa V50, V90, SS50, SS90, PV125, ET3, Rally180 (VSD1T), Rally200 (VSE1T), Sprint150 (VLB1T), TS125 
c-4975;Vespa 50 (V5A1T, 1963);Lenker;39;p-5403;Gasrohr -CIF- Vespa V50 - 50N/L(V5A1T), 50R (V5A1T -881915), 50S (V5SA1T -67570), 50SR/Sprinter (V5SS2T), Vespa 90 (V9A1T -122983) - l=151mm Ø=24mm
c-4975;Vespa 50 (V5A1T, 1963);Lenker;40;p-6708;Staubschutzring Steuersatzschale auf Gabel -OEM QUALITÄT- Vespa PX, T5 125cc, Cosa, PK, V50, V90, PV125, ET3, PK, Rally180 (VSD1T), Vespa Rally200 (VS
c-4975;Vespa 50 (V5A1T, 1963);Lenker;41;p-6714;Steuersatz - Lenkkopflager -PIAGGIO- unten (4 teilig) - Vespa V50, 50N, PV, ​ET3, ​PK, PX, T5, Cosa, Rally, Sprint, Super, GS160, SS180, GTS, HPE, ET2
c-4975;Vespa 50 (V5A1T, 1963);Lenker;42;p-6273;Kugelring - Kugellager Steuersatz unten -OEM QUALITÄT, Kugeln = 1/4“ = 6,35mm- Vespa, Piaggio, Gilera, Lambretta LI, LI S, SX, TV, DL, GP
c-4975;Vespa 50 (V5A1T, 1963);Lenker;43;p-6714;Steuersatz - Lenkkopflager -PIAGGIO- unten (4 teilig) - Vespa V50, 50N, PV, ​ET3, ​PK, PX, T5, Cosa, Rally, Sprint, Super, GS160, SS180, GTS, HPE, ET2
c-4975;Vespa 50 (V5A1T, 1963);Lenker;47;p-11970;Unterlegscheibe Steuersatz -PIAGGIO- 30,2x40,0x2,5mm - verwendet als Nasenscheibe
c-4975;Vespa 50 (V5A1T, 1963);Lenker;48;p-17870;Steuersatzschalenkontermutter h=6mm -BGM ORIGINAL- Vespa 125 VN1, VN2, VNA1T, VNA2T, VNB1T, VNB2T, VNB3T, VNB4T, VNB5T, VNB6T, Vespa 150 VL1, VL3T, VB
c-4975;Vespa 50 (V5A1T, 1963);Lenker;50;p-5981;Tachoblende -OEM QUALITÄT- V50 mit rundem Tacho - rechteckiges Logo - schwarz
c-4975;Vespa 50 (V5A1T, 1963);Lenker;51;p-10366;Feder für Gasrohr -OEM QUALITÄT- Vespa V50 (V5A1T bis V5A3T, V5SA1T), SS50 (V5SS1T bis V5SS2T), V90 (V9A1T), SS90 (V9SS1T bis V9SS2T), PV125, ET3, GL1
c-4975;Vespa 50 (V5A1T, 1963);Lenker;52;p-44743;Schaltzug- Gaszugrollen Set -PREMIUM ohne Lenkerblinker- Vespa V50, V90, SS50, SS90, PV125, ET3, Rally180 (VSD1T), Rally200 (VSE1T), Sprint150 (VLB1T)
c-4975;Vespa 50 (V5A1T, 1963);Motorgehäuse, Zylinder;1;p-15008;Motorgehäusebolzen - Motorschrauben - Motorbolzen M7 x 75mm -VESPA- (Smallframe V50, PV125, ET3, PK)
c-4975;Vespa 50 (V5A1T, 1963);Motorgehäuse, Zylinder;2;p-15008;Motorgehäusebolzen - Motorschrauben - Motorbolzen M7 x 75mm -VESPA- (Smallframe V50, PV125, ET3, PK)
c-4975;Vespa 50 (V5A1T, 1963);Motorgehäuse, Zylinder;3;p-15709;Unterlegscheibe -DIN 125- M7
c-4975;Vespa 50 (V5A1T, 1963);Motorgehäuse, Zylinder;4;p-15709;Unterlegscheibe -DIN 125- M7
c-4975;Vespa 50 (V5A1T, 1963);Motorgehäuse, Zylinder;5;p-15709;Unterlegscheibe -DIN 125- M7
c-4975;Vespa 50 (V5A1T, 1963);Motorgehäuse, Zylinder;6;p-15709;Unterlegscheibe -DIN 125- M7
c-4975;Vespa 50 (V5A1T, 1963);Motorgehäuse, Zylinder;7;p-15709;Unterlegscheibe -DIN 125- M7
c-4975;Vespa 50 (V5A1T, 1963);Motorgehäuse, Zylinder;8;p-15709;Unterlegscheibe -DIN 125- M7
c-4975;Vespa 50 (V5A1T, 1963);Motorgehäuse, Zylinder;9;p-15709;Unterlegscheibe -DIN 125- M7
c-4975;Vespa 50 (V5A1T, 1963);Motorgehäuse, Zylinder;10;p-15709;Unterlegscheibe -DIN 125- M7
c-4975;Vespa 50 (V5A1T, 1963);Motorgehäuse, Zylinder;11;p-15711;Federring -DIN 127- M7
c-4975;Vespa 50 (V5A1T, 1963);Motorgehäuse, Zylinder;12;p-15711;Federring -DIN 127- M7
c-4975;Vespa 50 (V5A1T, 1963);Motorgehäuse, Zylinder;13;p-15711;Federring -DIN 127- M7
c-4975;Vespa 50 (V5A1T, 1963);Motorgehäuse, Zylinder;14;p-15711;Federring -DIN 127- M7
c-4975;Vespa 50 (V5A1T, 1963);Motorgehäuse, Zylinder;15;p-15711;Federring -DIN 127- M7
c-4975;Vespa 50 (V5A1T, 1963);Motorgehäuse, Zylinder;16;p-15711;Federring -DIN 127- M7
c-4975;Vespa 50 (V5A1T, 1963);Motorgehäuse, Zylinder;17;p-15711;Federring -DIN 127- M7
c-4975;Vespa 50 (V5A1T, 1963);Motorgehäuse, Zylinder;18;p-15711;Federring -DIN 127- M7
c-4975;Vespa 50 (V5A1T, 1963);Motorgehäuse, Zylinder;19;p-15711;Federring -DIN 127- M7
c-4975;Vespa 50 (V5A1T, 1963);Motorgehäuse, Zylinder;20;p-15705;Mutter hoch -DIN 934 ähnlich- M7
c-4975;Vespa 50 (V5A1T, 1963);Motorgehäuse, Zylinder;21;p-15705;Mutter hoch -DIN 934 ähnlich- M7
c-4975;Vespa 50 (V5A1T, 1963);Motorgehäuse, Zylinder;22;p-15705;Mutter hoch -DIN 934 ähnlich- M7
c-4975;Vespa 50 (V5A1T, 1963);Motorgehäuse, Zylinder;23;p-15705;Mutter hoch -DIN 934 ähnlich- M7
c-4975;Vespa 50 (V5A1T, 1963);Motorgehäuse, Zylinder;24;p-15705;Mutter hoch -DIN 934 ähnlich- M7
c-4975;Vespa 50 (V5A1T, 1963);Motorgehäuse, Zylinder;25;p-15705;Mutter hoch -DIN 934 ähnlich- M7
c-4975;Vespa 50 (V5A1T, 1963);Motorgehäuse, Zylinder;26;p-15705;Mutter hoch -DIN 934 ähnlich- M7
c-4975;Vespa 50 (V5A1T, 1963);Motorgehäuse, Zylinder;27;p-15705;Mutter hoch -DIN 934 ähnlich- M7
c-4975;Vespa 50 (V5A1T, 1963);Motorgehäuse, Zylinder;28;p-15705;Mutter hoch -DIN 934 ähnlich- M7
c-4975;Vespa 50 (V5A1T, 1963);Motorgehäuse, Zylinder;30;p-15009;Fächerscheibe Polradmutter -OEM QUALITÄT Øa=24mm- Vespa Sprint150 (VLB1T), VNB, VBB, Super, GL150 (VLA1T), GT125 (VNL2T), GTR125 (VNL2T), V50(N) (ab N
c-4975;Vespa 50 (V5A1T, 1963);Motorgehäuse, Zylinder;31;p-15714;Stehbolzen -M7 x 35mm- (verwendet für Zylinder Vespa V50, PK50)
c-4975;Vespa 50 (V5A1T, 1963);Motorgehäuse, Zylinder;32;p-15714;Stehbolzen -M7 x 35mm- (verwendet für Zylinder Vespa V50, PK50)
c-4975;Vespa 50 (V5A1T, 1963);Motorgehäuse, Zylinder;33;p-6318;Wellendichtring 19x32x7mm -CORTECO NBR- (verwendet für Kurbelwelle Lichtmaschinenseite Vespa V50, V90, SS50, SS90, PV125, ET3, PK S)
c-4975;Vespa 50 (V5A1T, 1963);Motorgehäuse, Zylinder;35;p-6286;Kugellager -6204 ETN9 C4- (20x47x14mm) - (verwendet für Kurbelwelle Minarelli 50 ccm (Typ MA, MY, CW, CA, CY), Vespa V50, V90, PV125, ET3, PK S, PK XL
c-4975;Vespa 50 (V5A1T, 1963);Motorgehäuse, Zylinder;36;p-15350;Motorgehäusebolzen - Motorschrauben - Motorbolzen M7 x 42mm -VESPA- 25-17mm (Smallframe V50, PV125, ET3, PK)
c-4975;Vespa 50 (V5A1T, 1963);Motorgehäuse, Zylinder;37;p-15069;Halbmond Keil -PIAGGIO 3x5mm- Kurbelwelle Lichtmaschinenseite (Lima) Vespa Ciao, Bravo, SI, Piaggio 50-180 ccm 2-Takt - Aprilia SR125, Gilera Runner F
c-4975;Vespa 50 (V5A1T, 1963);Motorgehäuse, Zylinder;38;p-15069;Halbmond Keil -PIAGGIO 3x5mm- Kurbelwelle Lichtmaschinenseite (Lima) Vespa Ciao, Bravo, SI, Piaggio 50-180 ccm 2-Takt - Aprilia SR125, Gilera Runner F
c-4975;Vespa 50 (V5A1T, 1963);Motorgehäuse, Zylinder;39;p-1245;Kurbelwelle -MAZZUCCHELLI Standard (Drehschieber)- Vespa V50, PK50 S (Ø 19mm Konus)
c-4975;Vespa 50 (V5A1T, 1963);Motorgehäuse, Zylinder;40;p-12173;Motorgehäusebolzen - Motorschrauben - Motorbolzen M7 x 58mm -VESPA- 40-18mm (Smallframe V50, PV125, ET3, PK, PX, T5 125ccm)
c-4975;Vespa 50 (V5A1T, 1963);Motorgehäuse, Zylinder;41;p-12173;Motorgehäusebolzen - Motorschrauben - Motorbolzen M7 x 58mm -VESPA- 40-18mm (Smallframe V50, PV125, ET3, PK, PX, T5 125ccm)
c-4975;Vespa 50 (V5A1T, 1963);Motorgehäuse, Zylinder;43;p-15427;Dichtsatz Motor -PIAGGIO- Vespa V50
c-4975;Vespa 50 (V5A1T, 1963);Motorgehäuse, Zylinder;44;p-16284;Wellendichtring 22,7x47x7/7,5mm -FKM- (verwendet für Kurbelwelle Antriebseite Vespa V50, V90, SS50, SS90, PV125, ET3, PK S, PK XL - Getriebeeingangswe
c-4975;Vespa 50 (V5A1T, 1963);Motorgehäuse, Zylinder;45;p-15203;Seegerring -BOHRUNG DIN472- Ø=47mm - für Kugellager Smallframe, Largeframe Hauptwelle 6204 Radseite, Kugellager 16005 Primär Smallframe V50, PV, ET3, 
c-4975;Vespa 50 (V5A1T, 1963);Motorgehäuse, Zylinder;46;p-31075;Kugellager Kurbelwelle -MALOSSI- 6303 (17x47x14mm) - C3 Polyamid - (verwendet für Kurbelwelle Antriebseite Vespa V50, V90, PV125, ET3, PK S, PK XL, La
c-4975;Vespa 50 (V5A1T, 1963);Motorgehäuse, Zylinder;47;p-12003;Dichtung Motorgehäuse -PIAGGIO- Vespa V50, V90, PV125, ET3, PK S, PK XL, PK XL2
c-4975;Vespa 50 (V5A1T, 1963);Motorgehäuse, Zylinder;51;p-15012;Stehbolzen -M6 x 30mm- (verwendet für Einlass Vespa Smallframe)
c-4975;Vespa 50 (V5A1T, 1963);Motorgehäuse, Zylinder;52;p-15012;Stehbolzen -M6 x 30mm- (verwendet für Einlass Vespa Smallframe)
c-4975;Vespa 50 (V5A1T, 1963);Motorgehäuse, Zylinder;54;p-15198;Sicherungsblech Primär -OEM QUALITÄT- V50, V90, SS50, SS90, PV125, ET3, PK S, PK XL
c-4975;Vespa 50 (V5A1T, 1963);Motorgehäuse, Zylinder;55;p-15197;Mutter M12 x1,5 SW=19 halbhoch (verwendet für Kurbelwelle/Primärrad Vespa V50, V90, SS50, SS90, PV125, ET3, PK S, PK XL)
c-4975;Vespa 50 (V5A1T, 1963);Motorgehäuse, Zylinder;58;p-3279;Nadellager -K16-20-10- (16x20x10mm) - verwendet für Hauptwelle Vespa 50 (1 Serie) V5A1T -92876, V50 (1.Serie) V5SA1T -15324, V90 (1.Serie) V9A1T -2500
c-4975;Vespa 50 (V5A1T, 1963);Motorgehäuse, Zylinder;59;p-12103;Stehbolzen -M7 x 59mm- 22-17-20mm (verwendet für Motorgehäuse Vespa V50, V90, PV125, ET3, PK S, PK XL)
c-4975;Vespa 50 (V5A1T, 1963);Motorgehäuse, Zylinder;60;p-6256;Buchse für Pleuel -OEM QUALITÄT 12mm (11,7x14,1x11,6mm)- Vespa 50 (V5A1T), 50 Elestart (V5B2T), 50 N Special (V5A1T, V5B3T), 50 Special (V5B1T), Piagg
c-4975;Vespa 50 (V5A1T, 1963);Motorgehäuse, Zylinder;61;p-15092;Kolbenclip -12mm- Seegerring-Typ
c-4975;Vespa 50 (V5A1T, 1963);Motorgehäuse, Zylinder;65;p-15013;Motorgehäusebolzen - Motorschrauben - Motorbolzen M7 x 80mm -VESPA- 56-24mm (Lusso/T5 125ccm/Cosa an Stoßdämpferaufnahme, Smallframe unten)
c-4975;Vespa 50 (V5A1T, 1963);Motorgehäuse, Zylinder;66;p-8842;Dichtung Zylinderfuß -VESPA 50-125 ccm- Vespa V50, PV125, ET3, PK50, PK80, PK125 - Papier
c-4975;Vespa 50 (V5A1T, 1963);Motorgehäuse, Zylinder;68;p-13501;Unterlegscheibe Karosserie -DIN 9021- M6 - Edelstahl
c-4975;Vespa 50 (V5A1T, 1963);Motorgehäuse, Zylinder;70;p-15750;Schraube -DIN 933- M7 x 35mm (8.8 Festigkeit)
c-4975;Vespa 50 (V5A1T, 1963);Motorgehäuse, Zylinder;71;p-657;Stehbolzen -PIAGGIO M6 x 28mm- (verwendet für Auspuff/Zylinder Piaggio/Gilera 50cc)
c-4975;Vespa 50 (V5A1T, 1963);Motorgehäuse, Zylinder;72;p-15246;Zylinderkopf -OEM QUALITÄT,- Vespa V50, V50 S, SS50, PK50
c-4975;Vespa 50 (V5A1T, 1963);Motorgehäuse, Zylinder;73;p-10578;Dichtung Kupfer -DIN7603- 14x20x2mm - verwendet als Dichtung Zündkerze / Zylinderkopf M14 (Kerzentyp NGK B, Bosch W)
c-4975;Vespa 50 (V5A1T, 1963);Motorgehäuse, Zylinder;75;p-33184;Zündkerzenstecker -POLINI- Silikon, kurz - blau
c-4975;Vespa 50 (V5A1T, 1963);Motorgehäuse, Zylinder;76;p-10790;Zylinderhaube -OEM QUALITÄT- Vespa V50 (1. Serie) - Metall
c-4975;Vespa 50 (V5A1T, 1963);Motorgehäuse, Zylinder;77;p-13483;Schraube -DIN 84- M6 x 12mm (verwendet für Lüfterradabdeckung Vespa)
c-4975;Vespa 50 (V5A1T, 1963);Motorgehäuse, Zylinder;78;p-362;Federscheibe gewellt -PIAGGIO- Stahl verzinkt- M6 - verwendet für Zylinderhaube Smallframe, Druckfeder Chokehebel
c-4975;Vespa 50 (V5A1T, 1963);Motorgehäuse, Zylinder;79;p-15696;Federring -DIN 127- M6
c-4975;Vespa 50 (V5A1T, 1963);Primär, Kickstarter, Kupplung;1;p-15337;Kickstarterfeder -OEM QUALITÄT- Vespa V50, V90, PV125, PK50, PK80, PK125
c-4975;Vespa 50 (V5A1T, 1963);Primär, Kickstarter, Kupplung;2;p-12734;Kickstarterwelle -PIAGGIO- Vespa V50, V90, SS50, SS90, PV125, ET3, PK50, PK80, PK125 S, PK50, PK80, PK125 XL - 12 Zähne
c-4975;Vespa 50 (V5A1T, 1963);Primär, Kickstarter, Kupplung;3;p-15295;O-Ring Ø16x2,50mm -PIAGGIO-Kickstarterwelle Vespa V50, PV125, ET3, PK, PX, T5 125ccm, Cosa, Rally, Sprint, TS125, GT125, GTR125, Super, GS160 / GS4, S
c-4975;Vespa 50 (V5A1T, 1963);Primär, Kickstarter, Kupplung;4;p-15111;Kickstarterritzel -OEM QUALITÄT- Vespa V50, V90, SS50, SS90, PV125, ET3, PK S, PK XL - Zähne 12/10, Ø=20,5mm
c-4975;Vespa 50 (V5A1T, 1963);Primär, Kickstarter, Kupplung;10;p-46019;Rollenlager -CRIMAZ NUP 16005 (25x47x8mm)- verwendet für Primär Vespa V50, V90, SS50, SS90, PV125, ET3, PK S, PK XL
c-4975;Vespa 50 (V5A1T, 1963);Primär, Kickstarter, Kupplung;11;p-15175;Schraube -DIN 931- M9 x 50mm (verwendet als Kickstarterschraube Vespa V50, V90, SS50, SS90, PV125, ET3, PK
c-4975;Vespa 50 (V5A1T, 1963);Primär, Kickstarter, Kupplung;12;p-11935;Zahnscheibe -DIN 6798- M9 - innenverzahnt
c-4975;Vespa 50 (V5A1T, 1963);Primär, Kickstarter, Kupplung;13;p-15113;Kickstarter Vespa V50, PV, ET3 - Aluminium poliert
c-4975;Vespa 50 (V5A1T, 1963);Primär, Kickstarter, Kupplung;14;p-15203;Seegerring -BOHRUNG DIN472- Ø=47mm - für Kugellager Smallframe, Largeframe Hauptwelle 6204 Radseite, Kugellager 16005 Primär Smallframe V50, PV, ET3, 
c-4975;Vespa 50 (V5A1T, 1963);Primär, Kickstarter, Kupplung;16;p-16100;Feder für Primär -BGM PRO- Vespa V50, V90, SS50, SS90, PV125, ET3, PK50, PK80, PK50 S, PK80 S, PK125 S, PK50 XL, PK125 XL, ETS, PK50 HP, PK50 SS - 60N
c-4975;Vespa 50 (V5A1T, 1963);Primär, Kickstarter, Kupplung;17;p-49358;Distanzbuchse 8x5x4,5mm für Feder Primär -CIF- Vespa V50, V90, SS50, SS90, PV125, ET3, PK50, PK80, PK50 S, PK80 S, PK125 S, PK50 XL, PK125 XL, ETS, PK
c-4975;Vespa 50 (V5A1T, 1963);Primär, Kickstarter, Kupplung;22;p-12124;Niet für Primär -PIAGGIO- V50, V90, PV125, ET3, PK S, PK XL, PK XL2
c-4975;Vespa 50 (V5A1T, 1963);Primär, Kickstarter, Kupplung;25;p-2644;Kupplung -CIF- Smallframe V50, V90, SS50, SS90, PV125, ET3, PK50, PK80, PK50 S, PK80 S, PK125 S, PK50 XL, PK125 XL, ETS, PK50 HP, PK50 SS - 3-Scheiben
c-4975;Vespa 50 (V5A1T, 1963);Primär, Kickstarter, Kupplung;26;p-15015;Kupplungsandruckplatte -OEM QUALITÄT- Vespa PX80, PX125, PX150, Sprint150 (VLB1T), TS125 (VNL3T), GT125 (VNL2T), GTR125 (VNL2T), Super, VNA, VNB, VBA,
c-4975;Vespa 50 (V5A1T, 1963);Primär, Kickstarter, Kupplung;27;p-10273;Kupplungsandruckplattenfeder -PIAGGIO- Vespa PX, T5 125cc, Cosa2, Rally180 (VSD1T), Rally200 (VSE1T), Sprint150 (VLB1T), TS125 (VNL3T), GT125 (VNL2T),
c-4975;Vespa 50 (V5A1T, 1963);Primär, Kickstarter, Kupplung;28;p-15189;Kupplungstrennpilz -OEM QUALITÄT- Vespa V50 (ab Bj. 1978), PV125 (ab Bj. 1978), ET3 (ab Bj. 1978), PK S, PK XL1 - 2 Ärmchen
c-4975;Vespa 50 (V5A1T, 1963);Primär, Kickstarter, Kupplung;29;p-1322;Dichtung Kupplungsdeckel -OEM QUALITÄT- Vespa V50, PV125, ET3, PK50, PK80, PK125
c-4975;Vespa 50 (V5A1T, 1963);Primär, Kickstarter, Kupplung;30;p-11525;Schraube -DIN 931- M6 x 25mm (8.8 Festigkeit) - (verwendet für Kupplungsdeckel Vespa PX, Cosa, T5 125ccm, Rally, Sprint, TS, GT, GTR, GL, SS 180, GS 1
c-4975;Vespa 50 (V5A1T, 1963);Primär, Kickstarter, Kupplung;31;p-6547;Federscheibe gewellt -DIN 137 Stahl verzinkt- M6
c-4975;Vespa 50 (V5A1T, 1963);Primär, Kickstarter, Kupplung;32;p-6547;Federscheibe gewellt -DIN 137 Stahl verzinkt- M6
c-4975;Vespa 50 (V5A1T, 1963);Primär, Kickstarter, Kupplung;33;p-32630;Kupplungsdeckel -POLINI, kurzer gerader Hebel- Vespa V50, PV, ET3
c-4975;Vespa 50 (V5A1T, 1963);Primär, Kickstarter, Kupplung;34;p-15701;Schraube -DIN 933- M6 x 25mm (8.8 Festigkeit)
c-4975;Vespa 50 (V5A1T, 1963);Primär, Kickstarter, Kupplung;38;p-364;Kupplungsarmfeder -VESPA- V50, V90 (bis Bj. 1977), SS50, SS90, PV125 (bis Bj. 1977), ET3
c-4975;Vespa 50 (V5A1T, 1963);Primär, Kickstarter, Kupplung;39;p-12629;Kupplungsarm -VESPA- Vespa 50 (V5A1T), 50 Elestart (V5B2T), 50 N Special (V5A1T, V5B3T), 50 Special (V5B1T), 50 SR (V5SA1T), 50 SS (V5SS1T), V 90 (V9A
c-4975;Vespa 50 (V5A1T, 1963);Primär, Kickstarter, Kupplung;40;p-11964;Sicherungsstift - Spannstift -PIAGGIO- 3x18mm (verwendet für Kupplungsarm Vespa V50, PV125, ET3)
c-4975;Vespa 50 (V5A1T, 1963);Primär, Kickstarter, Kupplung;41;p-15124;Sicherungsring Kupplungskorb -NEWFREN Ø=61mm b=2,9mm h=1,1mm- Vespa V50 (V5A1T, V5A2T, V5A3T, V5B1T, V5B2T, V5B3T, V5B4T, V5R1T, V5SA1T), SS50 (V5SS1T
c-4975;Vespa 50 (V5A1T, 1963);Primär, Kickstarter, Kupplung;42;p-15123;Ölsammelblech Kupplung -OEM QUALITÄT- Vespa V50, V90, SS50, SS90, PV125, ET3, PK S, PK XL1
c-4975;Vespa 50 (V5A1T, 1963);Primär, Kickstarter, Kupplung;43;p-15123;Ölsammelblech Kupplung -OEM QUALITÄT- Vespa V50, V90, SS50, SS90, PV125, ET3, PK S, PK XL1
c-4975;Vespa 50 (V5A1T, 1963);Primär, Kickstarter, Kupplung;45;p-2641;Kupplungsbeläge -VESPA Smallframe V50, V90, SS50, SS90, PV125, ET3, PK50, PK80, PK50 S, PK80 S, PK125 S, PK50 XL, PK125 XL, ETS, PK50 HP, PK50 SS - 3-
c-4975;Vespa 50 (V5A1T, 1963);Primär, Kickstarter, Kupplung;46;p-2641;Kupplungsbeläge -VESPA Smallframe V50, V90, SS50, SS90, PV125, ET3, PK50, PK80, PK50 S, PK80 S, PK125 S, PK50 XL, PK125 XL, ETS, PK50 HP, PK50 SS - 3-
c-4975;Vespa 50 (V5A1T, 1963);Primär, Kickstarter, Kupplung;47;p-2641;Kupplungsbeläge -VESPA Smallframe V50, V90, SS50, SS90, PV125, ET3, PK50, PK80, PK50 S, PK80 S, PK125 S, PK50 XL, PK125 XL, ETS, PK50 HP, PK50 SS - 3-
c-4975;Vespa 50 (V5A1T, 1963);Primär, Kickstarter, Kupplung;48;p-12245;Kupplungsstahlscheibe -PIAGGIO- Vespa Smallframe V50, V90, SS50, SS90, PV125, ET3, PK50, PK80, PK50 S, PK80 S, PK125 S, PK50 XL, PK125 XL, ETS, PK50 H
c-4975;Vespa 50 (V5A1T, 1963);Primär, Kickstarter, Kupplung;49;p-12245;Kupplungsstahlscheibe -PIAGGIO- Vespa Smallframe V50, V90, SS50, SS90, PV125, ET3, PK50, PK80, PK50 S, PK80 S, PK125 S, PK50 XL, PK125 XL, ETS, PK50 H
c-4975;Vespa 50 (V5A1T, 1963);Primär, Kickstarter, Kupplung;50;p-15120;Kupplungsgrundplatte -OEM QUALITÄT- Vespa V50, PV125, ET3, PK S, PK XL1
c-4975;Vespa 50 (V5A1T, 1963);Primär, Kickstarter, Kupplung;51;p-439;Kupplungsfeder -PIAGGIO- Vespa V50 (V5A1T, V5A2T, V5A3T, V5B1T, V5B2T, V5B3T, V5B4T, V5R1T, V5SA1T), SS50 (V5SS1T), SR50 (V5SS2T), V90 (V9A1T), SS90 (
c-4975;Vespa 50 (V5A1T, 1963);Primär, Kickstarter, Kupplung;52;p-439;Kupplungsfeder -PIAGGIO- Vespa V50 (V5A1T, V5A2T, V5A3T, V5B1T, V5B2T, V5B3T, V5B4T, V5R1T, V5SA1T), SS50 (V5SS1T), SR50 (V5SS2T), V90 (V9A1T), SS90 (
c-4975;Vespa 50 (V5A1T, 1963);Primär, Kickstarter, Kupplung;53;p-15119;Kupplungsspinne -OEM QUALITÄT- Vespa V50, PV125, ET3, PK S, PK XL1
c-4975;Vespa 50 (V5A1T, 1963);Primär, Kickstarter, Kupplung;54;p-15705;Mutter hoch -DIN 934 ähnlich- M7
c-4975;Vespa 50 (V5A1T, 1963);Primär, Kickstarter, Kupplung;55;p-15711;Federring -DIN 127- M7
c-4975;Vespa 50 (V5A1T, 1963);Primär, Kickstarter, Kupplung;56;p-4268;Halteblech Brems-/Kupplungszug am Motor -PREMIUM- Vespa V50 (VMA1M), PV125, ET3, SS50, SS90 - 1. Serie (kurzer Kupplungsausrückhebel)
c-4975;Vespa 50 (V5A1T, 1963);Primär, Kickstarter, Kupplung;57;p-15754;Schraube -DIN 933- M7 x 20mm (8.8 Festigkeit)
c-4975;Vespa 50 (V5A1T, 1963);Primär, Kickstarter, Kupplung;58;p-15682;Mutter -DIN 934- M5
c-4975;Vespa 50 (V5A1T, 1963);Primär, Kickstarter, Kupplung;59;p-17425;Einstellschraube M5 x 20mm (Øinnen=6,9mm) -BGM ORIGINAL- (verwendet für Schaltraste Vespa) - 10 Stück
c-4975;Vespa 50 (V5A1T, 1963);Primär, Kickstarter, Kupplung;60;p-6238;Kugellager -6200- (10x30x09mm) - (verwendet für Nebenwelle Vespa V50, V90, SS50, SS90, PV125, ET3, PK S, PK XL)
c-4975;Vespa 50 (V5A1T, 1963);Primär, Kickstarter, Kupplung;63;p-665;Sicherungsblech Nebenwelle -PIAGGIO- Vespa V50, V90, SS50, SS90, PV125, ET3, PK S, PK XL
c-4975;Vespa 50 (V5A1T, 1963);Primär, Kickstarter, Kupplung;64;p-15018;Kupplungsmutter -PIAGGIO- Vespa V50, PV125, ET3, PK S, PK XL - (verwendet als Mutter für Nebenwelle)
c-4975;Vespa 50 (V5A1T, 1963);Primär, Kickstarter, Kupplung;65;p-12229;Halbmond Keil (Scheibenfeder) -DIN 6888- 3x3,6mm (verwendet für Kurbelwelle Lichtmaschinenseite Vespa GS 150, Lambretta D 125-150 (1956-1957), LD 125-
c-4975;Vespa 50 (V5A1T, 1963);Primär, Kickstarter, Kupplung;66;p-3054;Gummipuffer Motorgehäuse, Nupsi -PIAGGIO- V50, V90, V100, ET3 (verwendet als Verschlussstopfen für außenliegende Zündspulenhalterungsbohrung im Motorg
c-4975;Vespa 50 (V5A1T, 1963);Primär, Kickstarter, Kupplung;67;p-14464;Seegerring -WELLE DIN471- Ø=25mm - Smallframe primär, V50, 50N, SS50, SS90, V90, PV125, ET3, PK, PK XL, PK XL2, ETS
c-4975;Vespa 50 (V5A1T, 1963);Räder;1;p-12138;Schraubenzieher -PIAGGIO- Schlitz + Kreuzschlitz
c-4975;Vespa 50 (V5A1T, 1963);Räder;2;p-6063;Ölmessbecher -100ml-
c-4975;Vespa 50 (V5A1T, 1963);Räder;4;p-1330;Zündkerzenschlüssel Werkzeug SW21/13/11mm -VESPA- Smallframe V50, V90, SS50, SS90, PV125, ET3, PK S, PK XL
c-4975;Vespa 50 (V5A1T, 1963);Räder;9;p-8394;Reserveradhalter vorne -VESPA- Vespa V50(N) (bis Bj 1971), V50 L, V50 S, V90 - für geschlossene 9 Zoll Felgen
c-4975;Vespa 50 (V5A1T, 1963);Räder;10;p-8394;Reserveradhalter vorne -VESPA- Vespa V50(N) (bis Bj 1971), V50 L, V50 S, V90 - für geschlossene 9 Zoll Felgen
c-4975;Vespa 50 (V5A1T, 1963);Räder;11;p-15727;Federring -DIN 127- M8
c-4975;Vespa 50 (V5A1T, 1963);Räder;12;p-15727;Federring -DIN 127- M8
c-4975;Vespa 50 (V5A1T, 1963);Räder;13;p-15727;Federring -DIN 127- M8
c-4975;Vespa 50 (V5A1T, 1963);Räder;14;p-15727;Federring -DIN 127- M8
c-4975;Vespa 50 (V5A1T, 1963);Räder;15;p-15725;Unterlegscheibe -DIN 125- M8 - schwarz verzinkt
c-4975;Vespa 50 (V5A1T, 1963);Räder;16;p-15725;Unterlegscheibe -DIN 125- M8 - schwarz verzinkt
c-4975;Vespa 50 (V5A1T, 1963);Räder;19;p-7230;Felge -FA ITALIA 1.80-9 Zoll Stahl - Vespa (Typ V50 9 Zoll - 4 Loch innen) - Grau
c-4975;Vespa 50 (V5A1T, 1963);Räder;20;p-7350;Reifen -MICHELIN ACS- 2.75 - 9 Zoll TT 35J
c-4975;Vespa 50 (V5A1T, 1963);Räder;22;p-7354;Schlauch -MICHELIN- 2.75-9 Zoll
c-4975;Vespa 50 (V5A1T, 1963);Räder;23;p-7230;Felge -FA ITALIA 1.80-9 Zoll Stahl - Vespa (Typ V50 9 Zoll - 4 Loch innen) - Grau
c-4975;Vespa 50 (V5A1T, 1963);Räder;24;p-6063;Ölmessbecher -100ml-
c-4975;Vespa 50 (V5A1T, 1963);Räder;25;p-15719;Mutter -DIN 934- M8
c-4975;Vespa 50 (V5A1T, 1963);Rahmen;1;p-19811;Pfropfen -PIAGGIO- Vespa GTV
c-4975;Vespa 50 (V5A1T, 1963);Rahmen;4;p-349;Schriftzug Kaskade -OEM QUALITÄT- Vespa Piaggio Rechteck - Vespa V50 (1. Serie ab Bj. 1963), Vespa V90 (ab Bj. 1963)
c-4975;Vespa 50 (V5A1T, 1963);Rahmen;6;p-9581;Reparaturblech Hupe/Kaskade -OEM QUALITÄT- Vespa V50, V90 (bis Bj. 1967), PV125 (bis 1967) - Befestigung Hupe 4-Schrauben
c-4975;Vespa 50 (V5A1T, 1963);Rahmen;7;p-9257;Schriftzug Beinschild -VESPA- Vespa 50 - Aufkleber
c-4975;Vespa 50 (V5A1T, 1963);Rahmen;8;p-15163;Werkzeugkasten - Werkzeugfach -OEM QUALITÄT-V50 N (V5A1T ab Nr. 92877), V50 R, V50 L, SS50, SS90, V50 Special, V90 (V9A1T ab Nr. 22235), PV125, ET3
c-4975;Vespa 50 (V5A1T, 1963);Rahmen;11;p-547;Niet für Trittleistenendstück -OEM QUALITÄT- Vespa Rally180 (VSD1T), Rally200 (VSE1T), Sprint150 (VLB1T), TS125 (VNL3T), GT125 (VNL2T), GTR125 (VNL2T)
c-4975;Vespa 50 (V5A1T, 1963);Rahmen;12;p-547;Niet für Trittleistenendstück -OEM QUALITÄT- Vespa Rally180 (VSD1T), Rally200 (VSE1T), Sprint150 (VLB1T), TS125 (VNL3T), GT125 (VNL2T), GTR125 (VNL2T)
c-4975;Vespa 50 (V5A1T, 1963);Rahmen;13;p-11258;Trittleistensatz -MAURO PASCOLI, Breite=20mm- Vespa V50, V50N, 1.Serie (-1964, V5A1T -36000) - Gummi (mit eingegossenen Hohlnieten)
c-4975;Vespa 50 (V5A1T, 1963);Rahmen;14;p-11258;Trittleistensatz -MAURO PASCOLI, Breite=20mm- Vespa V50, V50N, 1.Serie (-1964, V5A1T -36000) - Gummi (mit eingegossenen Hohlnieten)
c-4975;Vespa 50 (V5A1T, 1963);Rahmen;15;p-11258;Trittleistensatz -MAURO PASCOLI, Breite=20mm- Vespa V50, V50N, 1.Serie (-1964, V5A1T -36000) - Gummi (mit eingegossenen Hohlnieten)
c-4975;Vespa 50 (V5A1T, 1963);Rahmen;16;p-11258;Trittleistensatz -MAURO PASCOLI, Breite=20mm- Vespa V50, V50N, 1.Serie (-1964, V5A1T -36000) - Gummi (mit eingegossenen Hohlnieten)
c-4975;Vespa 50 (V5A1T, 1963);Rahmen;17;p-11258;Trittleistensatz -MAURO PASCOLI, Breite=20mm- Vespa V50, V50N, 1.Serie (-1964, V5A1T -36000) - Gummi (mit eingegossenen Hohlnieten)
c-4975;Vespa 50 (V5A1T, 1963);Rahmen;18;p-15701;Schraube -DIN 933- M6 x 25mm (8.8 Festigkeit)
c-4975;Vespa 50 (V5A1T, 1963);Rahmen;19;p-6934;Ständerbleche / Haltebleche Hauptständer -OEM QUALITÄT, Ø=20mm- Vespa GS160 (VSB1T), 50S (V5SA1T 50535-), V90 (V9A1T 57885-), V50 Elestart (V5A3T 5308
c-4975;Vespa 50 (V5A1T, 1963);Rahmen;20;p-10064;Ständerbleche / Haltebleche Hauptständer -OEM QUALITÄT, Ø=16mm- Vespa V50, V90, PV125
c-4975;Vespa 50 (V5A1T, 1963);Rahmen;21;p-12045;Mutter selbstsichernd hoch -DIN 985 ähnl.- M6 - verwendet für z.B. Ständerlaschenbefestigung Vespa
c-4975;Vespa 50 (V5A1T, 1963);Rahmen;22;p-15064;Ständerfederlasche -PIAGGIO- Vespa PX, T5 125cc, PK S, PK XL, Sprint150 (VLB1T), Rally180 (VSD1T), Rally200 (VSE1T), Super, GT125 (VNL2T), GTR125 (VNL
c-4975;Vespa 50 (V5A1T, 1963);Rahmen;23;p-46794;Hauptständer -TOUGHBONE Ø=20mm- Vespa V50, V90, PV125 - verstärktes Material
c-4975;Vespa 50 (V5A1T, 1963);Rahmen;24;p-10070;Ständerfüße -Vespa, Ø= 16mm (-1971)- Vespa V50, SS50, V90, SS90, 90 Racer, PV125 - Schwarz
c-4975;Vespa 50 (V5A1T, 1963);Rahmen;25;p-10070;Ständerfüße -Vespa, Ø= 16mm (-1971)- Vespa V50, SS50, V90, SS90, 90 Racer, PV125 - Schwarz
c-4975;Vespa 50 (V5A1T, 1963);Rahmen;27;p-15084;Gummipuffer Seitenklappe, Nupsi -VESPA- V50, V90, SS50, SS90, PV125, ET3 - Höhe 5mm (Einbauposition: Oben/Links+Rechts)
c-4975;Vespa 50 (V5A1T, 1963);Rahmen;29;p-15084;Gummipuffer Seitenklappe, Nupsi -VESPA- V50, V90, SS50, SS90, PV125, ET3 - Höhe 5mm (Einbauposition: Oben/Links+Rechts)
c-4975;Vespa 50 (V5A1T, 1963);Rahmen;31;p-5098;Seitenklappenhebel -OEM QUALITÄT- Vespa V50, V90, SS50, SS90, PV125, ET3 - Aluminium
c-4975;Vespa 50 (V5A1T, 1963);Rahmen;32;p-359;Seitenklappe rechts -OEM QUALITÄT- Vespa V50 (V5A1T bis Nr. 70239), V50 S (V5SA1T bis Nr. 11764), V90 (V9A1T bis Nr.19974)
c-4975;Vespa 50 (V5A1T, 1963);Rahmen;34;p-44660;Seitenklappe rechts -PREMIUM- Vespa Smallframe ab 1965 - V50 Special (V5A2T, V5B1T, V5B3T), PV125 (VMA2T), ET3 (VMB1T), V50 Elestart, SS50, SS90, 90 R
c-4975;Vespa 50 (V5A1T, 1963);Rahmen;35;p-13469;Seitenklappenhebel -OEM QUALITÄT- Vespa V50, V90, SS50, SS90, PV125, ET3 - Aluminium
c-4975;Vespa 50 (V5A1T, 1963);Rahmen;36;p-13469;Seitenklappenhebel -OEM QUALITÄT- Vespa V50, V90, SS50, SS90, PV125, ET3 - Aluminium
c-4975;Vespa 50 (V5A1T, 1963);Rahmen;38;p-6927;Ständerfeder -OEM QUALITÄT- V50, V90, PV125, ET3
c-4975;Vespa 50 (V5A1T, 1963);Rahmen;39;p-15084;Gummipuffer Seitenklappe, Nupsi -VESPA- V50, V90, SS50, SS90, PV125, ET3 - Höhe 5mm (Einbauposition: Oben/Links+Rechts)
c-4975;Vespa 50 (V5A1T, 1963);Rahmen;41;p-393;Seitenklappenaufhängung -PIAGGIO- Vespa V50 (V5A1T ab Nr. 70240), V50 S (V5SA1T ab Nr. 11765), V90 (V9A1T ab Nr.19975), SS50, SS90, PV125, ET3
c-4975;Vespa 50 (V5A1T, 1963);Rahmen;42;p-393;Seitenklappenaufhängung -PIAGGIO- Vespa V50 (V5A1T ab Nr. 70240), V50 S (V5SA1T ab Nr. 11765), V90 (V9A1T ab Nr.19975), SS50, SS90, PV125, ET3
c-4975;Vespa 50 (V5A1T, 1963);Scheinwerfer, Rücklicht;5;p-9696;Lichtschalter -GRABOR- Vespa V50 N, V50 L, V50 R
c-4975;Vespa 50 (V5A1T, 1963);Scheinwerfer, Rücklicht;6;p-15497;Birne -BA15s (Stifte gerade) - 6V 15W - Weiss - Bremslicht Vespa 90 Racer (V9SS2T), Vespa 50 Special (V5B1T, V5B3T), 50 Sprinter (V5SS1T), 50 SR (V5SS
c-4975;Vespa 50 (V5A1T, 1963);Scheinwerfer, Rücklicht;7;p-15512;Birne -P26s- 6V 15W - Weiss - passend für z.B. Scheinwerfer Vespa V50, Ciao, Lambretta J50, LUI 50
c-4975;Vespa 50 (V5A1T, 1963);Scheinwerfer, Rücklicht;8;p-14329;Scheinwerfereinstellschiene Sicherungsklammer Scheinwerfer -OEM QUALITÄT- Vespa V50, PV125, ET3
c-4975;Vespa 50 (V5A1T, 1963);Scheinwerfer, Rücklicht;10;p-15601;Hupendichtung -OEM QUALITÄT, Ø=54x81x4mm V50, V90, SS50, SS90, PV125, ET3 - Vespa Grau
c-4975;Vespa 50 (V5A1T, 1963);Scheinwerfer, Rücklicht;11;p-9541;Blechmutter 2,9mm (verwendet für Hupe Vespa V50, V90, GL150 (VLA1T), GT125 (VNL2T), GTR125 (VNL2T), Super, Sprint150 (VLB1T), Rally180 (VSD1T), Rally2
c-4975;Vespa 50 (V5A1T, 1963);Scheinwerfer, Rücklicht;12;p-13069;Blechschraube -DIN 7971 2,9x19mm Edelstahl (verwendet für Hupe Rally180 (VSD1T), Rally200 (VSE1T), Sprint150 (VLB1T), TS125 (VNL3T), GT125 (VNL2T), GT
c-4975;Vespa 50 (V5A1T, 1963);Scheinwerfer, Rücklicht;14;p-11525;Schraube -DIN 931- M6 x 25mm (8.8 Festigkeit) - (verwendet für Kupplungsdeckel Vespa PX, Cosa, T5 125ccm, Rally, Sprint, TS, GT, GTR, GL, SS 180, GS 1
c-4975;Vespa 50 (V5A1T, 1963);Scheinwerfer, Rücklicht;15;p-11920;Schraube -DIN 933- M6 x 16mm (8.8 Festigkeit)
c-4975;Vespa 50 (V5A1T, 1963);Scheinwerfer, Rücklicht;16;p-15696;Federring -DIN 127- M6
c-4975;Vespa 50 (V5A1T, 1963);Scheinwerfer, Rücklicht;17;p-13501;Unterlegscheibe Karosserie -DIN 9021- M6 - Edelstahl
c-4975;Vespa 50 (V5A1T, 1963);Scheinwerfer, Rücklicht;18;p-15690;Mutter -DIN 934- M6
c-4975;Vespa 50 (V5A1T, 1963);Scheinwerfer, Rücklicht;19;p-6985;Rücklichtgummi (Dichtung zum Rahmen) -OEM QUALITÄT- Vespa V50 (bis Fg.Nr. V5A1T0122876)
c-4975;Vespa 50 (V5A1T, 1963);Scheinwerfer, Rücklicht;21;p-15485;Soffitte -SV8,5 11x36mm- 6V 5W - Weiss
c-4975;Vespa 50 (V5A1T, 1963);Scheinwerfer, Rücklicht;24;p-45636;Rücklicht -PREMIUM- Vespa V50 (bis Fg.Nr. V5A1T0122876) - Aluminium inkl. Dichtgummi
c-4975;Vespa 50 (V5A1T, 1963);Scheinwerfer, Rücklicht;27;p-9627;Rücklichtglas -SIEM- Vespa V50 (bis Fg.Nr. V5A1T0122876)
c-4975;Vespa 50 (V5A1T, 1963);Scheinwerfer, Rücklicht;29;p-12656;Schraube Rücklichtglas -VESPA M3 x 32mm- Vespa 50 N (V5A1T -122876), GL (VLA1T), Sprint (VLB1T -025478), SS 180 (VSC1T -18000)
c-4975;Vespa 50 (V5A1T, 1963);Scheinwerfer, Rücklicht;30;p-44748;Reflektor für Rücklichtglas - PREMIUM- Vespa VNB, VBB, GS 150 (VS5), GS160 - Pia.ref. 89235
c-4975;Vespa 50 (V5A1T, 1963);Sitzbank, Tank;1;p-3950;Sitzbank -OEM QUALITÄT- Vespa V50S (V5SA2T Japan ), ET3 - ohne Schloss, mit Piaggio Schriftzug - auch passend auf V50, 50N, V90, PV125
c-4975;Vespa 50 (V5A1T, 1963);Sitzbank, Tank;2;p-15091;Sitzbankbezug -OEM QUALITÄT- Vespa V50, PV125 - Keder grau
c-4975;Vespa 50 (V5A1T, 1963);Sitzbank, Tank;3;p-7081;Sitzbankzapfen -OEM QUALITÄT- Vespa M7 x 26mm
c-4975;Vespa 50 (V5A1T, 1963);Sitzbank, Tank;4;p-15072;Gummipuffer Sitzbank -OEM QUALITÄT- Vespa PX (bis Bj. 1997), T5 125cc, PKS, PK XL, V50, PV, ET3
c-4975;Vespa 50 (V5A1T, 1963);Sitzbank, Tank;5;p-3027;Sitzbankbezug-Klammer -PIAGGIO- 7mm - Vespa V50, V90, PV125, ET3, PX, PK, Rally, Sprint, TS, GT, GTR
c-4975;Vespa 50 (V5A1T, 1963);Sitzbank, Tank;6;p-2933;Schraube M6 x 10mm (verwendet für Vergaserwannenbefestigung PX Lusso/Cosa/T5)
c-4975;Vespa 50 (V5A1T, 1963);Sitzbank, Tank;7;p-12065;Unterlegscheibe 6,5x16x1,5mm -PIAGGIO- (verwendet für Kotflügel Vespa PX)
c-4975;Vespa 50 (V5A1T, 1963);Sitzbank, Tank;8;p-12065;Unterlegscheibe 6,5x16x1,5mm -PIAGGIO- (verwendet für Kotflügel Vespa PX)
c-4975;Vespa 50 (V5A1T, 1963);Sitzbank, Tank;9;p-15690;Mutter -DIN 934- M6
c-4975;Vespa 50 (V5A1T, 1963);Sitzbank, Tank;10;p-15690;Mutter -DIN 934- M6
c-4975;Vespa 50 (V5A1T, 1963);Sitzbank, Tank;11;p-12067;Sitzbankfeder -PIAGGIO- Vespa PV 125, V50, ET3, PK, PK S, PK S Lusso, PX, Rally, Sprint, TS
c-4975;Vespa 50 (V5A1T, 1963);Sitzbank, Tank;13;p-15701;Schraube -DIN 933- M6 x 25mm (8.8 Festigkeit)
c-4975;Vespa 50 (V5A1T, 1963);Sitzbank, Tank;14;p-15705;Mutter hoch -DIN 934 ähnlich- M7
c-4975;Vespa 50 (V5A1T, 1963);Sitzbank, Tank;15;p-15711;Federring -DIN 127- M7
c-4975;Vespa 50 (V5A1T, 1963);Sitzbank, Tank;16;p-15711;Federring -DIN 127- M7
c-4975;Vespa 50 (V5A1T, 1963);Sitzbank, Tank;17;p-7113;Gepäckbrücke -AMS CUPPINI- Vespa V50 (1. Serie) - offen, unlackiert
c-4975;Vespa 50 (V5A1T, 1963);Sitzbank, Tank;18;p-12222;Dichtung Tankdeckel -ROLLERLADEN- Vespa V50, PV125, ET3, Motovespa 125/150/160 - Kork
c-4975;Vespa 50 (V5A1T, 1963);Sitzbank, Tank;19;p-11462;Tank -PREMIUM, geöltes Blech- Vespa V50 1° Serie (kurze Ausführung), V50 (V5A1T bis Nr. 70239), V50 S (V5SA1T bis Nr. 11764), V90 (V9A1T bis Nr.19974)
c-4975;Vespa 50 (V5A1T, 1963);Sitzbank, Tank;20;p-6889;Tankdeckel -OEM QUALITÄT- Vespa V50, V90, SS50, SS90, PV125, ET3, Motovespa 125/150/160
c-4975;Vespa 50 (V5A1T, 1963);Sitzbank, Tank;22;p-31304;Tankdeckelverschluss Augbolzen -OEM QUALITÄT- Vespa PX80, PX125, PX150, PX200 (-1984), Vespa 125 - VNB1T - VNB6T, Vespa 150 - VBB1T - VBB2T, GS160 / G
c-4975;Vespa 50 (V5A1T, 1963);Sitzbank, Tank;23;p-11769;Niet für Tankdeckel -OEM QUALITÄT- Vespa PX (-1984), Rally, Sprint, Sprint Veloce, TS, GT, GTR, SS180, GS160, GL, Super, GS150, VNA, VNB, VBA, VBB, Wi
c-4975;Vespa 50 (V5A1T, 1963);Sitzbank, Tank;24;p-19;Mutter für Tankdeckelverschluss - Rändelmutter - VESPA - V50, V90, SS50, SS90, PV125, ET3, VNA, Super, GL150 (VLA1T), GT125 (VNL2T), GTR125 (VNL2T), T
c-4975;Vespa 50 (V5A1T, 1963);Sitzbank, Tank;25;p-11281;Schraubknopf für Sattel -OEM QUALITÄT, vorne- Vespa V50, PV125, ET3
c-4975;Vespa 50 (V5A1T, 1963);Sitzbank, Tank;27;p-12142;Mutter -DIN 934- M10 x 1,5 (verwendet für Traversenschraube Vespa V50, V90, SS50, SS90, PV125, ET3, PK S, PK XL, verwendet für Stoßdämpfer/Motor Vespa
c-4975;Vespa 50 (V5A1T, 1963);Sitzbank, Tank;32;p-11125;Sattel -OEM QUALITÄT, vorne- Vespa V50, PV125, ET3 - schwarz
c-4975;Vespa 50 (V5A1T, 1963);Sitzbank, Tank;33;p-6547;Federscheibe gewellt -DIN 137 Stahl verzinkt- M6
c-4975;Vespa 50 (V5A1T, 1963);Sitzbank, Tank;35;p-15754;Schraube -DIN 933- M7 x 20mm (8.8 Festigkeit)
c-4975;Vespa 50 (V5A1T, 1963);Sitzbank, Tank;37;p-15709;Unterlegscheibe -DIN 125- M7
c-4975;Vespa 50 (V5A1T, 1963);Sitzbank, Tank;40;p-6920;Benzinhahnhebel -OEM QUALITÄT- Vespa V50, V90, SS50, SS90, PV125, ET3 - Kunstoff
c-4975;Vespa 50 (V5A1T, 1963);Sitzbank, Tank;41;p-6500;Gummiring Benzinhahnhebel -OEM QUALITÄT- Vespa PX alt (-1984), Largeframe (-1984), Smallframe - Schwarz
c-4975;Vespa 50 (V5A1T, 1963);Sitzbank, Tank;42;p-12058;Silentbuchse für Benzinhahnhebel -PIAGGIO- Vespa PX, T5 125ccm, Rally, Sprint, TS, PV125, V50, PK S, PK XL
c-4975;Vespa 50 (V5A1T, 1963);Sitzbank, Tank;45;p-6504;Splint Benzinhahn -VESPA- PX, Sprint150 (VLB1T), Rally180 (VSD1T), Rally200 (VSE1T), GT125 (VNL2T), GTR125 (VNL2T), GL150 (VLA1T), Super, VNB, VNA , V
c-4975;Vespa 50 (V5A1T, 1963);Sitzbank, Tank;46;p-11959;Schieber für Benzinhahn -PIAGGIO- Vespa PX, T5 125ccm, PK, V50, PV, ET3, Rally, Sprint, GT, GTR
c-4975;Vespa 50 (V5A1T, 1963);Sitzbank, Tank;47;p-11966;Unterlegscheibe -PIAGGIO- 3,7x9,0x0,5mm (verwendet für Tacho Vespa PK XL2)
c-4975;Vespa 50 (V5A1T, 1963);Sitzbank, Tank;48;p-2343;Benzinhahn -PIAGGIO- Vespa V50, V90, PV125, ET3
c-4975;Vespa 50 (V5A1T, 1963);Sitzbank, Tank;49;p-12077;Kabelbinder Metall für Ansaugschlauch, Schaltzüge -OEM QUALITÄT- Ansaugschlauch Vespa SS180, GS160, GS150, Schaltzüge Vespa VL1-3, VB1, VGL1 - 5x300mm
c-4975;Vespa 50 (V5A1T, 1963);Sitzbank, Tank;50;p-12077;Kabelbinder Metall für Ansaugschlauch, Schaltzüge -OEM QUALITÄT- Ansaugschlauch Vespa SS180, GS160, GS150, Schaltzüge Vespa VL1-3, VB1, VGL1 - 5x300mm
c-4975;Vespa 50 (V5A1T, 1963);Sitzbank, Tank;51;p-10828;Benzinschlauch -PIAGGIO- Ø innen = 7mm, Ø aussen = 14mm, l = 750mm - passend für alle Vespa Schaltrollermodelle, Lambretta Serie 1-3
c-4975;Vespa 50 (V5A1T, 1963);Sitzbank, Tank;52;p-6863;Dichtung Benzinhahn/Tank -PIAGGIO- Vespa (ab Bj. 1950)
c-4975;Vespa 50 (V5A1T, 1963);Sitzbank, Tank;54;p-6864;Mutter Benzinhahn/Tank -VESPA- PX, Sprint150 (VLB1T), Rally180 (VSD1T), Rally200 (VSE1T), GT125 (VNL2T), GTR125 (VNL2T), GL150 (VLA1T), Super, VNB, VN
c-4975;Vespa 50 (V5A1T, 1963);Stoßdämpfer hinten;3;p-12110;Stoßdämpfer hinten -OEM QUALITÄT, 330mm- Vespa PX80, PX125, PX150, PX200, T5 125cc, Rally180 (VSD1T), Rally200 (VSE1T), Sprint150 (VLB1T), TS125 (VNL3
c-4975;Vespa 50 (V5A1T, 1963);Stoßdämpfer hinten;4;p-15719;Mutter -DIN 934- M8
c-4975;Vespa 50 (V5A1T, 1963);Stoßdämpfer hinten;5;p-15727;Federring -DIN 127- M8
c-4975;Vespa 50 (V5A1T, 1963);Stoßdämpfer hinten;6;p-44666;Silentblock Stoßdämpfer oben / Rahmen hinten -PREMIUM QUALITÄT- Vespa PX, T5 125ccm, Rally, Sprint, TS, GT, GTR, SS180, GS160, Super, GL, VNA, VNB, VB
c-4975;Vespa 50 (V5A1T, 1963);Stoßdämpfer hinten;7;p-6410;Stoßdämpferpatrone hinten -OEM QUALITÄT- 330mm- Vespa PX80, PX125, PX150, PX200, T5 125cc, Rally180 (VSD1T), Rally200 (VSE1T), Sprint150 (VLB1T), TS12
c-4975;Vespa 50 (V5A1T, 1963);Stoßdämpfer hinten;8;p-15043;Schraube -DIN 931- M9 x 65mm (verwendet für Stoßdämpfer/Motor Vespa V50, PV, ET3, PX (-1984), Vespa Rally, Sprint150, GL150, Super, TS125, GT125, GTR1
c-4975;Vespa 50 (V5A1T, 1963);Stoßdämpfer hinten;9;p-11549;Mutter -DIN 934 ähnlich- M9 SW=14 (verwendet für Motor/Motorhalter Vespa Wideframe V1 bis V15, V30 bis V33, VM, VN, VL, VU, VB, GS150 / GS3 (VS1 bis V
c-4975;Vespa 50 (V5A1T, 1963);Stoßdämpfer hinten;10;p-11549;Mutter -DIN 934 ähnlich- M9 SW=14 (verwendet für Motor/Motorhalter Vespa Wideframe V1 bis V15, V30 bis V33, VM, VN, VL, VU, VB, GS150 / GS3 (VS1 bis V
c-4975;Vespa 50 (V5A1T, 1963);Stoßdämpfer hinten;11;p-35825;Traversenschraube M10 x 220mm -PIAGGIO- Vespa GT 250 (ZAPM45102), Vespa GT L 125 (ZAPM31100, ZAPM31101), Vespa GT L 200 (ZAPM31200), Vespa GTS 125 (ZA
c-4975;Vespa 50 (V5A1T, 1963);Stoßdämpfer hinten;12;p-15757;Federring -DIN 127- M10
c-4975;Vespa 50 (V5A1T, 1963);Stoßdämpfer hinten;13;p-12142;Mutter -DIN 934- M10 x 1,5 (verwendet für Traversenschraube Vespa V50, V90, SS50, SS90, PV125, ET3, PK S, PK XL, verwendet für Stoßdämpfer/Motor Vespa
c-4975;Vespa 50 (V5A1T, 1963);Stoßdämpfer hinten;19;p-6410;Stoßdämpferpatrone hinten -OEM QUALITÄT- 330mm- Vespa PX80, PX125, PX150, PX200, T5 125cc, Rally180 (VSD1T), Rally200 (VSE1T), Sprint150 (VLB1T), TS12
c-4975;Vespa 50 (V5A1T, 1963);Stoßdämpfer hinten;22;p-47704;Silentblock-Set Stoßdämpfer/Motor -BGM PRO Antislip orange (Made in Germany) Ø=9mm x 48mm- Vespa PX (1983), Rally, TS, Sprint, Sprint Veloce, GT, GTR,
c-4975;Vespa 50 (V5A1T, 1963);Stoßdämpfer hinten;23;p-47704;Silentblock-Set Stoßdämpfer/Motor -BGM PRO Antislip orange (Made in Germany) Ø=9mm x 48mm- Vespa PX (1983), Rally, TS, Sprint, Sprint Veloce, GT, GTR,
c-4975;Vespa 50 (V5A1T, 1963);Stoßdämpfer hinten;24;p-1234;Silentgummi Motor Traverse rechts -PIAGGIO- Vespa PX80, PX125, PX150
c-4975;Vespa 50 (V5A1T, 1963);Stoßdämpfer hinten;25;p-1234;Silentgummi Motor Traverse rechts -PIAGGIO- Vespa PX80, PX125, PX150
c-4975;Vespa 50 (V5A1T, 1963);Stoßdämpfer hinten;26;p-365;Silentblockbuchse Motor -PIAGGIO- Vespa V50, SS50, PK 50S, PK 50XL, PK 50XL2
c-4975;Vespa 50 (V5A1T, 1963);Stoßdämpfer hinten;27;p-8969;Sicherungsring innen Silentblock Motor -PIAGGIO 30x25x2mm- Vespa PX80, PX125, PX150, Sprint150 (VLB1T), TS125 (VNL3T), GT125 (VNL2T), GTR125 (VNL2T), 
c-4975;Vespa 50 (V5A1T, 1963);Stoßdämpfer hinten;29;p-356;Silentgummi Motor Traverse links -VESPA- PX80, PX125, PX150, Sprint150 (VLB1T), TS125 (VNL3T), GT125 (VNL2T), GTR125 (VNL2T), Super, GL150 (VLA1T), VN
c-4975;Vespa 50 (V5A1T, 1963);Stoßdämpfer hinten;31;p-356;Silentgummi Motor Traverse links -VESPA- PX80, PX125, PX150, Sprint150 (VLB1T), TS125 (VNL3T), GT125 (VNL2T), GTR125 (VNL2T), Super, GL150 (VLA1T), VN
c-4975;Vespa 50 (V5A1T, 1963);Stoßdämpfer vorne;1;p-10358;Stoßdämpfer vorne -OEM QUALITÄT- 205mm- Vespa V50 N (1. Serie), V50 R (1. Serie)
c-4975;Vespa 50 (V5A1T, 1963);Stoßdämpfer vorne;25;p-15166;Mutter -DIN 934- M8 x 1,0 (verwendet für Stoßdämpfer/Gabel Vespa V50, V90, SS50, SS90, PV125, ET3)
c-4975;Vespa 50 (V5A1T, 1963);Stoßdämpfer vorne;26;p-15727;Federring -DIN 127- M8
c-4975;Vespa 50 (V5A1T, 1963);Stoßdämpfer vorne;27;p-15727;Federring -DIN 127- M8
c-4975;Vespa 50 (V5A1T, 1963);Stoßdämpfer vorne;28;p-574;Unterlegscheibe Silentgummi/Stoßdämpfer vorne -PIAGGIO- Vespa PX80, PX125, PX150, PX200, T5 125cc, Cosa, PK S-XL, GT-GTV, LX-LXV, ET2, ET4, S, Piaggio
c-4975;Vespa 50 (V5A1T, 1963);Stoßdämpfer vorne;29;p-3553;Silentgummi Stoßdämpfer vorne oben -CIF 14x31x9mm- Vespa V50, 50N, SS50, V90, SS90, PV125, ET3, PK, GS160, SS180
c-4975;Vespa 50 (V5A1T, 1963);Stoßdämpfer vorne;30;p-15719;Mutter -DIN 934- M8
c-4975;Vespa 50 (V5A1T, 1963);Stoßdämpfer vorne;31;p-49139;Unterlegscheibe M8x24x2mm Gabel/Schwingenabdeckung -VESPA- V50, V90, SS50, SS90, PV125, ET3
c-4975;Vespa 50 (V5A1T, 1963);Stoßdämpfer vorne;32;p-15295;O-Ring Ø16x2,50mm -PIAGGIO-Kickstarterwelle Vespa V50, PV125, ET3, PK, PX, T5 125ccm, Cosa, Rally, Sprint, TS125, GT125, GTR125, Super, GS160 / GS4, S
c-4975;Vespa 50 (V5A1T, 1963);Vergaser, Auspuff;1;p-15690;Mutter -DIN 934- M6
c-4975;Vespa 50 (V5A1T, 1963);Vergaser, Auspuff;2;p-15690;Mutter -DIN 934- M6
c-4975;Vespa 50 (V5A1T, 1963);Vergaser, Auspuff;3;p-15690;Mutter -DIN 934- M6
c-4975;Vespa 50 (V5A1T, 1963);Vergaser, Auspuff;4;p-15696;Federring -DIN 127- M6
c-4975;Vespa 50 (V5A1T, 1963);Vergaser, Auspuff;5;p-15696;Federring -DIN 127- M6
c-4975;Vespa 50 (V5A1T, 1963);Vergaser, Auspuff;6;p-13501;Unterlegscheibe Karosserie -DIN 9021- M6 - Edelstahl
c-4975;Vespa 50 (V5A1T, 1963);Vergaser, Auspuff;7;p-11902;Dichtung Auspuffkrümmer/Zylinder -PIAGGIO, M6 Lochstich 52mm- Vespa 50 (V5A1T, V5N1T, V5B2T), 50N (V5A1T, V5B3T), 50 Special (V5B1T), Vespa 90 (V9A1T)
c-4975;Vespa 50 (V5A1T, 1963);Vergaser, Auspuff;8;p-11902;Dichtung Auspuffkrümmer/Zylinder -PIAGGIO, M6 Lochstich 52mm- Vespa 50 (V5A1T, V5N1T, V5B2T), 50N (V5A1T, V5B3T), 50 Special (V5B1T), Vespa 90 (V9A1T)
c-4975;Vespa 50 (V5A1T, 1963);Vergaser, Auspuff;9;p-15143;Auspuffkrümmer -OEM QUALITÄT- für standard Auspuff - Vespa Smallframe V50, PK50/PK80 S, PK50/PK80 XL, PK50 XL2, PK50 HP, PK50 FL, PK 50 Automatik - Al
c-4975;Vespa 50 (V5A1T, 1963);Vergaser, Auspuff;10;p-15447;Ansaugstutzen -VESPA 2-Loch, Drehschieber- Vespa V50 - Ø=16/10mm Dellorto SHB
c-4975;Vespa 50 (V5A1T, 1963);Vergaser, Auspuff;11;p-13981;Dichtung Ansaugstutzen -OEM QUALITÄT- Vespa V50, PV125, ET3, PK50, PK80, PK125 S
c-4975;Vespa 50 (V5A1T, 1963);Vergaser, Auspuff;12;p-44662;Gummiteileset -PREMIUM- für Vespa 50 N/​L/​R/​S, V90, PV​125 1° Serie (VMA1) - Grau
c-4975;Vespa 50 (V5A1T, 1963);Vergaser, Auspuff;14;p-9508;Fächerscheibe -DIN 6798- M10
c-4975;Vespa 50 (V5A1T, 1963);Vergaser, Auspuff;15;p-9508;Fächerscheibe -DIN 6798- M10
c-4975;Vespa 50 (V5A1T, 1963);Vergaser, Auspuff;16;p-3497;Gummi Vergaserwannendeckel -PIAGGIO- Vespa Largeframe (ab Bj. 1958)
c-4975;Vespa 50 (V5A1T, 1963);Vergaser, Auspuff;17;p-15026;Splint -DIN 94- Ø=2,0mm - 20mm - verwendet für Bolzen Klemmplättchen / Bremsarm hinten Vespa PX, Sprint, Rally, V50, PV125, ET3 etc.
c-4975;Vespa 50 (V5A1T, 1963);Vergaser, Auspuff;25;p-9429;Vergaser -DELLORTO 16/10mm SHB- Vespa V50
c-4975;Vespa 50 (V5A1T, 1963);Vergaser, Auspuff;27;p-1848;Auspuff -OEM QUALITÄT- Vespa V50, 50N, 50S, 50L, 50R, 50 Special, V50 Elestart, PV125
c-4975;Vespa 50 (V5A1T, 1963);Vergaser, Auspuff;28;p-1848;Auspuff -OEM QUALITÄT- Vespa V50, 50N, 50S, 50L, 50R, 50 Special, V50 Elestart, PV125
c-4975;Vespa 50 (V5A1T, 1963);Vergaser, Auspuff;29;p-15378;Unterlegscheibe -DIN 125- M10
c-4975;Vespa 50 (V5A1T, 1963);Vergaser, Auspuff;30;p-15757;Federring -DIN 127- M10
c-4975;Vespa 50 (V5A1T, 1963);Vergaser, Auspuff;31;p-9780;Schraube -DIN 933- M10 x 30mm (verwendet als Auspuffschraube Vespa V50, V90, PV125, ET3)
c-4975;Vespa 50 (V5A1T, 1963);Vergaser, Auspuff;34;p-18512;Feder Gemischeinstellschraube -DELLORTO- SHB, SHBC, PHBG
c-4975;Vespa 50 (V5A1T, 1963);Vergaser, Auspuff;35;p-7070;Gemischeinstellschraube -DELLORTO- SHB, SHBC - Gewinde M4 x 0,75mm, L=27mm - dicke Spitze
c-4975;Vespa 50 (V5A1T, 1963);Vergaser, Auspuff;36;p-18516;Schraube Schwimmerkammer -DELLORTO- SHB, PHVA, PHVB, PHBN
c-4975;Vespa 50 (V5A1T, 1963);Vergaser, Auspuff;37;p-7143;Dichtsatz Vergaser -DELLORTO- SHBC 16
c-4975;Vespa 50 (V5A1T, 1963);Vergaser, Auspuff;38;p-2151;Düse -DELLORTO (Typ: 1486)- 5mm ( 52)
c-4975;Vespa 50 (V5A1T, 1963);Vergaser, Auspuff;39;p-7057;Schwimmerstift -DELLORTO- SHB, SI
c-4975;Vespa 50 (V5A1T, 1963);Vergaser, Auspuff;41;p-15441;Vergaserschelle -DELLORTO Ø=34mm- SHBC 16 (Typ Vespa)
c-4975;Vespa 50 (V5A1T, 1963);Vergaser, Auspuff;42;p-15441;Vergaserschelle -DELLORTO Ø=34mm- SHBC 16 (Typ Vespa)
c-4975;Vespa 50 (V5A1T, 1963);Vergaser, Auspuff;43;p-389;Einstellschraube - Gaszugführung -PIAGGIO- M5 x 0,75 - 0° - ohne Kontermutter
c-4975;Vespa 50 (V5A1T, 1963);Vergaser, Auspuff;44;p-12127;Feder Einstellschraube Gaszug am Vergaser -DELLORTO- SHB
c-4975;Vespa 50 (V5A1T, 1963);Vergaser, Auspuff;45;p-4841;Schraube Schieberdeckel -PIAGGIO- Vergaser SI DellOrto - SI20/15, SI20/17, SI20/20, SI24/24, SI26/27
c-4975;Vespa 50 (V5A1T, 1963);Vergaser, Auspuff;48;p-18506;Gasschieber -DELLORTO SHB 16- 6231-1
c-4975;Vespa 50 (V5A1T, 1963);Vergaser, Auspuff;49;p-7021;Gasschieberfeder -DELLORTO- SHBC 16
c-4975;Vespa 50 (V5A1T, 1963);Vergaser, Auspuff;50;p-7142;Dichtsatz Vergaser -DELLORTO- SHB 19 Vespa PV125, ET3
c-4975;Vespa 50 (V5A1T, 1963);Vergaser, Auspuff;52;p-12129;Chokedüse -DELLORTO (Typ: 6217) SHB- 50
c-4975;Vespa 50 (V5A1T, 1963);Vergaser, Auspuff;53;p-7051;Schwimmernadel -DELLORTO, dreieckig- SHBC (Vespa V50, PV,ET3), SHA (Ciao, Bravo, SI), PHBG, PHVA, PHVB, PHBN, FHBB - ungefedert
c-4975;Vespa 50 (V5A1T, 1963);Vergaser, Auspuff;54;p-18510;Schwimmer -DELLORTO- SHB
c-4975;Vespa 50 (V5A1T, 1963);Vergaser, Auspuff;55;p-18513;Schwimmerkammer -DELLORTO- SHB / SHBC 16mm-19mm
c-4975;Vespa 50 (V5A1T, 1963);Vergaser, Auspuff;56;p-7027;Schraube Benzinbanjo -DELLORTO- SHB16/10, SHB16/16
c-4975;Vespa 50 (V5A1T, 1963);Vergaser, Auspuff;58;p-18504;Benzinbanjo -DELLORTO- SHB 16
c-4975;Vespa 50 (V5A1T, 1963);Vergaser, Auspuff;59;p-18503;Benzinfilter -DELLORTO- SHB16-Vergaser- Vespa V50, 50N, 50L, 50R, Special, 50SR, Sprinter, SS50, V90, SS90, 90 Racer
c-4975;Vespa 50 (V5A1T, 1963);Vergaser, Auspuff;64;p-15408;Gussschutzkappe -OEM QUALITÄT- Vespa V50 - Vergaser Ø=16mm
c-4975;Vespa 50 (V5A1T, 1963);Vergaser, Auspuff;65;p-15141;Klemmring Gusskappe -OEM QUALITÄT- Vespa Smallframe
c-4975;Vespa 50 (V5A1T, 1963);Vergaser, Auspuff;66;p-10868;Luftfilter -OEM QUALITÄT- Vespa V50 (1. Serie) (Dellorto SHBC 16mm)
c-4975;Vespa 50 (V5A1T, 1963);Vergaser, Auspuff;67;p-2414;Nebendüse -DELLORTO (Typ: 3360) SH / SHA / SHB- 38
c-4975;Vespa 50 (V5A1T, 1963);Vergaser, Auspuff;68;p-18517;Vergaserdeckel -DELLORTO- SHB 16 (Typ Vespa V50)
c-4975;Vespa 50 (V5A1T, 1963);Vergaser, Auspuff;69;p-7143;Dichtsatz Vergaser -DELLORTO- SHBC 16
c-4975;Vespa 50 (V5A1T, 1963);Vergaser, Auspuff;70;p-515;Mutter für Gaszughebel -PIAGGIO- SHB - SW=8
c-4975;Vespa 50 (V5A1T, 1963);Vergaser, Auspuff;71;p-11320;Unterlegscheibe M6 DIN 433 ähnlich - kleinerer Außendurchmesser für Befestigung Lufteintrittshaube -LAMBRETTA- LI, LIS, SX, TV, DL, GP, Motorgehäuse L
c-4975;Vespa 50 (V5A1T, 1963);Zündung;1;p-15684;Federring -DIN 127- M5
c-4975;Vespa 50 (V5A1T, 1963);Zündung;2;p-15684;Federring -DIN 127- M5
c-4975;Vespa 50 (V5A1T, 1963);Zündung;3;p-15684;Federring -DIN 127- M5
c-4975;Vespa 50 (V5A1T, 1963);Zündung;4;p-3044;Schraube -DIN 85- M5 x 14mm (verwendet für Zündgrundplatte Rally180 (VSD1T), Rally200 (VSE1T), Sprint150 (VLB1T), TS125 (VNL3T), GT125 (VNL2T), GTR125
c-4975;Vespa 50 (V5A1T, 1963);Zündung;5;p-3044;Schraube -DIN 85- M5 x 14mm (verwendet für Zündgrundplatte Rally180 (VSD1T), Rally200 (VSE1T), Sprint150 (VLB1T), TS125 (VNL3T), GT125 (VNL2T), GTR125
c-4975;Vespa 50 (V5A1T, 1963);Zündung;15;p-6660;Seegerring -BOHRUNG DIN472- Ø=28mm
c-4975;Vespa 50 (V5A1T, 1963);Zündung;16;p-9129;Seegerring -BOHRUNG DIN472- Ø=25mm - (verwendet für Polrad Vespa V50, 50N, PV125, SS50, SS90, SR50, Sprint150, Super, VNA, GT125, GTR125)
c-4975;Vespa 50 (V5A1T, 1963);Zündung;19;p-17014;Bougierohr -UNIVERSAL Ø=6mm- 5m - Schwarz
c-4975;Vespa 50 (V5A1T, 1963);Zündung;20;p-170;Gummi Motor/Kabel -PIAGGIO- Vespa V50, V90, PV, ET3, VNA1T-2T, VNB1T-5T (verwendet zur Kabeldurchführung Motorgehäuse / Zündgrundplatte)
c-4975;Vespa 50 (V5A1T, 1963);Zündung;21;p-170;Gummi Motor/Kabel -PIAGGIO- Vespa V50, V90, PV, ET3, VNA1T-2T, VNB1T-5T (verwendet zur Kabeldurchführung Motorgehäuse / Zündgrundplatte)
c-4975;Vespa 50 (V5A1T, 1963);Zündung;22;p-6833;Gummikappe Kabelkästchen -PIAGGIO- Vespa alle Modelle
c-4975;Vespa 50 (V5A1T, 1963);Zündung;23;p-45381;Verbindungskabel Zündspule und Kabelkästchen -VESPARATUR- Vespa Sprint, GT, GTR, TS
c-4975;Vespa 50 (V5A1T, 1963);Zündung;24;p-45381;Verbindungskabel Zündspule und Kabelkästchen -VESPARATUR- Vespa Sprint, GT, GTR, TS
c-4975;Vespa 50 (V5A1T, 1963);Zündung;25;p-45381;Verbindungskabel Zündspule und Kabelkästchen -VESPARATUR- Vespa Sprint, GT, GTR, TS
c-4975;Vespa 50 (V5A1T, 1963);Zündung;31;p-6547;Federscheibe gewellt -DIN 137 Stahl verzinkt- M6
c-4975;Vespa 50 (V5A1T, 1963);Zündung;34;p-13483;Schraube -DIN 84- M6 x 12mm (verwendet für Lüfterradabdeckung Vespa)
c-4975;Vespa 50 (V5A1T, 1963);Zündung;35;p-3037;Schraube Zündkontakt M4 x 10mm mit Schlitz -PIAGGIO- Vespa Smallframe V50, PV125, Wideframe VM1, VM2, VNB1, VNB2, Super, GS150 VS1-5, Sprint, GT, GTR,
c-4975;Vespa 50 (V5A1T, 1963);Zündung;36;p-11195;Zündkontakte -PIAGGIO kurz, Ø=5,0mm Führungsbolzen- Vespa 50 N, L, R, Special
c-4975;Vespa 50 (V5A1T, 1963);Zündung;37;p-15774;Schmierfilz Kontaktzündung (Kondensator Ø=14mm) -OEM QUALITÄT- Vespa V50, PX
c-4975;Vespa 50 (V5A1T, 1963);Zündung;38;p-15774;Schmierfilz Kontaktzündung (Kondensator Ø=14mm) -OEM QUALITÄT- Vespa V50, PX
c-4975;Vespa 50 (V5A1T, 1963);Zündung;39;p-15774;Schmierfilz Kontaktzündung (Kondensator Ø=14mm) -OEM QUALITÄT- Vespa V50, PX
c-4975;Vespa 50 (V5A1T, 1963);Zündung;40;p-15774;Schmierfilz Kontaktzündung (Kondensator Ø=14mm) -OEM QUALITÄT- Vespa V50, PX
c-4975;Vespa 50 (V5A1T, 1963);Zündung;42;p-3231;Kondensator -EFFE, Ø=20mm, h=31mm, µF 0,25, 1-Kabel- Vespa V50 N, V50 L, V50 R (1° Serie), V50 Special V5A2T (1° Serie), V50 V5B1T (1° Serie)
c-4975;Vespa 50 (V5A1T, 1963);Zündung;43;p-15688;Schraube -DIN 7985- M5 x 25mm (verwendet für Halter CDI / Elektronikzentrale PX)
c-4975;Vespa 50 (V5A1T, 1963);Zündung;45;p-8677;Lichtspule -CEAB- Vespa V50 (Modelle mit innenliegender Zündspule)
c-4975;Vespa 50 (V5A1T, 1963);Zündung;46;p-8677;Lichtspule -CEAB- Vespa V50 (Modelle mit innenliegender Zündspule)
c-4975;Vespa 50 (V5A1T, 1963);Zündung;51;p-15456;Zündspule innenliegend -CIF- Vespa V50 (V5A1M ab Nr. 97776)
c-4975;Vespa 50 (V5A1T, 1963);Zündung;53;p-15067;Zündkabel -PIAGGIO 100cm- Ø=7mm mit Öse
c-4975;Vespa 50 (V5A1T, 1963);Zündung;54;p-33184;Zündkerzenstecker -POLINI- Silikon, kurz - blau
c-4975;Vespa 50 (V5A1T, 1963);Zündung;58;p-3062;Schraube Zündkontakt M4x10mm mit Schlitz -OEM QUALITÄT- Vespa Smallframe V50, PV125, Wideframe VM1, VM2, VNB1, VNB2, Super, GS150 VS1-5, Sprint, GT, G
c-4975;Vespa 50 (V5A1T, 1963);Zündung;59;p-2978;Fächerscheibe -DIN 6798- M3 (verwendet für Sicherungshalter PX, Zündkontakt Vespa lang)
c-4975;Vespa 50 (V5A1T, 1963);Zündung;60;p-6517;Gummistopfen Polrad (Niere) -OEM QUALITÄT Höhe=11.4mm, Breite: 40.6mm- Vespa V50 (200001 bis 763500), V90, 90SS, VNB6T (ab 04295), Super, GT125 (VNL2T
c-4977;Vespa 50 L (V5A1T);Bowdenzüge;1;p-9818;Lötnippel -UNIVERSAL- Nippel Ø=3,0mm x 3mm
c-4977;Vespa 50 L (V5A1T);Bowdenzüge;4;p-6449;Endkappe für Außenzug -UNIVERSAL- Øinnen=4mm
c-4977;Vespa 50 L (V5A1T);Bowdenzüge;5;p-6449;Endkappe für Außenzug -UNIVERSAL- Øinnen=4mm
c-4977;Vespa 50 L (V5A1T);Bowdenzüge;6;p-6449;Endkappe für Außenzug -UNIVERSAL- Øinnen=4mm
c-4977;Vespa 50 L (V5A1T);Bowdenzüge;7;p-6449;Endkappe für Außenzug -UNIVERSAL- Øinnen=4mm
c-4977;Vespa 50 L (V5A1T);Bowdenzüge;8;p-6449;Endkappe für Außenzug -UNIVERSAL- Øinnen=4mm
c-4977;Vespa 50 L (V5A1T);Bowdenzüge;9;p-6449;Endkappe für Außenzug -UNIVERSAL- Øinnen=4mm
c-4977;Vespa 50 L (V5A1T);Bowdenzüge;10;p-10817;Aussenhülle -VESPA Vintage- Ø innen = 2,0mm, Ø aussen = 4,4mm (5m) - Grau
c-4977;Vespa 50 L (V5A1T);Bowdenzüge;11;p-10817;Aussenhülle -VESPA Vintage- Ø innen = 2,0mm, Ø aussen = 4,4mm (5m) - Grau
c-4977;Vespa 50 L (V5A1T);Bowdenzüge;12;p-6548;Zug universal innen -Ø=1,2mm x 2000mm, Nippel Ø=5,5mm x 7mm- verwendet als Gaszug - gedreht
c-4977;Vespa 50 L (V5A1T);Bowdenzüge;14;p-6432;Endhülse für Zug -UNIVERSAL- Øinnen=7,2mm
c-4977;Vespa 50 L (V5A1T);Bowdenzüge;15;p-6432;Endhülse für Zug -UNIVERSAL- Øinnen=7,2mm
c-4977;Vespa 50 L (V5A1T);Bowdenzüge;16;p-6432;Endhülse für Zug -UNIVERSAL- Øinnen=7,2mm
c-4977;Vespa 50 L (V5A1T);Bowdenzüge;17;p-6432;Endhülse für Zug -UNIVERSAL- Øinnen=7,2mm
c-4977;Vespa 50 L (V5A1T);Bowdenzüge;18;p-10818;Aussenhülle -VESPA Vintage- Ø innen = 2,4mm, Ø aussen = 5,0mm (5m) - Grau
c-4977;Vespa 50 L (V5A1T);Bowdenzüge;21;p-6423;Zug universal innen -Ø=1,9mm x 2000mm, Nippel Birnentyp- verwendet als Kupplungszug, Bremszug vorne - gedreht
c-4977;Vespa 50 L (V5A1T);Bowdenzüge;22;p-9816;Birnennippeladapter -PIAGGIO- Nippel Ø=8x8mm - Vespa PX, T5 125ccm, Rally, Sprint, VBB, VNB, VNA, VBA, Super, TS, GT, GTR, V50, 50N, SS50, SS90, V90, 
c-4977;Vespa 50 L (V5A1T);Bowdenzüge;23;p-9816;Birnennippeladapter -PIAGGIO- Nippel Ø=8x8mm - Vespa PX, T5 125ccm, Rally, Sprint, VBB, VNB, VNA, VBA, Super, TS, GT, GTR, V50, 50N, SS50, SS90, V90, 
c-4977;Vespa 50 L (V5A1T);Bowdenzüge;25;p-6529;Tachowelle -PIAGGIO- Vespa V50, PV125
c-4977;Vespa 50 L (V5A1T);Bowdenzüge;28;p-6423;Zug universal innen -Ø=1,9mm x 2000mm, Nippel Birnentyp- verwendet als Kupplungszug, Bremszug vorne - gedreht
c-4977;Vespa 50 L (V5A1T);Bowdenzüge;29;p-10819;Aussenhülle -VESPA Vintage- Ø innen = 3,0mm, Ø aussen = 5,5mm (5m) - Grau
c-4977;Vespa 50 L (V5A1T);Bowdenzüge;30;p-10817;Aussenhülle -VESPA Vintage- Ø innen = 2,0mm, Ø aussen = 4,4mm (5m) - Grau
c-4977;Vespa 50 L (V5A1T);Bowdenzüge;31;p-10817;Aussenhülle -VESPA Vintage- Ø innen = 2,0mm, Ø aussen = 4,4mm (5m) - Grau
c-4977;Vespa 50 L (V5A1T);Bowdenzüge;32;p-35201;Schraubenschlüssel, Doppel-Maulschlüssel -TOPTUL- 8x9mm SLIMLINE- verwendet zur Befestigung Klemmnippel Schaltraste Vespa
c-4977;Vespa 50 L (V5A1T);Bowdenzüge;33;p-35201;Schraubenschlüssel, Doppel-Maulschlüssel -TOPTUL- 8x9mm SLIMLINE- verwendet zur Befestigung Klemmnippel Schaltraste Vespa
c-4977;Vespa 50 L (V5A1T);Bowdenzüge;34;p-1307;Bremspedalbolzen -VESPA- V50, V90, SS50, SS90, PV125, ET3 (bis Nr. 52720), PX (Bj. 1977)
c-4977;Vespa 50 L (V5A1T);Bowdenzüge;35;p-15026;Splint -DIN 94- Ø=2,0mm - 20mm - verwendet für Bolzen Klemmplättchen / Bremsarm hinten Vespa PX, Sprint, Rally, V50, PV125, ET3 etc.
c-4977;Vespa 50 L (V5A1T);Bowdenzüge;36;p-6937;Bremspedalfeder -VESPA- PX, T5 125cc, PK, V50, V90, SS50, SS90, PV125, ET3
c-4977;Vespa 50 L (V5A1T);Bowdenzüge;37;p-9892;Bremspedalgummi -PIAGGIO- Vespa V50, PV, ET3 - Schwarz
c-4977;Vespa 50 L (V5A1T);Bowdenzüge;39;p-11964;Sicherungsstift - Spannstift -PIAGGIO- 3x18mm (verwendet für Kupplungsarm Vespa V50, PV125, ET3)
c-4977;Vespa 50 L (V5A1T);Bowdenzüge;40;p-15700;Schraube -DIN 933- M6 x 20mm (8.8 Festigkeit)
c-4977;Vespa 50 L (V5A1T);Bowdenzüge;41;p-15694;Unterlegscheibe -DIN 125- M6
c-4977;Vespa 50 L (V5A1T);Bowdenzüge;42;p-15694;Unterlegscheibe -DIN 125- M6
c-4977;Vespa 50 L (V5A1T);Bowdenzüge;43;p-15696;Federring -DIN 127- M6
c-4977;Vespa 50 L (V5A1T);Bowdenzüge;44;p-15696;Federring -DIN 127- M6
c-4977;Vespa 50 L (V5A1T);Bowdenzüge;45;p-15690;Mutter -DIN 934- M6
c-4977;Vespa 50 L (V5A1T);Bowdenzüge;47;p-13137;Kastenmutter -M6- verwendet für Befestigung Spannungsregler und Bremspedal Vespa PX, T5, PK, Cosa
c-4977;Vespa 50 L (V5A1T);Bowdenzüge;48;p-13137;Kastenmutter -M6- verwendet für Befestigung Spannungsregler und Bremspedal Vespa PX, T5, PK, Cosa
c-4977;Vespa 50 L (V5A1T);Bowdenzüge;49;p-6936;Bremspedalbolzen Ø=5,5x21,5mm -PIAGGIO- Vespa PX, T5 125cc, PK, V50, V90, SS50, SS90, PV125, ET3 - verwendet zur Befestigung des Bremszuges im Pedal (
c-4977;Vespa 50 L (V5A1T);Bowdenzüge;50;p-1824;Gummi Rahmen/Bremspedal -OEM QUALITÄT- Vespa V50, V90, PV, PX alt (-1984) - runde Form
c-4977;Vespa 50 L (V5A1T);Bowdenzüge;51;p-15026;Splint -DIN 94- Ø=2,0mm - 20mm - verwendet für Bolzen Klemmplättchen / Bremsarm hinten Vespa PX, Sprint, Rally, V50, PV125, ET3 etc.
c-4977;Vespa 50 L (V5A1T);Bowdenzüge;54;p-6438;Klemmschraube Bremszug hinten -PIAGGIO- Vespa V50, V90, SS50, SS90, PV125, ET3, VNA, VNB, VBA, VBB, Super, GL150 (VLA1T), GT125 (VNL2T), GTR125 (VNL2T
c-4977;Vespa 50 L (V5A1T);Bowdenzüge;55;p-10820;Aussenhülle -VESPA Vintage- Ø innen = 4,3mm, Ø aussen = 6,5mm (5m) - Grau
c-4977;Vespa 50 L (V5A1T);Bowdenzüge;56;p-6515;Endkappe für Außenzug -UNIVERSAL- Øinnen=7mm
c-4977;Vespa 50 L (V5A1T);Bowdenzüge;57;p-6428;Bremszug hinten innen -OEM QUALITÄT, Ø=2,9mm mit Öse- Vespa PX, V50, PV125, ET3
c-4977;Vespa 50 L (V5A1T);Bowdenzüge;59;p-17327;Chokezug -BGM PRO- Vespa Smallframe, 300/380mm, Tonne 3x3mm
c-4977;Vespa 50 L (V5A1T);Bowdenzüge;61;p-9807;Schaltzug -PIAGGIO- Vespa V50, PV125, ET3
c-4977;Vespa 50 L (V5A1T);Bowdenzüge;62;p-9803;Kupplungszug -PIAGGIO- Vespa V50, PV125, ET3
c-4977;Vespa 50 L (V5A1T);Bowdenzüge;63;p-6529;Tachowelle -PIAGGIO- Vespa V50, PV125
c-4977;Vespa 50 L (V5A1T);Bowdenzüge;64;p-9792;Bremszug vorne -PIAGGIO- Vespa V50, PV125, ET3
c-4977;Vespa 50 L (V5A1T);Bowdenzüge;66;p-362;Federscheibe gewellt -PIAGGIO- Stahl verzinkt- M6 - verwendet für Zylinderhaube Smallframe, Druckfeder Chokehebel
c-4977;Vespa 50 L (V5A1T);Bowdenzüge;68;p-15696;Federring -DIN 127- M6
c-4977;Vespa 50 L (V5A1T);Bowdenzüge;69;p-15690;Mutter -DIN 934- M6
c-4977;Vespa 50 L (V5A1T);Bowdenzüge;70;p-3120;Chokehebel am Rahmen -OEM QUALITÄT- Vespa PK S, PK XL - flaches Blech
c-4977;Vespa 50 L (V5A1T);Bowdenzüge;71;p-5621;Gummi Rahmen/Schalt-Kupplungszug -IMPORT- Vespa V50, V90, PV, ET3
c-4977;Vespa 50 L (V5A1T);Bowdenzüge;72;p-11542;Schutzhülle Gangseilzüge -PIAGGIO- Vespa PX, T5 125ccm, Rally, TS, Sprint, GT, GTR, SS180, GS160, GL, Super, VNA, VNB, VBA, VBB) - schwarz
c-4977;Vespa 50 L (V5A1T);Bowdenzüge;73;p-11795;Schlauchklemme -UNIVERSAL- Ø = 14mm - verwendet z.B. für Benzinschlauch Vespa Klassik Largeframe (Vespa PX, Rally, Sprint, GT, GTR, Super, VNA, VNB, V
c-4977;Vespa 50 L (V5A1T);Bowdenzüge;74;p-11624;Klammer zur Führung der Schaltzüge -PIAGGIO- Vespa PX, T5 125ccm, Rally, TS, Sprint, Sprint Veloce, GT, GTR, GL, Super, SS180, V50, PV125, ET3, PK S, 
c-4977;Vespa 50 L (V5A1T);Bowdenzüge;75;p-15701;Schraube -DIN 933- M6 x 25mm (8.8 Festigkeit)
c-4977;Vespa 50 L (V5A1T);Gabel, Vorderrad;1;p-15319;Schraube Felge M10 -OEM QUALITÄT- Vespa V50 (V5A1T bis Nr. 752188), V5SS2T, V5R1T, V90 (V9A1T) - Modelle mit 4-Loch Felge
c-4977;Vespa 50 L (V5A1T);Gabel, Vorderrad;2;p-8331;Bremstrommel vorne 9 Zoll + 10 Zoll -PREDIERI & ABBATE- Vespa Smallframe 1963-1984 - V50 N (V5A1T), V50 S (V5SA1T), V50 L (V5A1T), SR50 (V, V50 R (V5A
c-4977;Vespa 50 L (V5A1T);Gabel, Vorderrad;3;p-8331;Bremstrommel vorne 9 Zoll + 10 Zoll -PREDIERI & ABBATE- Vespa Smallframe 1963-1984 - V50 N (V5A1T), V50 S (V5SA1T), V50 L (V5A1T), SR50 (V, V50 R (V5A
c-4977;Vespa 50 L (V5A1T);Gabel, Vorderrad;4;p-4089;Zentrierstift - Pin für Bremstrommel 9 (geschlossener Felgentyp) -OEM QUALITÄT- Vespa V50 R (V5A1T bis Nr. 752188), V50 N, V50 S, V50 L, SR50, V90
c-4977;Vespa 50 L (V5A1T);Gabel, Vorderrad;5;p-367;Bremstrommelflansch / Achse vorne -OEM QUALITÄT- Vespa V50(N) (bis Bj 1971), V50 L, V50 S, V90
c-4977;Vespa 50 L (V5A1T);Gabel, Vorderrad;6;p-367;Bremstrommelflansch / Achse vorne -OEM QUALITÄT- Vespa V50(N) (bis Bj 1971), V50 L, V50 S, V90
c-4977;Vespa 50 L (V5A1T);Gabel, Vorderrad;7;p-1459;Wellendichtring 17x40x7mm - (verwendet für Vorderrad Rally180 (VSD1T), Rally200 (VSE1T), Sprint150 (VLB1T), TS125 (VNL3T), GT125 (VNL2T), GTR125 (VNL2
c-4977;Vespa 50 L (V5A1T);Gabel, Vorderrad;8;p-1;Seegerring -BOHRUNG DIN472- Ø=40mm - (verwendet für Radlager 6203 in Schwinge V50, 50N, PV125, Sprint, Rally, VBB)
c-4977;Vespa 50 L (V5A1T);Gabel, Vorderrad;9;p-13920;Kugellager -6203- (17x40x12mm) - (verwendet für Kurbelwelle Lambretta A, B, C, LC)
c-4977;Vespa 50 L (V5A1T);Gabel, Vorderrad;10;p-354;Kronenmutter Schwinge/Vorderradlager -VESPA- V50, V90, SS50, SS90, PV125, ET3
c-4977;Vespa 50 L (V5A1T);Gabel, Vorderrad;11;p-14286;Kugellager -6201- (12x32x10mm) - (verwendet für Vorderrad Lambretta alle, Vespa PX (bis Bj. 1982) - Getriebe Lambretta A, B, C, LC, D, LD)
c-4977;Vespa 50 L (V5A1T);Gabel, Vorderrad;12;p-370;Tachoschnecken-Set -BGM ORIGINAL- Vespa 11 Zähne, Ø=21,8mm, Metall + 9 Zähne, l= 31mm, 2,7mm Vierkant, schwarz (passend für Tachoschnecke 9 Zähne) - (
c-4977;Vespa 50 L (V5A1T);Gabel, Vorderrad;13;p-361;Gummikappe Tachoantrieb -PIAGGIO- Vespa V50, V90, PV, ET3 - grau
c-4977;Vespa 50 L (V5A1T);Gabel, Vorderrad;14;p-353;Gummi Tachowelle/Bremsankerplatte -PIAGGIO- Vespa V50, V90, PV, ET3
c-4977;Vespa 50 L (V5A1T);Gabel, Vorderrad;15;p-368;Tachoschnecke -BGM ORIGINAL- Vespa 9 Zähne, l= 31mm, 2,7mm Vierkant, schwarz (verwendet in Vespa V50, 50N, 50L, 50R (V5A1T, 9 Zoll Reifen)
c-4977;Vespa 50 L (V5A1T);Gabel, Vorderrad;16;p-11591;Dichtung für Sicherungskappe Tachoschnecke -OEM QUALITÄT- Vespa V50, PV125, ET3 - Ø=14x20x1,5mm
c-4977;Vespa 50 L (V5A1T);Gabel, Vorderrad;19;p-545;Niet - Kerbnagel Ø=4x10mm für Lenkschlossblende Typ NEIMAN (Oval) -OEM QUALITÄT- Vespa Rally180 (VSD1T), Rally200 (VSE1T), Sprint150 (VLB1T), TS125 (V
c-4977;Vespa 50 L (V5A1T);Gabel, Vorderrad;20;p-2728;Schlüsselrohling -ZADI- Vespa/Ape Lenkschloss
c-4977;Vespa 50 L (V5A1T);Gabel, Vorderrad;21;p-8912;Lenkschlossblenden-Set -NEIMAN (Oval, 1962-1971), Niet Ø=3mm- Vespa V50 L (V5A1T bis 580000), V50 N (V5A1T bis 236000), V90 (V9A1T bis 31300), PV125 (
c-4977;Vespa 50 L (V5A1T);Gabel, Vorderrad;22;p-8740;Lenkschloss -IMPORT- Vespa GS160 (bis Nr. 0055506)
c-4977;Vespa 50 L (V5A1T);Gabel, Vorderrad;25;p-15132;Schwingenabdeckung -PIAGGIO- Vespa V50, ET3, PV125 - Aluminium, Silbern
c-4977;Vespa 50 L (V5A1T);Gabel, Vorderrad;26;p-15360;Mutter -DIN 934- M12 x 1,50 - verwendet als Kupplungsmutter für Kupplung Vespa Cosa2
c-4977;Vespa 50 L (V5A1T);Gabel, Vorderrad;27;p-11565;Federring -DIN 127- M12
c-4977;Vespa 50 L (V5A1T);Gabel, Vorderrad;28;p-47290;Schwingenabdeckungs-Kit -OEM QUALITÄT- Vespa V50, ET3, PV125 innen
c-4977;Vespa 50 L (V5A1T);Gabel, Vorderrad;29;p-15145;Kotflügel -OEM QUALITÄT- Vespa V50, V90, PV125, ET3 - unlackiert
c-4977;Vespa 50 L (V5A1T);Gabel, Vorderrad;31;p-6706;Schwingenlagersatz -VESPA- V50, ET3, PV125
c-4977;Vespa 50 L (V5A1T);Gabel, Vorderrad;32;p-6706;Schwingenlagersatz -VESPA- V50, ET3, PV125
c-4977;Vespa 50 L (V5A1T);Gabel, Vorderrad;33;p-44644;O-Ring Set (6-teilig) Gabel -OEM QUALITÄT- Vespa Smallframe V50, PV, ET3, Motovespa T3, 125 Primavera
c-4977;Vespa 50 L (V5A1T);Gabel, Vorderrad;34;p-44644;O-Ring Set (6-teilig) Gabel -OEM QUALITÄT- Vespa Smallframe V50, PV, ET3, Motovespa T3, 125 Primavera
c-4977;Vespa 50 L (V5A1T);Gabel, Vorderrad;35;p-17425;Einstellschraube M5 x 20mm (Øinnen=6,9mm) -BGM ORIGINAL- (verwendet für Schaltraste Vespa) - 10 Stück
c-4977;Vespa 50 L (V5A1T);Gabel, Vorderrad;36;p-15682;Mutter -DIN 934- M5
c-4977;Vespa 50 L (V5A1T);Gabel, Vorderrad;37;p-12252;Klemmschraube Vorderradbremszug -PIAGGIO- Vespa V50, V90, SS50, SS90, PV125, ET3, VNA, VNB, VBA, VBB, Super, GL150 (VLA1T), GT125 (VNL2T), GTR125 (VNL
c-4977;Vespa 50 L (V5A1T);Gabel, Vorderrad;38;p-555;Klemmplättchen-Bolzen Ø=5,0x11mm Bremse vorne -OEM QUALITÄT- alle Modelle (bis Bj. 1981), PX (-1984)
c-4977;Vespa 50 L (V5A1T);Gabel, Vorderrad;39;p-15026;Splint -DIN 94- Ø=2,0mm - 20mm - verwendet für Bolzen Klemmplättchen / Bremsarm hinten Vespa PX, Sprint, Rally, V50, PV125, ET3 etc.
c-4977;Vespa 50 L (V5A1T);Gabel, Vorderrad;42;p-15705;Mutter hoch -DIN 934 ähnlich- M7
c-4977;Vespa 50 L (V5A1T);Gabel, Vorderrad;43;p-581;Bremsarm mit Bremsnocke vorne -BGM ORIGINAL- Vespa V50, V90, SS50, SS90, PV125, ET3 - Ø= 14,9mm
c-4977;Vespa 50 L (V5A1T);Gabel, Vorderrad;44;p-6843;Kotflügelschraube seitlich M5 x 16mm -CIF- Vespa Smallframe V50, 50N, PV, ET3, PK S, PK XL, Largeframe PX, VNA, VNB, VBA, VBB, Super, Sprint Veloce, R
c-4977;Vespa 50 L (V5A1T);Gabel, Vorderrad;45;p-3017;Unterlegscheibe Hebelschraube (unten) -PIAGGIO- 14x5,3x1,0mm - Vespa V50, V90, SS50, SS90, PV125, ET3, Super, GS150, Sprint, Rally, SS180, PX, T5 125c
c-4977;Vespa 50 L (V5A1T);Gabel, Vorderrad;46;p-15684;Federring -DIN 127- M5
c-4977;Vespa 50 L (V5A1T);Gabel, Vorderrad;47;p-15684;Federring -DIN 127- M5
c-4977;Vespa 50 L (V5A1T);Gabel, Vorderrad;48;p-15684;Federring -DIN 127- M5
c-4977;Vespa 50 L (V5A1T);Gabel, Vorderrad;49;p-15682;Mutter -DIN 934- M5
c-4977;Vespa 50 L (V5A1T);Gabel, Vorderrad;50;p-15682;Mutter -DIN 934- M5
c-4977;Vespa 50 L (V5A1T);Gabel, Vorderrad;51;p-18207;Schraube für Gepäckfach -BGM ORIGINAL M5 x 25mm, vernickelt- Vespa PX, Rally180, Rally200, TS125, GS160 / GS4 (ab VSB1T0054684), SS180
c-4977;Vespa 50 L (V5A1T);Gabel, Vorderrad;54;p-6679;Schraube -DIN 933- M5 x 10mm (verwendet für Abdeckblech Tachoschnecke Vespa PX, T5 125cc, V50, PV125, ET3)
c-4977;Vespa 50 L (V5A1T);Gabel, Vorderrad;55;p-45470;Schwinge -PREMIUM- V50, ET3, PV125 - Bremsnocke Ø=14,9mm
c-4977;Vespa 50 L (V5A1T);Gabel, Vorderrad;56;p-45470;Schwinge -PREMIUM- V50, ET3, PV125 - Bremsnocke Ø=14,9mm
c-4977;Vespa 50 L (V5A1T);Gabel, Vorderrad;58;p-15130;Bremsbacken -NEWFREN- Ø=125x17mm- 8 + 9 + 10 vorne, 1 Aufnahme, Vespa Smallframe V50, V90, SS50, SS90, PV125, ET3, Wideframe V1T bis V15T, V30T-V33T, 
c-4977;Vespa 50 L (V5A1T);Gabel, Vorderrad;59;p-159;Bremsbacken Rückholfeder -PIAGGIO- Vespa Rally (v), Sprint (v), GT (v), GTR (v), TS (v), Super (v), V50-90 (v), SS50-90 (v), PV125 (v), ET3 (v), GS160
c-4977;Vespa 50 L (V5A1T);Gabel, Vorderrad;60;p-15030;Bremsbackensicherung (Omega) -VESPA- V50, V90, SS50, SS90, PV125, ET3, VNA, VNB, VBA, VBB, Super, GL150 (VLA1T), GT125 (VNL2T), GTR125 (VNL2T), TS125 
c-4977;Vespa 50 L (V5A1T);Gabel, Vorderrad;64;p-11773;Distanzscheibe Kunststoff Ø=18x6,4x6mm für Kotflügel -OEM QUALITÄT- Vespa V50, V90, PV125, ET3 125
c-4977;Vespa 50 L (V5A1T);Gabel, Vorderrad;65;p-9275;Schmiernippel -DIN 71412- M10 x 1,0 - Schlüsselweite 11mm
c-4977;Vespa 50 L (V5A1T);Gabel, Vorderrad;66;p-344;V-Ring Dichtring Ø=18x3x22mm Schwinge innen -VESPA- PX (bis Bj. 1982), V50, PV125, ET3, SS50, SS90
c-4977;Vespa 50 L (V5A1T);Getriebe, Hinterrad;1;p-15319;Schraube Felge M10 -OEM QUALITÄT- Vespa V50 (V5A1T bis Nr. 752188), V5SS2T, V5R1T, V90 (V9A1T) - Modelle mit 4-Loch Felge
c-4977;Vespa 50 L (V5A1T);Getriebe, Hinterrad;2;p-6630;Splint -ISO 1234- Ø=3,5 x 32mm (verwendet für Vorderrad Vespa PK, PX, Cosa, T5 125ccm - Hinterrad Vespa PK, PX, Cosa, T5 125ccm, Rally, Sprint, TS, GT
c-4977;Vespa 50 L (V5A1T);Getriebe, Hinterrad;3;p-11229;Hinterradmutter -Kronenmutter -OEM QUALITÄT M14x1,5 SW22- Vespa PX (-1984), Rally, Sprint150, TS125, GT125, GTR125, Super, SS180, GS160 / GS4, VNA, VN
c-4977;Vespa 50 L (V5A1T);Getriebe, Hinterrad;4;p-6631;Unterlegscheibe Hinterradmutter - Bremstrommel hinten -OEM QUALITÄT- Vespa 1951-1982, PX (-1982), Rally, Sprint, TS125, GT125, GTR125, GL150, Super, V
c-4977;Vespa 50 L (V5A1T);Getriebe, Hinterrad;5;p-538;Unterlegscheibe Hinterradmutter - Bremstrommel hinten -OEM QUALITÄT- Vespa V50, V90, SS50, SS90, PV125, ET3 - 31,5x14,5x8,5mm
c-4977;Vespa 50 L (V5A1T);Getriebe, Hinterrad;6;p-8458;Bremstrommel hinten 9 Zoll + 10 Zoll -FA ITALIA- Vespa V50 R (V5A1T bis Nr. 752188), V50 N, V50 S, V50 L, SR50, V90
c-4977;Vespa 50 L (V5A1T);Getriebe, Hinterrad;7;p-8458;Bremstrommel hinten 9 Zoll + 10 Zoll -FA ITALIA- Vespa V50 R (V5A1T bis Nr. 752188), V50 N, V50 S, V50 L, SR50, V90
c-4977;Vespa 50 L (V5A1T);Getriebe, Hinterrad;8;p-44780;Bremstrommelflansch hinten -PREMIUM- Vespa 9 Zoll - Vespa V50(N) (bis Bj 1971), V50 L, V50 S, V90
c-4977;Vespa 50 L (V5A1T);Getriebe, Hinterrad;10;p-32712;Bremsbacken -POLINI Ø=135x20mm- VESPA V50 (h) - 9 Zoll
c-4977;Vespa 50 L (V5A1T);Getriebe, Hinterrad;11;p-15030;Bremsbackensicherung (Omega) -VESPA- V50, V90, SS50, SS90, PV125, ET3, VNA, VNB, VBA, VBB, Super, GL150 (VLA1T), GT125 (VNL2T), GTR125 (VNL2T), TS125 
c-4977;Vespa 50 L (V5A1T);Getriebe, Hinterrad;12;p-15038;Bremsbacken Rückholfeder -PIAGGIO- Vespa PX (vh), T5 125cc (vh), PK (vh), Rally180 (VSD1T), Rally200 (VSE1T) (h), Sprint (h), Super (h), GT125 (VNL2T)
c-4977;Vespa 50 L (V5A1T);Getriebe, Hinterrad;13;p-4089;Zentrierstift - Pin für Bremstrommel 9 (geschlossener Felgentyp) -OEM QUALITÄT- Vespa V50 R (V5A1T bis Nr. 752188), V50 N, V50 S, V50 L, SR50, V90
c-4977;Vespa 50 L (V5A1T);Getriebe, Hinterrad;15;p-11957;O-Ring 12,5x 2,5mm -PIAGGIO- (verwendet für Bremsnocke Vespa PK S, PK XL, PK XL2, Federbock Sprint, Rally, GT, GTR, GS150)
c-4977;Vespa 50 L (V5A1T);Getriebe, Hinterrad;16;p-363;Bremsarm mit Bremsnocke hinten -KR AUTOMATION- Vespa V50, V90, SS50, SS90, PV125, ET3
c-4977;Vespa 50 L (V5A1T);Getriebe, Hinterrad;17;p-12356;Wellendichtring 27x37x7mm -MALOSSI PTFE/FKM- (verwendet für Hinterrad / hintere Bremstrommel Vespa V50, V90, SS50, SS90, PV125, ET3, PK S, PK XL, PK X
c-4977;Vespa 50 L (V5A1T);Getriebe, Hinterrad;18;p-6263;Kugellager -6204- (20x47x14mm) - (verwendet für Hauptwelle Vespa PX, T5 125cc, Cosa, Rally180 (VSD1T), Rally200 (VSE1T), Sprint150 (VLB1T), TS125 (VNL
c-4977;Vespa 50 L (V5A1T);Getriebe, Hinterrad;19;p-11934;Dichtung Bremsankerplatte hinten -PIAGGIO- Vespa V50, V90, PV 25, ET3, PK S, PK XL, PK XL2, PK HP
c-4977;Vespa 50 L (V5A1T);Getriebe, Hinterrad;20;p-11934;Dichtung Bremsankerplatte hinten -PIAGGIO- Vespa V50, V90, PV 25, ET3, PK S, PK XL, PK XL2, PK HP
c-4977;Vespa 50 L (V5A1T);Getriebe, Hinterrad;21;p-15040;Öleinfüllschraube M8 x 10mm -VESPA Olio- PX, T5 125cc, Cosa, Rally180 (VSD1T), Rally200 (VSE1T), Sprint150 (VLB1T), TS125 (VNL3T), GT125 (VNL2T), GTR1
c-4977;Vespa 50 L (V5A1T);Getriebe, Hinterrad;22;p-15040;Öleinfüllschraube M8 x 10mm -VESPA Olio- PX, T5 125cc, Cosa, Rally180 (VSD1T), Rally200 (VSE1T), Sprint150 (VLB1T), TS125 (VNL3T), GT125 (VNL2T), GTR1
c-4977;Vespa 50 L (V5A1T);Getriebe, Hinterrad;23;p-15037;Dichtung Ölablassschraube -OEM QUALITÄT 8x14x1mm- Vespa V50, 50N, SS50, SR50, V90, SS90, V100, PV125, ET3, PK, PX, T5 125ccm, Cosa, Rally, Sprint, TS1
c-4977;Vespa 50 L (V5A1T);Getriebe, Hinterrad;24;p-15037;Dichtung Ölablassschraube -OEM QUALITÄT 8x14x1mm- Vespa V50, 50N, SS50, SR50, V90, SS90, V100, PV125, ET3, PK, PX, T5 125ccm, Cosa, Rally, Sprint, TS1
c-4977;Vespa 50 L (V5A1T);Getriebe, Hinterrad;25;p-3498;Entlüftungsschraube Kupplungsdeckel -PIAGGIO- Vespa alle Vespas
c-4977;Vespa 50 L (V5A1T);Getriebe, Hinterrad;26;p-44642;Set-Kickstarteranschlaggummi -OEM QUALITÄT- Vespa V50, V90, PV125, ET3, PK S - 15 x 24 x 6mm
c-4977;Vespa 50 L (V5A1T);Getriebe, Hinterrad;27;p-17425;Einstellschraube M5 x 20mm (Øinnen=6,9mm) -BGM ORIGINAL- (verwendet für Schaltraste Vespa) - 10 Stück
c-4977;Vespa 50 L (V5A1T);Getriebe, Hinterrad;28;p-15682;Mutter -DIN 934- M5
c-4977;Vespa 50 L (V5A1T);Getriebe, Hinterrad;29;p-391;Sicherungsschraube Schaltgabel -OEM QUALITÄT- V50, V90, SS50, SS90, PV125, ET3, PK S, PK XL1
c-4977;Vespa 50 L (V5A1T);Getriebe, Hinterrad;30;p-11951;Klemmplättchen-Bolzen Ø=5,4x11mm Bremse hinten -PIAGGIO- Vespa V50, V90, PV125, ET3, PK, PK S, PK XL, PK XL2, PX, Rally, Sprint, GT, GTR
c-4977;Vespa 50 L (V5A1T);Getriebe, Hinterrad;32;p-44764;Schaltgabel -PREMIUM- Vespa V50, V90, SS50, SS90, PV125, ET3 - 2x O-Ringe
c-4977;Vespa 50 L (V5A1T);Getriebe, Hinterrad;33;p-1321;Schubklotz für Schaltklaue -PIAGGIO- Vespa V50, V90, SS50, SS90, PV125, ET3, PK S, PK XL
c-4977;Vespa 50 L (V5A1T);Getriebe, Hinterrad;35;p-17433;Einstellschraube M7 x 25mm -BGM ORIGINAL- 10 Stück
c-4977;Vespa 50 L (V5A1T);Getriebe, Hinterrad;36;p-15705;Mutter hoch -DIN 934 ähnlich- M7
c-4977;Vespa 50 L (V5A1T);Getriebe, Hinterrad;41;p-11717;Wellscheibe für Schaltgabel -OEM QUALITÄT, 7,75x12,0x0,1mm- Vespa V50, V90, SS50, SS90, PV125, ET3, PK S, PK XL1
c-4977;Vespa 50 L (V5A1T);Getriebe, Hinterrad;42;p-13916;Sicherungsring -WELLE DIN6799- Ø=3mm - verwendet für Schubklotz Schaltklaue Vespa Smallframe (V50, PV, ET3, PK, PK XL, PK XL2)
c-4977;Vespa 50 L (V5A1T);Getriebe, Hinterrad;43;p-111;Sicherungsstift (zylindrisch) 4,0x23mm (verwendet für Schaltraste PX, Cosa, T5, Rally, Sprint, TS, GT, GTR, Super, SS180, GS160, GL, VNA, VNB, VBA, VB
c-4977;Vespa 50 L (V5A1T);Getriebe, Hinterrad;44;p-12325;Schaltrastenabdeckung -PIAGGIO- Vespa V50, V90, SS50, SS90, PV125, ET3
c-4977;Vespa 50 L (V5A1T);Getriebe, Hinterrad;45;p-15684;Federring -DIN 127- M5
c-4977;Vespa 50 L (V5A1T);Getriebe, Hinterrad;46;p-48698;Schraube für Luftfilter SI Vergaser, vorne -VESPA- Vespa PX, Rally180 (VSD1T), Rally200 (VSE1T), Sprint
c-4977;Vespa 50 L (V5A1T);Getriebe, Hinterrad;47;p-8469;Schaltklaue -FA ITALIA- 2-Arme, Smallframe Bj. 1963-1967 V50 N (V5A1T bis Nr. 92876), V90 (V9A1T bis Nr. 25000) - 3 Gang
c-4977;Vespa 50 L (V5A1T);Getriebe, Hinterrad;48;p-568;Schaltklaue -OEM QUALITÄT- 4-Arme, 3 Gang - Vespa 50N (V5A1T, 92877-), 50L, 50R, 50 Special (V5A2T, V5B3T), Special Elestart (V5B2T, V5A3T), V90 (V9A1
c-4977;Vespa 50 L (V5A1T);Getriebe, Hinterrad;49;p-6623;Seegerring -WELLE DIN471 ähnlich- Ø=48mm x 1,7mm - verwendet für Hauptwelle Getriebe Vespa V50, PV, ET3, Sprint, Rally, VNA, VNB, VBA, VBB, Super, GT,
c-4977;Vespa 50 L (V5A1T);Getriebe, Hinterrad;50;p-6623;Seegerring -WELLE DIN471 ähnlich- Ø=48mm x 1,7mm - verwendet für Hauptwelle Getriebe Vespa V50, PV, ET3, Sprint, Rally, VNA, VNB, VBA, VBB, Super, GT,
c-4977;Vespa 50 L (V5A1T);Getriebe, Hinterrad;51;p-6623;Seegerring -WELLE DIN471 ähnlich- Ø=48mm x 1,7mm - verwendet für Hauptwelle Getriebe Vespa V50, PV, ET3, Sprint, Rally, VNA, VNB, VBA, VBB, Super, GT,
c-4977;Vespa 50 L (V5A1T);Getriebe, Hinterrad;52;p-6623;Seegerring -WELLE DIN471 ähnlich- Ø=48mm x 1,7mm - verwendet für Hauptwelle Getriebe Vespa V50, PV, ET3, Sprint, Rally, VNA, VNB, VBA, VBB, Super, GT,
c-4977;Vespa 50 L (V5A1T);Getriebe, Hinterrad;63;p-15098;Schaltfeder -VESPA- V50, V90, SS50, SS90, PV125, ET3, PK S, PK XL
c-4977;Vespa 50 L (V5A1T);Getriebe, Hinterrad;64;p-15098;Schaltfeder -VESPA- V50, V90, SS50, SS90, PV125, ET3, PK S, PK XL
c-4977;Vespa 50 L (V5A1T);Getriebe, Hinterrad;65;p-8118;Schaltkugel -PIAGGIO, Ø=7,1mm- Vespa V50, PV125, ET3, PK50, PK80, PK125, SS50, SS90
c-4977;Vespa 50 L (V5A1T);Getriebe, Hinterrad;66;p-15690;Mutter -DIN 934- M6
c-4977;Vespa 50 L (V5A1T);Getriebe, Hinterrad;67;p-15719;Mutter -DIN 934- M8
c-4977;Vespa 50 L (V5A1T);Getriebe, Hinterrad;68;p-15696;Federring -DIN 127- M6
c-4977;Vespa 50 L (V5A1T);Getriebe, Hinterrad;69;p-15727;Federring -DIN 127- M8
c-4977;Vespa 50 L (V5A1T);Getriebe, Hinterrad;70;p-13501;Unterlegscheibe Karosserie -DIN 9021- M6 - Edelstahl
c-4977;Vespa 50 L (V5A1T);Getriebe, Hinterrad;71;p-15725;Unterlegscheibe -DIN 125- M8 - schwarz verzinkt
c-4977;Vespa 50 L (V5A1T);Getriebe, Hinterrad;72;p-15026;Splint -DIN 94- Ø=2,0mm - 20mm - verwendet für Bolzen Klemmplättchen / Bremsarm hinten Vespa PX, Sprint, Rally, V50, PV125, ET3 etc.
c-4977;Vespa 50 L (V5A1T);Getriebe, Hinterrad;76;p-6438;Klemmschraube Bremszug hinten -PIAGGIO- Vespa V50, V90, SS50, SS90, PV125, ET3, VNA, VNB, VBA, VBB, Super, GL150 (VLA1T), GT125 (VNL2T), GTR125 (VNL2T
c-4977;Vespa 50 L (V5A1T);Getriebe, Hinterrad;78;p-3041;Schraube Kabelkästchen M3 x 8mm mit Schlitz -PIAGGIO- Vespa Smallframe V50, PV125, Wideframe VM1, VM2, VNB1, VNB2, Super, GS150 VS1-5, Sprint, GT, GTR
c-4977;Vespa 50 L (V5A1T);Getriebe, Hinterrad;81;p-6832;Schraube Linsen-Senkkopf -DIN 966- M5 x 40 (verwendet für Kabelkästchen Vespa PX, T5 125cc, Rally180 (VSD1T), Rally200 (VSE1T), Sprint150 (VLB1T), TS1
c-4977;Vespa 50 L (V5A1T);Getriebe, Hinterrad;82;p-392;Unterlegscheibe -VESPA- 12x20x2,3mm (verwendet für Sicherungsschraube Schaltgabel Vespa V50, V90, SS50, SS90, PV125, ET3, PK S, PK XL)
c-4977;Vespa 50 L (V5A1T);Kabelbaum;7;p-17012;Bougierohr -UNIVERSAL Ø=10mm- 5m - Schwarz
c-4977;Vespa 50 L (V5A1T);Kabelbaum;8;p-17010;Bougierohr -UNIVERSAL Ø=8mm- 5m - Schwarz
c-4977;Vespa 50 L (V5A1T);Kabelbaum;9;p-17014;Bougierohr -UNIVERSAL Ø=6mm- 5m - Schwarz
c-4977;Vespa 50 L (V5A1T);Kabelbaum;10;p-17014;Bougierohr -UNIVERSAL Ø=6mm- 5m - Schwarz
c-4977;Vespa 50 L (V5A1T);Kabelbaum;14;p-6833;Gummikappe Kabelkästchen -PIAGGIO- Vespa alle Modelle
c-4977;Vespa 50 L (V5A1T);Kabelbaum;15;p-17012;Bougierohr -UNIVERSAL Ø=10mm- 5m - Schwarz
c-4977;Vespa 50 L (V5A1T);Kabelbaum;16;p-17016;Bougierohr -UNIVERSAL Ø=4mm- 5m - Schwarz
c-4977;Vespa 50 L (V5A1T);Kabelbaum;17;p-10350;Gummi Rücklichtkabel/Rahmen -PIAGGIO- Vespa
c-4977;Vespa 50 L (V5A1T);Lenker;1;p-8473;Griffe -VESPA Ø=24mm, l=125mm, Piaggio 4-Eck- Vespa VL1T, VL2T, VL3T (Struzzo), Touren 2(D), T/2 (VD1T), GS150 (VS1T) - Grau - auch passend auf V50, P
c-4977;Vespa 50 L (V5A1T);Lenker;2;p-8473;Griffe -VESPA Ø=24mm, l=125mm, Piaggio 4-Eck- Vespa VL1T, VL2T, VL3T (Struzzo), Touren 2(D), T/2 (VD1T), GS150 (VS1T) - Grau - auch passend auf V50, P
c-4977;Vespa 50 L (V5A1T);Lenker;8;p-12054;Unterlegscheibe - Wellscheibe Hebelschraube (oben) -PIAGGIO- Vespa PK, PK S, PK XL, PX - Ø6,6 x 14 x 0,3mm
c-4977;Vespa 50 L (V5A1T);Lenker;9;p-12054;Unterlegscheibe - Wellscheibe Hebelschraube (oben) -PIAGGIO- Vespa PK, PK S, PK XL, PX - Ø6,6 x 14 x 0,3mm
c-4977;Vespa 50 L (V5A1T);Lenker;10;p-3016;Unterlegscheibe Hebelschraube (oben) -CIF- 14x6,6x0,6mm - Vespa V50, V90, SS50, SS90, PV125, ET3, Super, GS150, Sprint, Rally, SS180, PX, T5 125ccm
c-4977;Vespa 50 L (V5A1T);Lenker;11;p-3016;Unterlegscheibe Hebelschraube (oben) -CIF- 14x6,6x0,6mm - Vespa V50, V90, SS50, SS90, PV125, ET3, Super, GS150, Sprint, Rally, SS180, PX, T5 125ccm
c-4977;Vespa 50 L (V5A1T);Lenker;12;p-3017;Unterlegscheibe Hebelschraube (unten) -PIAGGIO- 14x5,3x1,0mm - Vespa V50, V90, SS50, SS90, PV125, ET3, Super, GS150, Sprint, Rally, SS180, PX, T5 125c
c-4977;Vespa 50 L (V5A1T);Lenker;13;p-15768;Mutter selbstsichernd -DIN 985- M5 (verwendet für Hebelschraube Vespa PX, T5 125ccm, Rally, Sprint, TS, GT, GTR, SS180, GS160, Super, GL, VNA, VNB, VB
c-4977;Vespa 50 L (V5A1T);Lenker;14;p-15768;Mutter selbstsichernd -DIN 985- M5 (verwendet für Hebelschraube Vespa PX, T5 125ccm, Rally, Sprint, TS, GT, GTR, SS180, GS160, Super, GL, VNA, VNB, VB
c-4977;Vespa 50 L (V5A1T);Lenker;15;p-8391;Splint Gas- Schaltrohr -VESPA ohne Lenkerblinker- Vespa V50, V90, SS50, SS90, PV125, ET3, Rally180 (VSD1T), Rally200 (VSE1T), Sprint150 (VLB1T), TS125
c-4977;Vespa 50 L (V5A1T);Lenker;16;p-8391;Splint Gas- Schaltrohr -VESPA ohne Lenkerblinker- Vespa V50, V90, SS50, SS90, PV125, ET3, Rally180 (VSD1T), Rally200 (VSE1T), Sprint150 (VLB1T), TS125
c-4977;Vespa 50 L (V5A1T);Lenker;18;p-6696;Distanzscheibe Gasrohr/Schaltrohr 24 x 31x 1mm -PIAGGIO- Vespa PX, T5, PV125, ET3, V50 Special, PK S, PK XL1
c-4977;Vespa 50 L (V5A1T);Lenker;19;p-6696;Distanzscheibe Gasrohr/Schaltrohr 24 x 31x 1mm -PIAGGIO- Vespa PX, T5, PV125, ET3, V50 Special, PK S, PK XL1
c-4977;Vespa 50 L (V5A1T);Lenker;20;p-6697;Federscheibe Gasrohr/Schaltrohr 24 x 31x 1mm -VESPA- PX, T5 125cc, Rally180 (VSD1T), Rally200 (VSE1T), Sprint150 (VLB1T), TS125 (VNL3T), GT125 (VNL2T)
c-4977;Vespa 50 L (V5A1T);Lenker;21;p-6697;Federscheibe Gasrohr/Schaltrohr 24 x 31x 1mm -VESPA- PX, T5 125cc, Rally180 (VSD1T), Rally200 (VSE1T), Sprint150 (VLB1T), TS125 (VNL3T), GT125 (VNL2T)
c-4977;Vespa 50 L (V5A1T);Lenker;22;p-10629;Schaltzugrolle -IMPORT- Vespa V50, V90, SS50, SS90, PV125, ET3, Rally180 (VSD1T), Rally200 (VSE1T), Sprint150 (VLB1T), TS125 (VNL3T), GT125 (VNL2T), G
c-4977;Vespa 50 L (V5A1T);Lenker;23;p-15055;Lenkkopfschraube inkl. Vierkantmutter -CIF- Vespa PX, PK, Rally, Sprint150, 180 SS, Super, TS125, GT125 (VNL2T), GTR125 (VNL2T), ET3, PV125, V50, V90
c-4977;Vespa 50 L (V5A1T);Lenker;24;p-15056;Lenkkopfmutter -VESPA- PX, PK, Rally180 (VSD1T), Rally200 (VSE1T), Sprint150 (VLB1T), 180 SS, Super, TS125 (VNL3T), GT125 (VNL2T), GTR125 (VNL2T), ET3
c-4977;Vespa 50 L (V5A1T);Lenker;25;p-9122;Aufnahme Gas- Schaltzug im Lenker -VESPA- V50 N, V50 L, V50 R, V90
c-4977;Vespa 50 L (V5A1T);Lenker;29;p-15215;Tacho -OEM QUALITÄT- Vespa V50 Ø=48mm - 80km/h (weisses Zifferblatt, schwarze Ziffern)
c-4977;Vespa 50 L (V5A1T);Lenker;30;p-15215;Tacho -OEM QUALITÄT- Vespa V50 Ø=48mm - 80km/h (weisses Zifferblatt, schwarze Ziffern)
c-4977;Vespa 50 L (V5A1T);Lenker;31;p-2804;Tachodichtung -OEM QUALITÄT- Vespa V50 Ø=48mm - Vespa 50N, 50L, 50R, 50S und V90 (Rund),Lambretta lui 50-75
c-4977;Vespa 50 L (V5A1T);Lenker;32;p-2804;Tachodichtung -OEM QUALITÄT- Vespa V50 Ø=48mm - Vespa 50N, 50L, 50R, 50S und V90 (Rund),Lambretta lui 50-75
c-4977;Vespa 50 L (V5A1T);Lenker;33;p-8994;Sicherungsblech Tacho -OEM QUALITÄT- Vespa V50 Ø=48mm
c-4977;Vespa 50 L (V5A1T);Lenker;35;p-6679;Schraube -DIN 933- M5 x 10mm (verwendet für Abdeckblech Tachoschnecke Vespa PX, T5 125cc, V50, PV125, ET3)
c-4977;Vespa 50 L (V5A1T);Lenker;36;p-15684;Federring -DIN 127- M5
c-4977;Vespa 50 L (V5A1T);Lenker;38;p-1312;Schraube -DIN 85- M5 x 65mm (verwendet für Tacho Vespa V50, V90, SS50, SS90, PV125, ET3, Rally180 (VSD1T), Rally200 (VSE1T), Sprint150 (VLB1T), TS125 
c-4977;Vespa 50 L (V5A1T);Lenker;39;p-5403;Gasrohr -CIF- Vespa V50 - 50N/L(V5A1T), 50R (V5A1T -881915), 50S (V5SA1T -67570), 50SR/Sprinter (V5SS2T), Vespa 90 (V9A1T -122983) - l=151mm Ø=24mm
c-4977;Vespa 50 L (V5A1T);Lenker;40;p-6708;Staubschutzring Steuersatzschale auf Gabel -OEM QUALITÄT- Vespa PX, T5 125cc, Cosa, PK, V50, V90, PV125, ET3, PK, Rally180 (VSD1T), Vespa Rally200 (VS
c-4977;Vespa 50 L (V5A1T);Lenker;41;p-6714;Steuersatz - Lenkkopflager -PIAGGIO- unten (4 teilig) - Vespa V50, 50N, PV, ​ET3, ​PK, PX, T5, Cosa, Rally, Sprint, Super, GS160, SS180, GTS, HPE, ET2
c-4977;Vespa 50 L (V5A1T);Lenker;42;p-6273;Kugelring - Kugellager Steuersatz unten -OEM QUALITÄT, Kugeln = 1/4“ = 6,35mm- Vespa, Piaggio, Gilera, Lambretta LI, LI S, SX, TV, DL, GP
c-4977;Vespa 50 L (V5A1T);Lenker;43;p-6714;Steuersatz - Lenkkopflager -PIAGGIO- unten (4 teilig) - Vespa V50, 50N, PV, ​ET3, ​PK, PX, T5, Cosa, Rally, Sprint, Super, GS160, SS180, GTS, HPE, ET2
c-4977;Vespa 50 L (V5A1T);Lenker;47;p-11970;Unterlegscheibe Steuersatz -PIAGGIO- 30,2x40,0x2,5mm - verwendet als Nasenscheibe
c-4977;Vespa 50 L (V5A1T);Lenker;48;p-17870;Steuersatzschalenkontermutter h=6mm -BGM ORIGINAL- Vespa 125 VN1, VN2, VNA1T, VNA2T, VNB1T, VNB2T, VNB3T, VNB4T, VNB5T, VNB6T, Vespa 150 VL1, VL3T, VB
c-4977;Vespa 50 L (V5A1T);Lenker;50;p-5981;Tachoblende -OEM QUALITÄT- V50 mit rundem Tacho - rechteckiges Logo - schwarz
c-4977;Vespa 50 L (V5A1T);Lenker;51;p-10366;Feder für Gasrohr -OEM QUALITÄT- Vespa V50 (V5A1T bis V5A3T, V5SA1T), SS50 (V5SS1T bis V5SS2T), V90 (V9A1T), SS90 (V9SS1T bis V9SS2T), PV125, ET3, GL1
c-4977;Vespa 50 L (V5A1T);Lenker;52;p-44743;Schaltzug- Gaszugrollen Set -PREMIUM ohne Lenkerblinker- Vespa V50, V90, SS50, SS90, PV125, ET3, Rally180 (VSD1T), Rally200 (VSE1T), Sprint150 (VLB1T)
c-4977;Vespa 50 L (V5A1T);Motorgehäuse, Zylinder;1;p-15008;Motorgehäusebolzen - Motorschrauben - Motorbolzen M7 x 75mm -VESPA- (Smallframe V50, PV125, ET3, PK)
c-4977;Vespa 50 L (V5A1T);Motorgehäuse, Zylinder;2;p-15008;Motorgehäusebolzen - Motorschrauben - Motorbolzen M7 x 75mm -VESPA- (Smallframe V50, PV125, ET3, PK)
c-4977;Vespa 50 L (V5A1T);Motorgehäuse, Zylinder;3;p-15709;Unterlegscheibe -DIN 125- M7
c-4977;Vespa 50 L (V5A1T);Motorgehäuse, Zylinder;4;p-15709;Unterlegscheibe -DIN 125- M7
c-4977;Vespa 50 L (V5A1T);Motorgehäuse, Zylinder;5;p-15709;Unterlegscheibe -DIN 125- M7
c-4977;Vespa 50 L (V5A1T);Motorgehäuse, Zylinder;6;p-15709;Unterlegscheibe -DIN 125- M7
c-4977;Vespa 50 L (V5A1T);Motorgehäuse, Zylinder;7;p-15709;Unterlegscheibe -DIN 125- M7
c-4977;Vespa 50 L (V5A1T);Motorgehäuse, Zylinder;8;p-15709;Unterlegscheibe -DIN 125- M7
c-4977;Vespa 50 L (V5A1T);Motorgehäuse, Zylinder;9;p-15709;Unterlegscheibe -DIN 125- M7
c-4977;Vespa 50 L (V5A1T);Motorgehäuse, Zylinder;10;p-15709;Unterlegscheibe -DIN 125- M7
c-4977;Vespa 50 L (V5A1T);Motorgehäuse, Zylinder;11;p-15711;Federring -DIN 127- M7
c-4977;Vespa 50 L (V5A1T);Motorgehäuse, Zylinder;12;p-15711;Federring -DIN 127- M7
c-4977;Vespa 50 L (V5A1T);Motorgehäuse, Zylinder;13;p-15711;Federring -DIN 127- M7
c-4977;Vespa 50 L (V5A1T);Motorgehäuse, Zylinder;14;p-15711;Federring -DIN 127- M7
c-4977;Vespa 50 L (V5A1T);Motorgehäuse, Zylinder;15;p-15711;Federring -DIN 127- M7
c-4977;Vespa 50 L (V5A1T);Motorgehäuse, Zylinder;16;p-15711;Federring -DIN 127- M7
c-4977;Vespa 50 L (V5A1T);Motorgehäuse, Zylinder;17;p-15711;Federring -DIN 127- M7
c-4977;Vespa 50 L (V5A1T);Motorgehäuse, Zylinder;18;p-15711;Federring -DIN 127- M7
c-4977;Vespa 50 L (V5A1T);Motorgehäuse, Zylinder;19;p-15711;Federring -DIN 127- M7
c-4977;Vespa 50 L (V5A1T);Motorgehäuse, Zylinder;20;p-15705;Mutter hoch -DIN 934 ähnlich- M7
c-4977;Vespa 50 L (V5A1T);Motorgehäuse, Zylinder;21;p-15705;Mutter hoch -DIN 934 ähnlich- M7
c-4977;Vespa 50 L (V5A1T);Motorgehäuse, Zylinder;22;p-15705;Mutter hoch -DIN 934 ähnlich- M7
c-4977;Vespa 50 L (V5A1T);Motorgehäuse, Zylinder;23;p-15705;Mutter hoch -DIN 934 ähnlich- M7
c-4977;Vespa 50 L (V5A1T);Motorgehäuse, Zylinder;24;p-15705;Mutter hoch -DIN 934 ähnlich- M7
c-4977;Vespa 50 L (V5A1T);Motorgehäuse, Zylinder;25;p-15705;Mutter hoch -DIN 934 ähnlich- M7
c-4977;Vespa 50 L (V5A1T);Motorgehäuse, Zylinder;26;p-15705;Mutter hoch -DIN 934 ähnlich- M7
c-4977;Vespa 50 L (V5A1T);Motorgehäuse, Zylinder;27;p-15705;Mutter hoch -DIN 934 ähnlich- M7
c-4977;Vespa 50 L (V5A1T);Motorgehäuse, Zylinder;28;p-15705;Mutter hoch -DIN 934 ähnlich- M7
c-4977;Vespa 50 L (V5A1T);Motorgehäuse, Zylinder;30;p-15009;Fächerscheibe Polradmutter -OEM QUALITÄT Øa=24mm- Vespa Sprint150 (VLB1T), VNB, VBB, Super, GL150 (VLA1T), GT125 (VNL2T), GTR125 (VNL2T), V50(N) (ab N
c-4977;Vespa 50 L (V5A1T);Motorgehäuse, Zylinder;31;p-15714;Stehbolzen -M7 x 35mm- (verwendet für Zylinder Vespa V50, PK50)
c-4977;Vespa 50 L (V5A1T);Motorgehäuse, Zylinder;32;p-15714;Stehbolzen -M7 x 35mm- (verwendet für Zylinder Vespa V50, PK50)
c-4977;Vespa 50 L (V5A1T);Motorgehäuse, Zylinder;33;p-6318;Wellendichtring 19x32x7mm -CORTECO NBR- (verwendet für Kurbelwelle Lichtmaschinenseite Vespa V50, V90, SS50, SS90, PV125, ET3, PK S)
c-4977;Vespa 50 L (V5A1T);Motorgehäuse, Zylinder;35;p-6286;Kugellager -6204 ETN9 C4- (20x47x14mm) - (verwendet für Kurbelwelle Minarelli 50 ccm (Typ MA, MY, CW, CA, CY), Vespa V50, V90, PV125, ET3, PK S, PK XL
c-4977;Vespa 50 L (V5A1T);Motorgehäuse, Zylinder;36;p-15350;Motorgehäusebolzen - Motorschrauben - Motorbolzen M7 x 42mm -VESPA- 25-17mm (Smallframe V50, PV125, ET3, PK)
c-4977;Vespa 50 L (V5A1T);Motorgehäuse, Zylinder;37;p-15069;Halbmond Keil -PIAGGIO 3x5mm- Kurbelwelle Lichtmaschinenseite (Lima) Vespa Ciao, Bravo, SI, Piaggio 50-180 ccm 2-Takt - Aprilia SR125, Gilera Runner F
c-4977;Vespa 50 L (V5A1T);Motorgehäuse, Zylinder;38;p-15069;Halbmond Keil -PIAGGIO 3x5mm- Kurbelwelle Lichtmaschinenseite (Lima) Vespa Ciao, Bravo, SI, Piaggio 50-180 ccm 2-Takt - Aprilia SR125, Gilera Runner F
c-4977;Vespa 50 L (V5A1T);Motorgehäuse, Zylinder;39;p-1245;Kurbelwelle -MAZZUCCHELLI Standard (Drehschieber)- Vespa V50, PK50 S (Ø 19mm Konus)
c-4977;Vespa 50 L (V5A1T);Motorgehäuse, Zylinder;40;p-12173;Motorgehäusebolzen - Motorschrauben - Motorbolzen M7 x 58mm -VESPA- 40-18mm (Smallframe V50, PV125, ET3, PK, PX, T5 125ccm)
c-4977;Vespa 50 L (V5A1T);Motorgehäuse, Zylinder;41;p-12173;Motorgehäusebolzen - Motorschrauben - Motorbolzen M7 x 58mm -VESPA- 40-18mm (Smallframe V50, PV125, ET3, PK, PX, T5 125ccm)
c-4977;Vespa 50 L (V5A1T);Motorgehäuse, Zylinder;43;p-15427;Dichtsatz Motor -PIAGGIO- Vespa V50
c-4977;Vespa 50 L (V5A1T);Motorgehäuse, Zylinder;44;p-16284;Wellendichtring 22,7x47x7/7,5mm -FKM- (verwendet für Kurbelwelle Antriebseite Vespa V50, V90, SS50, SS90, PV125, ET3, PK S, PK XL - Getriebeeingangswe
c-4977;Vespa 50 L (V5A1T);Motorgehäuse, Zylinder;45;p-15203;Seegerring -BOHRUNG DIN472- Ø=47mm - für Kugellager Smallframe, Largeframe Hauptwelle 6204 Radseite, Kugellager 16005 Primär Smallframe V50, PV, ET3, 
c-4977;Vespa 50 L (V5A1T);Motorgehäuse, Zylinder;46;p-31075;Kugellager Kurbelwelle -MALOSSI- 6303 (17x47x14mm) - C3 Polyamid - (verwendet für Kurbelwelle Antriebseite Vespa V50, V90, PV125, ET3, PK S, PK XL, La
c-4977;Vespa 50 L (V5A1T);Motorgehäuse, Zylinder;47;p-12003;Dichtung Motorgehäuse -PIAGGIO- Vespa V50, V90, PV125, ET3, PK S, PK XL, PK XL2
c-4977;Vespa 50 L (V5A1T);Motorgehäuse, Zylinder;51;p-15012;Stehbolzen -M6 x 30mm- (verwendet für Einlass Vespa Smallframe)
c-4977;Vespa 50 L (V5A1T);Motorgehäuse, Zylinder;52;p-15012;Stehbolzen -M6 x 30mm- (verwendet für Einlass Vespa Smallframe)
c-4977;Vespa 50 L (V5A1T);Motorgehäuse, Zylinder;54;p-15198;Sicherungsblech Primär -OEM QUALITÄT- V50, V90, SS50, SS90, PV125, ET3, PK S, PK XL
c-4977;Vespa 50 L (V5A1T);Motorgehäuse, Zylinder;55;p-15197;Mutter M12 x1,5 SW=19 halbhoch (verwendet für Kurbelwelle/Primärrad Vespa V50, V90, SS50, SS90, PV125, ET3, PK S, PK XL)
c-4977;Vespa 50 L (V5A1T);Motorgehäuse, Zylinder;58;p-3279;Nadellager -K16-20-10- (16x20x10mm) - verwendet für Hauptwelle Vespa 50 (1 Serie) V5A1T -92876, V50 (1.Serie) V5SA1T -15324, V90 (1.Serie) V9A1T -2500
c-4977;Vespa 50 L (V5A1T);Motorgehäuse, Zylinder;59;p-12103;Stehbolzen -M7 x 59mm- 22-17-20mm (verwendet für Motorgehäuse Vespa V50, V90, PV125, ET3, PK S, PK XL)
c-4977;Vespa 50 L (V5A1T);Motorgehäuse, Zylinder;60;p-6256;Buchse für Pleuel -OEM QUALITÄT 12mm (11,7x14,1x11,6mm)- Vespa 50 (V5A1T), 50 Elestart (V5B2T), 50 N Special (V5A1T, V5B3T), 50 Special (V5B1T), Piagg
c-4977;Vespa 50 L (V5A1T);Motorgehäuse, Zylinder;61;p-15092;Kolbenclip -12mm- Seegerring-Typ
c-4977;Vespa 50 L (V5A1T);Motorgehäuse, Zylinder;65;p-15013;Motorgehäusebolzen - Motorschrauben - Motorbolzen M7 x 80mm -VESPA- 56-24mm (Lusso/T5 125ccm/Cosa an Stoßdämpferaufnahme, Smallframe unten)
c-4977;Vespa 50 L (V5A1T);Motorgehäuse, Zylinder;66;p-8842;Dichtung Zylinderfuß -VESPA 50-125 ccm- Vespa V50, PV125, ET3, PK50, PK80, PK125 - Papier
c-4977;Vespa 50 L (V5A1T);Motorgehäuse, Zylinder;68;p-13501;Unterlegscheibe Karosserie -DIN 9021- M6 - Edelstahl
c-4977;Vespa 50 L (V5A1T);Motorgehäuse, Zylinder;70;p-15750;Schraube -DIN 933- M7 x 35mm (8.8 Festigkeit)
c-4977;Vespa 50 L (V5A1T);Motorgehäuse, Zylinder;71;p-657;Stehbolzen -PIAGGIO M6 x 28mm- (verwendet für Auspuff/Zylinder Piaggio/Gilera 50cc)
c-4977;Vespa 50 L (V5A1T);Motorgehäuse, Zylinder;72;p-15246;Zylinderkopf -OEM QUALITÄT,- Vespa V50, V50 S, SS50, PK50
c-4977;Vespa 50 L (V5A1T);Motorgehäuse, Zylinder;73;p-10578;Dichtung Kupfer -DIN7603- 14x20x2mm - verwendet als Dichtung Zündkerze / Zylinderkopf M14 (Kerzentyp NGK B, Bosch W)
c-4977;Vespa 50 L (V5A1T);Motorgehäuse, Zylinder;75;p-33184;Zündkerzenstecker -POLINI- Silikon, kurz - blau
c-4977;Vespa 50 L (V5A1T);Motorgehäuse, Zylinder;76;p-10790;Zylinderhaube -OEM QUALITÄT- Vespa V50 (1. Serie) - Metall
c-4977;Vespa 50 L (V5A1T);Motorgehäuse, Zylinder;77;p-13483;Schraube -DIN 84- M6 x 12mm (verwendet für Lüfterradabdeckung Vespa)
c-4977;Vespa 50 L (V5A1T);Motorgehäuse, Zylinder;78;p-362;Federscheibe gewellt -PIAGGIO- Stahl verzinkt- M6 - verwendet für Zylinderhaube Smallframe, Druckfeder Chokehebel
c-4977;Vespa 50 L (V5A1T);Motorgehäuse, Zylinder;79;p-15696;Federring -DIN 127- M6
c-4977;Vespa 50 L (V5A1T);Primär, Kickstarter, Kupplung;1;p-15337;Kickstarterfeder -OEM QUALITÄT- Vespa V50, V90, PV125, PK50, PK80, PK125
c-4977;Vespa 50 L (V5A1T);Primär, Kickstarter, Kupplung;2;p-12734;Kickstarterwelle -PIAGGIO- Vespa V50, V90, SS50, SS90, PV125, ET3, PK50, PK80, PK125 S, PK50, PK80, PK125 XL - 12 Zähne
c-4977;Vespa 50 L (V5A1T);Primär, Kickstarter, Kupplung;3;p-15295;O-Ring Ø16x2,50mm -PIAGGIO-Kickstarterwelle Vespa V50, PV125, ET3, PK, PX, T5 125ccm, Cosa, Rally, Sprint, TS125, GT125, GTR125, Super, GS160 / GS4, S
c-4977;Vespa 50 L (V5A1T);Primär, Kickstarter, Kupplung;4;p-15111;Kickstarterritzel -OEM QUALITÄT- Vespa V50, V90, SS50, SS90, PV125, ET3, PK S, PK XL - Zähne 12/10, Ø=20,5mm
c-4977;Vespa 50 L (V5A1T);Primär, Kickstarter, Kupplung;10;p-46019;Rollenlager -CRIMAZ NUP 16005 (25x47x8mm)- verwendet für Primär Vespa V50, V90, SS50, SS90, PV125, ET3, PK S, PK XL
c-4977;Vespa 50 L (V5A1T);Primär, Kickstarter, Kupplung;11;p-15175;Schraube -DIN 931- M9 x 50mm (verwendet als Kickstarterschraube Vespa V50, V90, SS50, SS90, PV125, ET3, PK
c-4977;Vespa 50 L (V5A1T);Primär, Kickstarter, Kupplung;12;p-11935;Zahnscheibe -DIN 6798- M9 - innenverzahnt
c-4977;Vespa 50 L (V5A1T);Primär, Kickstarter, Kupplung;13;p-15113;Kickstarter Vespa V50, PV, ET3 - Aluminium poliert
c-4977;Vespa 50 L (V5A1T);Primär, Kickstarter, Kupplung;14;p-15203;Seegerring -BOHRUNG DIN472- Ø=47mm - für Kugellager Smallframe, Largeframe Hauptwelle 6204 Radseite, Kugellager 16005 Primär Smallframe V50, PV, ET3, 
c-4977;Vespa 50 L (V5A1T);Primär, Kickstarter, Kupplung;16;p-16100;Feder für Primär -BGM PRO- Vespa V50, V90, SS50, SS90, PV125, ET3, PK50, PK80, PK50 S, PK80 S, PK125 S, PK50 XL, PK125 XL, ETS, PK50 HP, PK50 SS - 60N
c-4977;Vespa 50 L (V5A1T);Primär, Kickstarter, Kupplung;17;p-49358;Distanzbuchse 8x5x4,5mm für Feder Primär -CIF- Vespa V50, V90, SS50, SS90, PV125, ET3, PK50, PK80, PK50 S, PK80 S, PK125 S, PK50 XL, PK125 XL, ETS, PK
c-4977;Vespa 50 L (V5A1T);Primär, Kickstarter, Kupplung;22;p-12124;Niet für Primär -PIAGGIO- V50, V90, PV125, ET3, PK S, PK XL, PK XL2
c-4977;Vespa 50 L (V5A1T);Primär, Kickstarter, Kupplung;25;p-2644;Kupplung -CIF- Smallframe V50, V90, SS50, SS90, PV125, ET3, PK50, PK80, PK50 S, PK80 S, PK125 S, PK50 XL, PK125 XL, ETS, PK50 HP, PK50 SS - 3-Scheiben
c-4977;Vespa 50 L (V5A1T);Primär, Kickstarter, Kupplung;26;p-15015;Kupplungsandruckplatte -OEM QUALITÄT- Vespa PX80, PX125, PX150, Sprint150 (VLB1T), TS125 (VNL3T), GT125 (VNL2T), GTR125 (VNL2T), Super, VNA, VNB, VBA,
c-4977;Vespa 50 L (V5A1T);Primär, Kickstarter, Kupplung;27;p-10273;Kupplungsandruckplattenfeder -PIAGGIO- Vespa PX, T5 125cc, Cosa2, Rally180 (VSD1T), Rally200 (VSE1T), Sprint150 (VLB1T), TS125 (VNL3T), GT125 (VNL2T),
c-4977;Vespa 50 L (V5A1T);Primär, Kickstarter, Kupplung;28;p-15189;Kupplungstrennpilz -OEM QUALITÄT- Vespa V50 (ab Bj. 1978), PV125 (ab Bj. 1978), ET3 (ab Bj. 1978), PK S, PK XL1 - 2 Ärmchen
c-4977;Vespa 50 L (V5A1T);Primär, Kickstarter, Kupplung;29;p-1322;Dichtung Kupplungsdeckel -OEM QUALITÄT- Vespa V50, PV125, ET3, PK50, PK80, PK125
c-4977;Vespa 50 L (V5A1T);Primär, Kickstarter, Kupplung;30;p-11525;Schraube -DIN 931- M6 x 25mm (8.8 Festigkeit) - (verwendet für Kupplungsdeckel Vespa PX, Cosa, T5 125ccm, Rally, Sprint, TS, GT, GTR, GL, SS 180, GS 1
c-4977;Vespa 50 L (V5A1T);Primär, Kickstarter, Kupplung;31;p-6547;Federscheibe gewellt -DIN 137 Stahl verzinkt- M6
c-4977;Vespa 50 L (V5A1T);Primär, Kickstarter, Kupplung;32;p-6547;Federscheibe gewellt -DIN 137 Stahl verzinkt- M6
c-4977;Vespa 50 L (V5A1T);Primär, Kickstarter, Kupplung;33;p-32630;Kupplungsdeckel -POLINI, kurzer gerader Hebel- Vespa V50, PV, ET3
c-4977;Vespa 50 L (V5A1T);Primär, Kickstarter, Kupplung;34;p-15701;Schraube -DIN 933- M6 x 25mm (8.8 Festigkeit)
c-4977;Vespa 50 L (V5A1T);Primär, Kickstarter, Kupplung;38;p-364;Kupplungsarmfeder -VESPA- V50, V90 (bis Bj. 1977), SS50, SS90, PV125 (bis Bj. 1977), ET3
c-4977;Vespa 50 L (V5A1T);Primär, Kickstarter, Kupplung;39;p-12629;Kupplungsarm -VESPA- Vespa 50 (V5A1T), 50 Elestart (V5B2T), 50 N Special (V5A1T, V5B3T), 50 Special (V5B1T), 50 SR (V5SA1T), 50 SS (V5SS1T), V 90 (V9A
c-4977;Vespa 50 L (V5A1T);Primär, Kickstarter, Kupplung;40;p-11964;Sicherungsstift - Spannstift -PIAGGIO- 3x18mm (verwendet für Kupplungsarm Vespa V50, PV125, ET3)
c-4977;Vespa 50 L (V5A1T);Primär, Kickstarter, Kupplung;41;p-15124;Sicherungsring Kupplungskorb -NEWFREN Ø=61mm b=2,9mm h=1,1mm- Vespa V50 (V5A1T, V5A2T, V5A3T, V5B1T, V5B2T, V5B3T, V5B4T, V5R1T, V5SA1T), SS50 (V5SS1T
c-4977;Vespa 50 L (V5A1T);Primär, Kickstarter, Kupplung;42;p-15123;Ölsammelblech Kupplung -OEM QUALITÄT- Vespa V50, V90, SS50, SS90, PV125, ET3, PK S, PK XL1
c-4977;Vespa 50 L (V5A1T);Primär, Kickstarter, Kupplung;43;p-15123;Ölsammelblech Kupplung -OEM QUALITÄT- Vespa V50, V90, SS50, SS90, PV125, ET3, PK S, PK XL1
c-4977;Vespa 50 L (V5A1T);Primär, Kickstarter, Kupplung;45;p-2641;Kupplungsbeläge -VESPA Smallframe V50, V90, SS50, SS90, PV125, ET3, PK50, PK80, PK50 S, PK80 S, PK125 S, PK50 XL, PK125 XL, ETS, PK50 HP, PK50 SS - 3-
c-4977;Vespa 50 L (V5A1T);Primär, Kickstarter, Kupplung;46;p-2641;Kupplungsbeläge -VESPA Smallframe V50, V90, SS50, SS90, PV125, ET3, PK50, PK80, PK50 S, PK80 S, PK125 S, PK50 XL, PK125 XL, ETS, PK50 HP, PK50 SS - 3-
c-4977;Vespa 50 L (V5A1T);Primär, Kickstarter, Kupplung;47;p-2641;Kupplungsbeläge -VESPA Smallframe V50, V90, SS50, SS90, PV125, ET3, PK50, PK80, PK50 S, PK80 S, PK125 S, PK50 XL, PK125 XL, ETS, PK50 HP, PK50 SS - 3-
c-4977;Vespa 50 L (V5A1T);Primär, Kickstarter, Kupplung;48;p-12245;Kupplungsstahlscheibe -PIAGGIO- Vespa Smallframe V50, V90, SS50, SS90, PV125, ET3, PK50, PK80, PK50 S, PK80 S, PK125 S, PK50 XL, PK125 XL, ETS, PK50 H
c-4977;Vespa 50 L (V5A1T);Primär, Kickstarter, Kupplung;49;p-12245;Kupplungsstahlscheibe -PIAGGIO- Vespa Smallframe V50, V90, SS50, SS90, PV125, ET3, PK50, PK80, PK50 S, PK80 S, PK125 S, PK50 XL, PK125 XL, ETS, PK50 H
c-4977;Vespa 50 L (V5A1T);Primär, Kickstarter, Kupplung;50;p-15120;Kupplungsgrundplatte -OEM QUALITÄT- Vespa V50, PV125, ET3, PK S, PK XL1
c-4977;Vespa 50 L (V5A1T);Primär, Kickstarter, Kupplung;51;p-439;Kupplungsfeder -PIAGGIO- Vespa V50 (V5A1T, V5A2T, V5A3T, V5B1T, V5B2T, V5B3T, V5B4T, V5R1T, V5SA1T), SS50 (V5SS1T), SR50 (V5SS2T), V90 (V9A1T), SS90 (
c-4977;Vespa 50 L (V5A1T);Primär, Kickstarter, Kupplung;52;p-439;Kupplungsfeder -PIAGGIO- Vespa V50 (V5A1T, V5A2T, V5A3T, V5B1T, V5B2T, V5B3T, V5B4T, V5R1T, V5SA1T), SS50 (V5SS1T), SR50 (V5SS2T), V90 (V9A1T), SS90 (
c-4977;Vespa 50 L (V5A1T);Primär, Kickstarter, Kupplung;53;p-15119;Kupplungsspinne -OEM QUALITÄT- Vespa V50, PV125, ET3, PK S, PK XL1
c-4977;Vespa 50 L (V5A1T);Primär, Kickstarter, Kupplung;54;p-15705;Mutter hoch -DIN 934 ähnlich- M7
c-4977;Vespa 50 L (V5A1T);Primär, Kickstarter, Kupplung;55;p-15711;Federring -DIN 127- M7
c-4977;Vespa 50 L (V5A1T);Primär, Kickstarter, Kupplung;56;p-4268;Halteblech Brems-/Kupplungszug am Motor -PREMIUM- Vespa V50 (VMA1M), PV125, ET3, SS50, SS90 - 1. Serie (kurzer Kupplungsausrückhebel)
c-4977;Vespa 50 L (V5A1T);Primär, Kickstarter, Kupplung;57;p-15754;Schraube -DIN 933- M7 x 20mm (8.8 Festigkeit)
c-4977;Vespa 50 L (V5A1T);Primär, Kickstarter, Kupplung;58;p-15682;Mutter -DIN 934- M5
c-4977;Vespa 50 L (V5A1T);Primär, Kickstarter, Kupplung;59;p-17425;Einstellschraube M5 x 20mm (Øinnen=6,9mm) -BGM ORIGINAL- (verwendet für Schaltraste Vespa) - 10 Stück
c-4977;Vespa 50 L (V5A1T);Primär, Kickstarter, Kupplung;60;p-6238;Kugellager -6200- (10x30x09mm) - (verwendet für Nebenwelle Vespa V50, V90, SS50, SS90, PV125, ET3, PK S, PK XL)
c-4977;Vespa 50 L (V5A1T);Primär, Kickstarter, Kupplung;63;p-665;Sicherungsblech Nebenwelle -PIAGGIO- Vespa V50, V90, SS50, SS90, PV125, ET3, PK S, PK XL
c-4977;Vespa 50 L (V5A1T);Primär, Kickstarter, Kupplung;64;p-15018;Kupplungsmutter -PIAGGIO- Vespa V50, PV125, ET3, PK S, PK XL - (verwendet als Mutter für Nebenwelle)
c-4977;Vespa 50 L (V5A1T);Primär, Kickstarter, Kupplung;65;p-12229;Halbmond Keil (Scheibenfeder) -DIN 6888- 3x3,6mm (verwendet für Kurbelwelle Lichtmaschinenseite Vespa GS 150, Lambretta D 125-150 (1956-1957), LD 125-
c-4977;Vespa 50 L (V5A1T);Primär, Kickstarter, Kupplung;66;p-3054;Gummipuffer Motorgehäuse, Nupsi -PIAGGIO- V50, V90, V100, ET3 (verwendet als Verschlussstopfen für außenliegende Zündspulenhalterungsbohrung im Motorg
c-4977;Vespa 50 L (V5A1T);Primär, Kickstarter, Kupplung;67;p-14464;Seegerring -WELLE DIN471- Ø=25mm - Smallframe primär, V50, 50N, SS50, SS90, V90, PV125, ET3, PK, PK XL, PK XL2, ETS
c-4977;Vespa 50 L (V5A1T);Räder;1;p-12138;Schraubenzieher -PIAGGIO- Schlitz + Kreuzschlitz
c-4977;Vespa 50 L (V5A1T);Räder;2;p-6063;Ölmessbecher -100ml-
c-4977;Vespa 50 L (V5A1T);Räder;4;p-1330;Zündkerzenschlüssel Werkzeug SW21/13/11mm -VESPA- Smallframe V50, V90, SS50, SS90, PV125, ET3, PK S, PK XL
c-4977;Vespa 50 L (V5A1T);Räder;9;p-8394;Reserveradhalter vorne -VESPA- Vespa V50(N) (bis Bj 1971), V50 L, V50 S, V90 - für geschlossene 9 Zoll Felgen
c-4977;Vespa 50 L (V5A1T);Räder;10;p-8394;Reserveradhalter vorne -VESPA- Vespa V50(N) (bis Bj 1971), V50 L, V50 S, V90 - für geschlossene 9 Zoll Felgen
c-4977;Vespa 50 L (V5A1T);Räder;11;p-15727;Federring -DIN 127- M8
c-4977;Vespa 50 L (V5A1T);Räder;12;p-15727;Federring -DIN 127- M8
c-4977;Vespa 50 L (V5A1T);Räder;13;p-15727;Federring -DIN 127- M8
c-4977;Vespa 50 L (V5A1T);Räder;14;p-15727;Federring -DIN 127- M8
c-4977;Vespa 50 L (V5A1T);Räder;15;p-15725;Unterlegscheibe -DIN 125- M8 - schwarz verzinkt
c-4977;Vespa 50 L (V5A1T);Räder;16;p-15725;Unterlegscheibe -DIN 125- M8 - schwarz verzinkt
c-4977;Vespa 50 L (V5A1T);Räder;19;p-7230;Felge -FA ITALIA 1.80-9 Zoll Stahl - Vespa (Typ V50 9 Zoll - 4 Loch innen) - Grau
c-4977;Vespa 50 L (V5A1T);Räder;20;p-7350;Reifen -MICHELIN ACS- 2.75 - 9 Zoll TT 35J
c-4977;Vespa 50 L (V5A1T);Räder;22;p-7354;Schlauch -MICHELIN- 2.75-9 Zoll
c-4977;Vespa 50 L (V5A1T);Räder;23;p-7230;Felge -FA ITALIA 1.80-9 Zoll Stahl - Vespa (Typ V50 9 Zoll - 4 Loch innen) - Grau
c-4977;Vespa 50 L (V5A1T);Räder;24;p-6063;Ölmessbecher -100ml-
c-4977;Vespa 50 L (V5A1T);Räder;25;p-15719;Mutter -DIN 934- M8
c-4977;Vespa 50 L (V5A1T);Rahmen;1;p-19811;Pfropfen -PIAGGIO- Vespa GTV
c-4977;Vespa 50 L (V5A1T);Rahmen;4;p-349;Schriftzug Kaskade -OEM QUALITÄT- Vespa Piaggio Rechteck - Vespa V50 (1. Serie ab Bj. 1963), Vespa V90 (ab Bj. 1963)
c-4977;Vespa 50 L (V5A1T);Rahmen;6;p-9581;Reparaturblech Hupe/Kaskade -OEM QUALITÄT- Vespa V50, V90 (bis Bj. 1967), PV125 (bis 1967) - Befestigung Hupe 4-Schrauben
c-4977;Vespa 50 L (V5A1T);Rahmen;7;p-9257;Schriftzug Beinschild -VESPA- Vespa 50 - Aufkleber
c-4977;Vespa 50 L (V5A1T);Rahmen;8;p-15163;Werkzeugkasten - Werkzeugfach -OEM QUALITÄT-V50 N (V5A1T ab Nr. 92877), V50 R, V50 L, SS50, SS90, V50 Special, V90 (V9A1T ab Nr. 22235), PV125, ET3
c-4977;Vespa 50 L (V5A1T);Rahmen;11;p-547;Niet für Trittleistenendstück -OEM QUALITÄT- Vespa Rally180 (VSD1T), Rally200 (VSE1T), Sprint150 (VLB1T), TS125 (VNL3T), GT125 (VNL2T), GTR125 (VNL2T)
c-4977;Vespa 50 L (V5A1T);Rahmen;12;p-547;Niet für Trittleistenendstück -OEM QUALITÄT- Vespa Rally180 (VSD1T), Rally200 (VSE1T), Sprint150 (VLB1T), TS125 (VNL3T), GT125 (VNL2T), GTR125 (VNL2T)
c-4977;Vespa 50 L (V5A1T);Rahmen;13;p-11258;Trittleistensatz -MAURO PASCOLI, Breite=20mm- Vespa V50, V50N, 1.Serie (-1964, V5A1T -36000) - Gummi (mit eingegossenen Hohlnieten)
c-4977;Vespa 50 L (V5A1T);Rahmen;14;p-11258;Trittleistensatz -MAURO PASCOLI, Breite=20mm- Vespa V50, V50N, 1.Serie (-1964, V5A1T -36000) - Gummi (mit eingegossenen Hohlnieten)
c-4977;Vespa 50 L (V5A1T);Rahmen;15;p-11258;Trittleistensatz -MAURO PASCOLI, Breite=20mm- Vespa V50, V50N, 1.Serie (-1964, V5A1T -36000) - Gummi (mit eingegossenen Hohlnieten)
c-4977;Vespa 50 L (V5A1T);Rahmen;16;p-11258;Trittleistensatz -MAURO PASCOLI, Breite=20mm- Vespa V50, V50N, 1.Serie (-1964, V5A1T -36000) - Gummi (mit eingegossenen Hohlnieten)
c-4977;Vespa 50 L (V5A1T);Rahmen;17;p-11258;Trittleistensatz -MAURO PASCOLI, Breite=20mm- Vespa V50, V50N, 1.Serie (-1964, V5A1T -36000) - Gummi (mit eingegossenen Hohlnieten)
c-4977;Vespa 50 L (V5A1T);Rahmen;18;p-15701;Schraube -DIN 933- M6 x 25mm (8.8 Festigkeit)
c-4977;Vespa 50 L (V5A1T);Rahmen;19;p-6934;Ständerbleche / Haltebleche Hauptständer -OEM QUALITÄT, Ø=20mm- Vespa GS160 (VSB1T), 50S (V5SA1T 50535-), V90 (V9A1T 57885-), V50 Elestart (V5A3T 5308
c-4977;Vespa 50 L (V5A1T);Rahmen;20;p-10064;Ständerbleche / Haltebleche Hauptständer -OEM QUALITÄT, Ø=16mm- Vespa V50, V90, PV125
c-4977;Vespa 50 L (V5A1T);Rahmen;21;p-12045;Mutter selbstsichernd hoch -DIN 985 ähnl.- M6 - verwendet für z.B. Ständerlaschenbefestigung Vespa
c-4977;Vespa 50 L (V5A1T);Rahmen;22;p-15064;Ständerfederlasche -PIAGGIO- Vespa PX, T5 125cc, PK S, PK XL, Sprint150 (VLB1T), Rally180 (VSD1T), Rally200 (VSE1T), Super, GT125 (VNL2T), GTR125 (VNL
c-4977;Vespa 50 L (V5A1T);Rahmen;23;p-46794;Hauptständer -TOUGHBONE Ø=20mm- Vespa V50, V90, PV125 - verstärktes Material
c-4977;Vespa 50 L (V5A1T);Rahmen;24;p-10070;Ständerfüße -Vespa, Ø= 16mm (-1971)- Vespa V50, SS50, V90, SS90, 90 Racer, PV125 - Schwarz
c-4977;Vespa 50 L (V5A1T);Rahmen;25;p-10070;Ständerfüße -Vespa, Ø= 16mm (-1971)- Vespa V50, SS50, V90, SS90, 90 Racer, PV125 - Schwarz
c-4977;Vespa 50 L (V5A1T);Rahmen;27;p-15084;Gummipuffer Seitenklappe, Nupsi -VESPA- V50, V90, SS50, SS90, PV125, ET3 - Höhe 5mm (Einbauposition: Oben/Links+Rechts)
c-4977;Vespa 50 L (V5A1T);Rahmen;29;p-15084;Gummipuffer Seitenklappe, Nupsi -VESPA- V50, V90, SS50, SS90, PV125, ET3 - Höhe 5mm (Einbauposition: Oben/Links+Rechts)
c-4977;Vespa 50 L (V5A1T);Rahmen;31;p-5098;Seitenklappenhebel -OEM QUALITÄT- Vespa V50, V90, SS50, SS90, PV125, ET3 - Aluminium
c-4977;Vespa 50 L (V5A1T);Rahmen;32;p-359;Seitenklappe rechts -OEM QUALITÄT- Vespa V50 (V5A1T bis Nr. 70239), V50 S (V5SA1T bis Nr. 11764), V90 (V9A1T bis Nr.19974)
c-4977;Vespa 50 L (V5A1T);Rahmen;34;p-44660;Seitenklappe rechts -PREMIUM- Vespa Smallframe ab 1965 - V50 Special (V5A2T, V5B1T, V5B3T), PV125 (VMA2T), ET3 (VMB1T), V50 Elestart, SS50, SS90, 90 R
c-4977;Vespa 50 L (V5A1T);Rahmen;35;p-13469;Seitenklappenhebel -OEM QUALITÄT- Vespa V50, V90, SS50, SS90, PV125, ET3 - Aluminium
c-4977;Vespa 50 L (V5A1T);Rahmen;36;p-13469;Seitenklappenhebel -OEM QUALITÄT- Vespa V50, V90, SS50, SS90, PV125, ET3 - Aluminium
c-4977;Vespa 50 L (V5A1T);Rahmen;38;p-6927;Ständerfeder -OEM QUALITÄT- V50, V90, PV125, ET3
c-4977;Vespa 50 L (V5A1T);Rahmen;39;p-15084;Gummipuffer Seitenklappe, Nupsi -VESPA- V50, V90, SS50, SS90, PV125, ET3 - Höhe 5mm (Einbauposition: Oben/Links+Rechts)
c-4977;Vespa 50 L (V5A1T);Rahmen;41;p-393;Seitenklappenaufhängung -PIAGGIO- Vespa V50 (V5A1T ab Nr. 70240), V50 S (V5SA1T ab Nr. 11765), V90 (V9A1T ab Nr.19975), SS50, SS90, PV125, ET3
c-4977;Vespa 50 L (V5A1T);Rahmen;42;p-393;Seitenklappenaufhängung -PIAGGIO- Vespa V50 (V5A1T ab Nr. 70240), V50 S (V5SA1T ab Nr. 11765), V90 (V9A1T ab Nr.19975), SS50, SS90, PV125, ET3
c-4977;Vespa 50 L (V5A1T);Scheinwerfer, Rücklicht;5;p-9696;Lichtschalter -GRABOR- Vespa V50 N, V50 L, V50 R
c-4977;Vespa 50 L (V5A1T);Scheinwerfer, Rücklicht;6;p-15497;Birne -BA15s (Stifte gerade) - 6V 15W - Weiss - Bremslicht Vespa 90 Racer (V9SS2T), Vespa 50 Special (V5B1T, V5B3T), 50 Sprinter (V5SS1T), 50 SR (V5SS
c-4977;Vespa 50 L (V5A1T);Scheinwerfer, Rücklicht;7;p-15512;Birne -P26s- 6V 15W - Weiss - passend für z.B. Scheinwerfer Vespa V50, Ciao, Lambretta J50, LUI 50
c-4977;Vespa 50 L (V5A1T);Scheinwerfer, Rücklicht;8;p-14329;Scheinwerfereinstellschiene Sicherungsklammer Scheinwerfer -OEM QUALITÄT- Vespa V50, PV125, ET3
c-4977;Vespa 50 L (V5A1T);Scheinwerfer, Rücklicht;10;p-15601;Hupendichtung -OEM QUALITÄT, Ø=54x81x4mm V50, V90, SS50, SS90, PV125, ET3 - Vespa Grau
c-4977;Vespa 50 L (V5A1T);Scheinwerfer, Rücklicht;11;p-9541;Blechmutter 2,9mm (verwendet für Hupe Vespa V50, V90, GL150 (VLA1T), GT125 (VNL2T), GTR125 (VNL2T), Super, Sprint150 (VLB1T), Rally180 (VSD1T), Rally2
c-4977;Vespa 50 L (V5A1T);Scheinwerfer, Rücklicht;12;p-13069;Blechschraube -DIN 7971 2,9x19mm Edelstahl (verwendet für Hupe Rally180 (VSD1T), Rally200 (VSE1T), Sprint150 (VLB1T), TS125 (VNL3T), GT125 (VNL2T), GT
c-4977;Vespa 50 L (V5A1T);Scheinwerfer, Rücklicht;14;p-11525;Schraube -DIN 931- M6 x 25mm (8.8 Festigkeit) - (verwendet für Kupplungsdeckel Vespa PX, Cosa, T5 125ccm, Rally, Sprint, TS, GT, GTR, GL, SS 180, GS 1
c-4977;Vespa 50 L (V5A1T);Scheinwerfer, Rücklicht;15;p-11920;Schraube -DIN 933- M6 x 16mm (8.8 Festigkeit)
c-4977;Vespa 50 L (V5A1T);Scheinwerfer, Rücklicht;16;p-15696;Federring -DIN 127- M6
c-4977;Vespa 50 L (V5A1T);Scheinwerfer, Rücklicht;17;p-13501;Unterlegscheibe Karosserie -DIN 9021- M6 - Edelstahl
c-4977;Vespa 50 L (V5A1T);Scheinwerfer, Rücklicht;18;p-15690;Mutter -DIN 934- M6
c-4977;Vespa 50 L (V5A1T);Scheinwerfer, Rücklicht;19;p-6985;Rücklichtgummi (Dichtung zum Rahmen) -OEM QUALITÄT- Vespa V50 (bis Fg.Nr. V5A1T0122876)
c-4977;Vespa 50 L (V5A1T);Scheinwerfer, Rücklicht;21;p-15485;Soffitte -SV8,5 11x36mm- 6V 5W - Weiss
c-4977;Vespa 50 L (V5A1T);Scheinwerfer, Rücklicht;24;p-45636;Rücklicht -PREMIUM- Vespa V50 (bis Fg.Nr. V5A1T0122876) - Aluminium inkl. Dichtgummi
c-4977;Vespa 50 L (V5A1T);Scheinwerfer, Rücklicht;27;p-9627;Rücklichtglas -SIEM- Vespa V50 (bis Fg.Nr. V5A1T0122876)
c-4977;Vespa 50 L (V5A1T);Scheinwerfer, Rücklicht;29;p-12656;Schraube Rücklichtglas -VESPA M3 x 32mm- Vespa 50 N (V5A1T -122876), GL (VLA1T), Sprint (VLB1T -025478), SS 180 (VSC1T -18000)
c-4977;Vespa 50 L (V5A1T);Scheinwerfer, Rücklicht;30;p-44748;Reflektor für Rücklichtglas - PREMIUM- Vespa VNB, VBB, GS 150 (VS5), GS160 - Pia.ref. 89235
c-4977;Vespa 50 L (V5A1T);Sitzbank, Tank;1;p-3950;Sitzbank -OEM QUALITÄT- Vespa V50S (V5SA2T Japan ), ET3 - ohne Schloss, mit Piaggio Schriftzug - auch passend auf V50, 50N, V90, PV125
c-4977;Vespa 50 L (V5A1T);Sitzbank, Tank;2;p-15091;Sitzbankbezug -OEM QUALITÄT- Vespa V50, PV125 - Keder grau
c-4977;Vespa 50 L (V5A1T);Sitzbank, Tank;3;p-7081;Sitzbankzapfen -OEM QUALITÄT- Vespa M7 x 26mm
c-4977;Vespa 50 L (V5A1T);Sitzbank, Tank;4;p-15072;Gummipuffer Sitzbank -OEM QUALITÄT- Vespa PX (bis Bj. 1997), T5 125cc, PKS, PK XL, V50, PV, ET3
c-4977;Vespa 50 L (V5A1T);Sitzbank, Tank;5;p-3027;Sitzbankbezug-Klammer -PIAGGIO- 7mm - Vespa V50, V90, PV125, ET3, PX, PK, Rally, Sprint, TS, GT, GTR
c-4977;Vespa 50 L (V5A1T);Sitzbank, Tank;6;p-2933;Schraube M6 x 10mm (verwendet für Vergaserwannenbefestigung PX Lusso/Cosa/T5)
c-4977;Vespa 50 L (V5A1T);Sitzbank, Tank;7;p-12065;Unterlegscheibe 6,5x16x1,5mm -PIAGGIO- (verwendet für Kotflügel Vespa PX)
c-4977;Vespa 50 L (V5A1T);Sitzbank, Tank;8;p-12065;Unterlegscheibe 6,5x16x1,5mm -PIAGGIO- (verwendet für Kotflügel Vespa PX)
c-4977;Vespa 50 L (V5A1T);Sitzbank, Tank;9;p-15690;Mutter -DIN 934- M6
c-4977;Vespa 50 L (V5A1T);Sitzbank, Tank;10;p-15690;Mutter -DIN 934- M6
c-4977;Vespa 50 L (V5A1T);Sitzbank, Tank;11;p-12067;Sitzbankfeder -PIAGGIO- Vespa PV 125, V50, ET3, PK, PK S, PK S Lusso, PX, Rally, Sprint, TS
c-4977;Vespa 50 L (V5A1T);Sitzbank, Tank;13;p-15701;Schraube -DIN 933- M6 x 25mm (8.8 Festigkeit)
c-4977;Vespa 50 L (V5A1T);Sitzbank, Tank;14;p-15705;Mutter hoch -DIN 934 ähnlich- M7
c-4977;Vespa 50 L (V5A1T);Sitzbank, Tank;15;p-15711;Federring -DIN 127- M7
c-4977;Vespa 50 L (V5A1T);Sitzbank, Tank;16;p-15711;Federring -DIN 127- M7
c-4977;Vespa 50 L (V5A1T);Sitzbank, Tank;17;p-7113;Gepäckbrücke -AMS CUPPINI- Vespa V50 (1. Serie) - offen, unlackiert
c-4977;Vespa 50 L (V5A1T);Sitzbank, Tank;18;p-12222;Dichtung Tankdeckel -ROLLERLADEN- Vespa V50, PV125, ET3, Motovespa 125/150/160 - Kork
c-4977;Vespa 50 L (V5A1T);Sitzbank, Tank;19;p-11462;Tank -PREMIUM, geöltes Blech- Vespa V50 1° Serie (kurze Ausführung), V50 (V5A1T bis Nr. 70239), V50 S (V5SA1T bis Nr. 11764), V90 (V9A1T bis Nr.19974)
c-4977;Vespa 50 L (V5A1T);Sitzbank, Tank;20;p-6889;Tankdeckel -OEM QUALITÄT- Vespa V50, V90, SS50, SS90, PV125, ET3, Motovespa 125/150/160
c-4977;Vespa 50 L (V5A1T);Sitzbank, Tank;22;p-31304;Tankdeckelverschluss Augbolzen -OEM QUALITÄT- Vespa PX80, PX125, PX150, PX200 (-1984), Vespa 125 - VNB1T - VNB6T, Vespa 150 - VBB1T - VBB2T, GS160 / G
c-4977;Vespa 50 L (V5A1T);Sitzbank, Tank;23;p-11769;Niet für Tankdeckel -OEM QUALITÄT- Vespa PX (-1984), Rally, Sprint, Sprint Veloce, TS, GT, GTR, SS180, GS160, GL, Super, GS150, VNA, VNB, VBA, VBB, Wi
c-4977;Vespa 50 L (V5A1T);Sitzbank, Tank;24;p-19;Mutter für Tankdeckelverschluss - Rändelmutter - VESPA - V50, V90, SS50, SS90, PV125, ET3, VNA, Super, GL150 (VLA1T), GT125 (VNL2T), GTR125 (VNL2T), T
c-4977;Vespa 50 L (V5A1T);Sitzbank, Tank;25;p-11281;Schraubknopf für Sattel -OEM QUALITÄT, vorne- Vespa V50, PV125, ET3
c-4977;Vespa 50 L (V5A1T);Sitzbank, Tank;27;p-12142;Mutter -DIN 934- M10 x 1,5 (verwendet für Traversenschraube Vespa V50, V90, SS50, SS90, PV125, ET3, PK S, PK XL, verwendet für Stoßdämpfer/Motor Vespa
c-4977;Vespa 50 L (V5A1T);Sitzbank, Tank;32;p-11125;Sattel -OEM QUALITÄT, vorne- Vespa V50, PV125, ET3 - schwarz
c-4977;Vespa 50 L (V5A1T);Sitzbank, Tank;33;p-6547;Federscheibe gewellt -DIN 137 Stahl verzinkt- M6
c-4977;Vespa 50 L (V5A1T);Sitzbank, Tank;35;p-15754;Schraube -DIN 933- M7 x 20mm (8.8 Festigkeit)
c-4977;Vespa 50 L (V5A1T);Sitzbank, Tank;37;p-15709;Unterlegscheibe -DIN 125- M7
c-4977;Vespa 50 L (V5A1T);Sitzbank, Tank;40;p-6920;Benzinhahnhebel -OEM QUALITÄT- Vespa V50, V90, SS50, SS90, PV125, ET3 - Kunstoff
c-4977;Vespa 50 L (V5A1T);Sitzbank, Tank;41;p-6500;Gummiring Benzinhahnhebel -OEM QUALITÄT- Vespa PX alt (-1984), Largeframe (-1984), Smallframe - Schwarz
c-4977;Vespa 50 L (V5A1T);Sitzbank, Tank;42;p-12058;Silentbuchse für Benzinhahnhebel -PIAGGIO- Vespa PX, T5 125ccm, Rally, Sprint, TS, PV125, V50, PK S, PK XL
c-4977;Vespa 50 L (V5A1T);Sitzbank, Tank;45;p-6504;Splint Benzinhahn -VESPA- PX, Sprint150 (VLB1T), Rally180 (VSD1T), Rally200 (VSE1T), GT125 (VNL2T), GTR125 (VNL2T), GL150 (VLA1T), Super, VNB, VNA , V
c-4977;Vespa 50 L (V5A1T);Sitzbank, Tank;46;p-11959;Schieber für Benzinhahn -PIAGGIO- Vespa PX, T5 125ccm, PK, V50, PV, ET3, Rally, Sprint, GT, GTR
c-4977;Vespa 50 L (V5A1T);Sitzbank, Tank;47;p-11966;Unterlegscheibe -PIAGGIO- 3,7x9,0x0,5mm (verwendet für Tacho Vespa PK XL2)
c-4977;Vespa 50 L (V5A1T);Sitzbank, Tank;48;p-2343;Benzinhahn -PIAGGIO- Vespa V50, V90, PV125, ET3
c-4977;Vespa 50 L (V5A1T);Sitzbank, Tank;49;p-12077;Kabelbinder Metall für Ansaugschlauch, Schaltzüge -OEM QUALITÄT- Ansaugschlauch Vespa SS180, GS160, GS150, Schaltzüge Vespa VL1-3, VB1, VGL1 - 5x300mm
c-4977;Vespa 50 L (V5A1T);Sitzbank, Tank;50;p-12077;Kabelbinder Metall für Ansaugschlauch, Schaltzüge -OEM QUALITÄT- Ansaugschlauch Vespa SS180, GS160, GS150, Schaltzüge Vespa VL1-3, VB1, VGL1 - 5x300mm
c-4977;Vespa 50 L (V5A1T);Sitzbank, Tank;51;p-10828;Benzinschlauch -PIAGGIO- Ø innen = 7mm, Ø aussen = 14mm, l = 750mm - passend für alle Vespa Schaltrollermodelle, Lambretta Serie 1-3
c-4977;Vespa 50 L (V5A1T);Sitzbank, Tank;52;p-6863;Dichtung Benzinhahn/Tank -PIAGGIO- Vespa (ab Bj. 1950)
c-4977;Vespa 50 L (V5A1T);Sitzbank, Tank;54;p-6864;Mutter Benzinhahn/Tank -VESPA- PX, Sprint150 (VLB1T), Rally180 (VSD1T), Rally200 (VSE1T), GT125 (VNL2T), GTR125 (VNL2T), GL150 (VLA1T), Super, VNB, VN
c-4977;Vespa 50 L (V5A1T);Stoßdämpfer hinten;3;p-12110;Stoßdämpfer hinten -OEM QUALITÄT, 330mm- Vespa PX80, PX125, PX150, PX200, T5 125cc, Rally180 (VSD1T), Rally200 (VSE1T), Sprint150 (VLB1T), TS125 (VNL3
c-4977;Vespa 50 L (V5A1T);Stoßdämpfer hinten;4;p-15719;Mutter -DIN 934- M8
c-4977;Vespa 50 L (V5A1T);Stoßdämpfer hinten;5;p-15727;Federring -DIN 127- M8
c-4977;Vespa 50 L (V5A1T);Stoßdämpfer hinten;6;p-44666;Silentblock Stoßdämpfer oben / Rahmen hinten -PREMIUM QUALITÄT- Vespa PX, T5 125ccm, Rally, Sprint, TS, GT, GTR, SS180, GS160, Super, GL, VNA, VNB, VB
c-4977;Vespa 50 L (V5A1T);Stoßdämpfer hinten;7;p-6410;Stoßdämpferpatrone hinten -OEM QUALITÄT- 330mm- Vespa PX80, PX125, PX150, PX200, T5 125cc, Rally180 (VSD1T), Rally200 (VSE1T), Sprint150 (VLB1T), TS12
c-4977;Vespa 50 L (V5A1T);Stoßdämpfer hinten;8;p-15043;Schraube -DIN 931- M9 x 65mm (verwendet für Stoßdämpfer/Motor Vespa V50, PV, ET3, PX (-1984), Vespa Rally, Sprint150, GL150, Super, TS125, GT125, GTR1
c-4977;Vespa 50 L (V5A1T);Stoßdämpfer hinten;9;p-11549;Mutter -DIN 934 ähnlich- M9 SW=14 (verwendet für Motor/Motorhalter Vespa Wideframe V1 bis V15, V30 bis V33, VM, VN, VL, VU, VB, GS150 / GS3 (VS1 bis V
c-4977;Vespa 50 L (V5A1T);Stoßdämpfer hinten;10;p-11549;Mutter -DIN 934 ähnlich- M9 SW=14 (verwendet für Motor/Motorhalter Vespa Wideframe V1 bis V15, V30 bis V33, VM, VN, VL, VU, VB, GS150 / GS3 (VS1 bis V
c-4977;Vespa 50 L (V5A1T);Stoßdämpfer hinten;11;p-35825;Traversenschraube M10 x 220mm -PIAGGIO- Vespa GT 250 (ZAPM45102), Vespa GT L 125 (ZAPM31100, ZAPM31101), Vespa GT L 200 (ZAPM31200), Vespa GTS 125 (ZA
c-4977;Vespa 50 L (V5A1T);Stoßdämpfer hinten;12;p-15757;Federring -DIN 127- M10
c-4977;Vespa 50 L (V5A1T);Stoßdämpfer hinten;13;p-12142;Mutter -DIN 934- M10 x 1,5 (verwendet für Traversenschraube Vespa V50, V90, SS50, SS90, PV125, ET3, PK S, PK XL, verwendet für Stoßdämpfer/Motor Vespa
c-4977;Vespa 50 L (V5A1T);Stoßdämpfer hinten;19;p-6410;Stoßdämpferpatrone hinten -OEM QUALITÄT- 330mm- Vespa PX80, PX125, PX150, PX200, T5 125cc, Rally180 (VSD1T), Rally200 (VSE1T), Sprint150 (VLB1T), TS12
c-4977;Vespa 50 L (V5A1T);Stoßdämpfer hinten;22;p-47704;Silentblock-Set Stoßdämpfer/Motor -BGM PRO Antislip orange (Made in Germany) Ø=9mm x 48mm- Vespa PX (1983), Rally, TS, Sprint, Sprint Veloce, GT, GTR,
c-4977;Vespa 50 L (V5A1T);Stoßdämpfer hinten;23;p-47704;Silentblock-Set Stoßdämpfer/Motor -BGM PRO Antislip orange (Made in Germany) Ø=9mm x 48mm- Vespa PX (1983), Rally, TS, Sprint, Sprint Veloce, GT, GTR,
c-4977;Vespa 50 L (V5A1T);Stoßdämpfer hinten;24;p-1234;Silentgummi Motor Traverse rechts -PIAGGIO- Vespa PX80, PX125, PX150
c-4977;Vespa 50 L (V5A1T);Stoßdämpfer hinten;25;p-1234;Silentgummi Motor Traverse rechts -PIAGGIO- Vespa PX80, PX125, PX150
c-4977;Vespa 50 L (V5A1T);Stoßdämpfer hinten;26;p-365;Silentblockbuchse Motor -PIAGGIO- Vespa V50, SS50, PK 50S, PK 50XL, PK 50XL2
c-4977;Vespa 50 L (V5A1T);Stoßdämpfer hinten;27;p-8969;Sicherungsring innen Silentblock Motor -PIAGGIO 30x25x2mm- Vespa PX80, PX125, PX150, Sprint150 (VLB1T), TS125 (VNL3T), GT125 (VNL2T), GTR125 (VNL2T), 
c-4977;Vespa 50 L (V5A1T);Stoßdämpfer hinten;29;p-356;Silentgummi Motor Traverse links -VESPA- PX80, PX125, PX150, Sprint150 (VLB1T), TS125 (VNL3T), GT125 (VNL2T), GTR125 (VNL2T), Super, GL150 (VLA1T), VN
c-4977;Vespa 50 L (V5A1T);Stoßdämpfer hinten;31;p-356;Silentgummi Motor Traverse links -VESPA- PX80, PX125, PX150, Sprint150 (VLB1T), TS125 (VNL3T), GT125 (VNL2T), GTR125 (VNL2T), Super, GL150 (VLA1T), VN
c-4977;Vespa 50 L (V5A1T);Stoßdämpfer vorne;1;p-10358;Stoßdämpfer vorne -OEM QUALITÄT- 205mm- Vespa V50 N (1. Serie), V50 R (1. Serie)
c-4977;Vespa 50 L (V5A1T);Stoßdämpfer vorne;25;p-15166;Mutter -DIN 934- M8 x 1,0 (verwendet für Stoßdämpfer/Gabel Vespa V50, V90, SS50, SS90, PV125, ET3)
c-4977;Vespa 50 L (V5A1T);Stoßdämpfer vorne;26;p-15727;Federring -DIN 127- M8
c-4977;Vespa 50 L (V5A1T);Stoßdämpfer vorne;27;p-15727;Federring -DIN 127- M8
c-4977;Vespa 50 L (V5A1T);Stoßdämpfer vorne;28;p-574;Unterlegscheibe Silentgummi/Stoßdämpfer vorne -PIAGGIO- Vespa PX80, PX125, PX150, PX200, T5 125cc, Cosa, PK S-XL, GT-GTV, LX-LXV, ET2, ET4, S, Piaggio
c-4977;Vespa 50 L (V5A1T);Stoßdämpfer vorne;29;p-3553;Silentgummi Stoßdämpfer vorne oben -CIF 14x31x9mm- Vespa V50, 50N, SS50, V90, SS90, PV125, ET3, PK, GS160, SS180
c-4977;Vespa 50 L (V5A1T);Stoßdämpfer vorne;30;p-15719;Mutter -DIN 934- M8
c-4977;Vespa 50 L (V5A1T);Stoßdämpfer vorne;31;p-49139;Unterlegscheibe M8x24x2mm Gabel/Schwingenabdeckung -VESPA- V50, V90, SS50, SS90, PV125, ET3
c-4977;Vespa 50 L (V5A1T);Stoßdämpfer vorne;32;p-15295;O-Ring Ø16x2,50mm -PIAGGIO-Kickstarterwelle Vespa V50, PV125, ET3, PK, PX, T5 125ccm, Cosa, Rally, Sprint, TS125, GT125, GTR125, Super, GS160 / GS4, S
c-4977;Vespa 50 L (V5A1T);Vergaser, Auspuff;1;p-15690;Mutter -DIN 934- M6
c-4977;Vespa 50 L (V5A1T);Vergaser, Auspuff;2;p-15690;Mutter -DIN 934- M6
c-4977;Vespa 50 L (V5A1T);Vergaser, Auspuff;3;p-15690;Mutter -DIN 934- M6
c-4977;Vespa 50 L (V5A1T);Vergaser, Auspuff;4;p-15696;Federring -DIN 127- M6
c-4977;Vespa 50 L (V5A1T);Vergaser, Auspuff;5;p-15696;Federring -DIN 127- M6
c-4977;Vespa 50 L (V5A1T);Vergaser, Auspuff;6;p-13501;Unterlegscheibe Karosserie -DIN 9021- M6 - Edelstahl
c-4977;Vespa 50 L (V5A1T);Vergaser, Auspuff;7;p-11902;Dichtung Auspuffkrümmer/Zylinder -PIAGGIO, M6 Lochstich 52mm- Vespa 50 (V5A1T, V5N1T, V5B2T), 50N (V5A1T, V5B3T), 50 Special (V5B1T), Vespa 90 (V9A1T)
c-4977;Vespa 50 L (V5A1T);Vergaser, Auspuff;8;p-11902;Dichtung Auspuffkrümmer/Zylinder -PIAGGIO, M6 Lochstich 52mm- Vespa 50 (V5A1T, V5N1T, V5B2T), 50N (V5A1T, V5B3T), 50 Special (V5B1T), Vespa 90 (V9A1T)
c-4977;Vespa 50 L (V5A1T);Vergaser, Auspuff;9;p-15143;Auspuffkrümmer -OEM QUALITÄT- für standard Auspuff - Vespa Smallframe V50, PK50/PK80 S, PK50/PK80 XL, PK50 XL2, PK50 HP, PK50 FL, PK 50 Automatik - Al
c-4977;Vespa 50 L (V5A1T);Vergaser, Auspuff;10;p-15447;Ansaugstutzen -VESPA 2-Loch, Drehschieber- Vespa V50 - Ø=16/10mm Dellorto SHB
c-4977;Vespa 50 L (V5A1T);Vergaser, Auspuff;11;p-13981;Dichtung Ansaugstutzen -OEM QUALITÄT- Vespa V50, PV125, ET3, PK50, PK80, PK125 S
c-4977;Vespa 50 L (V5A1T);Vergaser, Auspuff;12;p-44662;Gummiteileset -PREMIUM- für Vespa 50 N/​L/​R/​S, V90, PV​125 1° Serie (VMA1) - Grau
c-4977;Vespa 50 L (V5A1T);Vergaser, Auspuff;14;p-9508;Fächerscheibe -DIN 6798- M10
c-4977;Vespa 50 L (V5A1T);Vergaser, Auspuff;15;p-9508;Fächerscheibe -DIN 6798- M10
c-4977;Vespa 50 L (V5A1T);Vergaser, Auspuff;16;p-3497;Gummi Vergaserwannendeckel -PIAGGIO- Vespa Largeframe (ab Bj. 1958)
c-4977;Vespa 50 L (V5A1T);Vergaser, Auspuff;17;p-15026;Splint -DIN 94- Ø=2,0mm - 20mm - verwendet für Bolzen Klemmplättchen / Bremsarm hinten Vespa PX, Sprint, Rally, V50, PV125, ET3 etc.
c-4977;Vespa 50 L (V5A1T);Vergaser, Auspuff;25;p-9429;Vergaser -DELLORTO 16/10mm SHB- Vespa V50
c-4977;Vespa 50 L (V5A1T);Vergaser, Auspuff;27;p-1848;Auspuff -OEM QUALITÄT- Vespa V50, 50N, 50S, 50L, 50R, 50 Special, V50 Elestart, PV125
c-4977;Vespa 50 L (V5A1T);Vergaser, Auspuff;28;p-1848;Auspuff -OEM QUALITÄT- Vespa V50, 50N, 50S, 50L, 50R, 50 Special, V50 Elestart, PV125
c-4977;Vespa 50 L (V5A1T);Vergaser, Auspuff;29;p-15378;Unterlegscheibe -DIN 125- M10
c-4977;Vespa 50 L (V5A1T);Vergaser, Auspuff;30;p-15757;Federring -DIN 127- M10
c-4977;Vespa 50 L (V5A1T);Vergaser, Auspuff;31;p-9780;Schraube -DIN 933- M10 x 30mm (verwendet als Auspuffschraube Vespa V50, V90, PV125, ET3)
c-4977;Vespa 50 L (V5A1T);Vergaser, Auspuff;34;p-18512;Feder Gemischeinstellschraube -DELLORTO- SHB, SHBC, PHBG
c-4977;Vespa 50 L (V5A1T);Vergaser, Auspuff;35;p-7070;Gemischeinstellschraube -DELLORTO- SHB, SHBC - Gewinde M4 x 0,75mm, L=27mm - dicke Spitze
c-4977;Vespa 50 L (V5A1T);Vergaser, Auspuff;36;p-18516;Schraube Schwimmerkammer -DELLORTO- SHB, PHVA, PHVB, PHBN
c-4977;Vespa 50 L (V5A1T);Vergaser, Auspuff;37;p-7143;Dichtsatz Vergaser -DELLORTO- SHBC 16
c-4977;Vespa 50 L (V5A1T);Vergaser, Auspuff;38;p-2151;Düse -DELLORTO (Typ: 1486)- 5mm ( 52)
c-4977;Vespa 50 L (V5A1T);Vergaser, Auspuff;39;p-7057;Schwimmerstift -DELLORTO- SHB, SI
c-4977;Vespa 50 L (V5A1T);Vergaser, Auspuff;41;p-15441;Vergaserschelle -DELLORTO Ø=34mm- SHBC 16 (Typ Vespa)
c-4977;Vespa 50 L (V5A1T);Vergaser, Auspuff;42;p-15441;Vergaserschelle -DELLORTO Ø=34mm- SHBC 16 (Typ Vespa)
c-4977;Vespa 50 L (V5A1T);Vergaser, Auspuff;43;p-389;Einstellschraube - Gaszugführung -PIAGGIO- M5 x 0,75 - 0° - ohne Kontermutter
c-4977;Vespa 50 L (V5A1T);Vergaser, Auspuff;44;p-12127;Feder Einstellschraube Gaszug am Vergaser -DELLORTO- SHB
c-4977;Vespa 50 L (V5A1T);Vergaser, Auspuff;45;p-4841;Schraube Schieberdeckel -PIAGGIO- Vergaser SI DellOrto - SI20/15, SI20/17, SI20/20, SI24/24, SI26/27
c-4977;Vespa 50 L (V5A1T);Vergaser, Auspuff;48;p-18506;Gasschieber -DELLORTO SHB 16- 6231-1
c-4977;Vespa 50 L (V5A1T);Vergaser, Auspuff;49;p-7021;Gasschieberfeder -DELLORTO- SHBC 16
c-4977;Vespa 50 L (V5A1T);Vergaser, Auspuff;50;p-7142;Dichtsatz Vergaser -DELLORTO- SHB 19 Vespa PV125, ET3
c-4977;Vespa 50 L (V5A1T);Vergaser, Auspuff;52;p-12129;Chokedüse -DELLORTO (Typ: 6217) SHB- 50
c-4977;Vespa 50 L (V5A1T);Vergaser, Auspuff;53;p-7051;Schwimmernadel -DELLORTO, dreieckig- SHBC (Vespa V50, PV,ET3), SHA (Ciao, Bravo, SI), PHBG, PHVA, PHVB, PHBN, FHBB - ungefedert
c-4977;Vespa 50 L (V5A1T);Vergaser, Auspuff;54;p-18510;Schwimmer -DELLORTO- SHB
c-4977;Vespa 50 L (V5A1T);Vergaser, Auspuff;55;p-18513;Schwimmerkammer -DELLORTO- SHB / SHBC 16mm-19mm
c-4977;Vespa 50 L (V5A1T);Vergaser, Auspuff;56;p-7027;Schraube Benzinbanjo -DELLORTO- SHB16/10, SHB16/16
c-4977;Vespa 50 L (V5A1T);Vergaser, Auspuff;58;p-18504;Benzinbanjo -DELLORTO- SHB 16
c-4977;Vespa 50 L (V5A1T);Vergaser, Auspuff;59;p-18503;Benzinfilter -DELLORTO- SHB16-Vergaser- Vespa V50, 50N, 50L, 50R, Special, 50SR, Sprinter, SS50, V90, SS90, 90 Racer
c-4977;Vespa 50 L (V5A1T);Vergaser, Auspuff;64;p-15408;Gussschutzkappe -OEM QUALITÄT- Vespa V50 - Vergaser Ø=16mm
c-4977;Vespa 50 L (V5A1T);Vergaser, Auspuff;65;p-15141;Klemmring Gusskappe -OEM QUALITÄT- Vespa Smallframe
c-4977;Vespa 50 L (V5A1T);Vergaser, Auspuff;66;p-10868;Luftfilter -OEM QUALITÄT- Vespa V50 (1. Serie) (Dellorto SHBC 16mm)
c-4977;Vespa 50 L (V5A1T);Vergaser, Auspuff;67;p-2414;Nebendüse -DELLORTO (Typ: 3360) SH / SHA / SHB- 38
c-4977;Vespa 50 L (V5A1T);Vergaser, Auspuff;68;p-18517;Vergaserdeckel -DELLORTO- SHB 16 (Typ Vespa V50)
c-4977;Vespa 50 L (V5A1T);Vergaser, Auspuff;69;p-7143;Dichtsatz Vergaser -DELLORTO- SHBC 16
c-4977;Vespa 50 L (V5A1T);Vergaser, Auspuff;70;p-515;Mutter für Gaszughebel -PIAGGIO- SHB - SW=8
c-4977;Vespa 50 L (V5A1T);Vergaser, Auspuff;71;p-11320;Unterlegscheibe M6 DIN 433 ähnlich - kleinerer Außendurchmesser für Befestigung Lufteintrittshaube -LAMBRETTA- LI, LIS, SX, TV, DL, GP, Motorgehäuse L
c-4977;Vespa 50 L (V5A1T);Zündung;1;p-15684;Federring -DIN 127- M5
c-4977;Vespa 50 L (V5A1T);Zündung;2;p-15684;Federring -DIN 127- M5
c-4977;Vespa 50 L (V5A1T);Zündung;3;p-15684;Federring -DIN 127- M5
c-4977;Vespa 50 L (V5A1T);Zündung;4;p-3044;Schraube -DIN 85- M5 x 14mm (verwendet für Zündgrundplatte Rally180 (VSD1T), Rally200 (VSE1T), Sprint150 (VLB1T), TS125 (VNL3T), GT125 (VNL2T), GTR125
c-4977;Vespa 50 L (V5A1T);Zündung;5;p-3044;Schraube -DIN 85- M5 x 14mm (verwendet für Zündgrundplatte Rally180 (VSD1T), Rally200 (VSE1T), Sprint150 (VLB1T), TS125 (VNL3T), GT125 (VNL2T), GTR125
c-4977;Vespa 50 L (V5A1T);Zündung;15;p-6660;Seegerring -BOHRUNG DIN472- Ø=28mm
c-4977;Vespa 50 L (V5A1T);Zündung;16;p-9129;Seegerring -BOHRUNG DIN472- Ø=25mm - (verwendet für Polrad Vespa V50, 50N, PV125, SS50, SS90, SR50, Sprint150, Super, VNA, GT125, GTR125)
c-4977;Vespa 50 L (V5A1T);Zündung;19;p-17014;Bougierohr -UNIVERSAL Ø=6mm- 5m - Schwarz
c-4977;Vespa 50 L (V5A1T);Zündung;20;p-170;Gummi Motor/Kabel -PIAGGIO- Vespa V50, V90, PV, ET3, VNA1T-2T, VNB1T-5T (verwendet zur Kabeldurchführung Motorgehäuse / Zündgrundplatte)
c-4977;Vespa 50 L (V5A1T);Zündung;21;p-170;Gummi Motor/Kabel -PIAGGIO- Vespa V50, V90, PV, ET3, VNA1T-2T, VNB1T-5T (verwendet zur Kabeldurchführung Motorgehäuse / Zündgrundplatte)
c-4977;Vespa 50 L (V5A1T);Zündung;22;p-6833;Gummikappe Kabelkästchen -PIAGGIO- Vespa alle Modelle
c-4977;Vespa 50 L (V5A1T);Zündung;23;p-45381;Verbindungskabel Zündspule und Kabelkästchen -VESPARATUR- Vespa Sprint, GT, GTR, TS
c-4977;Vespa 50 L (V5A1T);Zündung;24;p-45381;Verbindungskabel Zündspule und Kabelkästchen -VESPARATUR- Vespa Sprint, GT, GTR, TS
c-4977;Vespa 50 L (V5A1T);Zündung;25;p-45381;Verbindungskabel Zündspule und Kabelkästchen -VESPARATUR- Vespa Sprint, GT, GTR, TS
c-4977;Vespa 50 L (V5A1T);Zündung;31;p-6547;Federscheibe gewellt -DIN 137 Stahl verzinkt- M6
c-4977;Vespa 50 L (V5A1T);Zündung;34;p-13483;Schraube -DIN 84- M6 x 12mm (verwendet für Lüfterradabdeckung Vespa)
c-4977;Vespa 50 L (V5A1T);Zündung;35;p-3037;Schraube Zündkontakt M4 x 10mm mit Schlitz -PIAGGIO- Vespa Smallframe V50, PV125, Wideframe VM1, VM2, VNB1, VNB2, Super, GS150 VS1-5, Sprint, GT, GTR,
c-4977;Vespa 50 L (V5A1T);Zündung;36;p-11195;Zündkontakte -PIAGGIO kurz, Ø=5,0mm Führungsbolzen- Vespa 50 N, L, R, Special
c-4977;Vespa 50 L (V5A1T);Zündung;37;p-15774;Schmierfilz Kontaktzündung (Kondensator Ø=14mm) -OEM QUALITÄT- Vespa V50, PX
c-4977;Vespa 50 L (V5A1T);Zündung;38;p-15774;Schmierfilz Kontaktzündung (Kondensator Ø=14mm) -OEM QUALITÄT- Vespa V50, PX
c-4977;Vespa 50 L (V5A1T);Zündung;39;p-15774;Schmierfilz Kontaktzündung (Kondensator Ø=14mm) -OEM QUALITÄT- Vespa V50, PX
c-4977;Vespa 50 L (V5A1T);Zündung;40;p-15774;Schmierfilz Kontaktzündung (Kondensator Ø=14mm) -OEM QUALITÄT- Vespa V50, PX
c-4977;Vespa 50 L (V5A1T);Zündung;42;p-3231;Kondensator -EFFE, Ø=20mm, h=31mm, µF 0,25, 1-Kabel- Vespa V50 N, V50 L, V50 R (1° Serie), V50 Special V5A2T (1° Serie), V50 V5B1T (1° Serie)
c-4977;Vespa 50 L (V5A1T);Zündung;43;p-15688;Schraube -DIN 7985- M5 x 25mm (verwendet für Halter CDI / Elektronikzentrale PX)
c-4977;Vespa 50 L (V5A1T);Zündung;45;p-8677;Lichtspule -CEAB- Vespa V50 (Modelle mit innenliegender Zündspule)
c-4977;Vespa 50 L (V5A1T);Zündung;46;p-8677;Lichtspule -CEAB- Vespa V50 (Modelle mit innenliegender Zündspule)
c-4977;Vespa 50 L (V5A1T);Zündung;51;p-15456;Zündspule innenliegend -CIF- Vespa V50 (V5A1M ab Nr. 97776)
c-4977;Vespa 50 L (V5A1T);Zündung;53;p-15067;Zündkabel -PIAGGIO 100cm- Ø=7mm mit Öse
c-4977;Vespa 50 L (V5A1T);Zündung;54;p-33184;Zündkerzenstecker -POLINI- Silikon, kurz - blau
c-4977;Vespa 50 L (V5A1T);Zündung;58;p-3062;Schraube Zündkontakt M4x10mm mit Schlitz -OEM QUALITÄT- Vespa Smallframe V50, PV125, Wideframe VM1, VM2, VNB1, VNB2, Super, GS150 VS1-5, Sprint, GT, G
c-4977;Vespa 50 L (V5A1T);Zündung;59;p-2978;Fächerscheibe -DIN 6798- M3 (verwendet für Sicherungshalter PX, Zündkontakt Vespa lang)
c-4977;Vespa 50 L (V5A1T);Zündung;60;p-6517;Gummistopfen Polrad (Niere) -OEM QUALITÄT Höhe=11.4mm, Breite: 40.6mm- Vespa V50 (200001 bis 763500), V90, 90SS, VNB6T (ab 04295), Super, GT125 (VNL2T
c-5007;Vespa 50 S (V5A1T, 1964);Bowdenzüge;1;p-9818;Lötnippel -UNIVERSAL- Nippel Ø=3,0mm x 3mm
c-5007;Vespa 50 S (V5A1T, 1964);Bowdenzüge;4;p-6449;Endkappe für Außenzug -UNIVERSAL- Øinnen=4mm
c-5007;Vespa 50 S (V5A1T, 1964);Bowdenzüge;5;p-6449;Endkappe für Außenzug -UNIVERSAL- Øinnen=4mm
c-5007;Vespa 50 S (V5A1T, 1964);Bowdenzüge;6;p-6449;Endkappe für Außenzug -UNIVERSAL- Øinnen=4mm
c-5007;Vespa 50 S (V5A1T, 1964);Bowdenzüge;7;p-6449;Endkappe für Außenzug -UNIVERSAL- Øinnen=4mm
c-5007;Vespa 50 S (V5A1T, 1964);Bowdenzüge;8;p-6449;Endkappe für Außenzug -UNIVERSAL- Øinnen=4mm
c-5007;Vespa 50 S (V5A1T, 1964);Bowdenzüge;9;p-6449;Endkappe für Außenzug -UNIVERSAL- Øinnen=4mm
c-5007;Vespa 50 S (V5A1T, 1964);Bowdenzüge;10;p-10817;Aussenhülle -VESPA Vintage- Ø innen = 2,0mm, Ø aussen = 4,4mm (5m) - Grau
c-5007;Vespa 50 S (V5A1T, 1964);Bowdenzüge;11;p-10817;Aussenhülle -VESPA Vintage- Ø innen = 2,0mm, Ø aussen = 4,4mm (5m) - Grau
c-5007;Vespa 50 S (V5A1T, 1964);Bowdenzüge;12;p-6548;Zug universal innen -Ø=1,2mm x 2000mm, Nippel Ø=5,5mm x 7mm- verwendet als Gaszug - gedreht
c-5007;Vespa 50 S (V5A1T, 1964);Bowdenzüge;14;p-6432;Endhülse für Zug -UNIVERSAL- Øinnen=7,2mm
c-5007;Vespa 50 S (V5A1T, 1964);Bowdenzüge;15;p-6432;Endhülse für Zug -UNIVERSAL- Øinnen=7,2mm
c-5007;Vespa 50 S (V5A1T, 1964);Bowdenzüge;16;p-6432;Endhülse für Zug -UNIVERSAL- Øinnen=7,2mm
c-5007;Vespa 50 S (V5A1T, 1964);Bowdenzüge;17;p-6432;Endhülse für Zug -UNIVERSAL- Øinnen=7,2mm
c-5007;Vespa 50 S (V5A1T, 1964);Bowdenzüge;18;p-10818;Aussenhülle -VESPA Vintage- Ø innen = 2,4mm, Ø aussen = 5,0mm (5m) - Grau
c-5007;Vespa 50 S (V5A1T, 1964);Bowdenzüge;21;p-6423;Zug universal innen -Ø=1,9mm x 2000mm, Nippel Birnentyp- verwendet als Kupplungszug, Bremszug vorne - gedreht
c-5007;Vespa 50 S (V5A1T, 1964);Bowdenzüge;22;p-9816;Birnennippeladapter -PIAGGIO- Nippel Ø=8x8mm - Vespa PX, T5 125ccm, Rally, Sprint, VBB, VNB, VNA, VBA, Super, TS, GT, GTR, V50, 50N, SS50, SS90, V90, 
c-5007;Vespa 50 S (V5A1T, 1964);Bowdenzüge;23;p-9816;Birnennippeladapter -PIAGGIO- Nippel Ø=8x8mm - Vespa PX, T5 125ccm, Rally, Sprint, VBB, VNB, VNA, VBA, Super, TS, GT, GTR, V50, 50N, SS50, SS90, V90, 
c-5007;Vespa 50 S (V5A1T, 1964);Bowdenzüge;25;p-6529;Tachowelle -PIAGGIO- Vespa V50, PV125
c-5007;Vespa 50 S (V5A1T, 1964);Bowdenzüge;28;p-6423;Zug universal innen -Ø=1,9mm x 2000mm, Nippel Birnentyp- verwendet als Kupplungszug, Bremszug vorne - gedreht
c-5007;Vespa 50 S (V5A1T, 1964);Bowdenzüge;29;p-10819;Aussenhülle -VESPA Vintage- Ø innen = 3,0mm, Ø aussen = 5,5mm (5m) - Grau
c-5007;Vespa 50 S (V5A1T, 1964);Bowdenzüge;30;p-10817;Aussenhülle -VESPA Vintage- Ø innen = 2,0mm, Ø aussen = 4,4mm (5m) - Grau
c-5007;Vespa 50 S (V5A1T, 1964);Bowdenzüge;31;p-10817;Aussenhülle -VESPA Vintage- Ø innen = 2,0mm, Ø aussen = 4,4mm (5m) - Grau
c-5007;Vespa 50 S (V5A1T, 1964);Bowdenzüge;32;p-35201;Schraubenschlüssel, Doppel-Maulschlüssel -TOPTUL- 8x9mm SLIMLINE- verwendet zur Befestigung Klemmnippel Schaltraste Vespa
c-5007;Vespa 50 S (V5A1T, 1964);Bowdenzüge;33;p-35201;Schraubenschlüssel, Doppel-Maulschlüssel -TOPTUL- 8x9mm SLIMLINE- verwendet zur Befestigung Klemmnippel Schaltraste Vespa
c-5007;Vespa 50 S (V5A1T, 1964);Bowdenzüge;34;p-1307;Bremspedalbolzen -VESPA- V50, V90, SS50, SS90, PV125, ET3 (bis Nr. 52720), PX (Bj. 1977)
c-5007;Vespa 50 S (V5A1T, 1964);Bowdenzüge;35;p-15026;Splint -DIN 94- Ø=2,0mm - 20mm - verwendet für Bolzen Klemmplättchen / Bremsarm hinten Vespa PX, Sprint, Rally, V50, PV125, ET3 etc.
c-5007;Vespa 50 S (V5A1T, 1964);Bowdenzüge;36;p-6937;Bremspedalfeder -VESPA- PX, T5 125cc, PK, V50, V90, SS50, SS90, PV125, ET3
c-5007;Vespa 50 S (V5A1T, 1964);Bowdenzüge;37;p-9892;Bremspedalgummi -PIAGGIO- Vespa V50, PV, ET3 - Schwarz
c-5007;Vespa 50 S (V5A1T, 1964);Bowdenzüge;39;p-11964;Sicherungsstift - Spannstift -PIAGGIO- 3x18mm (verwendet für Kupplungsarm Vespa V50, PV125, ET3)
c-5007;Vespa 50 S (V5A1T, 1964);Bowdenzüge;40;p-15700;Schraube -DIN 933- M6 x 20mm (8.8 Festigkeit)
c-5007;Vespa 50 S (V5A1T, 1964);Bowdenzüge;41;p-15694;Unterlegscheibe -DIN 125- M6
c-5007;Vespa 50 S (V5A1T, 1964);Bowdenzüge;42;p-15694;Unterlegscheibe -DIN 125- M6
c-5007;Vespa 50 S (V5A1T, 1964);Bowdenzüge;43;p-15696;Federring -DIN 127- M6
c-5007;Vespa 50 S (V5A1T, 1964);Bowdenzüge;44;p-15696;Federring -DIN 127- M6
c-5007;Vespa 50 S (V5A1T, 1964);Bowdenzüge;45;p-15690;Mutter -DIN 934- M6
c-5007;Vespa 50 S (V5A1T, 1964);Bowdenzüge;47;p-13137;Kastenmutter -M6- verwendet für Befestigung Spannungsregler und Bremspedal Vespa PX, T5, PK, Cosa
c-5007;Vespa 50 S (V5A1T, 1964);Bowdenzüge;48;p-13137;Kastenmutter -M6- verwendet für Befestigung Spannungsregler und Bremspedal Vespa PX, T5, PK, Cosa
c-5007;Vespa 50 S (V5A1T, 1964);Bowdenzüge;49;p-6936;Bremspedalbolzen Ø=5,5x21,5mm -PIAGGIO- Vespa PX, T5 125cc, PK, V50, V90, SS50, SS90, PV125, ET3 - verwendet zur Befestigung des Bremszuges im Pedal (
c-5007;Vespa 50 S (V5A1T, 1964);Bowdenzüge;50;p-1824;Gummi Rahmen/Bremspedal -OEM QUALITÄT- Vespa V50, V90, PV, PX alt (-1984) - runde Form
c-5007;Vespa 50 S (V5A1T, 1964);Bowdenzüge;51;p-15026;Splint -DIN 94- Ø=2,0mm - 20mm - verwendet für Bolzen Klemmplättchen / Bremsarm hinten Vespa PX, Sprint, Rally, V50, PV125, ET3 etc.
c-5007;Vespa 50 S (V5A1T, 1964);Bowdenzüge;54;p-6438;Klemmschraube Bremszug hinten -PIAGGIO- Vespa V50, V90, SS50, SS90, PV125, ET3, VNA, VNB, VBA, VBB, Super, GL150 (VLA1T), GT125 (VNL2T), GTR125 (VNL2T
c-5007;Vespa 50 S (V5A1T, 1964);Bowdenzüge;55;p-10820;Aussenhülle -VESPA Vintage- Ø innen = 4,3mm, Ø aussen = 6,5mm (5m) - Grau
c-5007;Vespa 50 S (V5A1T, 1964);Bowdenzüge;56;p-6515;Endkappe für Außenzug -UNIVERSAL- Øinnen=7mm
c-5007;Vespa 50 S (V5A1T, 1964);Bowdenzüge;57;p-6428;Bremszug hinten innen -OEM QUALITÄT, Ø=2,9mm mit Öse- Vespa PX, V50, PV125, ET3
c-5007;Vespa 50 S (V5A1T, 1964);Bowdenzüge;59;p-17327;Chokezug -BGM PRO- Vespa Smallframe, 300/380mm, Tonne 3x3mm
c-5007;Vespa 50 S (V5A1T, 1964);Bowdenzüge;61;p-9807;Schaltzug -PIAGGIO- Vespa V50, PV125, ET3
c-5007;Vespa 50 S (V5A1T, 1964);Bowdenzüge;62;p-9803;Kupplungszug -PIAGGIO- Vespa V50, PV125, ET3
c-5007;Vespa 50 S (V5A1T, 1964);Bowdenzüge;63;p-6529;Tachowelle -PIAGGIO- Vespa V50, PV125
c-5007;Vespa 50 S (V5A1T, 1964);Bowdenzüge;64;p-9792;Bremszug vorne -PIAGGIO- Vespa V50, PV125, ET3
c-5007;Vespa 50 S (V5A1T, 1964);Bowdenzüge;66;p-362;Federscheibe gewellt -PIAGGIO- Stahl verzinkt- M6 - verwendet für Zylinderhaube Smallframe, Druckfeder Chokehebel
c-5007;Vespa 50 S (V5A1T, 1964);Bowdenzüge;68;p-15696;Federring -DIN 127- M6
c-5007;Vespa 50 S (V5A1T, 1964);Bowdenzüge;69;p-15690;Mutter -DIN 934- M6
c-5007;Vespa 50 S (V5A1T, 1964);Bowdenzüge;70;p-3120;Chokehebel am Rahmen -OEM QUALITÄT- Vespa PK S, PK XL - flaches Blech
c-5007;Vespa 50 S (V5A1T, 1964);Bowdenzüge;71;p-5621;Gummi Rahmen/Schalt-Kupplungszug -IMPORT- Vespa V50, V90, PV, ET3
c-5007;Vespa 50 S (V5A1T, 1964);Bowdenzüge;72;p-11542;Schutzhülle Gangseilzüge -PIAGGIO- Vespa PX, T5 125ccm, Rally, TS, Sprint, GT, GTR, SS180, GS160, GL, Super, VNA, VNB, VBA, VBB) - schwarz
c-5007;Vespa 50 S (V5A1T, 1964);Bowdenzüge;73;p-11795;Schlauchklemme -UNIVERSAL- Ø = 14mm - verwendet z.B. für Benzinschlauch Vespa Klassik Largeframe (Vespa PX, Rally, Sprint, GT, GTR, Super, VNA, VNB, V
c-5007;Vespa 50 S (V5A1T, 1964);Bowdenzüge;74;p-11624;Klammer zur Führung der Schaltzüge -PIAGGIO- Vespa PX, T5 125ccm, Rally, TS, Sprint, Sprint Veloce, GT, GTR, GL, Super, SS180, V50, PV125, ET3, PK S, 
c-5007;Vespa 50 S (V5A1T, 1964);Bowdenzüge;75;p-15701;Schraube -DIN 933- M6 x 25mm (8.8 Festigkeit)
c-5007;Vespa 50 S (V5A1T, 1964);Gabel, Vorderrad;1;p-15319;Schraube Felge M10 -OEM QUALITÄT- Vespa V50 (V5A1T bis Nr. 752188), V5SS2T, V5R1T, V90 (V9A1T) - Modelle mit 4-Loch Felge
c-5007;Vespa 50 S (V5A1T, 1964);Gabel, Vorderrad;2;p-8331;Bremstrommel vorne 9 Zoll + 10 Zoll -PREDIERI & ABBATE- Vespa Smallframe 1963-1984 - V50 N (V5A1T), V50 S (V5SA1T), V50 L (V5A1T), SR50 (V, V50 R (V5A
c-5007;Vespa 50 S (V5A1T, 1964);Gabel, Vorderrad;3;p-8331;Bremstrommel vorne 9 Zoll + 10 Zoll -PREDIERI & ABBATE- Vespa Smallframe 1963-1984 - V50 N (V5A1T), V50 S (V5SA1T), V50 L (V5A1T), SR50 (V, V50 R (V5A
c-5007;Vespa 50 S (V5A1T, 1964);Gabel, Vorderrad;4;p-4089;Zentrierstift - Pin für Bremstrommel 9 (geschlossener Felgentyp) -OEM QUALITÄT- Vespa V50 R (V5A1T bis Nr. 752188), V50 N, V50 S, V50 L, SR50, V90
c-5007;Vespa 50 S (V5A1T, 1964);Gabel, Vorderrad;5;p-367;Bremstrommelflansch / Achse vorne -OEM QUALITÄT- Vespa V50(N) (bis Bj 1971), V50 L, V50 S, V90
c-5007;Vespa 50 S (V5A1T, 1964);Gabel, Vorderrad;6;p-367;Bremstrommelflansch / Achse vorne -OEM QUALITÄT- Vespa V50(N) (bis Bj 1971), V50 L, V50 S, V90
c-5007;Vespa 50 S (V5A1T, 1964);Gabel, Vorderrad;7;p-1459;Wellendichtring 17x40x7mm - (verwendet für Vorderrad Rally180 (VSD1T), Rally200 (VSE1T), Sprint150 (VLB1T), TS125 (VNL3T), GT125 (VNL2T), GTR125 (VNL2
c-5007;Vespa 50 S (V5A1T, 1964);Gabel, Vorderrad;8;p-1;Seegerring -BOHRUNG DIN472- Ø=40mm - (verwendet für Radlager 6203 in Schwinge V50, 50N, PV125, Sprint, Rally, VBB)
c-5007;Vespa 50 S (V5A1T, 1964);Gabel, Vorderrad;9;p-13920;Kugellager -6203- (17x40x12mm) - (verwendet für Kurbelwelle Lambretta A, B, C, LC)
c-5007;Vespa 50 S (V5A1T, 1964);Gabel, Vorderrad;10;p-354;Kronenmutter Schwinge/Vorderradlager -VESPA- V50, V90, SS50, SS90, PV125, ET3
c-5007;Vespa 50 S (V5A1T, 1964);Gabel, Vorderrad;11;p-14286;Kugellager -6201- (12x32x10mm) - (verwendet für Vorderrad Lambretta alle, Vespa PX (bis Bj. 1982) - Getriebe Lambretta A, B, C, LC, D, LD)
c-5007;Vespa 50 S (V5A1T, 1964);Gabel, Vorderrad;12;p-370;Tachoschnecken-Set -BGM ORIGINAL- Vespa 11 Zähne, Ø=21,8mm, Metall + 9 Zähne, l= 31mm, 2,7mm Vierkant, schwarz (passend für Tachoschnecke 9 Zähne) - (
c-5007;Vespa 50 S (V5A1T, 1964);Gabel, Vorderrad;13;p-361;Gummikappe Tachoantrieb -PIAGGIO- Vespa V50, V90, PV, ET3 - grau
c-5007;Vespa 50 S (V5A1T, 1964);Gabel, Vorderrad;14;p-353;Gummi Tachowelle/Bremsankerplatte -PIAGGIO- Vespa V50, V90, PV, ET3
c-5007;Vespa 50 S (V5A1T, 1964);Gabel, Vorderrad;15;p-368;Tachoschnecke -BGM ORIGINAL- Vespa 9 Zähne, l= 31mm, 2,7mm Vierkant, schwarz (verwendet in Vespa V50, 50N, 50L, 50R (V5A1T, 9 Zoll Reifen)
c-5007;Vespa 50 S (V5A1T, 1964);Gabel, Vorderrad;16;p-11591;Dichtung für Sicherungskappe Tachoschnecke -OEM QUALITÄT- Vespa V50, PV125, ET3 - Ø=14x20x1,5mm
c-5007;Vespa 50 S (V5A1T, 1964);Gabel, Vorderrad;19;p-545;Niet - Kerbnagel Ø=4x10mm für Lenkschlossblende Typ NEIMAN (Oval) -OEM QUALITÄT- Vespa Rally180 (VSD1T), Rally200 (VSE1T), Sprint150 (VLB1T), TS125 (V
c-5007;Vespa 50 S (V5A1T, 1964);Gabel, Vorderrad;20;p-2728;Schlüsselrohling -ZADI- Vespa/Ape Lenkschloss
c-5007;Vespa 50 S (V5A1T, 1964);Gabel, Vorderrad;21;p-8912;Lenkschlossblenden-Set -NEIMAN (Oval, 1962-1971), Niet Ø=3mm- Vespa V50 L (V5A1T bis 580000), V50 N (V5A1T bis 236000), V90 (V9A1T bis 31300), PV125 (
c-5007;Vespa 50 S (V5A1T, 1964);Gabel, Vorderrad;22;p-8740;Lenkschloss -IMPORT- Vespa GS160 (bis Nr. 0055506)
c-5007;Vespa 50 S (V5A1T, 1964);Gabel, Vorderrad;25;p-15132;Schwingenabdeckung -PIAGGIO- Vespa V50, ET3, PV125 - Aluminium, Silbern
c-5007;Vespa 50 S (V5A1T, 1964);Gabel, Vorderrad;26;p-15360;Mutter -DIN 934- M12 x 1,50 - verwendet als Kupplungsmutter für Kupplung Vespa Cosa2
c-5007;Vespa 50 S (V5A1T, 1964);Gabel, Vorderrad;27;p-11565;Federring -DIN 127- M12
c-5007;Vespa 50 S (V5A1T, 1964);Gabel, Vorderrad;28;p-47290;Schwingenabdeckungs-Kit -OEM QUALITÄT- Vespa V50, ET3, PV125 innen
c-5007;Vespa 50 S (V5A1T, 1964);Gabel, Vorderrad;29;p-15145;Kotflügel -OEM QUALITÄT- Vespa V50, V90, PV125, ET3 - unlackiert
c-5007;Vespa 50 S (V5A1T, 1964);Gabel, Vorderrad;31;p-6706;Schwingenlagersatz -VESPA- V50, ET3, PV125
c-5007;Vespa 50 S (V5A1T, 1964);Gabel, Vorderrad;32;p-6706;Schwingenlagersatz -VESPA- V50, ET3, PV125
c-5007;Vespa 50 S (V5A1T, 1964);Gabel, Vorderrad;33;p-44644;O-Ring Set (6-teilig) Gabel -OEM QUALITÄT- Vespa Smallframe V50, PV, ET3, Motovespa T3, 125 Primavera
c-5007;Vespa 50 S (V5A1T, 1964);Gabel, Vorderrad;34;p-44644;O-Ring Set (6-teilig) Gabel -OEM QUALITÄT- Vespa Smallframe V50, PV, ET3, Motovespa T3, 125 Primavera
c-5007;Vespa 50 S (V5A1T, 1964);Gabel, Vorderrad;35;p-17425;Einstellschraube M5 x 20mm (Øinnen=6,9mm) -BGM ORIGINAL- (verwendet für Schaltraste Vespa) - 10 Stück
c-5007;Vespa 50 S (V5A1T, 1964);Gabel, Vorderrad;36;p-15682;Mutter -DIN 934- M5
c-5007;Vespa 50 S (V5A1T, 1964);Gabel, Vorderrad;37;p-12252;Klemmschraube Vorderradbremszug -PIAGGIO- Vespa V50, V90, SS50, SS90, PV125, ET3, VNA, VNB, VBA, VBB, Super, GL150 (VLA1T), GT125 (VNL2T), GTR125 (VNL
c-5007;Vespa 50 S (V5A1T, 1964);Gabel, Vorderrad;38;p-555;Klemmplättchen-Bolzen Ø=5,0x11mm Bremse vorne -OEM QUALITÄT- alle Modelle (bis Bj. 1981), PX (-1984)
c-5007;Vespa 50 S (V5A1T, 1964);Gabel, Vorderrad;39;p-15026;Splint -DIN 94- Ø=2,0mm - 20mm - verwendet für Bolzen Klemmplättchen / Bremsarm hinten Vespa PX, Sprint, Rally, V50, PV125, ET3 etc.
c-5007;Vespa 50 S (V5A1T, 1964);Gabel, Vorderrad;42;p-15705;Mutter hoch -DIN 934 ähnlich- M7
c-5007;Vespa 50 S (V5A1T, 1964);Gabel, Vorderrad;43;p-581;Bremsarm mit Bremsnocke vorne -BGM ORIGINAL- Vespa V50, V90, SS50, SS90, PV125, ET3 - Ø= 14,9mm
c-5007;Vespa 50 S (V5A1T, 1964);Gabel, Vorderrad;44;p-6843;Kotflügelschraube seitlich M5 x 16mm -CIF- Vespa Smallframe V50, 50N, PV, ET3, PK S, PK XL, Largeframe PX, VNA, VNB, VBA, VBB, Super, Sprint Veloce, R
c-5007;Vespa 50 S (V5A1T, 1964);Gabel, Vorderrad;45;p-3017;Unterlegscheibe Hebelschraube (unten) -PIAGGIO- 14x5,3x1,0mm - Vespa V50, V90, SS50, SS90, PV125, ET3, Super, GS150, Sprint, Rally, SS180, PX, T5 125c
c-5007;Vespa 50 S (V5A1T, 1964);Gabel, Vorderrad;46;p-15684;Federring -DIN 127- M5
c-5007;Vespa 50 S (V5A1T, 1964);Gabel, Vorderrad;47;p-15684;Federring -DIN 127- M5
c-5007;Vespa 50 S (V5A1T, 1964);Gabel, Vorderrad;48;p-15684;Federring -DIN 127- M5
c-5007;Vespa 50 S (V5A1T, 1964);Gabel, Vorderrad;49;p-15682;Mutter -DIN 934- M5
c-5007;Vespa 50 S (V5A1T, 1964);Gabel, Vorderrad;50;p-15682;Mutter -DIN 934- M5
c-5007;Vespa 50 S (V5A1T, 1964);Gabel, Vorderrad;51;p-18207;Schraube für Gepäckfach -BGM ORIGINAL M5 x 25mm, vernickelt- Vespa PX, Rally180, Rally200, TS125, GS160 / GS4 (ab VSB1T0054684), SS180
c-5007;Vespa 50 S (V5A1T, 1964);Gabel, Vorderrad;54;p-6679;Schraube -DIN 933- M5 x 10mm (verwendet für Abdeckblech Tachoschnecke Vespa PX, T5 125cc, V50, PV125, ET3)
c-5007;Vespa 50 S (V5A1T, 1964);Gabel, Vorderrad;55;p-45470;Schwinge -PREMIUM- V50, ET3, PV125 - Bremsnocke Ø=14,9mm
c-5007;Vespa 50 S (V5A1T, 1964);Gabel, Vorderrad;56;p-45470;Schwinge -PREMIUM- V50, ET3, PV125 - Bremsnocke Ø=14,9mm
c-5007;Vespa 50 S (V5A1T, 1964);Gabel, Vorderrad;58;p-15130;Bremsbacken -NEWFREN- Ø=125x17mm- 8 + 9 + 10 vorne, 1 Aufnahme, Vespa Smallframe V50, V90, SS50, SS90, PV125, ET3, Wideframe V1T bis V15T, V30T-V33T, 
c-5007;Vespa 50 S (V5A1T, 1964);Gabel, Vorderrad;59;p-159;Bremsbacken Rückholfeder -PIAGGIO- Vespa Rally (v), Sprint (v), GT (v), GTR (v), TS (v), Super (v), V50-90 (v), SS50-90 (v), PV125 (v), ET3 (v), GS160
c-5007;Vespa 50 S (V5A1T, 1964);Gabel, Vorderrad;60;p-15030;Bremsbackensicherung (Omega) -VESPA- V50, V90, SS50, SS90, PV125, ET3, VNA, VNB, VBA, VBB, Super, GL150 (VLA1T), GT125 (VNL2T), GTR125 (VNL2T), TS125 
c-5007;Vespa 50 S (V5A1T, 1964);Gabel, Vorderrad;64;p-11773;Distanzscheibe Kunststoff Ø=18x6,4x6mm für Kotflügel -OEM QUALITÄT- Vespa V50, V90, PV125, ET3 125
c-5007;Vespa 50 S (V5A1T, 1964);Gabel, Vorderrad;65;p-9275;Schmiernippel -DIN 71412- M10 x 1,0 - Schlüsselweite 11mm
c-5007;Vespa 50 S (V5A1T, 1964);Gabel, Vorderrad;66;p-344;V-Ring Dichtring Ø=18x3x22mm Schwinge innen -VESPA- PX (bis Bj. 1982), V50, PV125, ET3, SS50, SS90
c-5007;Vespa 50 S (V5A1T, 1964);Getriebe, Hinterrad;1;p-15319;Schraube Felge M10 -OEM QUALITÄT- Vespa V50 (V5A1T bis Nr. 752188), V5SS2T, V5R1T, V90 (V9A1T) - Modelle mit 4-Loch Felge
c-5007;Vespa 50 S (V5A1T, 1964);Getriebe, Hinterrad;2;p-6630;Splint -ISO 1234- Ø=3,5 x 32mm (verwendet für Vorderrad Vespa PK, PX, Cosa, T5 125ccm - Hinterrad Vespa PK, PX, Cosa, T5 125ccm, Rally, Sprint, TS, GT
c-5007;Vespa 50 S (V5A1T, 1964);Getriebe, Hinterrad;3;p-11229;Hinterradmutter -Kronenmutter -OEM QUALITÄT M14x1,5 SW22- Vespa PX (-1984), Rally, Sprint150, TS125, GT125, GTR125, Super, SS180, GS160 / GS4, VNA, VN
c-5007;Vespa 50 S (V5A1T, 1964);Getriebe, Hinterrad;4;p-6631;Unterlegscheibe Hinterradmutter - Bremstrommel hinten -OEM QUALITÄT- Vespa 1951-1982, PX (-1982), Rally, Sprint, TS125, GT125, GTR125, GL150, Super, V
c-5007;Vespa 50 S (V5A1T, 1964);Getriebe, Hinterrad;5;p-538;Unterlegscheibe Hinterradmutter - Bremstrommel hinten -OEM QUALITÄT- Vespa V50, V90, SS50, SS90, PV125, ET3 - 31,5x14,5x8,5mm
c-5007;Vespa 50 S (V5A1T, 1964);Getriebe, Hinterrad;6;p-8458;Bremstrommel hinten 9 Zoll + 10 Zoll -FA ITALIA- Vespa V50 R (V5A1T bis Nr. 752188), V50 N, V50 S, V50 L, SR50, V90
c-5007;Vespa 50 S (V5A1T, 1964);Getriebe, Hinterrad;7;p-8458;Bremstrommel hinten 9 Zoll + 10 Zoll -FA ITALIA- Vespa V50 R (V5A1T bis Nr. 752188), V50 N, V50 S, V50 L, SR50, V90
c-5007;Vespa 50 S (V5A1T, 1964);Getriebe, Hinterrad;8;p-44780;Bremstrommelflansch hinten -PREMIUM- Vespa 9 Zoll - Vespa V50(N) (bis Bj 1971), V50 L, V50 S, V90
c-5007;Vespa 50 S (V5A1T, 1964);Getriebe, Hinterrad;10;p-32712;Bremsbacken -POLINI Ø=135x20mm- VESPA V50 (h) - 9 Zoll
c-5007;Vespa 50 S (V5A1T, 1964);Getriebe, Hinterrad;11;p-15030;Bremsbackensicherung (Omega) -VESPA- V50, V90, SS50, SS90, PV125, ET3, VNA, VNB, VBA, VBB, Super, GL150 (VLA1T), GT125 (VNL2T), GTR125 (VNL2T), TS125 
c-5007;Vespa 50 S (V5A1T, 1964);Getriebe, Hinterrad;12;p-15038;Bremsbacken Rückholfeder -PIAGGIO- Vespa PX (vh), T5 125cc (vh), PK (vh), Rally180 (VSD1T), Rally200 (VSE1T) (h), Sprint (h), Super (h), GT125 (VNL2T)
c-5007;Vespa 50 S (V5A1T, 1964);Getriebe, Hinterrad;13;p-4089;Zentrierstift - Pin für Bremstrommel 9 (geschlossener Felgentyp) -OEM QUALITÄT- Vespa V50 R (V5A1T bis Nr. 752188), V50 N, V50 S, V50 L, SR50, V90
c-5007;Vespa 50 S (V5A1T, 1964);Getriebe, Hinterrad;15;p-11957;O-Ring 12,5x 2,5mm -PIAGGIO- (verwendet für Bremsnocke Vespa PK S, PK XL, PK XL2, Federbock Sprint, Rally, GT, GTR, GS150)
c-5007;Vespa 50 S (V5A1T, 1964);Getriebe, Hinterrad;16;p-363;Bremsarm mit Bremsnocke hinten -KR AUTOMATION- Vespa V50, V90, SS50, SS90, PV125, ET3
c-5007;Vespa 50 S (V5A1T, 1964);Getriebe, Hinterrad;17;p-12356;Wellendichtring 27x37x7mm -MALOSSI PTFE/FKM- (verwendet für Hinterrad / hintere Bremstrommel Vespa V50, V90, SS50, SS90, PV125, ET3, PK S, PK XL, PK X
c-5007;Vespa 50 S (V5A1T, 1964);Getriebe, Hinterrad;18;p-6263;Kugellager -6204- (20x47x14mm) - (verwendet für Hauptwelle Vespa PX, T5 125cc, Cosa, Rally180 (VSD1T), Rally200 (VSE1T), Sprint150 (VLB1T), TS125 (VNL
c-5007;Vespa 50 S (V5A1T, 1964);Getriebe, Hinterrad;19;p-11934;Dichtung Bremsankerplatte hinten -PIAGGIO- Vespa V50, V90, PV 25, ET3, PK S, PK XL, PK XL2, PK HP
c-5007;Vespa 50 S (V5A1T, 1964);Getriebe, Hinterrad;20;p-11934;Dichtung Bremsankerplatte hinten -PIAGGIO- Vespa V50, V90, PV 25, ET3, PK S, PK XL, PK XL2, PK HP
c-5007;Vespa 50 S (V5A1T, 1964);Getriebe, Hinterrad;21;p-15040;Öleinfüllschraube M8 x 10mm -VESPA Olio- PX, T5 125cc, Cosa, Rally180 (VSD1T), Rally200 (VSE1T), Sprint150 (VLB1T), TS125 (VNL3T), GT125 (VNL2T), GTR1
c-5007;Vespa 50 S (V5A1T, 1964);Getriebe, Hinterrad;22;p-15040;Öleinfüllschraube M8 x 10mm -VESPA Olio- PX, T5 125cc, Cosa, Rally180 (VSD1T), Rally200 (VSE1T), Sprint150 (VLB1T), TS125 (VNL3T), GT125 (VNL2T), GTR1
c-5007;Vespa 50 S (V5A1T, 1964);Getriebe, Hinterrad;23;p-15037;Dichtung Ölablassschraube -OEM QUALITÄT 8x14x1mm- Vespa V50, 50N, SS50, SR50, V90, SS90, V100, PV125, ET3, PK, PX, T5 125ccm, Cosa, Rally, Sprint, TS1
c-5007;Vespa 50 S (V5A1T, 1964);Getriebe, Hinterrad;24;p-15037;Dichtung Ölablassschraube -OEM QUALITÄT 8x14x1mm- Vespa V50, 50N, SS50, SR50, V90, SS90, V100, PV125, ET3, PK, PX, T5 125ccm, Cosa, Rally, Sprint, TS1
c-5007;Vespa 50 S (V5A1T, 1964);Getriebe, Hinterrad;25;p-3498;Entlüftungsschraube Kupplungsdeckel -PIAGGIO- Vespa alle Vespas
c-5007;Vespa 50 S (V5A1T, 1964);Getriebe, Hinterrad;26;p-44642;Set-Kickstarteranschlaggummi -OEM QUALITÄT- Vespa V50, V90, PV125, ET3, PK S - 15 x 24 x 6mm
c-5007;Vespa 50 S (V5A1T, 1964);Getriebe, Hinterrad;27;p-17425;Einstellschraube M5 x 20mm (Øinnen=6,9mm) -BGM ORIGINAL- (verwendet für Schaltraste Vespa) - 10 Stück
c-5007;Vespa 50 S (V5A1T, 1964);Getriebe, Hinterrad;28;p-15682;Mutter -DIN 934- M5
c-5007;Vespa 50 S (V5A1T, 1964);Getriebe, Hinterrad;29;p-391;Sicherungsschraube Schaltgabel -OEM QUALITÄT- V50, V90, SS50, SS90, PV125, ET3, PK S, PK XL1
c-5007;Vespa 50 S (V5A1T, 1964);Getriebe, Hinterrad;30;p-11951;Klemmplättchen-Bolzen Ø=5,4x11mm Bremse hinten -PIAGGIO- Vespa V50, V90, PV125, ET3, PK, PK S, PK XL, PK XL2, PX, Rally, Sprint, GT, GTR
c-5007;Vespa 50 S (V5A1T, 1964);Getriebe, Hinterrad;32;p-44764;Schaltgabel -PREMIUM- Vespa V50, V90, SS50, SS90, PV125, ET3 - 2x O-Ringe
c-5007;Vespa 50 S (V5A1T, 1964);Getriebe, Hinterrad;33;p-1321;Schubklotz für Schaltklaue -PIAGGIO- Vespa V50, V90, SS50, SS90, PV125, ET3, PK S, PK XL
c-5007;Vespa 50 S (V5A1T, 1964);Getriebe, Hinterrad;35;p-17433;Einstellschraube M7 x 25mm -BGM ORIGINAL- 10 Stück
c-5007;Vespa 50 S (V5A1T, 1964);Getriebe, Hinterrad;36;p-15705;Mutter hoch -DIN 934 ähnlich- M7
c-5007;Vespa 50 S (V5A1T, 1964);Getriebe, Hinterrad;41;p-11717;Wellscheibe für Schaltgabel -OEM QUALITÄT, 7,75x12,0x0,1mm- Vespa V50, V90, SS50, SS90, PV125, ET3, PK S, PK XL1
c-5007;Vespa 50 S (V5A1T, 1964);Getriebe, Hinterrad;42;p-13916;Sicherungsring -WELLE DIN6799- Ø=3mm - verwendet für Schubklotz Schaltklaue Vespa Smallframe (V50, PV, ET3, PK, PK XL, PK XL2)
c-5007;Vespa 50 S (V5A1T, 1964);Getriebe, Hinterrad;43;p-111;Sicherungsstift (zylindrisch) 4,0x23mm (verwendet für Schaltraste PX, Cosa, T5, Rally, Sprint, TS, GT, GTR, Super, SS180, GS160, GL, VNA, VNB, VBA, VB
c-5007;Vespa 50 S (V5A1T, 1964);Getriebe, Hinterrad;44;p-12325;Schaltrastenabdeckung -PIAGGIO- Vespa V50, V90, SS50, SS90, PV125, ET3
c-5007;Vespa 50 S (V5A1T, 1964);Getriebe, Hinterrad;45;p-15684;Federring -DIN 127- M5
c-5007;Vespa 50 S (V5A1T, 1964);Getriebe, Hinterrad;46;p-48698;Schraube für Luftfilter SI Vergaser, vorne -VESPA- Vespa PX, Rally180 (VSD1T), Rally200 (VSE1T), Sprint
c-5007;Vespa 50 S (V5A1T, 1964);Getriebe, Hinterrad;47;p-8469;Schaltklaue -FA ITALIA- 2-Arme, Smallframe Bj. 1963-1967 V50 N (V5A1T bis Nr. 92876), V90 (V9A1T bis Nr. 25000) - 3 Gang
c-5007;Vespa 50 S (V5A1T, 1964);Getriebe, Hinterrad;48;p-568;Schaltklaue -OEM QUALITÄT- 4-Arme, 3 Gang - Vespa 50N (V5A1T, 92877-), 50L, 50R, 50 Special (V5A2T, V5B3T), Special Elestart (V5B2T, V5A3T), V90 (V9A1
c-5007;Vespa 50 S (V5A1T, 1964);Getriebe, Hinterrad;49;p-6623;Seegerring -WELLE DIN471 ähnlich- Ø=48mm x 1,7mm - verwendet für Hauptwelle Getriebe Vespa V50, PV, ET3, Sprint, Rally, VNA, VNB, VBA, VBB, Super, GT,
c-5007;Vespa 50 S (V5A1T, 1964);Getriebe, Hinterrad;50;p-6623;Seegerring -WELLE DIN471 ähnlich- Ø=48mm x 1,7mm - verwendet für Hauptwelle Getriebe Vespa V50, PV, ET3, Sprint, Rally, VNA, VNB, VBA, VBB, Super, GT,
c-5007;Vespa 50 S (V5A1T, 1964);Getriebe, Hinterrad;51;p-6623;Seegerring -WELLE DIN471 ähnlich- Ø=48mm x 1,7mm - verwendet für Hauptwelle Getriebe Vespa V50, PV, ET3, Sprint, Rally, VNA, VNB, VBA, VBB, Super, GT,
c-5007;Vespa 50 S (V5A1T, 1964);Getriebe, Hinterrad;52;p-6623;Seegerring -WELLE DIN471 ähnlich- Ø=48mm x 1,7mm - verwendet für Hauptwelle Getriebe Vespa V50, PV, ET3, Sprint, Rally, VNA, VNB, VBA, VBB, Super, GT,
c-5007;Vespa 50 S (V5A1T, 1964);Getriebe, Hinterrad;63;p-15098;Schaltfeder -VESPA- V50, V90, SS50, SS90, PV125, ET3, PK S, PK XL
c-5007;Vespa 50 S (V5A1T, 1964);Getriebe, Hinterrad;64;p-15098;Schaltfeder -VESPA- V50, V90, SS50, SS90, PV125, ET3, PK S, PK XL
c-5007;Vespa 50 S (V5A1T, 1964);Getriebe, Hinterrad;65;p-8118;Schaltkugel -PIAGGIO, Ø=7,1mm- Vespa V50, PV125, ET3, PK50, PK80, PK125, SS50, SS90
c-5007;Vespa 50 S (V5A1T, 1964);Getriebe, Hinterrad;66;p-15690;Mutter -DIN 934- M6
c-5007;Vespa 50 S (V5A1T, 1964);Getriebe, Hinterrad;67;p-15719;Mutter -DIN 934- M8
c-5007;Vespa 50 S (V5A1T, 1964);Getriebe, Hinterrad;68;p-15696;Federring -DIN 127- M6
c-5007;Vespa 50 S (V5A1T, 1964);Getriebe, Hinterrad;69;p-15727;Federring -DIN 127- M8
c-5007;Vespa 50 S (V5A1T, 1964);Getriebe, Hinterrad;70;p-13501;Unterlegscheibe Karosserie -DIN 9021- M6 - Edelstahl
c-5007;Vespa 50 S (V5A1T, 1964);Getriebe, Hinterrad;71;p-15725;Unterlegscheibe -DIN 125- M8 - schwarz verzinkt
c-5007;Vespa 50 S (V5A1T, 1964);Getriebe, Hinterrad;72;p-15026;Splint -DIN 94- Ø=2,0mm - 20mm - verwendet für Bolzen Klemmplättchen / Bremsarm hinten Vespa PX, Sprint, Rally, V50, PV125, ET3 etc.
c-5007;Vespa 50 S (V5A1T, 1964);Getriebe, Hinterrad;76;p-6438;Klemmschraube Bremszug hinten -PIAGGIO- Vespa V50, V90, SS50, SS90, PV125, ET3, VNA, VNB, VBA, VBB, Super, GL150 (VLA1T), GT125 (VNL2T), GTR125 (VNL2T
c-5007;Vespa 50 S (V5A1T, 1964);Getriebe, Hinterrad;78;p-3041;Schraube Kabelkästchen M3 x 8mm mit Schlitz -PIAGGIO- Vespa Smallframe V50, PV125, Wideframe VM1, VM2, VNB1, VNB2, Super, GS150 VS1-5, Sprint, GT, GTR
c-5007;Vespa 50 S (V5A1T, 1964);Getriebe, Hinterrad;81;p-6832;Schraube Linsen-Senkkopf -DIN 966- M5 x 40 (verwendet für Kabelkästchen Vespa PX, T5 125cc, Rally180 (VSD1T), Rally200 (VSE1T), Sprint150 (VLB1T), TS1
c-5007;Vespa 50 S (V5A1T, 1964);Getriebe, Hinterrad;82;p-392;Unterlegscheibe -VESPA- 12x20x2,3mm (verwendet für Sicherungsschraube Schaltgabel Vespa V50, V90, SS50, SS90, PV125, ET3, PK S, PK XL)
c-5007;Vespa 50 S (V5A1T, 1964);Kabelbaum;7;p-17012;Bougierohr -UNIVERSAL Ø=10mm- 5m - Schwarz
c-5007;Vespa 50 S (V5A1T, 1964);Kabelbaum;8;p-17010;Bougierohr -UNIVERSAL Ø=8mm- 5m - Schwarz
c-5007;Vespa 50 S (V5A1T, 1964);Kabelbaum;9;p-17014;Bougierohr -UNIVERSAL Ø=6mm- 5m - Schwarz
c-5007;Vespa 50 S (V5A1T, 1964);Kabelbaum;10;p-17014;Bougierohr -UNIVERSAL Ø=6mm- 5m - Schwarz
c-5007;Vespa 50 S (V5A1T, 1964);Kabelbaum;14;p-6833;Gummikappe Kabelkästchen -PIAGGIO- Vespa alle Modelle
c-5007;Vespa 50 S (V5A1T, 1964);Kabelbaum;15;p-17012;Bougierohr -UNIVERSAL Ø=10mm- 5m - Schwarz
c-5007;Vespa 50 S (V5A1T, 1964);Kabelbaum;16;p-17016;Bougierohr -UNIVERSAL Ø=4mm- 5m - Schwarz
c-5007;Vespa 50 S (V5A1T, 1964);Kabelbaum;17;p-10350;Gummi Rücklichtkabel/Rahmen -PIAGGIO- Vespa
c-5007;Vespa 50 S (V5A1T, 1964);Lenker;1;p-8473;Griffe -VESPA Ø=24mm, l=125mm, Piaggio 4-Eck- Vespa VL1T, VL2T, VL3T (Struzzo), Touren 2(D), T/2 (VD1T), GS150 (VS1T) - Grau - auch passend auf V50, P
c-5007;Vespa 50 S (V5A1T, 1964);Lenker;2;p-8473;Griffe -VESPA Ø=24mm, l=125mm, Piaggio 4-Eck- Vespa VL1T, VL2T, VL3T (Struzzo), Touren 2(D), T/2 (VD1T), GS150 (VS1T) - Grau - auch passend auf V50, P
c-5007;Vespa 50 S (V5A1T, 1964);Lenker;8;p-12054;Unterlegscheibe - Wellscheibe Hebelschraube (oben) -PIAGGIO- Vespa PK, PK S, PK XL, PX - Ø6,6 x 14 x 0,3mm
c-5007;Vespa 50 S (V5A1T, 1964);Lenker;9;p-12054;Unterlegscheibe - Wellscheibe Hebelschraube (oben) -PIAGGIO- Vespa PK, PK S, PK XL, PX - Ø6,6 x 14 x 0,3mm
c-5007;Vespa 50 S (V5A1T, 1964);Lenker;10;p-3016;Unterlegscheibe Hebelschraube (oben) -CIF- 14x6,6x0,6mm - Vespa V50, V90, SS50, SS90, PV125, ET3, Super, GS150, Sprint, Rally, SS180, PX, T5 125ccm
c-5007;Vespa 50 S (V5A1T, 1964);Lenker;11;p-3016;Unterlegscheibe Hebelschraube (oben) -CIF- 14x6,6x0,6mm - Vespa V50, V90, SS50, SS90, PV125, ET3, Super, GS150, Sprint, Rally, SS180, PX, T5 125ccm
c-5007;Vespa 50 S (V5A1T, 1964);Lenker;12;p-3017;Unterlegscheibe Hebelschraube (unten) -PIAGGIO- 14x5,3x1,0mm - Vespa V50, V90, SS50, SS90, PV125, ET3, Super, GS150, Sprint, Rally, SS180, PX, T5 125c
c-5007;Vespa 50 S (V5A1T, 1964);Lenker;13;p-15768;Mutter selbstsichernd -DIN 985- M5 (verwendet für Hebelschraube Vespa PX, T5 125ccm, Rally, Sprint, TS, GT, GTR, SS180, GS160, Super, GL, VNA, VNB, VB
c-5007;Vespa 50 S (V5A1T, 1964);Lenker;14;p-15768;Mutter selbstsichernd -DIN 985- M5 (verwendet für Hebelschraube Vespa PX, T5 125ccm, Rally, Sprint, TS, GT, GTR, SS180, GS160, Super, GL, VNA, VNB, VB
c-5007;Vespa 50 S (V5A1T, 1964);Lenker;15;p-8391;Splint Gas- Schaltrohr -VESPA ohne Lenkerblinker- Vespa V50, V90, SS50, SS90, PV125, ET3, Rally180 (VSD1T), Rally200 (VSE1T), Sprint150 (VLB1T), TS125
c-5007;Vespa 50 S (V5A1T, 1964);Lenker;16;p-8391;Splint Gas- Schaltrohr -VESPA ohne Lenkerblinker- Vespa V50, V90, SS50, SS90, PV125, ET3, Rally180 (VSD1T), Rally200 (VSE1T), Sprint150 (VLB1T), TS125
c-5007;Vespa 50 S (V5A1T, 1964);Lenker;18;p-6696;Distanzscheibe Gasrohr/Schaltrohr 24 x 31x 1mm -PIAGGIO- Vespa PX, T5, PV125, ET3, V50 Special, PK S, PK XL1
c-5007;Vespa 50 S (V5A1T, 1964);Lenker;19;p-6696;Distanzscheibe Gasrohr/Schaltrohr 24 x 31x 1mm -PIAGGIO- Vespa PX, T5, PV125, ET3, V50 Special, PK S, PK XL1
c-5007;Vespa 50 S (V5A1T, 1964);Lenker;20;p-6697;Federscheibe Gasrohr/Schaltrohr 24 x 31x 1mm -VESPA- PX, T5 125cc, Rally180 (VSD1T), Rally200 (VSE1T), Sprint150 (VLB1T), TS125 (VNL3T), GT125 (VNL2T)
c-5007;Vespa 50 S (V5A1T, 1964);Lenker;21;p-6697;Federscheibe Gasrohr/Schaltrohr 24 x 31x 1mm -VESPA- PX, T5 125cc, Rally180 (VSD1T), Rally200 (VSE1T), Sprint150 (VLB1T), TS125 (VNL3T), GT125 (VNL2T)
c-5007;Vespa 50 S (V5A1T, 1964);Lenker;22;p-10629;Schaltzugrolle -IMPORT- Vespa V50, V90, SS50, SS90, PV125, ET3, Rally180 (VSD1T), Rally200 (VSE1T), Sprint150 (VLB1T), TS125 (VNL3T), GT125 (VNL2T), G
c-5007;Vespa 50 S (V5A1T, 1964);Lenker;23;p-15055;Lenkkopfschraube inkl. Vierkantmutter -CIF- Vespa PX, PK, Rally, Sprint150, 180 SS, Super, TS125, GT125 (VNL2T), GTR125 (VNL2T), ET3, PV125, V50, V90
c-5007;Vespa 50 S (V5A1T, 1964);Lenker;24;p-15056;Lenkkopfmutter -VESPA- PX, PK, Rally180 (VSD1T), Rally200 (VSE1T), Sprint150 (VLB1T), 180 SS, Super, TS125 (VNL3T), GT125 (VNL2T), GTR125 (VNL2T), ET3
c-5007;Vespa 50 S (V5A1T, 1964);Lenker;25;p-9122;Aufnahme Gas- Schaltzug im Lenker -VESPA- V50 N, V50 L, V50 R, V90
c-5007;Vespa 50 S (V5A1T, 1964);Lenker;29;p-15215;Tacho -OEM QUALITÄT- Vespa V50 Ø=48mm - 80km/h (weisses Zifferblatt, schwarze Ziffern)
c-5007;Vespa 50 S (V5A1T, 1964);Lenker;30;p-15215;Tacho -OEM QUALITÄT- Vespa V50 Ø=48mm - 80km/h (weisses Zifferblatt, schwarze Ziffern)
c-5007;Vespa 50 S (V5A1T, 1964);Lenker;31;p-2804;Tachodichtung -OEM QUALITÄT- Vespa V50 Ø=48mm - Vespa 50N, 50L, 50R, 50S und V90 (Rund),Lambretta lui 50-75
c-5007;Vespa 50 S (V5A1T, 1964);Lenker;32;p-2804;Tachodichtung -OEM QUALITÄT- Vespa V50 Ø=48mm - Vespa 50N, 50L, 50R, 50S und V90 (Rund),Lambretta lui 50-75
c-5007;Vespa 50 S (V5A1T, 1964);Lenker;33;p-8994;Sicherungsblech Tacho -OEM QUALITÄT- Vespa V50 Ø=48mm
c-5007;Vespa 50 S (V5A1T, 1964);Lenker;35;p-6679;Schraube -DIN 933- M5 x 10mm (verwendet für Abdeckblech Tachoschnecke Vespa PX, T5 125cc, V50, PV125, ET3)
c-5007;Vespa 50 S (V5A1T, 1964);Lenker;36;p-15684;Federring -DIN 127- M5
c-5007;Vespa 50 S (V5A1T, 1964);Lenker;38;p-1312;Schraube -DIN 85- M5 x 65mm (verwendet für Tacho Vespa V50, V90, SS50, SS90, PV125, ET3, Rally180 (VSD1T), Rally200 (VSE1T), Sprint150 (VLB1T), TS125 
c-5007;Vespa 50 S (V5A1T, 1964);Lenker;39;p-5403;Gasrohr -CIF- Vespa V50 - 50N/L(V5A1T), 50R (V5A1T -881915), 50S (V5SA1T -67570), 50SR/Sprinter (V5SS2T), Vespa 90 (V9A1T -122983) - l=151mm Ø=24mm
c-5007;Vespa 50 S (V5A1T, 1964);Lenker;40;p-6708;Staubschutzring Steuersatzschale auf Gabel -OEM QUALITÄT- Vespa PX, T5 125cc, Cosa, PK, V50, V90, PV125, ET3, PK, Rally180 (VSD1T), Vespa Rally200 (VS
c-5007;Vespa 50 S (V5A1T, 1964);Lenker;41;p-6714;Steuersatz - Lenkkopflager -PIAGGIO- unten (4 teilig) - Vespa V50, 50N, PV, ​ET3, ​PK, PX, T5, Cosa, Rally, Sprint, Super, GS160, SS180, GTS, HPE, ET2
c-5007;Vespa 50 S (V5A1T, 1964);Lenker;42;p-6273;Kugelring - Kugellager Steuersatz unten -OEM QUALITÄT, Kugeln = 1/4“ = 6,35mm- Vespa, Piaggio, Gilera, Lambretta LI, LI S, SX, TV, DL, GP
c-5007;Vespa 50 S (V5A1T, 1964);Lenker;43;p-6714;Steuersatz - Lenkkopflager -PIAGGIO- unten (4 teilig) - Vespa V50, 50N, PV, ​ET3, ​PK, PX, T5, Cosa, Rally, Sprint, Super, GS160, SS180, GTS, HPE, ET2
c-5007;Vespa 50 S (V5A1T, 1964);Lenker;47;p-11970;Unterlegscheibe Steuersatz -PIAGGIO- 30,2x40,0x2,5mm - verwendet als Nasenscheibe
c-5007;Vespa 50 S (V5A1T, 1964);Lenker;48;p-17870;Steuersatzschalenkontermutter h=6mm -BGM ORIGINAL- Vespa 125 VN1, VN2, VNA1T, VNA2T, VNB1T, VNB2T, VNB3T, VNB4T, VNB5T, VNB6T, Vespa 150 VL1, VL3T, VB
c-5007;Vespa 50 S (V5A1T, 1964);Lenker;50;p-5981;Tachoblende -OEM QUALITÄT- V50 mit rundem Tacho - rechteckiges Logo - schwarz
c-5007;Vespa 50 S (V5A1T, 1964);Lenker;51;p-10366;Feder für Gasrohr -OEM QUALITÄT- Vespa V50 (V5A1T bis V5A3T, V5SA1T), SS50 (V5SS1T bis V5SS2T), V90 (V9A1T), SS90 (V9SS1T bis V9SS2T), PV125, ET3, GL1
c-5007;Vespa 50 S (V5A1T, 1964);Lenker;52;p-44743;Schaltzug- Gaszugrollen Set -PREMIUM ohne Lenkerblinker- Vespa V50, V90, SS50, SS90, PV125, ET3, Rally180 (VSD1T), Rally200 (VSE1T), Sprint150 (VLB1T)
c-5007;Vespa 50 S (V5A1T, 1964);Motorgehäuse, Zylinder;1;p-15008;Motorgehäusebolzen - Motorschrauben - Motorbolzen M7 x 75mm -VESPA- (Smallframe V50, PV125, ET3, PK)
c-5007;Vespa 50 S (V5A1T, 1964);Motorgehäuse, Zylinder;2;p-15008;Motorgehäusebolzen - Motorschrauben - Motorbolzen M7 x 75mm -VESPA- (Smallframe V50, PV125, ET3, PK)
c-5007;Vespa 50 S (V5A1T, 1964);Motorgehäuse, Zylinder;3;p-15709;Unterlegscheibe -DIN 125- M7
c-5007;Vespa 50 S (V5A1T, 1964);Motorgehäuse, Zylinder;4;p-15709;Unterlegscheibe -DIN 125- M7
c-5007;Vespa 50 S (V5A1T, 1964);Motorgehäuse, Zylinder;5;p-15709;Unterlegscheibe -DIN 125- M7
c-5007;Vespa 50 S (V5A1T, 1964);Motorgehäuse, Zylinder;6;p-15709;Unterlegscheibe -DIN 125- M7
c-5007;Vespa 50 S (V5A1T, 1964);Motorgehäuse, Zylinder;7;p-15709;Unterlegscheibe -DIN 125- M7
c-5007;Vespa 50 S (V5A1T, 1964);Motorgehäuse, Zylinder;8;p-15709;Unterlegscheibe -DIN 125- M7
c-5007;Vespa 50 S (V5A1T, 1964);Motorgehäuse, Zylinder;9;p-15709;Unterlegscheibe -DIN 125- M7
c-5007;Vespa 50 S (V5A1T, 1964);Motorgehäuse, Zylinder;10;p-15709;Unterlegscheibe -DIN 125- M7
c-5007;Vespa 50 S (V5A1T, 1964);Motorgehäuse, Zylinder;11;p-15711;Federring -DIN 127- M7
c-5007;Vespa 50 S (V5A1T, 1964);Motorgehäuse, Zylinder;12;p-15711;Federring -DIN 127- M7
c-5007;Vespa 50 S (V5A1T, 1964);Motorgehäuse, Zylinder;13;p-15711;Federring -DIN 127- M7
c-5007;Vespa 50 S (V5A1T, 1964);Motorgehäuse, Zylinder;14;p-15711;Federring -DIN 127- M7
c-5007;Vespa 50 S (V5A1T, 1964);Motorgehäuse, Zylinder;15;p-15711;Federring -DIN 127- M7
c-5007;Vespa 50 S (V5A1T, 1964);Motorgehäuse, Zylinder;16;p-15711;Federring -DIN 127- M7
c-5007;Vespa 50 S (V5A1T, 1964);Motorgehäuse, Zylinder;17;p-15711;Federring -DIN 127- M7
c-5007;Vespa 50 S (V5A1T, 1964);Motorgehäuse, Zylinder;18;p-15711;Federring -DIN 127- M7
c-5007;Vespa 50 S (V5A1T, 1964);Motorgehäuse, Zylinder;19;p-15711;Federring -DIN 127- M7
c-5007;Vespa 50 S (V5A1T, 1964);Motorgehäuse, Zylinder;20;p-15705;Mutter hoch -DIN 934 ähnlich- M7
c-5007;Vespa 50 S (V5A1T, 1964);Motorgehäuse, Zylinder;21;p-15705;Mutter hoch -DIN 934 ähnlich- M7
c-5007;Vespa 50 S (V5A1T, 1964);Motorgehäuse, Zylinder;22;p-15705;Mutter hoch -DIN 934 ähnlich- M7
c-5007;Vespa 50 S (V5A1T, 1964);Motorgehäuse, Zylinder;23;p-15705;Mutter hoch -DIN 934 ähnlich- M7
c-5007;Vespa 50 S (V5A1T, 1964);Motorgehäuse, Zylinder;24;p-15705;Mutter hoch -DIN 934 ähnlich- M7
c-5007;Vespa 50 S (V5A1T, 1964);Motorgehäuse, Zylinder;25;p-15705;Mutter hoch -DIN 934 ähnlich- M7
c-5007;Vespa 50 S (V5A1T, 1964);Motorgehäuse, Zylinder;26;p-15705;Mutter hoch -DIN 934 ähnlich- M7
c-5007;Vespa 50 S (V5A1T, 1964);Motorgehäuse, Zylinder;27;p-15705;Mutter hoch -DIN 934 ähnlich- M7
c-5007;Vespa 50 S (V5A1T, 1964);Motorgehäuse, Zylinder;28;p-15705;Mutter hoch -DIN 934 ähnlich- M7
c-5007;Vespa 50 S (V5A1T, 1964);Motorgehäuse, Zylinder;30;p-15009;Fächerscheibe Polradmutter -OEM QUALITÄT Øa=24mm- Vespa Sprint150 (VLB1T), VNB, VBB, Super, GL150 (VLA1T), GT125 (VNL2T), GTR125 (VNL2T), V50(N) (ab N
c-5007;Vespa 50 S (V5A1T, 1964);Motorgehäuse, Zylinder;31;p-15714;Stehbolzen -M7 x 35mm- (verwendet für Zylinder Vespa V50, PK50)
c-5007;Vespa 50 S (V5A1T, 1964);Motorgehäuse, Zylinder;32;p-15714;Stehbolzen -M7 x 35mm- (verwendet für Zylinder Vespa V50, PK50)
c-5007;Vespa 50 S (V5A1T, 1964);Motorgehäuse, Zylinder;33;p-6318;Wellendichtring 19x32x7mm -CORTECO NBR- (verwendet für Kurbelwelle Lichtmaschinenseite Vespa V50, V90, SS50, SS90, PV125, ET3, PK S)
c-5007;Vespa 50 S (V5A1T, 1964);Motorgehäuse, Zylinder;35;p-6286;Kugellager -6204 ETN9 C4- (20x47x14mm) - (verwendet für Kurbelwelle Minarelli 50 ccm (Typ MA, MY, CW, CA, CY), Vespa V50, V90, PV125, ET3, PK S, PK XL
c-5007;Vespa 50 S (V5A1T, 1964);Motorgehäuse, Zylinder;36;p-15350;Motorgehäusebolzen - Motorschrauben - Motorbolzen M7 x 42mm -VESPA- 25-17mm (Smallframe V50, PV125, ET3, PK)
c-5007;Vespa 50 S (V5A1T, 1964);Motorgehäuse, Zylinder;37;p-15069;Halbmond Keil -PIAGGIO 3x5mm- Kurbelwelle Lichtmaschinenseite (Lima) Vespa Ciao, Bravo, SI, Piaggio 50-180 ccm 2-Takt - Aprilia SR125, Gilera Runner F
c-5007;Vespa 50 S (V5A1T, 1964);Motorgehäuse, Zylinder;38;p-15069;Halbmond Keil -PIAGGIO 3x5mm- Kurbelwelle Lichtmaschinenseite (Lima) Vespa Ciao, Bravo, SI, Piaggio 50-180 ccm 2-Takt - Aprilia SR125, Gilera Runner F
c-5007;Vespa 50 S (V5A1T, 1964);Motorgehäuse, Zylinder;39;p-1245;Kurbelwelle -MAZZUCCHELLI Standard (Drehschieber)- Vespa V50, PK50 S (Ø 19mm Konus)
c-5007;Vespa 50 S (V5A1T, 1964);Motorgehäuse, Zylinder;40;p-12173;Motorgehäusebolzen - Motorschrauben - Motorbolzen M7 x 58mm -VESPA- 40-18mm (Smallframe V50, PV125, ET3, PK, PX, T5 125ccm)
c-5007;Vespa 50 S (V5A1T, 1964);Motorgehäuse, Zylinder;41;p-12173;Motorgehäusebolzen - Motorschrauben - Motorbolzen M7 x 58mm -VESPA- 40-18mm (Smallframe V50, PV125, ET3, PK, PX, T5 125ccm)
c-5007;Vespa 50 S (V5A1T, 1964);Motorgehäuse, Zylinder;43;p-15427;Dichtsatz Motor -PIAGGIO- Vespa V50
c-5007;Vespa 50 S (V5A1T, 1964);Motorgehäuse, Zylinder;44;p-16284;Wellendichtring 22,7x47x7/7,5mm -FKM- (verwendet für Kurbelwelle Antriebseite Vespa V50, V90, SS50, SS90, PV125, ET3, PK S, PK XL - Getriebeeingangswe
c-5007;Vespa 50 S (V5A1T, 1964);Motorgehäuse, Zylinder;45;p-15203;Seegerring -BOHRUNG DIN472- Ø=47mm - für Kugellager Smallframe, Largeframe Hauptwelle 6204 Radseite, Kugellager 16005 Primär Smallframe V50, PV, ET3, 
c-5007;Vespa 50 S (V5A1T, 1964);Motorgehäuse, Zylinder;46;p-31075;Kugellager Kurbelwelle -MALOSSI- 6303 (17x47x14mm) - C3 Polyamid - (verwendet für Kurbelwelle Antriebseite Vespa V50, V90, PV125, ET3, PK S, PK XL, La
c-5007;Vespa 50 S (V5A1T, 1964);Motorgehäuse, Zylinder;47;p-12003;Dichtung Motorgehäuse -PIAGGIO- Vespa V50, V90, PV125, ET3, PK S, PK XL, PK XL2
c-5007;Vespa 50 S (V5A1T, 1964);Motorgehäuse, Zylinder;51;p-15012;Stehbolzen -M6 x 30mm- (verwendet für Einlass Vespa Smallframe)
c-5007;Vespa 50 S (V5A1T, 1964);Motorgehäuse, Zylinder;52;p-15012;Stehbolzen -M6 x 30mm- (verwendet für Einlass Vespa Smallframe)
c-5007;Vespa 50 S (V5A1T, 1964);Motorgehäuse, Zylinder;54;p-15198;Sicherungsblech Primär -OEM QUALITÄT- V50, V90, SS50, SS90, PV125, ET3, PK S, PK XL
c-5007;Vespa 50 S (V5A1T, 1964);Motorgehäuse, Zylinder;55;p-15197;Mutter M12 x1,5 SW=19 halbhoch (verwendet für Kurbelwelle/Primärrad Vespa V50, V90, SS50, SS90, PV125, ET3, PK S, PK XL)
c-5007;Vespa 50 S (V5A1T, 1964);Motorgehäuse, Zylinder;58;p-3279;Nadellager -K16-20-10- (16x20x10mm) - verwendet für Hauptwelle Vespa 50 (1 Serie) V5A1T -92876, V50 (1.Serie) V5SA1T -15324, V90 (1.Serie) V9A1T -2500
c-5007;Vespa 50 S (V5A1T, 1964);Motorgehäuse, Zylinder;59;p-12103;Stehbolzen -M7 x 59mm- 22-17-20mm (verwendet für Motorgehäuse Vespa V50, V90, PV125, ET3, PK S, PK XL)
c-5007;Vespa 50 S (V5A1T, 1964);Motorgehäuse, Zylinder;60;p-6256;Buchse für Pleuel -OEM QUALITÄT 12mm (11,7x14,1x11,6mm)- Vespa 50 (V5A1T), 50 Elestart (V5B2T), 50 N Special (V5A1T, V5B3T), 50 Special (V5B1T), Piagg
c-5007;Vespa 50 S (V5A1T, 1964);Motorgehäuse, Zylinder;61;p-15092;Kolbenclip -12mm- Seegerring-Typ
c-5007;Vespa 50 S (V5A1T, 1964);Motorgehäuse, Zylinder;65;p-15013;Motorgehäusebolzen - Motorschrauben - Motorbolzen M7 x 80mm -VESPA- 56-24mm (Lusso/T5 125ccm/Cosa an Stoßdämpferaufnahme, Smallframe unten)
c-5007;Vespa 50 S (V5A1T, 1964);Motorgehäuse, Zylinder;66;p-8842;Dichtung Zylinderfuß -VESPA 50-125 ccm- Vespa V50, PV125, ET3, PK50, PK80, PK125 - Papier
c-5007;Vespa 50 S (V5A1T, 1964);Motorgehäuse, Zylinder;68;p-13501;Unterlegscheibe Karosserie -DIN 9021- M6 - Edelstahl
c-5007;Vespa 50 S (V5A1T, 1964);Motorgehäuse, Zylinder;70;p-15750;Schraube -DIN 933- M7 x 35mm (8.8 Festigkeit)
c-5007;Vespa 50 S (V5A1T, 1964);Motorgehäuse, Zylinder;71;p-657;Stehbolzen -PIAGGIO M6 x 28mm- (verwendet für Auspuff/Zylinder Piaggio/Gilera 50cc)
c-5007;Vespa 50 S (V5A1T, 1964);Motorgehäuse, Zylinder;72;p-15246;Zylinderkopf -OEM QUALITÄT,- Vespa V50, V50 S, SS50, PK50
c-5007;Vespa 50 S (V5A1T, 1964);Motorgehäuse, Zylinder;73;p-10578;Dichtung Kupfer -DIN7603- 14x20x2mm - verwendet als Dichtung Zündkerze / Zylinderkopf M14 (Kerzentyp NGK B, Bosch W)
c-5007;Vespa 50 S (V5A1T, 1964);Motorgehäuse, Zylinder;75;p-33184;Zündkerzenstecker -POLINI- Silikon, kurz - blau
c-5007;Vespa 50 S (V5A1T, 1964);Motorgehäuse, Zylinder;76;p-10790;Zylinderhaube -OEM QUALITÄT- Vespa V50 (1. Serie) - Metall
c-5007;Vespa 50 S (V5A1T, 1964);Motorgehäuse, Zylinder;77;p-13483;Schraube -DIN 84- M6 x 12mm (verwendet für Lüfterradabdeckung Vespa)
c-5007;Vespa 50 S (V5A1T, 1964);Motorgehäuse, Zylinder;78;p-362;Federscheibe gewellt -PIAGGIO- Stahl verzinkt- M6 - verwendet für Zylinderhaube Smallframe, Druckfeder Chokehebel
c-5007;Vespa 50 S (V5A1T, 1964);Motorgehäuse, Zylinder;79;p-15696;Federring -DIN 127- M6
c-5007;Vespa 50 S (V5A1T, 1964);Primär, Kickstarter, Kupplung;1;p-15337;Kickstarterfeder -OEM QUALITÄT- Vespa V50, V90, PV125, PK50, PK80, PK125
c-5007;Vespa 50 S (V5A1T, 1964);Primär, Kickstarter, Kupplung;2;p-12734;Kickstarterwelle -PIAGGIO- Vespa V50, V90, SS50, SS90, PV125, ET3, PK50, PK80, PK125 S, PK50, PK80, PK125 XL - 12 Zähne
c-5007;Vespa 50 S (V5A1T, 1964);Primär, Kickstarter, Kupplung;3;p-15295;O-Ring Ø16x2,50mm -PIAGGIO-Kickstarterwelle Vespa V50, PV125, ET3, PK, PX, T5 125ccm, Cosa, Rally, Sprint, TS125, GT125, GTR125, Super, GS160 / GS4, S
c-5007;Vespa 50 S (V5A1T, 1964);Primär, Kickstarter, Kupplung;4;p-15111;Kickstarterritzel -OEM QUALITÄT- Vespa V50, V90, SS50, SS90, PV125, ET3, PK S, PK XL - Zähne 12/10, Ø=20,5mm
c-5007;Vespa 50 S (V5A1T, 1964);Primär, Kickstarter, Kupplung;10;p-46019;Rollenlager -CRIMAZ NUP 16005 (25x47x8mm)- verwendet für Primär Vespa V50, V90, SS50, SS90, PV125, ET3, PK S, PK XL
c-5007;Vespa 50 S (V5A1T, 1964);Primär, Kickstarter, Kupplung;11;p-15175;Schraube -DIN 931- M9 x 50mm (verwendet als Kickstarterschraube Vespa V50, V90, SS50, SS90, PV125, ET3, PK
c-5007;Vespa 50 S (V5A1T, 1964);Primär, Kickstarter, Kupplung;12;p-11935;Zahnscheibe -DIN 6798- M9 - innenverzahnt
c-5007;Vespa 50 S (V5A1T, 1964);Primär, Kickstarter, Kupplung;13;p-15113;Kickstarter Vespa V50, PV, ET3 - Aluminium poliert
c-5007;Vespa 50 S (V5A1T, 1964);Primär, Kickstarter, Kupplung;14;p-15203;Seegerring -BOHRUNG DIN472- Ø=47mm - für Kugellager Smallframe, Largeframe Hauptwelle 6204 Radseite, Kugellager 16005 Primär Smallframe V50, PV, ET3, 
c-5007;Vespa 50 S (V5A1T, 1964);Primär, Kickstarter, Kupplung;16;p-16100;Feder für Primär -BGM PRO- Vespa V50, V90, SS50, SS90, PV125, ET3, PK50, PK80, PK50 S, PK80 S, PK125 S, PK50 XL, PK125 XL, ETS, PK50 HP, PK50 SS - 60N
c-5007;Vespa 50 S (V5A1T, 1964);Primär, Kickstarter, Kupplung;17;p-49358;Distanzbuchse 8x5x4,5mm für Feder Primär -CIF- Vespa V50, V90, SS50, SS90, PV125, ET3, PK50, PK80, PK50 S, PK80 S, PK125 S, PK50 XL, PK125 XL, ETS, PK
c-5007;Vespa 50 S (V5A1T, 1964);Primär, Kickstarter, Kupplung;22;p-12124;Niet für Primär -PIAGGIO- V50, V90, PV125, ET3, PK S, PK XL, PK XL2
c-5007;Vespa 50 S (V5A1T, 1964);Primär, Kickstarter, Kupplung;25;p-2644;Kupplung -CIF- Smallframe V50, V90, SS50, SS90, PV125, ET3, PK50, PK80, PK50 S, PK80 S, PK125 S, PK50 XL, PK125 XL, ETS, PK50 HP, PK50 SS - 3-Scheiben
c-5007;Vespa 50 S (V5A1T, 1964);Primär, Kickstarter, Kupplung;26;p-15015;Kupplungsandruckplatte -OEM QUALITÄT- Vespa PX80, PX125, PX150, Sprint150 (VLB1T), TS125 (VNL3T), GT125 (VNL2T), GTR125 (VNL2T), Super, VNA, VNB, VBA,
c-5007;Vespa 50 S (V5A1T, 1964);Primär, Kickstarter, Kupplung;27;p-10273;Kupplungsandruckplattenfeder -PIAGGIO- Vespa PX, T5 125cc, Cosa2, Rally180 (VSD1T), Rally200 (VSE1T), Sprint150 (VLB1T), TS125 (VNL3T), GT125 (VNL2T),
c-5007;Vespa 50 S (V5A1T, 1964);Primär, Kickstarter, Kupplung;28;p-15189;Kupplungstrennpilz -OEM QUALITÄT- Vespa V50 (ab Bj. 1978), PV125 (ab Bj. 1978), ET3 (ab Bj. 1978), PK S, PK XL1 - 2 Ärmchen
c-5007;Vespa 50 S (V5A1T, 1964);Primär, Kickstarter, Kupplung;29;p-1322;Dichtung Kupplungsdeckel -OEM QUALITÄT- Vespa V50, PV125, ET3, PK50, PK80, PK125
c-5007;Vespa 50 S (V5A1T, 1964);Primär, Kickstarter, Kupplung;30;p-11525;Schraube -DIN 931- M6 x 25mm (8.8 Festigkeit) - (verwendet für Kupplungsdeckel Vespa PX, Cosa, T5 125ccm, Rally, Sprint, TS, GT, GTR, GL, SS 180, GS 1
c-5007;Vespa 50 S (V5A1T, 1964);Primär, Kickstarter, Kupplung;31;p-6547;Federscheibe gewellt -DIN 137 Stahl verzinkt- M6
c-5007;Vespa 50 S (V5A1T, 1964);Primär, Kickstarter, Kupplung;32;p-6547;Federscheibe gewellt -DIN 137 Stahl verzinkt- M6
c-5007;Vespa 50 S (V5A1T, 1964);Primär, Kickstarter, Kupplung;33;p-32630;Kupplungsdeckel -POLINI, kurzer gerader Hebel- Vespa V50, PV, ET3
c-5007;Vespa 50 S (V5A1T, 1964);Primär, Kickstarter, Kupplung;34;p-15701;Schraube -DIN 933- M6 x 25mm (8.8 Festigkeit)
c-5007;Vespa 50 S (V5A1T, 1964);Primär, Kickstarter, Kupplung;38;p-364;Kupplungsarmfeder -VESPA- V50, V90 (bis Bj. 1977), SS50, SS90, PV125 (bis Bj. 1977), ET3
c-5007;Vespa 50 S (V5A1T, 1964);Primär, Kickstarter, Kupplung;39;p-12629;Kupplungsarm -VESPA- Vespa 50 (V5A1T), 50 Elestart (V5B2T), 50 N Special (V5A1T, V5B3T), 50 Special (V5B1T), 50 SR (V5SA1T), 50 SS (V5SS1T), V 90 (V9A
c-5007;Vespa 50 S (V5A1T, 1964);Primär, Kickstarter, Kupplung;40;p-11964;Sicherungsstift - Spannstift -PIAGGIO- 3x18mm (verwendet für Kupplungsarm Vespa V50, PV125, ET3)
c-5007;Vespa 50 S (V5A1T, 1964);Primär, Kickstarter, Kupplung;41;p-15124;Sicherungsring Kupplungskorb -NEWFREN Ø=61mm b=2,9mm h=1,1mm- Vespa V50 (V5A1T, V5A2T, V5A3T, V5B1T, V5B2T, V5B3T, V5B4T, V5R1T, V5SA1T), SS50 (V5SS1T
c-5007;Vespa 50 S (V5A1T, 1964);Primär, Kickstarter, Kupplung;42;p-15123;Ölsammelblech Kupplung -OEM QUALITÄT- Vespa V50, V90, SS50, SS90, PV125, ET3, PK S, PK XL1
c-5007;Vespa 50 S (V5A1T, 1964);Primär, Kickstarter, Kupplung;43;p-15123;Ölsammelblech Kupplung -OEM QUALITÄT- Vespa V50, V90, SS50, SS90, PV125, ET3, PK S, PK XL1
c-5007;Vespa 50 S (V5A1T, 1964);Primär, Kickstarter, Kupplung;45;p-2641;Kupplungsbeläge -VESPA Smallframe V50, V90, SS50, SS90, PV125, ET3, PK50, PK80, PK50 S, PK80 S, PK125 S, PK50 XL, PK125 XL, ETS, PK50 HP, PK50 SS - 3-
c-5007;Vespa 50 S (V5A1T, 1964);Primär, Kickstarter, Kupplung;46;p-2641;Kupplungsbeläge -VESPA Smallframe V50, V90, SS50, SS90, PV125, ET3, PK50, PK80, PK50 S, PK80 S, PK125 S, PK50 XL, PK125 XL, ETS, PK50 HP, PK50 SS - 3-
c-5007;Vespa 50 S (V5A1T, 1964);Primär, Kickstarter, Kupplung;47;p-2641;Kupplungsbeläge -VESPA Smallframe V50, V90, SS50, SS90, PV125, ET3, PK50, PK80, PK50 S, PK80 S, PK125 S, PK50 XL, PK125 XL, ETS, PK50 HP, PK50 SS - 3-
c-5007;Vespa 50 S (V5A1T, 1964);Primär, Kickstarter, Kupplung;48;p-12245;Kupplungsstahlscheibe -PIAGGIO- Vespa Smallframe V50, V90, SS50, SS90, PV125, ET3, PK50, PK80, PK50 S, PK80 S, PK125 S, PK50 XL, PK125 XL, ETS, PK50 H
c-5007;Vespa 50 S (V5A1T, 1964);Primär, Kickstarter, Kupplung;49;p-12245;Kupplungsstahlscheibe -PIAGGIO- Vespa Smallframe V50, V90, SS50, SS90, PV125, ET3, PK50, PK80, PK50 S, PK80 S, PK125 S, PK50 XL, PK125 XL, ETS, PK50 H
c-5007;Vespa 50 S (V5A1T, 1964);Primär, Kickstarter, Kupplung;50;p-15120;Kupplungsgrundplatte -OEM QUALITÄT- Vespa V50, PV125, ET3, PK S, PK XL1
c-5007;Vespa 50 S (V5A1T, 1964);Primär, Kickstarter, Kupplung;51;p-439;Kupplungsfeder -PIAGGIO- Vespa V50 (V5A1T, V5A2T, V5A3T, V5B1T, V5B2T, V5B3T, V5B4T, V5R1T, V5SA1T), SS50 (V5SS1T), SR50 (V5SS2T), V90 (V9A1T), SS90 (
c-5007;Vespa 50 S (V5A1T, 1964);Primär, Kickstarter, Kupplung;52;p-439;Kupplungsfeder -PIAGGIO- Vespa V50 (V5A1T, V5A2T, V5A3T, V5B1T, V5B2T, V5B3T, V5B4T, V5R1T, V5SA1T), SS50 (V5SS1T), SR50 (V5SS2T), V90 (V9A1T), SS90 (
c-5007;Vespa 50 S (V5A1T, 1964);Primär, Kickstarter, Kupplung;53;p-15119;Kupplungsspinne -OEM QUALITÄT- Vespa V50, PV125, ET3, PK S, PK XL1
c-5007;Vespa 50 S (V5A1T, 1964);Primär, Kickstarter, Kupplung;54;p-15705;Mutter hoch -DIN 934 ähnlich- M7
c-5007;Vespa 50 S (V5A1T, 1964);Primär, Kickstarter, Kupplung;55;p-15711;Federring -DIN 127- M7
c-5007;Vespa 50 S (V5A1T, 1964);Primär, Kickstarter, Kupplung;56;p-4268;Halteblech Brems-/Kupplungszug am Motor -PREMIUM- Vespa V50 (VMA1M), PV125, ET3, SS50, SS90 - 1. Serie (kurzer Kupplungsausrückhebel)
c-5007;Vespa 50 S (V5A1T, 1964);Primär, Kickstarter, Kupplung;57;p-15754;Schraube -DIN 933- M7 x 20mm (8.8 Festigkeit)
c-5007;Vespa 50 S (V5A1T, 1964);Primär, Kickstarter, Kupplung;58;p-15682;Mutter -DIN 934- M5
c-5007;Vespa 50 S (V5A1T, 1964);Primär, Kickstarter, Kupplung;59;p-17425;Einstellschraube M5 x 20mm (Øinnen=6,9mm) -BGM ORIGINAL- (verwendet für Schaltraste Vespa) - 10 Stück
c-5007;Vespa 50 S (V5A1T, 1964);Primär, Kickstarter, Kupplung;60;p-6238;Kugellager -6200- (10x30x09mm) - (verwendet für Nebenwelle Vespa V50, V90, SS50, SS90, PV125, ET3, PK S, PK XL)
c-5007;Vespa 50 S (V5A1T, 1964);Primär, Kickstarter, Kupplung;63;p-665;Sicherungsblech Nebenwelle -PIAGGIO- Vespa V50, V90, SS50, SS90, PV125, ET3, PK S, PK XL
c-5007;Vespa 50 S (V5A1T, 1964);Primär, Kickstarter, Kupplung;64;p-15018;Kupplungsmutter -PIAGGIO- Vespa V50, PV125, ET3, PK S, PK XL - (verwendet als Mutter für Nebenwelle)
c-5007;Vespa 50 S (V5A1T, 1964);Primär, Kickstarter, Kupplung;65;p-12229;Halbmond Keil (Scheibenfeder) -DIN 6888- 3x3,6mm (verwendet für Kurbelwelle Lichtmaschinenseite Vespa GS 150, Lambretta D 125-150 (1956-1957), LD 125-
c-5007;Vespa 50 S (V5A1T, 1964);Primär, Kickstarter, Kupplung;66;p-3054;Gummipuffer Motorgehäuse, Nupsi -PIAGGIO- V50, V90, V100, ET3 (verwendet als Verschlussstopfen für außenliegende Zündspulenhalterungsbohrung im Motorg
c-5007;Vespa 50 S (V5A1T, 1964);Primär, Kickstarter, Kupplung;67;p-14464;Seegerring -WELLE DIN471- Ø=25mm - Smallframe primär, V50, 50N, SS50, SS90, V90, PV125, ET3, PK, PK XL, PK XL2, ETS
c-5007;Vespa 50 S (V5A1T, 1964);Räder;1;p-12138;Schraubenzieher -PIAGGIO- Schlitz + Kreuzschlitz
c-5007;Vespa 50 S (V5A1T, 1964);Räder;2;p-6063;Ölmessbecher -100ml-
c-5007;Vespa 50 S (V5A1T, 1964);Räder;4;p-1330;Zündkerzenschlüssel Werkzeug SW21/13/11mm -VESPA- Smallframe V50, V90, SS50, SS90, PV125, ET3, PK S, PK XL
c-5007;Vespa 50 S (V5A1T, 1964);Räder;9;p-8394;Reserveradhalter vorne -VESPA- Vespa V50(N) (bis Bj 1971), V50 L, V50 S, V90 - für geschlossene 9 Zoll Felgen
c-5007;Vespa 50 S (V5A1T, 1964);Räder;10;p-8394;Reserveradhalter vorne -VESPA- Vespa V50(N) (bis Bj 1971), V50 L, V50 S, V90 - für geschlossene 9 Zoll Felgen
c-5007;Vespa 50 S (V5A1T, 1964);Räder;11;p-15727;Federring -DIN 127- M8
c-5007;Vespa 50 S (V5A1T, 1964);Räder;12;p-15727;Federring -DIN 127- M8
c-5007;Vespa 50 S (V5A1T, 1964);Räder;13;p-15727;Federring -DIN 127- M8
c-5007;Vespa 50 S (V5A1T, 1964);Räder;14;p-15727;Federring -DIN 127- M8
c-5007;Vespa 50 S (V5A1T, 1964);Räder;15;p-15725;Unterlegscheibe -DIN 125- M8 - schwarz verzinkt
c-5007;Vespa 50 S (V5A1T, 1964);Räder;16;p-15725;Unterlegscheibe -DIN 125- M8 - schwarz verzinkt
c-5007;Vespa 50 S (V5A1T, 1964);Räder;19;p-7230;Felge -FA ITALIA 1.80-9 Zoll Stahl - Vespa (Typ V50 9 Zoll - 4 Loch innen) - Grau
c-5007;Vespa 50 S (V5A1T, 1964);Räder;20;p-7350;Reifen -MICHELIN ACS- 2.75 - 9 Zoll TT 35J
c-5007;Vespa 50 S (V5A1T, 1964);Räder;22;p-7354;Schlauch -MICHELIN- 2.75-9 Zoll
c-5007;Vespa 50 S (V5A1T, 1964);Räder;23;p-7230;Felge -FA ITALIA 1.80-9 Zoll Stahl - Vespa (Typ V50 9 Zoll - 4 Loch innen) - Grau
c-5007;Vespa 50 S (V5A1T, 1964);Räder;24;p-6063;Ölmessbecher -100ml-
c-5007;Vespa 50 S (V5A1T, 1964);Räder;25;p-15719;Mutter -DIN 934- M8
c-5007;Vespa 50 S (V5A1T, 1964);Rahmen;1;p-19811;Pfropfen -PIAGGIO- Vespa GTV
c-5007;Vespa 50 S (V5A1T, 1964);Rahmen;4;p-349;Schriftzug Kaskade -OEM QUALITÄT- Vespa Piaggio Rechteck - Vespa V50 (1. Serie ab Bj. 1963), Vespa V90 (ab Bj. 1963)
c-5007;Vespa 50 S (V5A1T, 1964);Rahmen;6;p-9581;Reparaturblech Hupe/Kaskade -OEM QUALITÄT- Vespa V50, V90 (bis Bj. 1967), PV125 (bis 1967) - Befestigung Hupe 4-Schrauben
c-5007;Vespa 50 S (V5A1T, 1964);Rahmen;7;p-9257;Schriftzug Beinschild -VESPA- Vespa 50 - Aufkleber
c-5007;Vespa 50 S (V5A1T, 1964);Rahmen;8;p-15163;Werkzeugkasten - Werkzeugfach -OEM QUALITÄT-V50 N (V5A1T ab Nr. 92877), V50 R, V50 L, SS50, SS90, V50 Special, V90 (V9A1T ab Nr. 22235), PV125, ET3
c-5007;Vespa 50 S (V5A1T, 1964);Rahmen;11;p-547;Niet für Trittleistenendstück -OEM QUALITÄT- Vespa Rally180 (VSD1T), Rally200 (VSE1T), Sprint150 (VLB1T), TS125 (VNL3T), GT125 (VNL2T), GTR125 (VNL2T)
c-5007;Vespa 50 S (V5A1T, 1964);Rahmen;12;p-547;Niet für Trittleistenendstück -OEM QUALITÄT- Vespa Rally180 (VSD1T), Rally200 (VSE1T), Sprint150 (VLB1T), TS125 (VNL3T), GT125 (VNL2T), GTR125 (VNL2T)
c-5007;Vespa 50 S (V5A1T, 1964);Rahmen;13;p-11258;Trittleistensatz -MAURO PASCOLI, Breite=20mm- Vespa V50, V50N, 1.Serie (-1964, V5A1T -36000) - Gummi (mit eingegossenen Hohlnieten)
c-5007;Vespa 50 S (V5A1T, 1964);Rahmen;14;p-11258;Trittleistensatz -MAURO PASCOLI, Breite=20mm- Vespa V50, V50N, 1.Serie (-1964, V5A1T -36000) - Gummi (mit eingegossenen Hohlnieten)
c-5007;Vespa 50 S (V5A1T, 1964);Rahmen;15;p-11258;Trittleistensatz -MAURO PASCOLI, Breite=20mm- Vespa V50, V50N, 1.Serie (-1964, V5A1T -36000) - Gummi (mit eingegossenen Hohlnieten)
c-5007;Vespa 50 S (V5A1T, 1964);Rahmen;16;p-11258;Trittleistensatz -MAURO PASCOLI, Breite=20mm- Vespa V50, V50N, 1.Serie (-1964, V5A1T -36000) - Gummi (mit eingegossenen Hohlnieten)
c-5007;Vespa 50 S (V5A1T, 1964);Rahmen;17;p-11258;Trittleistensatz -MAURO PASCOLI, Breite=20mm- Vespa V50, V50N, 1.Serie (-1964, V5A1T -36000) - Gummi (mit eingegossenen Hohlnieten)
c-5007;Vespa 50 S (V5A1T, 1964);Rahmen;18;p-15701;Schraube -DIN 933- M6 x 25mm (8.8 Festigkeit)
c-5007;Vespa 50 S (V5A1T, 1964);Rahmen;19;p-6934;Ständerbleche / Haltebleche Hauptständer -OEM QUALITÄT, Ø=20mm- Vespa GS160 (VSB1T), 50S (V5SA1T 50535-), V90 (V9A1T 57885-), V50 Elestart (V5A3T 5308
c-5007;Vespa 50 S (V5A1T, 1964);Rahmen;20;p-10064;Ständerbleche / Haltebleche Hauptständer -OEM QUALITÄT, Ø=16mm- Vespa V50, V90, PV125
c-5007;Vespa 50 S (V5A1T, 1964);Rahmen;21;p-12045;Mutter selbstsichernd hoch -DIN 985 ähnl.- M6 - verwendet für z.B. Ständerlaschenbefestigung Vespa
c-5007;Vespa 50 S (V5A1T, 1964);Rahmen;22;p-15064;Ständerfederlasche -PIAGGIO- Vespa PX, T5 125cc, PK S, PK XL, Sprint150 (VLB1T), Rally180 (VSD1T), Rally200 (VSE1T), Super, GT125 (VNL2T), GTR125 (VNL
c-5007;Vespa 50 S (V5A1T, 1964);Rahmen;23;p-46794;Hauptständer -TOUGHBONE Ø=20mm- Vespa V50, V90, PV125 - verstärktes Material
c-5007;Vespa 50 S (V5A1T, 1964);Rahmen;24;p-10070;Ständerfüße -Vespa, Ø= 16mm (-1971)- Vespa V50, SS50, V90, SS90, 90 Racer, PV125 - Schwarz
c-5007;Vespa 50 S (V5A1T, 1964);Rahmen;25;p-10070;Ständerfüße -Vespa, Ø= 16mm (-1971)- Vespa V50, SS50, V90, SS90, 90 Racer, PV125 - Schwarz
c-5007;Vespa 50 S (V5A1T, 1964);Rahmen;27;p-15084;Gummipuffer Seitenklappe, Nupsi -VESPA- V50, V90, SS50, SS90, PV125, ET3 - Höhe 5mm (Einbauposition: Oben/Links+Rechts)
c-5007;Vespa 50 S (V5A1T, 1964);Rahmen;29;p-15084;Gummipuffer Seitenklappe, Nupsi -VESPA- V50, V90, SS50, SS90, PV125, ET3 - Höhe 5mm (Einbauposition: Oben/Links+Rechts)
c-5007;Vespa 50 S (V5A1T, 1964);Rahmen;31;p-5098;Seitenklappenhebel -OEM QUALITÄT- Vespa V50, V90, SS50, SS90, PV125, ET3 - Aluminium
c-5007;Vespa 50 S (V5A1T, 1964);Rahmen;32;p-359;Seitenklappe rechts -OEM QUALITÄT- Vespa V50 (V5A1T bis Nr. 70239), V50 S (V5SA1T bis Nr. 11764), V90 (V9A1T bis Nr.19974)
c-5007;Vespa 50 S (V5A1T, 1964);Rahmen;34;p-44660;Seitenklappe rechts -PREMIUM- Vespa Smallframe ab 1965 - V50 Special (V5A2T, V5B1T, V5B3T), PV125 (VMA2T), ET3 (VMB1T), V50 Elestart, SS50, SS90, 90 R
c-5007;Vespa 50 S (V5A1T, 1964);Rahmen;35;p-13469;Seitenklappenhebel -OEM QUALITÄT- Vespa V50, V90, SS50, SS90, PV125, ET3 - Aluminium
c-5007;Vespa 50 S (V5A1T, 1964);Rahmen;36;p-13469;Seitenklappenhebel -OEM QUALITÄT- Vespa V50, V90, SS50, SS90, PV125, ET3 - Aluminium
c-5007;Vespa 50 S (V5A1T, 1964);Rahmen;38;p-6927;Ständerfeder -OEM QUALITÄT- V50, V90, PV125, ET3
c-5007;Vespa 50 S (V5A1T, 1964);Rahmen;39;p-15084;Gummipuffer Seitenklappe, Nupsi -VESPA- V50, V90, SS50, SS90, PV125, ET3 - Höhe 5mm (Einbauposition: Oben/Links+Rechts)
c-5007;Vespa 50 S (V5A1T, 1964);Rahmen;41;p-393;Seitenklappenaufhängung -PIAGGIO- Vespa V50 (V5A1T ab Nr. 70240), V50 S (V5SA1T ab Nr. 11765), V90 (V9A1T ab Nr.19975), SS50, SS90, PV125, ET3
c-5007;Vespa 50 S (V5A1T, 1964);Rahmen;42;p-393;Seitenklappenaufhängung -PIAGGIO- Vespa V50 (V5A1T ab Nr. 70240), V50 S (V5SA1T ab Nr. 11765), V90 (V9A1T ab Nr.19975), SS50, SS90, PV125, ET3
c-5007;Vespa 50 S (V5A1T, 1964);Scheinwerfer, Rücklicht;5;p-9696;Lichtschalter -GRABOR- Vespa V50 N, V50 L, V50 R
c-5007;Vespa 50 S (V5A1T, 1964);Scheinwerfer, Rücklicht;6;p-15497;Birne -BA15s (Stifte gerade) - 6V 15W - Weiss - Bremslicht Vespa 90 Racer (V9SS2T), Vespa 50 Special (V5B1T, V5B3T), 50 Sprinter (V5SS1T), 50 SR (V5SS
c-5007;Vespa 50 S (V5A1T, 1964);Scheinwerfer, Rücklicht;7;p-15512;Birne -P26s- 6V 15W - Weiss - passend für z.B. Scheinwerfer Vespa V50, Ciao, Lambretta J50, LUI 50
c-5007;Vespa 50 S (V5A1T, 1964);Scheinwerfer, Rücklicht;8;p-14329;Scheinwerfereinstellschiene Sicherungsklammer Scheinwerfer -OEM QUALITÄT- Vespa V50, PV125, ET3
c-5007;Vespa 50 S (V5A1T, 1964);Scheinwerfer, Rücklicht;10;p-15601;Hupendichtung -OEM QUALITÄT, Ø=54x81x4mm V50, V90, SS50, SS90, PV125, ET3 - Vespa Grau
c-5007;Vespa 50 S (V5A1T, 1964);Scheinwerfer, Rücklicht;11;p-9541;Blechmutter 2,9mm (verwendet für Hupe Vespa V50, V90, GL150 (VLA1T), GT125 (VNL2T), GTR125 (VNL2T), Super, Sprint150 (VLB1T), Rally180 (VSD1T), Rally2
c-5007;Vespa 50 S (V5A1T, 1964);Scheinwerfer, Rücklicht;12;p-13069;Blechschraube -DIN 7971 2,9x19mm Edelstahl (verwendet für Hupe Rally180 (VSD1T), Rally200 (VSE1T), Sprint150 (VLB1T), TS125 (VNL3T), GT125 (VNL2T), GT
c-5007;Vespa 50 S (V5A1T, 1964);Scheinwerfer, Rücklicht;14;p-11525;Schraube -DIN 931- M6 x 25mm (8.8 Festigkeit) - (verwendet für Kupplungsdeckel Vespa PX, Cosa, T5 125ccm, Rally, Sprint, TS, GT, GTR, GL, SS 180, GS 1
c-5007;Vespa 50 S (V5A1T, 1964);Scheinwerfer, Rücklicht;15;p-11920;Schraube -DIN 933- M6 x 16mm (8.8 Festigkeit)
c-5007;Vespa 50 S (V5A1T, 1964);Scheinwerfer, Rücklicht;16;p-15696;Federring -DIN 127- M6
c-5007;Vespa 50 S (V5A1T, 1964);Scheinwerfer, Rücklicht;17;p-13501;Unterlegscheibe Karosserie -DIN 9021- M6 - Edelstahl
c-5007;Vespa 50 S (V5A1T, 1964);Scheinwerfer, Rücklicht;18;p-15690;Mutter -DIN 934- M6
c-5007;Vespa 50 S (V5A1T, 1964);Scheinwerfer, Rücklicht;19;p-6985;Rücklichtgummi (Dichtung zum Rahmen) -OEM QUALITÄT- Vespa V50 (bis Fg.Nr. V5A1T0122876)
c-5007;Vespa 50 S (V5A1T, 1964);Scheinwerfer, Rücklicht;21;p-15485;Soffitte -SV8,5 11x36mm- 6V 5W - Weiss
c-5007;Vespa 50 S (V5A1T, 1964);Scheinwerfer, Rücklicht;24;p-45636;Rücklicht -PREMIUM- Vespa V50 (bis Fg.Nr. V5A1T0122876) - Aluminium inkl. Dichtgummi
c-5007;Vespa 50 S (V5A1T, 1964);Scheinwerfer, Rücklicht;27;p-9627;Rücklichtglas -SIEM- Vespa V50 (bis Fg.Nr. V5A1T0122876)
c-5007;Vespa 50 S (V5A1T, 1964);Scheinwerfer, Rücklicht;29;p-12656;Schraube Rücklichtglas -VESPA M3 x 32mm- Vespa 50 N (V5A1T -122876), GL (VLA1T), Sprint (VLB1T -025478), SS 180 (VSC1T -18000)
c-5007;Vespa 50 S (V5A1T, 1964);Scheinwerfer, Rücklicht;30;p-44748;Reflektor für Rücklichtglas - PREMIUM- Vespa VNB, VBB, GS 150 (VS5), GS160 - Pia.ref. 89235
c-5007;Vespa 50 S (V5A1T, 1964);Sitzbank, Tank;1;p-3950;Sitzbank -OEM QUALITÄT- Vespa V50S (V5SA2T Japan ), ET3 - ohne Schloss, mit Piaggio Schriftzug - auch passend auf V50, 50N, V90, PV125
c-5007;Vespa 50 S (V5A1T, 1964);Sitzbank, Tank;2;p-15091;Sitzbankbezug -OEM QUALITÄT- Vespa V50, PV125 - Keder grau
c-5007;Vespa 50 S (V5A1T, 1964);Sitzbank, Tank;3;p-7081;Sitzbankzapfen -OEM QUALITÄT- Vespa M7 x 26mm
c-5007;Vespa 50 S (V5A1T, 1964);Sitzbank, Tank;4;p-15072;Gummipuffer Sitzbank -OEM QUALITÄT- Vespa PX (bis Bj. 1997), T5 125cc, PKS, PK XL, V50, PV, ET3
c-5007;Vespa 50 S (V5A1T, 1964);Sitzbank, Tank;5;p-3027;Sitzbankbezug-Klammer -PIAGGIO- 7mm - Vespa V50, V90, PV125, ET3, PX, PK, Rally, Sprint, TS, GT, GTR
c-5007;Vespa 50 S (V5A1T, 1964);Sitzbank, Tank;6;p-2933;Schraube M6 x 10mm (verwendet für Vergaserwannenbefestigung PX Lusso/Cosa/T5)
c-5007;Vespa 50 S (V5A1T, 1964);Sitzbank, Tank;7;p-12065;Unterlegscheibe 6,5x16x1,5mm -PIAGGIO- (verwendet für Kotflügel Vespa PX)
c-5007;Vespa 50 S (V5A1T, 1964);Sitzbank, Tank;8;p-12065;Unterlegscheibe 6,5x16x1,5mm -PIAGGIO- (verwendet für Kotflügel Vespa PX)
c-5007;Vespa 50 S (V5A1T, 1964);Sitzbank, Tank;9;p-15690;Mutter -DIN 934- M6
c-5007;Vespa 50 S (V5A1T, 1964);Sitzbank, Tank;10;p-15690;Mutter -DIN 934- M6
c-5007;Vespa 50 S (V5A1T, 1964);Sitzbank, Tank;11;p-12067;Sitzbankfeder -PIAGGIO- Vespa PV 125, V50, ET3, PK, PK S, PK S Lusso, PX, Rally, Sprint, TS
c-5007;Vespa 50 S (V5A1T, 1964);Sitzbank, Tank;13;p-15701;Schraube -DIN 933- M6 x 25mm (8.8 Festigkeit)
c-5007;Vespa 50 S (V5A1T, 1964);Sitzbank, Tank;14;p-15705;Mutter hoch -DIN 934 ähnlich- M7
c-5007;Vespa 50 S (V5A1T, 1964);Sitzbank, Tank;15;p-15711;Federring -DIN 127- M7
c-5007;Vespa 50 S (V5A1T, 1964);Sitzbank, Tank;16;p-15711;Federring -DIN 127- M7
c-5007;Vespa 50 S (V5A1T, 1964);Sitzbank, Tank;17;p-7113;Gepäckbrücke -AMS CUPPINI- Vespa V50 (1. Serie) - offen, unlackiert
c-5007;Vespa 50 S (V5A1T, 1964);Sitzbank, Tank;18;p-12222;Dichtung Tankdeckel -ROLLERLADEN- Vespa V50, PV125, ET3, Motovespa 125/150/160 - Kork
c-5007;Vespa 50 S (V5A1T, 1964);Sitzbank, Tank;19;p-11462;Tank -PREMIUM, geöltes Blech- Vespa V50 1° Serie (kurze Ausführung), V50 (V5A1T bis Nr. 70239), V50 S (V5SA1T bis Nr. 11764), V90 (V9A1T bis Nr.19974)
c-5007;Vespa 50 S (V5A1T, 1964);Sitzbank, Tank;20;p-6889;Tankdeckel -OEM QUALITÄT- Vespa V50, V90, SS50, SS90, PV125, ET3, Motovespa 125/150/160
c-5007;Vespa 50 S (V5A1T, 1964);Sitzbank, Tank;22;p-31304;Tankdeckelverschluss Augbolzen -OEM QUALITÄT- Vespa PX80, PX125, PX150, PX200 (-1984), Vespa 125 - VNB1T - VNB6T, Vespa 150 - VBB1T - VBB2T, GS160 / G
c-5007;Vespa 50 S (V5A1T, 1964);Sitzbank, Tank;23;p-11769;Niet für Tankdeckel -OEM QUALITÄT- Vespa PX (-1984), Rally, Sprint, Sprint Veloce, TS, GT, GTR, SS180, GS160, GL, Super, GS150, VNA, VNB, VBA, VBB, Wi
c-5007;Vespa 50 S (V5A1T, 1964);Sitzbank, Tank;24;p-19;Mutter für Tankdeckelverschluss - Rändelmutter - VESPA - V50, V90, SS50, SS90, PV125, ET3, VNA, Super, GL150 (VLA1T), GT125 (VNL2T), GTR125 (VNL2T), T
c-5007;Vespa 50 S (V5A1T, 1964);Sitzbank, Tank;25;p-11281;Schraubknopf für Sattel -OEM QUALITÄT, vorne- Vespa V50, PV125, ET3
c-5007;Vespa 50 S (V5A1T, 1964);Sitzbank, Tank;27;p-12142;Mutter -DIN 934- M10 x 1,5 (verwendet für Traversenschraube Vespa V50, V90, SS50, SS90, PV125, ET3, PK S, PK XL, verwendet für Stoßdämpfer/Motor Vespa
c-5007;Vespa 50 S (V5A1T, 1964);Sitzbank, Tank;32;p-11125;Sattel -OEM QUALITÄT, vorne- Vespa V50, PV125, ET3 - schwarz
c-5007;Vespa 50 S (V5A1T, 1964);Sitzbank, Tank;33;p-6547;Federscheibe gewellt -DIN 137 Stahl verzinkt- M6
c-5007;Vespa 50 S (V5A1T, 1964);Sitzbank, Tank;35;p-15754;Schraube -DIN 933- M7 x 20mm (8.8 Festigkeit)
c-5007;Vespa 50 S (V5A1T, 1964);Sitzbank, Tank;37;p-15709;Unterlegscheibe -DIN 125- M7
c-5007;Vespa 50 S (V5A1T, 1964);Sitzbank, Tank;40;p-6920;Benzinhahnhebel -OEM QUALITÄT- Vespa V50, V90, SS50, SS90, PV125, ET3 - Kunstoff
c-5007;Vespa 50 S (V5A1T, 1964);Sitzbank, Tank;41;p-6500;Gummiring Benzinhahnhebel -OEM QUALITÄT- Vespa PX alt (-1984), Largeframe (-1984), Smallframe - Schwarz
c-5007;Vespa 50 S (V5A1T, 1964);Sitzbank, Tank;42;p-12058;Silentbuchse für Benzinhahnhebel -PIAGGIO- Vespa PX, T5 125ccm, Rally, Sprint, TS, PV125, V50, PK S, PK XL
c-5007;Vespa 50 S (V5A1T, 1964);Sitzbank, Tank;45;p-6504;Splint Benzinhahn -VESPA- PX, Sprint150 (VLB1T), Rally180 (VSD1T), Rally200 (VSE1T), GT125 (VNL2T), GTR125 (VNL2T), GL150 (VLA1T), Super, VNB, VNA , V
c-5007;Vespa 50 S (V5A1T, 1964);Sitzbank, Tank;46;p-11959;Schieber für Benzinhahn -PIAGGIO- Vespa PX, T5 125ccm, PK, V50, PV, ET3, Rally, Sprint, GT, GTR
c-5007;Vespa 50 S (V5A1T, 1964);Sitzbank, Tank;47;p-11966;Unterlegscheibe -PIAGGIO- 3,7x9,0x0,5mm (verwendet für Tacho Vespa PK XL2)
c-5007;Vespa 50 S (V5A1T, 1964);Sitzbank, Tank;48;p-2343;Benzinhahn -PIAGGIO- Vespa V50, V90, PV125, ET3
c-5007;Vespa 50 S (V5A1T, 1964);Sitzbank, Tank;49;p-12077;Kabelbinder Metall für Ansaugschlauch, Schaltzüge -OEM QUALITÄT- Ansaugschlauch Vespa SS180, GS160, GS150, Schaltzüge Vespa VL1-3, VB1, VGL1 - 5x300mm
c-5007;Vespa 50 S (V5A1T, 1964);Sitzbank, Tank;50;p-12077;Kabelbinder Metall für Ansaugschlauch, Schaltzüge -OEM QUALITÄT- Ansaugschlauch Vespa SS180, GS160, GS150, Schaltzüge Vespa VL1-3, VB1, VGL1 - 5x300mm
c-5007;Vespa 50 S (V5A1T, 1964);Sitzbank, Tank;51;p-10828;Benzinschlauch -PIAGGIO- Ø innen = 7mm, Ø aussen = 14mm, l = 750mm - passend für alle Vespa Schaltrollermodelle, Lambretta Serie 1-3
c-5007;Vespa 50 S (V5A1T, 1964);Sitzbank, Tank;52;p-6863;Dichtung Benzinhahn/Tank -PIAGGIO- Vespa (ab Bj. 1950)
c-5007;Vespa 50 S (V5A1T, 1964);Sitzbank, Tank;54;p-6864;Mutter Benzinhahn/Tank -VESPA- PX, Sprint150 (VLB1T), Rally180 (VSD1T), Rally200 (VSE1T), GT125 (VNL2T), GTR125 (VNL2T), GL150 (VLA1T), Super, VNB, VN
c-5007;Vespa 50 S (V5A1T, 1964);Stoßdämpfer hinten;3;p-12110;Stoßdämpfer hinten -OEM QUALITÄT, 330mm- Vespa PX80, PX125, PX150, PX200, T5 125cc, Rally180 (VSD1T), Rally200 (VSE1T), Sprint150 (VLB1T), TS125 (VNL3
c-5007;Vespa 50 S (V5A1T, 1964);Stoßdämpfer hinten;4;p-15719;Mutter -DIN 934- M8
c-5007;Vespa 50 S (V5A1T, 1964);Stoßdämpfer hinten;5;p-15727;Federring -DIN 127- M8
c-5007;Vespa 50 S (V5A1T, 1964);Stoßdämpfer hinten;6;p-44666;Silentblock Stoßdämpfer oben / Rahmen hinten -PREMIUM QUALITÄT- Vespa PX, T5 125ccm, Rally, Sprint, TS, GT, GTR, SS180, GS160, Super, GL, VNA, VNB, VB
c-5007;Vespa 50 S (V5A1T, 1964);Stoßdämpfer hinten;7;p-6410;Stoßdämpferpatrone hinten -OEM QUALITÄT- 330mm- Vespa PX80, PX125, PX150, PX200, T5 125cc, Rally180 (VSD1T), Rally200 (VSE1T), Sprint150 (VLB1T), TS12
c-5007;Vespa 50 S (V5A1T, 1964);Stoßdämpfer hinten;8;p-15043;Schraube -DIN 931- M9 x 65mm (verwendet für Stoßdämpfer/Motor Vespa V50, PV, ET3, PX (-1984), Vespa Rally, Sprint150, GL150, Super, TS125, GT125, GTR1
c-5007;Vespa 50 S (V5A1T, 1964);Stoßdämpfer hinten;9;p-11549;Mutter -DIN 934 ähnlich- M9 SW=14 (verwendet für Motor/Motorhalter Vespa Wideframe V1 bis V15, V30 bis V33, VM, VN, VL, VU, VB, GS150 / GS3 (VS1 bis V
c-5007;Vespa 50 S (V5A1T, 1964);Stoßdämpfer hinten;10;p-11549;Mutter -DIN 934 ähnlich- M9 SW=14 (verwendet für Motor/Motorhalter Vespa Wideframe V1 bis V15, V30 bis V33, VM, VN, VL, VU, VB, GS150 / GS3 (VS1 bis V
c-5007;Vespa 50 S (V5A1T, 1964);Stoßdämpfer hinten;11;p-35825;Traversenschraube M10 x 220mm -PIAGGIO- Vespa GT 250 (ZAPM45102), Vespa GT L 125 (ZAPM31100, ZAPM31101), Vespa GT L 200 (ZAPM31200), Vespa GTS 125 (ZA
c-5007;Vespa 50 S (V5A1T, 1964);Stoßdämpfer hinten;12;p-15757;Federring -DIN 127- M10
c-5007;Vespa 50 S (V5A1T, 1964);Stoßdämpfer hinten;13;p-12142;Mutter -DIN 934- M10 x 1,5 (verwendet für Traversenschraube Vespa V50, V90, SS50, SS90, PV125, ET3, PK S, PK XL, verwendet für Stoßdämpfer/Motor Vespa
c-5007;Vespa 50 S (V5A1T, 1964);Stoßdämpfer hinten;19;p-6410;Stoßdämpferpatrone hinten -OEM QUALITÄT- 330mm- Vespa PX80, PX125, PX150, PX200, T5 125cc, Rally180 (VSD1T), Rally200 (VSE1T), Sprint150 (VLB1T), TS12
c-5007;Vespa 50 S (V5A1T, 1964);Stoßdämpfer hinten;22;p-47704;Silentblock-Set Stoßdämpfer/Motor -BGM PRO Antislip orange (Made in Germany) Ø=9mm x 48mm- Vespa PX (1983), Rally, TS, Sprint, Sprint Veloce, GT, GTR,
c-5007;Vespa 50 S (V5A1T, 1964);Stoßdämpfer hinten;23;p-47704;Silentblock-Set Stoßdämpfer/Motor -BGM PRO Antislip orange (Made in Germany) Ø=9mm x 48mm- Vespa PX (1983), Rally, TS, Sprint, Sprint Veloce, GT, GTR,
c-5007;Vespa 50 S (V5A1T, 1964);Stoßdämpfer hinten;24;p-1234;Silentgummi Motor Traverse rechts -PIAGGIO- Vespa PX80, PX125, PX150
c-5007;Vespa 50 S (V5A1T, 1964);Stoßdämpfer hinten;25;p-1234;Silentgummi Motor Traverse rechts -PIAGGIO- Vespa PX80, PX125, PX150
c-5007;Vespa 50 S (V5A1T, 1964);Stoßdämpfer hinten;26;p-365;Silentblockbuchse Motor -PIAGGIO- Vespa V50, SS50, PK 50S, PK 50XL, PK 50XL2
c-5007;Vespa 50 S (V5A1T, 1964);Stoßdämpfer hinten;27;p-8969;Sicherungsring innen Silentblock Motor -PIAGGIO 30x25x2mm- Vespa PX80, PX125, PX150, Sprint150 (VLB1T), TS125 (VNL3T), GT125 (VNL2T), GTR125 (VNL2T), 
c-5007;Vespa 50 S (V5A1T, 1964);Stoßdämpfer hinten;29;p-356;Silentgummi Motor Traverse links -VESPA- PX80, PX125, PX150, Sprint150 (VLB1T), TS125 (VNL3T), GT125 (VNL2T), GTR125 (VNL2T), Super, GL150 (VLA1T), VN
c-5007;Vespa 50 S (V5A1T, 1964);Stoßdämpfer hinten;31;p-356;Silentgummi Motor Traverse links -VESPA- PX80, PX125, PX150, Sprint150 (VLB1T), TS125 (VNL3T), GT125 (VNL2T), GTR125 (VNL2T), Super, GL150 (VLA1T), VN
c-5007;Vespa 50 S (V5A1T, 1964);Stoßdämpfer vorne;1;p-10358;Stoßdämpfer vorne -OEM QUALITÄT- 205mm- Vespa V50 N (1. Serie), V50 R (1. Serie)
c-5007;Vespa 50 S (V5A1T, 1964);Stoßdämpfer vorne;25;p-15166;Mutter -DIN 934- M8 x 1,0 (verwendet für Stoßdämpfer/Gabel Vespa V50, V90, SS50, SS90, PV125, ET3)
c-5007;Vespa 50 S (V5A1T, 1964);Stoßdämpfer vorne;26;p-15727;Federring -DIN 127- M8
c-5007;Vespa 50 S (V5A1T, 1964);Stoßdämpfer vorne;27;p-15727;Federring -DIN 127- M8
c-5007;Vespa 50 S (V5A1T, 1964);Stoßdämpfer vorne;28;p-574;Unterlegscheibe Silentgummi/Stoßdämpfer vorne -PIAGGIO- Vespa PX80, PX125, PX150, PX200, T5 125cc, Cosa, PK S-XL, GT-GTV, LX-LXV, ET2, ET4, S, Piaggio
c-5007;Vespa 50 S (V5A1T, 1964);Stoßdämpfer vorne;29;p-3553;Silentgummi Stoßdämpfer vorne oben -CIF 14x31x9mm- Vespa V50, 50N, SS50, V90, SS90, PV125, ET3, PK, GS160, SS180
c-5007;Vespa 50 S (V5A1T, 1964);Stoßdämpfer vorne;30;p-15719;Mutter -DIN 934- M8
c-5007;Vespa 50 S (V5A1T, 1964);Stoßdämpfer vorne;31;p-49139;Unterlegscheibe M8x24x2mm Gabel/Schwingenabdeckung -VESPA- V50, V90, SS50, SS90, PV125, ET3
c-5007;Vespa 50 S (V5A1T, 1964);Stoßdämpfer vorne;32;p-15295;O-Ring Ø16x2,50mm -PIAGGIO-Kickstarterwelle Vespa V50, PV125, ET3, PK, PX, T5 125ccm, Cosa, Rally, Sprint, TS125, GT125, GTR125, Super, GS160 / GS4, S
c-5007;Vespa 50 S (V5A1T, 1964);Vergaser, Auspuff;1;p-15690;Mutter -DIN 934- M6
c-5007;Vespa 50 S (V5A1T, 1964);Vergaser, Auspuff;2;p-15690;Mutter -DIN 934- M6
c-5007;Vespa 50 S (V5A1T, 1964);Vergaser, Auspuff;3;p-15690;Mutter -DIN 934- M6
c-5007;Vespa 50 S (V5A1T, 1964);Vergaser, Auspuff;4;p-15696;Federring -DIN 127- M6
c-5007;Vespa 50 S (V5A1T, 1964);Vergaser, Auspuff;5;p-15696;Federring -DIN 127- M6
c-5007;Vespa 50 S (V5A1T, 1964);Vergaser, Auspuff;6;p-13501;Unterlegscheibe Karosserie -DIN 9021- M6 - Edelstahl
c-5007;Vespa 50 S (V5A1T, 1964);Vergaser, Auspuff;7;p-11902;Dichtung Auspuffkrümmer/Zylinder -PIAGGIO, M6 Lochstich 52mm- Vespa 50 (V5A1T, V5N1T, V5B2T), 50N (V5A1T, V5B3T), 50 Special (V5B1T), Vespa 90 (V9A1T)
c-5007;Vespa 50 S (V5A1T, 1964);Vergaser, Auspuff;8;p-11902;Dichtung Auspuffkrümmer/Zylinder -PIAGGIO, M6 Lochstich 52mm- Vespa 50 (V5A1T, V5N1T, V5B2T), 50N (V5A1T, V5B3T), 50 Special (V5B1T), Vespa 90 (V9A1T)
c-5007;Vespa 50 S (V5A1T, 1964);Vergaser, Auspuff;9;p-15143;Auspuffkrümmer -OEM QUALITÄT- für standard Auspuff - Vespa Smallframe V50, PK50/PK80 S, PK50/PK80 XL, PK50 XL2, PK50 HP, PK50 FL, PK 50 Automatik - Al
c-5007;Vespa 50 S (V5A1T, 1964);Vergaser, Auspuff;10;p-15447;Ansaugstutzen -VESPA 2-Loch, Drehschieber- Vespa V50 - Ø=16/10mm Dellorto SHB
c-5007;Vespa 50 S (V5A1T, 1964);Vergaser, Auspuff;11;p-13981;Dichtung Ansaugstutzen -OEM QUALITÄT- Vespa V50, PV125, ET3, PK50, PK80, PK125 S
c-5007;Vespa 50 S (V5A1T, 1964);Vergaser, Auspuff;12;p-44662;Gummiteileset -PREMIUM- für Vespa 50 N/​L/​R/​S, V90, PV​125 1° Serie (VMA1) - Grau
c-5007;Vespa 50 S (V5A1T, 1964);Vergaser, Auspuff;14;p-9508;Fächerscheibe -DIN 6798- M10
c-5007;Vespa 50 S (V5A1T, 1964);Vergaser, Auspuff;15;p-9508;Fächerscheibe -DIN 6798- M10
c-5007;Vespa 50 S (V5A1T, 1964);Vergaser, Auspuff;16;p-3497;Gummi Vergaserwannendeckel -PIAGGIO- Vespa Largeframe (ab Bj. 1958)
c-5007;Vespa 50 S (V5A1T, 1964);Vergaser, Auspuff;17;p-15026;Splint -DIN 94- Ø=2,0mm - 20mm - verwendet für Bolzen Klemmplättchen / Bremsarm hinten Vespa PX, Sprint, Rally, V50, PV125, ET3 etc.
c-5007;Vespa 50 S (V5A1T, 1964);Vergaser, Auspuff;25;p-9429;Vergaser -DELLORTO 16/10mm SHB- Vespa V50
c-5007;Vespa 50 S (V5A1T, 1964);Vergaser, Auspuff;27;p-1848;Auspuff -OEM QUALITÄT- Vespa V50, 50N, 50S, 50L, 50R, 50 Special, V50 Elestart, PV125
c-5007;Vespa 50 S (V5A1T, 1964);Vergaser, Auspuff;28;p-1848;Auspuff -OEM QUALITÄT- Vespa V50, 50N, 50S, 50L, 50R, 50 Special, V50 Elestart, PV125
c-5007;Vespa 50 S (V5A1T, 1964);Vergaser, Auspuff;29;p-15378;Unterlegscheibe -DIN 125- M10
c-5007;Vespa 50 S (V5A1T, 1964);Vergaser, Auspuff;30;p-15757;Federring -DIN 127- M10
c-5007;Vespa 50 S (V5A1T, 1964);Vergaser, Auspuff;31;p-9780;Schraube -DIN 933- M10 x 30mm (verwendet als Auspuffschraube Vespa V50, V90, PV125, ET3)
c-5007;Vespa 50 S (V5A1T, 1964);Vergaser, Auspuff;34;p-18512;Feder Gemischeinstellschraube -DELLORTO- SHB, SHBC, PHBG
c-5007;Vespa 50 S (V5A1T, 1964);Vergaser, Auspuff;35;p-7070;Gemischeinstellschraube -DELLORTO- SHB, SHBC - Gewinde M4 x 0,75mm, L=27mm - dicke Spitze
c-5007;Vespa 50 S (V5A1T, 1964);Vergaser, Auspuff;36;p-18516;Schraube Schwimmerkammer -DELLORTO- SHB, PHVA, PHVB, PHBN
c-5007;Vespa 50 S (V5A1T, 1964);Vergaser, Auspuff;37;p-7143;Dichtsatz Vergaser -DELLORTO- SHBC 16
c-5007;Vespa 50 S (V5A1T, 1964);Vergaser, Auspuff;38;p-2151;Düse -DELLORTO (Typ: 1486)- 5mm ( 52)
c-5007;Vespa 50 S (V5A1T, 1964);Vergaser, Auspuff;39;p-7057;Schwimmerstift -DELLORTO- SHB, SI
c-5007;Vespa 50 S (V5A1T, 1964);Vergaser, Auspuff;41;p-15441;Vergaserschelle -DELLORTO Ø=34mm- SHBC 16 (Typ Vespa)
c-5007;Vespa 50 S (V5A1T, 1964);Vergaser, Auspuff;42;p-15441;Vergaserschelle -DELLORTO Ø=34mm- SHBC 16 (Typ Vespa)
c-5007;Vespa 50 S (V5A1T, 1964);Vergaser, Auspuff;43;p-389;Einstellschraube - Gaszugführung -PIAGGIO- M5 x 0,75 - 0° - ohne Kontermutter
c-5007;Vespa 50 S (V5A1T, 1964);Vergaser, Auspuff;44;p-12127;Feder Einstellschraube Gaszug am Vergaser -DELLORTO- SHB
c-5007;Vespa 50 S (V5A1T, 1964);Vergaser, Auspuff;45;p-4841;Schraube Schieberdeckel -PIAGGIO- Vergaser SI DellOrto - SI20/15, SI20/17, SI20/20, SI24/24, SI26/27
c-5007;Vespa 50 S (V5A1T, 1964);Vergaser, Auspuff;48;p-18506;Gasschieber -DELLORTO SHB 16- 6231-1
c-5007;Vespa 50 S (V5A1T, 1964);Vergaser, Auspuff;49;p-7021;Gasschieberfeder -DELLORTO- SHBC 16
c-5007;Vespa 50 S (V5A1T, 1964);Vergaser, Auspuff;50;p-7142;Dichtsatz Vergaser -DELLORTO- SHB 19 Vespa PV125, ET3
c-5007;Vespa 50 S (V5A1T, 1964);Vergaser, Auspuff;52;p-12129;Chokedüse -DELLORTO (Typ: 6217) SHB- 50
c-5007;Vespa 50 S (V5A1T, 1964);Vergaser, Auspuff;53;p-7051;Schwimmernadel -DELLORTO, dreieckig- SHBC (Vespa V50, PV,ET3), SHA (Ciao, Bravo, SI), PHBG, PHVA, PHVB, PHBN, FHBB - ungefedert
c-5007;Vespa 50 S (V5A1T, 1964);Vergaser, Auspuff;54;p-18510;Schwimmer -DELLORTO- SHB
c-5007;Vespa 50 S (V5A1T, 1964);Vergaser, Auspuff;55;p-18513;Schwimmerkammer -DELLORTO- SHB / SHBC 16mm-19mm
c-5007;Vespa 50 S (V5A1T, 1964);Vergaser, Auspuff;56;p-7027;Schraube Benzinbanjo -DELLORTO- SHB16/10, SHB16/16
c-5007;Vespa 50 S (V5A1T, 1964);Vergaser, Auspuff;58;p-18504;Benzinbanjo -DELLORTO- SHB 16
c-5007;Vespa 50 S (V5A1T, 1964);Vergaser, Auspuff;59;p-18503;Benzinfilter -DELLORTO- SHB16-Vergaser- Vespa V50, 50N, 50L, 50R, Special, 50SR, Sprinter, SS50, V90, SS90, 90 Racer
c-5007;Vespa 50 S (V5A1T, 1964);Vergaser, Auspuff;64;p-15408;Gussschutzkappe -OEM QUALITÄT- Vespa V50 - Vergaser Ø=16mm
c-5007;Vespa 50 S (V5A1T, 1964);Vergaser, Auspuff;65;p-15141;Klemmring Gusskappe -OEM QUALITÄT- Vespa Smallframe
c-5007;Vespa 50 S (V5A1T, 1964);Vergaser, Auspuff;66;p-10868;Luftfilter -OEM QUALITÄT- Vespa V50 (1. Serie) (Dellorto SHBC 16mm)
c-5007;Vespa 50 S (V5A1T, 1964);Vergaser, Auspuff;67;p-2414;Nebendüse -DELLORTO (Typ: 3360) SH / SHA / SHB- 38
c-5007;Vespa 50 S (V5A1T, 1964);Vergaser, Auspuff;68;p-18517;Vergaserdeckel -DELLORTO- SHB 16 (Typ Vespa V50)
c-5007;Vespa 50 S (V5A1T, 1964);Vergaser, Auspuff;69;p-7143;Dichtsatz Vergaser -DELLORTO- SHBC 16
c-5007;Vespa 50 S (V5A1T, 1964);Vergaser, Auspuff;70;p-515;Mutter für Gaszughebel -PIAGGIO- SHB - SW=8
c-5007;Vespa 50 S (V5A1T, 1964);Vergaser, Auspuff;71;p-11320;Unterlegscheibe M6 DIN 433 ähnlich - kleinerer Außendurchmesser für Befestigung Lufteintrittshaube -LAMBRETTA- LI, LIS, SX, TV, DL, GP, Motorgehäuse L
c-5007;Vespa 50 S (V5A1T, 1964);Zündung;1;p-15684;Federring -DIN 127- M5
c-5007;Vespa 50 S (V5A1T, 1964);Zündung;2;p-15684;Federring -DIN 127- M5
c-5007;Vespa 50 S (V5A1T, 1964);Zündung;3;p-15684;Federring -DIN 127- M5
c-5007;Vespa 50 S (V5A1T, 1964);Zündung;4;p-3044;Schraube -DIN 85- M5 x 14mm (verwendet für Zündgrundplatte Rally180 (VSD1T), Rally200 (VSE1T), Sprint150 (VLB1T), TS125 (VNL3T), GT125 (VNL2T), GTR125
c-5007;Vespa 50 S (V5A1T, 1964);Zündung;5;p-3044;Schraube -DIN 85- M5 x 14mm (verwendet für Zündgrundplatte Rally180 (VSD1T), Rally200 (VSE1T), Sprint150 (VLB1T), TS125 (VNL3T), GT125 (VNL2T), GTR125
c-5007;Vespa 50 S (V5A1T, 1964);Zündung;15;p-6660;Seegerring -BOHRUNG DIN472- Ø=28mm
c-5007;Vespa 50 S (V5A1T, 1964);Zündung;16;p-9129;Seegerring -BOHRUNG DIN472- Ø=25mm - (verwendet für Polrad Vespa V50, 50N, PV125, SS50, SS90, SR50, Sprint150, Super, VNA, GT125, GTR125)
c-5007;Vespa 50 S (V5A1T, 1964);Zündung;19;p-17014;Bougierohr -UNIVERSAL Ø=6mm- 5m - Schwarz
c-5007;Vespa 50 S (V5A1T, 1964);Zündung;20;p-170;Gummi Motor/Kabel -PIAGGIO- Vespa V50, V90, PV, ET3, VNA1T-2T, VNB1T-5T (verwendet zur Kabeldurchführung Motorgehäuse / Zündgrundplatte)
c-5007;Vespa 50 S (V5A1T, 1964);Zündung;21;p-170;Gummi Motor/Kabel -PIAGGIO- Vespa V50, V90, PV, ET3, VNA1T-2T, VNB1T-5T (verwendet zur Kabeldurchführung Motorgehäuse / Zündgrundplatte)
c-5007;Vespa 50 S (V5A1T, 1964);Zündung;22;p-6833;Gummikappe Kabelkästchen -PIAGGIO- Vespa alle Modelle
c-5007;Vespa 50 S (V5A1T, 1964);Zündung;23;p-45381;Verbindungskabel Zündspule und Kabelkästchen -VESPARATUR- Vespa Sprint, GT, GTR, TS
c-5007;Vespa 50 S (V5A1T, 1964);Zündung;24;p-45381;Verbindungskabel Zündspule und Kabelkästchen -VESPARATUR- Vespa Sprint, GT, GTR, TS
c-5007;Vespa 50 S (V5A1T, 1964);Zündung;25;p-45381;Verbindungskabel Zündspule und Kabelkästchen -VESPARATUR- Vespa Sprint, GT, GTR, TS
c-5007;Vespa 50 S (V5A1T, 1964);Zündung;31;p-6547;Federscheibe gewellt -DIN 137 Stahl verzinkt- M6
c-5007;Vespa 50 S (V5A1T, 1964);Zündung;34;p-13483;Schraube -DIN 84- M6 x 12mm (verwendet für Lüfterradabdeckung Vespa)
c-5007;Vespa 50 S (V5A1T, 1964);Zündung;35;p-3037;Schraube Zündkontakt M4 x 10mm mit Schlitz -PIAGGIO- Vespa Smallframe V50, PV125, Wideframe VM1, VM2, VNB1, VNB2, Super, GS150 VS1-5, Sprint, GT, GTR,
c-5007;Vespa 50 S (V5A1T, 1964);Zündung;36;p-11195;Zündkontakte -PIAGGIO kurz, Ø=5,0mm Führungsbolzen- Vespa 50 N, L, R, Special
c-5007;Vespa 50 S (V5A1T, 1964);Zündung;37;p-15774;Schmierfilz Kontaktzündung (Kondensator Ø=14mm) -OEM QUALITÄT- Vespa V50, PX
c-5007;Vespa 50 S (V5A1T, 1964);Zündung;38;p-15774;Schmierfilz Kontaktzündung (Kondensator Ø=14mm) -OEM QUALITÄT- Vespa V50, PX
c-5007;Vespa 50 S (V5A1T, 1964);Zündung;39;p-15774;Schmierfilz Kontaktzündung (Kondensator Ø=14mm) -OEM QUALITÄT- Vespa V50, PX
c-5007;Vespa 50 S (V5A1T, 1964);Zündung;40;p-15774;Schmierfilz Kontaktzündung (Kondensator Ø=14mm) -OEM QUALITÄT- Vespa V50, PX
c-5007;Vespa 50 S (V5A1T, 1964);Zündung;42;p-3231;Kondensator -EFFE, Ø=20mm, h=31mm, µF 0,25, 1-Kabel- Vespa V50 N, V50 L, V50 R (1° Serie), V50 Special V5A2T (1° Serie), V50 V5B1T (1° Serie)
c-5007;Vespa 50 S (V5A1T, 1964);Zündung;43;p-15688;Schraube -DIN 7985- M5 x 25mm (verwendet für Halter CDI / Elektronikzentrale PX)
c-5007;Vespa 50 S (V5A1T, 1964);Zündung;45;p-8677;Lichtspule -CEAB- Vespa V50 (Modelle mit innenliegender Zündspule)
c-5007;Vespa 50 S (V5A1T, 1964);Zündung;46;p-8677;Lichtspule -CEAB- Vespa V50 (Modelle mit innenliegender Zündspule)
c-5007;Vespa 50 S (V5A1T, 1964);Zündung;51;p-15456;Zündspule innenliegend -CIF- Vespa V50 (V5A1M ab Nr. 97776)
c-5007;Vespa 50 S (V5A1T, 1964);Zündung;53;p-15067;Zündkabel -PIAGGIO 100cm- Ø=7mm mit Öse
c-5007;Vespa 50 S (V5A1T, 1964);Zündung;54;p-33184;Zündkerzenstecker -POLINI- Silikon, kurz - blau
c-5007;Vespa 50 S (V5A1T, 1964);Zündung;58;p-3062;Schraube Zündkontakt M4x10mm mit Schlitz -OEM QUALITÄT- Vespa Smallframe V50, PV125, Wideframe VM1, VM2, VNB1, VNB2, Super, GS150 VS1-5, Sprint, GT, G
c-5007;Vespa 50 S (V5A1T, 1964);Zündung;59;p-2978;Fächerscheibe -DIN 6798- M3 (verwendet für Sicherungshalter PX, Zündkontakt Vespa lang)
c-5007;Vespa 50 S (V5A1T, 1964);Zündung;60;p-6517;Gummistopfen Polrad (Niere) -OEM QUALITÄT Höhe=11.4mm, Breite: 40.6mm- Vespa V50 (200001 bis 763500), V90, 90SS, VNB6T (ab 04295), Super, GT125 (VNL2T
c-5221;Vespa 50 R (V5A1T -752188);Bowdenzüge;1;p-9818;Lötnippel -UNIVERSAL- Nippel Ø=3,0mm x 3mm
c-5221;Vespa 50 R (V5A1T -752188);Bowdenzüge;4;p-6449;Endkappe für Außenzug -UNIVERSAL- Øinnen=4mm
c-5221;Vespa 50 R (V5A1T -752188);Bowdenzüge;5;p-6449;Endkappe für Außenzug -UNIVERSAL- Øinnen=4mm
c-5221;Vespa 50 R (V5A1T -752188);Bowdenzüge;6;p-6449;Endkappe für Außenzug -UNIVERSAL- Øinnen=4mm
c-5221;Vespa 50 R (V5A1T -752188);Bowdenzüge;7;p-6449;Endkappe für Außenzug -UNIVERSAL- Øinnen=4mm
c-5221;Vespa 50 R (V5A1T -752188);Bowdenzüge;8;p-6449;Endkappe für Außenzug -UNIVERSAL- Øinnen=4mm
c-5221;Vespa 50 R (V5A1T -752188);Bowdenzüge;9;p-6449;Endkappe für Außenzug -UNIVERSAL- Øinnen=4mm
c-5221;Vespa 50 R (V5A1T -752188);Bowdenzüge;10;p-10817;Aussenhülle -VESPA Vintage- Ø innen = 2,0mm, Ø aussen = 4,4mm (5m) - Grau
c-5221;Vespa 50 R (V5A1T -752188);Bowdenzüge;11;p-10817;Aussenhülle -VESPA Vintage- Ø innen = 2,0mm, Ø aussen = 4,4mm (5m) - Grau
c-5221;Vespa 50 R (V5A1T -752188);Bowdenzüge;12;p-6548;Zug universal innen -Ø=1,2mm x 2000mm, Nippel Ø=5,5mm x 7mm- verwendet als Gaszug - gedreht
c-5221;Vespa 50 R (V5A1T -752188);Bowdenzüge;14;p-6432;Endhülse für Zug -UNIVERSAL- Øinnen=7,2mm
c-5221;Vespa 50 R (V5A1T -752188);Bowdenzüge;15;p-6432;Endhülse für Zug -UNIVERSAL- Øinnen=7,2mm
c-5221;Vespa 50 R (V5A1T -752188);Bowdenzüge;16;p-6432;Endhülse für Zug -UNIVERSAL- Øinnen=7,2mm
c-5221;Vespa 50 R (V5A1T -752188);Bowdenzüge;17;p-6432;Endhülse für Zug -UNIVERSAL- Øinnen=7,2mm
c-5221;Vespa 50 R (V5A1T -752188);Bowdenzüge;18;p-10818;Aussenhülle -VESPA Vintage- Ø innen = 2,4mm, Ø aussen = 5,0mm (5m) - Grau
c-5221;Vespa 50 R (V5A1T -752188);Bowdenzüge;21;p-6423;Zug universal innen -Ø=1,9mm x 2000mm, Nippel Birnentyp- verwendet als Kupplungszug, Bremszug vorne - gedreht
c-5221;Vespa 50 R (V5A1T -752188);Bowdenzüge;22;p-9816;Birnennippeladapter -PIAGGIO- Nippel Ø=8x8mm - Vespa PX, T5 125ccm, Rally, Sprint, VBB, VNB, VNA, VBA, Super, TS, GT, GTR, V50, 50N, SS50, SS90, V90, 
c-5221;Vespa 50 R (V5A1T -752188);Bowdenzüge;23;p-9816;Birnennippeladapter -PIAGGIO- Nippel Ø=8x8mm - Vespa PX, T5 125ccm, Rally, Sprint, VBB, VNB, VNA, VBA, Super, TS, GT, GTR, V50, 50N, SS50, SS90, V90, 
c-5221;Vespa 50 R (V5A1T -752188);Bowdenzüge;25;p-6529;Tachowelle -PIAGGIO- Vespa V50, PV125
c-5221;Vespa 50 R (V5A1T -752188);Bowdenzüge;28;p-6423;Zug universal innen -Ø=1,9mm x 2000mm, Nippel Birnentyp- verwendet als Kupplungszug, Bremszug vorne - gedreht
c-5221;Vespa 50 R (V5A1T -752188);Bowdenzüge;29;p-10819;Aussenhülle -VESPA Vintage- Ø innen = 3,0mm, Ø aussen = 5,5mm (5m) - Grau
c-5221;Vespa 50 R (V5A1T -752188);Bowdenzüge;30;p-10817;Aussenhülle -VESPA Vintage- Ø innen = 2,0mm, Ø aussen = 4,4mm (5m) - Grau
c-5221;Vespa 50 R (V5A1T -752188);Bowdenzüge;31;p-10817;Aussenhülle -VESPA Vintage- Ø innen = 2,0mm, Ø aussen = 4,4mm (5m) - Grau
c-5221;Vespa 50 R (V5A1T -752188);Bowdenzüge;32;p-35201;Schraubenschlüssel, Doppel-Maulschlüssel -TOPTUL- 8x9mm SLIMLINE- verwendet zur Befestigung Klemmnippel Schaltraste Vespa
c-5221;Vespa 50 R (V5A1T -752188);Bowdenzüge;33;p-35201;Schraubenschlüssel, Doppel-Maulschlüssel -TOPTUL- 8x9mm SLIMLINE- verwendet zur Befestigung Klemmnippel Schaltraste Vespa
c-5221;Vespa 50 R (V5A1T -752188);Bowdenzüge;34;p-1307;Bremspedalbolzen -VESPA- V50, V90, SS50, SS90, PV125, ET3 (bis Nr. 52720), PX (Bj. 1977)
c-5221;Vespa 50 R (V5A1T -752188);Bowdenzüge;35;p-15026;Splint -DIN 94- Ø=2,0mm - 20mm - verwendet für Bolzen Klemmplättchen / Bremsarm hinten Vespa PX, Sprint, Rally, V50, PV125, ET3 etc.
c-5221;Vespa 50 R (V5A1T -752188);Bowdenzüge;36;p-6937;Bremspedalfeder -VESPA- PX, T5 125cc, PK, V50, V90, SS50, SS90, PV125, ET3
c-5221;Vespa 50 R (V5A1T -752188);Bowdenzüge;37;p-9892;Bremspedalgummi -PIAGGIO- Vespa V50, PV, ET3 - Schwarz
c-5221;Vespa 50 R (V5A1T -752188);Bowdenzüge;39;p-11964;Sicherungsstift - Spannstift -PIAGGIO- 3x18mm (verwendet für Kupplungsarm Vespa V50, PV125, ET3)
c-5221;Vespa 50 R (V5A1T -752188);Bowdenzüge;40;p-15700;Schraube -DIN 933- M6 x 20mm (8.8 Festigkeit)
c-5221;Vespa 50 R (V5A1T -752188);Bowdenzüge;41;p-15694;Unterlegscheibe -DIN 125- M6
c-5221;Vespa 50 R (V5A1T -752188);Bowdenzüge;42;p-15694;Unterlegscheibe -DIN 125- M6
c-5221;Vespa 50 R (V5A1T -752188);Bowdenzüge;43;p-15696;Federring -DIN 127- M6
c-5221;Vespa 50 R (V5A1T -752188);Bowdenzüge;44;p-15696;Federring -DIN 127- M6
c-5221;Vespa 50 R (V5A1T -752188);Bowdenzüge;45;p-15690;Mutter -DIN 934- M6
c-5221;Vespa 50 R (V5A1T -752188);Bowdenzüge;47;p-13137;Kastenmutter -M6- verwendet für Befestigung Spannungsregler und Bremspedal Vespa PX, T5, PK, Cosa
c-5221;Vespa 50 R (V5A1T -752188);Bowdenzüge;48;p-13137;Kastenmutter -M6- verwendet für Befestigung Spannungsregler und Bremspedal Vespa PX, T5, PK, Cosa
c-5221;Vespa 50 R (V5A1T -752188);Bowdenzüge;49;p-6936;Bremspedalbolzen Ø=5,5x21,5mm -PIAGGIO- Vespa PX, T5 125cc, PK, V50, V90, SS50, SS90, PV125, ET3 - verwendet zur Befestigung des Bremszuges im Pedal (
c-5221;Vespa 50 R (V5A1T -752188);Bowdenzüge;50;p-1824;Gummi Rahmen/Bremspedal -OEM QUALITÄT- Vespa V50, V90, PV, PX alt (-1984) - runde Form
c-5221;Vespa 50 R (V5A1T -752188);Bowdenzüge;51;p-15026;Splint -DIN 94- Ø=2,0mm - 20mm - verwendet für Bolzen Klemmplättchen / Bremsarm hinten Vespa PX, Sprint, Rally, V50, PV125, ET3 etc.
c-5221;Vespa 50 R (V5A1T -752188);Bowdenzüge;54;p-6438;Klemmschraube Bremszug hinten -PIAGGIO- Vespa V50, V90, SS50, SS90, PV125, ET3, VNA, VNB, VBA, VBB, Super, GL150 (VLA1T), GT125 (VNL2T), GTR125 (VNL2T
c-5221;Vespa 50 R (V5A1T -752188);Bowdenzüge;55;p-10820;Aussenhülle -VESPA Vintage- Ø innen = 4,3mm, Ø aussen = 6,5mm (5m) - Grau
c-5221;Vespa 50 R (V5A1T -752188);Bowdenzüge;56;p-6515;Endkappe für Außenzug -UNIVERSAL- Øinnen=7mm
c-5221;Vespa 50 R (V5A1T -752188);Bowdenzüge;57;p-6428;Bremszug hinten innen -OEM QUALITÄT, Ø=2,9mm mit Öse- Vespa PX, V50, PV125, ET3
c-5221;Vespa 50 R (V5A1T -752188);Bowdenzüge;59;p-17327;Chokezug -BGM PRO- Vespa Smallframe, 300/380mm, Tonne 3x3mm
c-5221;Vespa 50 R (V5A1T -752188);Bowdenzüge;61;p-9807;Schaltzug -PIAGGIO- Vespa V50, PV125, ET3
c-5221;Vespa 50 R (V5A1T -752188);Bowdenzüge;62;p-9803;Kupplungszug -PIAGGIO- Vespa V50, PV125, ET3
c-5221;Vespa 50 R (V5A1T -752188);Bowdenzüge;63;p-6529;Tachowelle -PIAGGIO- Vespa V50, PV125
c-5221;Vespa 50 R (V5A1T -752188);Bowdenzüge;64;p-9792;Bremszug vorne -PIAGGIO- Vespa V50, PV125, ET3
c-5221;Vespa 50 R (V5A1T -752188);Bowdenzüge;66;p-362;Federscheibe gewellt -PIAGGIO- Stahl verzinkt- M6 - verwendet für Zylinderhaube Smallframe, Druckfeder Chokehebel
c-5221;Vespa 50 R (V5A1T -752188);Bowdenzüge;68;p-15696;Federring -DIN 127- M6
c-5221;Vespa 50 R (V5A1T -752188);Bowdenzüge;69;p-15690;Mutter -DIN 934- M6
c-5221;Vespa 50 R (V5A1T -752188);Bowdenzüge;70;p-3120;Chokehebel am Rahmen -OEM QUALITÄT- Vespa PK S, PK XL - flaches Blech
c-5221;Vespa 50 R (V5A1T -752188);Bowdenzüge;71;p-5621;Gummi Rahmen/Schalt-Kupplungszug -IMPORT- Vespa V50, V90, PV, ET3
c-5221;Vespa 50 R (V5A1T -752188);Bowdenzüge;72;p-11542;Schutzhülle Gangseilzüge -PIAGGIO- Vespa PX, T5 125ccm, Rally, TS, Sprint, GT, GTR, SS180, GS160, GL, Super, VNA, VNB, VBA, VBB) - schwarz
c-5221;Vespa 50 R (V5A1T -752188);Bowdenzüge;73;p-11795;Schlauchklemme -UNIVERSAL- Ø = 14mm - verwendet z.B. für Benzinschlauch Vespa Klassik Largeframe (Vespa PX, Rally, Sprint, GT, GTR, Super, VNA, VNB, V
c-5221;Vespa 50 R (V5A1T -752188);Bowdenzüge;74;p-11624;Klammer zur Führung der Schaltzüge -PIAGGIO- Vespa PX, T5 125ccm, Rally, TS, Sprint, Sprint Veloce, GT, GTR, GL, Super, SS180, V50, PV125, ET3, PK S, 
c-5221;Vespa 50 R (V5A1T -752188);Bowdenzüge;75;p-15701;Schraube -DIN 933- M6 x 25mm (8.8 Festigkeit)
c-5221;Vespa 50 R (V5A1T -752188);Gabel, Vorderrad;1;p-15319;Schraube Felge M10 -OEM QUALITÄT- Vespa V50 (V5A1T bis Nr. 752188), V5SS2T, V5R1T, V90 (V9A1T) - Modelle mit 4-Loch Felge
c-5221;Vespa 50 R (V5A1T -752188);Gabel, Vorderrad;2;p-8331;Bremstrommel vorne 9 Zoll + 10 Zoll -PREDIERI & ABBATE- Vespa Smallframe 1963-1984 - V50 N (V5A1T), V50 S (V5SA1T), V50 L (V5A1T), SR50 (V, V50 R (V5A
c-5221;Vespa 50 R (V5A1T -752188);Gabel, Vorderrad;3;p-8331;Bremstrommel vorne 9 Zoll + 10 Zoll -PREDIERI & ABBATE- Vespa Smallframe 1963-1984 - V50 N (V5A1T), V50 S (V5SA1T), V50 L (V5A1T), SR50 (V, V50 R (V5A
c-5221;Vespa 50 R (V5A1T -752188);Gabel, Vorderrad;4;p-4089;Zentrierstift - Pin für Bremstrommel 9 (geschlossener Felgentyp) -OEM QUALITÄT- Vespa V50 R (V5A1T bis Nr. 752188), V50 N, V50 S, V50 L, SR50, V90
c-5221;Vespa 50 R (V5A1T -752188);Gabel, Vorderrad;5;p-367;Bremstrommelflansch / Achse vorne -OEM QUALITÄT- Vespa V50(N) (bis Bj 1971), V50 L, V50 S, V90
c-5221;Vespa 50 R (V5A1T -752188);Gabel, Vorderrad;6;p-367;Bremstrommelflansch / Achse vorne -OEM QUALITÄT- Vespa V50(N) (bis Bj 1971), V50 L, V50 S, V90
c-5221;Vespa 50 R (V5A1T -752188);Gabel, Vorderrad;7;p-1459;Wellendichtring 17x40x7mm - (verwendet für Vorderrad Rally180 (VSD1T), Rally200 (VSE1T), Sprint150 (VLB1T), TS125 (VNL3T), GT125 (VNL2T), GTR125 (VNL2
c-5221;Vespa 50 R (V5A1T -752188);Gabel, Vorderrad;8;p-1;Seegerring -BOHRUNG DIN472- Ø=40mm - (verwendet für Radlager 6203 in Schwinge V50, 50N, PV125, Sprint, Rally, VBB)
c-5221;Vespa 50 R (V5A1T -752188);Gabel, Vorderrad;9;p-13920;Kugellager -6203- (17x40x12mm) - (verwendet für Kurbelwelle Lambretta A, B, C, LC)
c-5221;Vespa 50 R (V5A1T -752188);Gabel, Vorderrad;10;p-354;Kronenmutter Schwinge/Vorderradlager -VESPA- V50, V90, SS50, SS90, PV125, ET3
c-5221;Vespa 50 R (V5A1T -752188);Gabel, Vorderrad;11;p-14286;Kugellager -6201- (12x32x10mm) - (verwendet für Vorderrad Lambretta alle, Vespa PX (bis Bj. 1982) - Getriebe Lambretta A, B, C, LC, D, LD)
c-5221;Vespa 50 R (V5A1T -752188);Gabel, Vorderrad;12;p-370;Tachoschnecken-Set -BGM ORIGINAL- Vespa 11 Zähne, Ø=21,8mm, Metall + 9 Zähne, l= 31mm, 2,7mm Vierkant, schwarz (passend für Tachoschnecke 9 Zähne) - (
c-5221;Vespa 50 R (V5A1T -752188);Gabel, Vorderrad;13;p-361;Gummikappe Tachoantrieb -PIAGGIO- Vespa V50, V90, PV, ET3 - grau
c-5221;Vespa 50 R (V5A1T -752188);Gabel, Vorderrad;14;p-353;Gummi Tachowelle/Bremsankerplatte -PIAGGIO- Vespa V50, V90, PV, ET3
c-5221;Vespa 50 R (V5A1T -752188);Gabel, Vorderrad;15;p-368;Tachoschnecke -BGM ORIGINAL- Vespa 9 Zähne, l= 31mm, 2,7mm Vierkant, schwarz (verwendet in Vespa V50, 50N, 50L, 50R (V5A1T, 9 Zoll Reifen)
c-5221;Vespa 50 R (V5A1T -752188);Gabel, Vorderrad;16;p-11591;Dichtung für Sicherungskappe Tachoschnecke -OEM QUALITÄT- Vespa V50, PV125, ET3 - Ø=14x20x1,5mm
c-5221;Vespa 50 R (V5A1T -752188);Gabel, Vorderrad;19;p-545;Niet - Kerbnagel Ø=4x10mm für Lenkschlossblende Typ NEIMAN (Oval) -OEM QUALITÄT- Vespa Rally180 (VSD1T), Rally200 (VSE1T), Sprint150 (VLB1T), TS125 (V
c-5221;Vespa 50 R (V5A1T -752188);Gabel, Vorderrad;20;p-2728;Schlüsselrohling -ZADI- Vespa/Ape Lenkschloss
c-5221;Vespa 50 R (V5A1T -752188);Gabel, Vorderrad;21;p-8912;Lenkschlossblenden-Set -NEIMAN (Oval, 1962-1971), Niet Ø=3mm- Vespa V50 L (V5A1T bis 580000), V50 N (V5A1T bis 236000), V90 (V9A1T bis 31300), PV125 (
c-5221;Vespa 50 R (V5A1T -752188);Gabel, Vorderrad;22;p-8740;Lenkschloss -IMPORT- Vespa GS160 (bis Nr. 0055506)
c-5221;Vespa 50 R (V5A1T -752188);Gabel, Vorderrad;25;p-15132;Schwingenabdeckung -PIAGGIO- Vespa V50, ET3, PV125 - Aluminium, Silbern
c-5221;Vespa 50 R (V5A1T -752188);Gabel, Vorderrad;26;p-15360;Mutter -DIN 934- M12 x 1,50 - verwendet als Kupplungsmutter für Kupplung Vespa Cosa2
c-5221;Vespa 50 R (V5A1T -752188);Gabel, Vorderrad;27;p-11565;Federring -DIN 127- M12
c-5221;Vespa 50 R (V5A1T -752188);Gabel, Vorderrad;28;p-47290;Schwingenabdeckungs-Kit -OEM QUALITÄT- Vespa V50, ET3, PV125 innen
c-5221;Vespa 50 R (V5A1T -752188);Gabel, Vorderrad;29;p-15145;Kotflügel -OEM QUALITÄT- Vespa V50, V90, PV125, ET3 - unlackiert
c-5221;Vespa 50 R (V5A1T -752188);Gabel, Vorderrad;31;p-6706;Schwingenlagersatz -VESPA- V50, ET3, PV125
c-5221;Vespa 50 R (V5A1T -752188);Gabel, Vorderrad;32;p-6706;Schwingenlagersatz -VESPA- V50, ET3, PV125
c-5221;Vespa 50 R (V5A1T -752188);Gabel, Vorderrad;33;p-44644;O-Ring Set (6-teilig) Gabel -OEM QUALITÄT- Vespa Smallframe V50, PV, ET3, Motovespa T3, 125 Primavera
c-5221;Vespa 50 R (V5A1T -752188);Gabel, Vorderrad;34;p-44644;O-Ring Set (6-teilig) Gabel -OEM QUALITÄT- Vespa Smallframe V50, PV, ET3, Motovespa T3, 125 Primavera
c-5221;Vespa 50 R (V5A1T -752188);Gabel, Vorderrad;35;p-17425;Einstellschraube M5 x 20mm (Øinnen=6,9mm) -BGM ORIGINAL- (verwendet für Schaltraste Vespa) - 10 Stück
c-5221;Vespa 50 R (V5A1T -752188);Gabel, Vorderrad;36;p-15682;Mutter -DIN 934- M5
c-5221;Vespa 50 R (V5A1T -752188);Gabel, Vorderrad;37;p-12252;Klemmschraube Vorderradbremszug -PIAGGIO- Vespa V50, V90, SS50, SS90, PV125, ET3, VNA, VNB, VBA, VBB, Super, GL150 (VLA1T), GT125 (VNL2T), GTR125 (VNL
c-5221;Vespa 50 R (V5A1T -752188);Gabel, Vorderrad;38;p-555;Klemmplättchen-Bolzen Ø=5,0x11mm Bremse vorne -OEM QUALITÄT- alle Modelle (bis Bj. 1981), PX (-1984)
c-5221;Vespa 50 R (V5A1T -752188);Gabel, Vorderrad;39;p-15026;Splint -DIN 94- Ø=2,0mm - 20mm - verwendet für Bolzen Klemmplättchen / Bremsarm hinten Vespa PX, Sprint, Rally, V50, PV125, ET3 etc.
c-5221;Vespa 50 R (V5A1T -752188);Gabel, Vorderrad;42;p-15705;Mutter hoch -DIN 934 ähnlich- M7
c-5221;Vespa 50 R (V5A1T -752188);Gabel, Vorderrad;43;p-581;Bremsarm mit Bremsnocke vorne -BGM ORIGINAL- Vespa V50, V90, SS50, SS90, PV125, ET3 - Ø= 14,9mm
c-5221;Vespa 50 R (V5A1T -752188);Gabel, Vorderrad;44;p-6843;Kotflügelschraube seitlich M5 x 16mm -CIF- Vespa Smallframe V50, 50N, PV, ET3, PK S, PK XL, Largeframe PX, VNA, VNB, VBA, VBB, Super, Sprint Veloce, R
c-5221;Vespa 50 R (V5A1T -752188);Gabel, Vorderrad;45;p-3017;Unterlegscheibe Hebelschraube (unten) -PIAGGIO- 14x5,3x1,0mm - Vespa V50, V90, SS50, SS90, PV125, ET3, Super, GS150, Sprint, Rally, SS180, PX, T5 125c
c-5221;Vespa 50 R (V5A1T -752188);Gabel, Vorderrad;46;p-15684;Federring -DIN 127- M5
c-5221;Vespa 50 R (V5A1T -752188);Gabel, Vorderrad;47;p-15684;Federring -DIN 127- M5
c-5221;Vespa 50 R (V5A1T -752188);Gabel, Vorderrad;48;p-15684;Federring -DIN 127- M5
c-5221;Vespa 50 R (V5A1T -752188);Gabel, Vorderrad;49;p-15682;Mutter -DIN 934- M5
c-5221;Vespa 50 R (V5A1T -752188);Gabel, Vorderrad;50;p-15682;Mutter -DIN 934- M5
c-5221;Vespa 50 R (V5A1T -752188);Gabel, Vorderrad;51;p-18207;Schraube für Gepäckfach -BGM ORIGINAL M5 x 25mm, vernickelt- Vespa PX, Rally180, Rally200, TS125, GS160 / GS4 (ab VSB1T0054684), SS180
c-5221;Vespa 50 R (V5A1T -752188);Gabel, Vorderrad;54;p-6679;Schraube -DIN 933- M5 x 10mm (verwendet für Abdeckblech Tachoschnecke Vespa PX, T5 125cc, V50, PV125, ET3)
c-5221;Vespa 50 R (V5A1T -752188);Gabel, Vorderrad;55;p-45470;Schwinge -PREMIUM- V50, ET3, PV125 - Bremsnocke Ø=14,9mm
c-5221;Vespa 50 R (V5A1T -752188);Gabel, Vorderrad;56;p-45470;Schwinge -PREMIUM- V50, ET3, PV125 - Bremsnocke Ø=14,9mm
c-5221;Vespa 50 R (V5A1T -752188);Gabel, Vorderrad;58;p-15130;Bremsbacken -NEWFREN- Ø=125x17mm- 8 + 9 + 10 vorne, 1 Aufnahme, Vespa Smallframe V50, V90, SS50, SS90, PV125, ET3, Wideframe V1T bis V15T, V30T-V33T, 
c-5221;Vespa 50 R (V5A1T -752188);Gabel, Vorderrad;59;p-159;Bremsbacken Rückholfeder -PIAGGIO- Vespa Rally (v), Sprint (v), GT (v), GTR (v), TS (v), Super (v), V50-90 (v), SS50-90 (v), PV125 (v), ET3 (v), GS160
c-5221;Vespa 50 R (V5A1T -752188);Gabel, Vorderrad;60;p-15030;Bremsbackensicherung (Omega) -VESPA- V50, V90, SS50, SS90, PV125, ET3, VNA, VNB, VBA, VBB, Super, GL150 (VLA1T), GT125 (VNL2T), GTR125 (VNL2T), TS125 
c-5221;Vespa 50 R (V5A1T -752188);Gabel, Vorderrad;64;p-11773;Distanzscheibe Kunststoff Ø=18x6,4x6mm für Kotflügel -OEM QUALITÄT- Vespa V50, V90, PV125, ET3 125
c-5221;Vespa 50 R (V5A1T -752188);Gabel, Vorderrad;65;p-9275;Schmiernippel -DIN 71412- M10 x 1,0 - Schlüsselweite 11mm
c-5221;Vespa 50 R (V5A1T -752188);Gabel, Vorderrad;66;p-344;V-Ring Dichtring Ø=18x3x22mm Schwinge innen -VESPA- PX (bis Bj. 1982), V50, PV125, ET3, SS50, SS90
c-5221;Vespa 50 R (V5A1T -752188);Getriebe, Hinterrad;1;p-15319;Schraube Felge M10 -OEM QUALITÄT- Vespa V50 (V5A1T bis Nr. 752188), V5SS2T, V5R1T, V90 (V9A1T) - Modelle mit 4-Loch Felge
c-5221;Vespa 50 R (V5A1T -752188);Getriebe, Hinterrad;2;p-6630;Splint -ISO 1234- Ø=3,5 x 32mm (verwendet für Vorderrad Vespa PK, PX, Cosa, T5 125ccm - Hinterrad Vespa PK, PX, Cosa, T5 125ccm, Rally, Sprint, TS, GT
c-5221;Vespa 50 R (V5A1T -752188);Getriebe, Hinterrad;3;p-11229;Hinterradmutter -Kronenmutter -OEM QUALITÄT M14x1,5 SW22- Vespa PX (-1984), Rally, Sprint150, TS125, GT125, GTR125, Super, SS180, GS160 / GS4, VNA, VN
c-5221;Vespa 50 R (V5A1T -752188);Getriebe, Hinterrad;4;p-6631;Unterlegscheibe Hinterradmutter - Bremstrommel hinten -OEM QUALITÄT- Vespa 1951-1982, PX (-1982), Rally, Sprint, TS125, GT125, GTR125, GL150, Super, V
c-5221;Vespa 50 R (V5A1T -752188);Getriebe, Hinterrad;5;p-538;Unterlegscheibe Hinterradmutter - Bremstrommel hinten -OEM QUALITÄT- Vespa V50, V90, SS50, SS90, PV125, ET3 - 31,5x14,5x8,5mm
c-5221;Vespa 50 R (V5A1T -752188);Getriebe, Hinterrad;6;p-8458;Bremstrommel hinten 9 Zoll + 10 Zoll -FA ITALIA- Vespa V50 R (V5A1T bis Nr. 752188), V50 N, V50 S, V50 L, SR50, V90
c-5221;Vespa 50 R (V5A1T -752188);Getriebe, Hinterrad;7;p-8458;Bremstrommel hinten 9 Zoll + 10 Zoll -FA ITALIA- Vespa V50 R (V5A1T bis Nr. 752188), V50 N, V50 S, V50 L, SR50, V90
c-5221;Vespa 50 R (V5A1T -752188);Getriebe, Hinterrad;8;p-44780;Bremstrommelflansch hinten -PREMIUM- Vespa 9 Zoll - Vespa V50(N) (bis Bj 1971), V50 L, V50 S, V90
c-5221;Vespa 50 R (V5A1T -752188);Getriebe, Hinterrad;10;p-32712;Bremsbacken -POLINI Ø=135x20mm- VESPA V50 (h) - 9 Zoll
c-5221;Vespa 50 R (V5A1T -752188);Getriebe, Hinterrad;11;p-15030;Bremsbackensicherung (Omega) -VESPA- V50, V90, SS50, SS90, PV125, ET3, VNA, VNB, VBA, VBB, Super, GL150 (VLA1T), GT125 (VNL2T), GTR125 (VNL2T), TS125 
c-5221;Vespa 50 R (V5A1T -752188);Getriebe, Hinterrad;12;p-15038;Bremsbacken Rückholfeder -PIAGGIO- Vespa PX (vh), T5 125cc (vh), PK (vh), Rally180 (VSD1T), Rally200 (VSE1T) (h), Sprint (h), Super (h), GT125 (VNL2T)
c-5221;Vespa 50 R (V5A1T -752188);Getriebe, Hinterrad;13;p-4089;Zentrierstift - Pin für Bremstrommel 9 (geschlossener Felgentyp) -OEM QUALITÄT- Vespa V50 R (V5A1T bis Nr. 752188), V50 N, V50 S, V50 L, SR50, V90
c-5221;Vespa 50 R (V5A1T -752188);Getriebe, Hinterrad;15;p-11957;O-Ring 12,5x 2,5mm -PIAGGIO- (verwendet für Bremsnocke Vespa PK S, PK XL, PK XL2, Federbock Sprint, Rally, GT, GTR, GS150)
c-5221;Vespa 50 R (V5A1T -752188);Getriebe, Hinterrad;16;p-363;Bremsarm mit Bremsnocke hinten -KR AUTOMATION- Vespa V50, V90, SS50, SS90, PV125, ET3
c-5221;Vespa 50 R (V5A1T -752188);Getriebe, Hinterrad;17;p-12356;Wellendichtring 27x37x7mm -MALOSSI PTFE/FKM- (verwendet für Hinterrad / hintere Bremstrommel Vespa V50, V90, SS50, SS90, PV125, ET3, PK S, PK XL, PK X
c-5221;Vespa 50 R (V5A1T -752188);Getriebe, Hinterrad;18;p-6263;Kugellager -6204- (20x47x14mm) - (verwendet für Hauptwelle Vespa PX, T5 125cc, Cosa, Rally180 (VSD1T), Rally200 (VSE1T), Sprint150 (VLB1T), TS125 (VNL
c-5221;Vespa 50 R (V5A1T -752188);Getriebe, Hinterrad;19;p-11934;Dichtung Bremsankerplatte hinten -PIAGGIO- Vespa V50, V90, PV 25, ET3, PK S, PK XL, PK XL2, PK HP
c-5221;Vespa 50 R (V5A1T -752188);Getriebe, Hinterrad;20;p-11934;Dichtung Bremsankerplatte hinten -PIAGGIO- Vespa V50, V90, PV 25, ET3, PK S, PK XL, PK XL2, PK HP
c-5221;Vespa 50 R (V5A1T -752188);Getriebe, Hinterrad;21;p-15040;Öleinfüllschraube M8 x 10mm -VESPA Olio- PX, T5 125cc, Cosa, Rally180 (VSD1T), Rally200 (VSE1T), Sprint150 (VLB1T), TS125 (VNL3T), GT125 (VNL2T), GTR1
c-5221;Vespa 50 R (V5A1T -752188);Getriebe, Hinterrad;22;p-15040;Öleinfüllschraube M8 x 10mm -VESPA Olio- PX, T5 125cc, Cosa, Rally180 (VSD1T), Rally200 (VSE1T), Sprint150 (VLB1T), TS125 (VNL3T), GT125 (VNL2T), GTR1
c-5221;Vespa 50 R (V5A1T -752188);Getriebe, Hinterrad;23;p-15037;Dichtung Ölablassschraube -OEM QUALITÄT 8x14x1mm- Vespa V50, 50N, SS50, SR50, V90, SS90, V100, PV125, ET3, PK, PX, T5 125ccm, Cosa, Rally, Sprint, TS1
c-5221;Vespa 50 R (V5A1T -752188);Getriebe, Hinterrad;24;p-15037;Dichtung Ölablassschraube -OEM QUALITÄT 8x14x1mm- Vespa V50, 50N, SS50, SR50, V90, SS90, V100, PV125, ET3, PK, PX, T5 125ccm, Cosa, Rally, Sprint, TS1
c-5221;Vespa 50 R (V5A1T -752188);Getriebe, Hinterrad;25;p-3498;Entlüftungsschraube Kupplungsdeckel -PIAGGIO- Vespa alle Vespas
c-5221;Vespa 50 R (V5A1T -752188);Getriebe, Hinterrad;26;p-44642;Set-Kickstarteranschlaggummi -OEM QUALITÄT- Vespa V50, V90, PV125, ET3, PK S - 15 x 24 x 6mm
c-5221;Vespa 50 R (V5A1T -752188);Getriebe, Hinterrad;27;p-17425;Einstellschraube M5 x 20mm (Øinnen=6,9mm) -BGM ORIGINAL- (verwendet für Schaltraste Vespa) - 10 Stück
c-5221;Vespa 50 R (V5A1T -752188);Getriebe, Hinterrad;28;p-15682;Mutter -DIN 934- M5
c-5221;Vespa 50 R (V5A1T -752188);Getriebe, Hinterrad;29;p-391;Sicherungsschraube Schaltgabel -OEM QUALITÄT- V50, V90, SS50, SS90, PV125, ET3, PK S, PK XL1
c-5221;Vespa 50 R (V5A1T -752188);Getriebe, Hinterrad;30;p-11951;Klemmplättchen-Bolzen Ø=5,4x11mm Bremse hinten -PIAGGIO- Vespa V50, V90, PV125, ET3, PK, PK S, PK XL, PK XL2, PX, Rally, Sprint, GT, GTR
c-5221;Vespa 50 R (V5A1T -752188);Getriebe, Hinterrad;32;p-44764;Schaltgabel -PREMIUM- Vespa V50, V90, SS50, SS90, PV125, ET3 - 2x O-Ringe
c-5221;Vespa 50 R (V5A1T -752188);Getriebe, Hinterrad;33;p-1321;Schubklotz für Schaltklaue -PIAGGIO- Vespa V50, V90, SS50, SS90, PV125, ET3, PK S, PK XL
c-5221;Vespa 50 R (V5A1T -752188);Getriebe, Hinterrad;35;p-17433;Einstellschraube M7 x 25mm -BGM ORIGINAL- 10 Stück
c-5221;Vespa 50 R (V5A1T -752188);Getriebe, Hinterrad;36;p-15705;Mutter hoch -DIN 934 ähnlich- M7
c-5221;Vespa 50 R (V5A1T -752188);Getriebe, Hinterrad;41;p-11717;Wellscheibe für Schaltgabel -OEM QUALITÄT, 7,75x12,0x0,1mm- Vespa V50, V90, SS50, SS90, PV125, ET3, PK S, PK XL1
c-5221;Vespa 50 R (V5A1T -752188);Getriebe, Hinterrad;42;p-13916;Sicherungsring -WELLE DIN6799- Ø=3mm - verwendet für Schubklotz Schaltklaue Vespa Smallframe (V50, PV, ET3, PK, PK XL, PK XL2)
c-5221;Vespa 50 R (V5A1T -752188);Getriebe, Hinterrad;43;p-111;Sicherungsstift (zylindrisch) 4,0x23mm (verwendet für Schaltraste PX, Cosa, T5, Rally, Sprint, TS, GT, GTR, Super, SS180, GS160, GL, VNA, VNB, VBA, VB
c-5221;Vespa 50 R (V5A1T -752188);Getriebe, Hinterrad;44;p-12325;Schaltrastenabdeckung -PIAGGIO- Vespa V50, V90, SS50, SS90, PV125, ET3
c-5221;Vespa 50 R (V5A1T -752188);Getriebe, Hinterrad;45;p-15684;Federring -DIN 127- M5
c-5221;Vespa 50 R (V5A1T -752188);Getriebe, Hinterrad;46;p-48698;Schraube für Luftfilter SI Vergaser, vorne -VESPA- Vespa PX, Rally180 (VSD1T), Rally200 (VSE1T), Sprint
c-5221;Vespa 50 R (V5A1T -752188);Getriebe, Hinterrad;47;p-8469;Schaltklaue -FA ITALIA- 2-Arme, Smallframe Bj. 1963-1967 V50 N (V5A1T bis Nr. 92876), V90 (V9A1T bis Nr. 25000) - 3 Gang
c-5221;Vespa 50 R (V5A1T -752188);Getriebe, Hinterrad;48;p-568;Schaltklaue -OEM QUALITÄT- 4-Arme, 3 Gang - Vespa 50N (V5A1T, 92877-), 50L, 50R, 50 Special (V5A2T, V5B3T), Special Elestart (V5B2T, V5A3T), V90 (V9A1
c-5221;Vespa 50 R (V5A1T -752188);Getriebe, Hinterrad;49;p-6623;Seegerring -WELLE DIN471 ähnlich- Ø=48mm x 1,7mm - verwendet für Hauptwelle Getriebe Vespa V50, PV, ET3, Sprint, Rally, VNA, VNB, VBA, VBB, Super, GT,
c-5221;Vespa 50 R (V5A1T -752188);Getriebe, Hinterrad;50;p-6623;Seegerring -WELLE DIN471 ähnlich- Ø=48mm x 1,7mm - verwendet für Hauptwelle Getriebe Vespa V50, PV, ET3, Sprint, Rally, VNA, VNB, VBA, VBB, Super, GT,
c-5221;Vespa 50 R (V5A1T -752188);Getriebe, Hinterrad;51;p-6623;Seegerring -WELLE DIN471 ähnlich- Ø=48mm x 1,7mm - verwendet für Hauptwelle Getriebe Vespa V50, PV, ET3, Sprint, Rally, VNA, VNB, VBA, VBB, Super, GT,
c-5221;Vespa 50 R (V5A1T -752188);Getriebe, Hinterrad;52;p-6623;Seegerring -WELLE DIN471 ähnlich- Ø=48mm x 1,7mm - verwendet für Hauptwelle Getriebe Vespa V50, PV, ET3, Sprint, Rally, VNA, VNB, VBA, VBB, Super, GT,
c-5221;Vespa 50 R (V5A1T -752188);Getriebe, Hinterrad;63;p-15098;Schaltfeder -VESPA- V50, V90, SS50, SS90, PV125, ET3, PK S, PK XL
c-5221;Vespa 50 R (V5A1T -752188);Getriebe, Hinterrad;64;p-15098;Schaltfeder -VESPA- V50, V90, SS50, SS90, PV125, ET3, PK S, PK XL
c-5221;Vespa 50 R (V5A1T -752188);Getriebe, Hinterrad;65;p-8118;Schaltkugel -PIAGGIO, Ø=7,1mm- Vespa V50, PV125, ET3, PK50, PK80, PK125, SS50, SS90
c-5221;Vespa 50 R (V5A1T -752188);Getriebe, Hinterrad;66;p-15690;Mutter -DIN 934- M6
c-5221;Vespa 50 R (V5A1T -752188);Getriebe, Hinterrad;67;p-15719;Mutter -DIN 934- M8
c-5221;Vespa 50 R (V5A1T -752188);Getriebe, Hinterrad;68;p-15696;Federring -DIN 127- M6
c-5221;Vespa 50 R (V5A1T -752188);Getriebe, Hinterrad;69;p-15727;Federring -DIN 127- M8
c-5221;Vespa 50 R (V5A1T -752188);Getriebe, Hinterrad;70;p-13501;Unterlegscheibe Karosserie -DIN 9021- M6 - Edelstahl
c-5221;Vespa 50 R (V5A1T -752188);Getriebe, Hinterrad;71;p-15725;Unterlegscheibe -DIN 125- M8 - schwarz verzinkt
c-5221;Vespa 50 R (V5A1T -752188);Getriebe, Hinterrad;72;p-15026;Splint -DIN 94- Ø=2,0mm - 20mm - verwendet für Bolzen Klemmplättchen / Bremsarm hinten Vespa PX, Sprint, Rally, V50, PV125, ET3 etc.
c-5221;Vespa 50 R (V5A1T -752188);Getriebe, Hinterrad;76;p-6438;Klemmschraube Bremszug hinten -PIAGGIO- Vespa V50, V90, SS50, SS90, PV125, ET3, VNA, VNB, VBA, VBB, Super, GL150 (VLA1T), GT125 (VNL2T), GTR125 (VNL2T
c-5221;Vespa 50 R (V5A1T -752188);Getriebe, Hinterrad;78;p-3041;Schraube Kabelkästchen M3 x 8mm mit Schlitz -PIAGGIO- Vespa Smallframe V50, PV125, Wideframe VM1, VM2, VNB1, VNB2, Super, GS150 VS1-5, Sprint, GT, GTR
c-5221;Vespa 50 R (V5A1T -752188);Getriebe, Hinterrad;81;p-6832;Schraube Linsen-Senkkopf -DIN 966- M5 x 40 (verwendet für Kabelkästchen Vespa PX, T5 125cc, Rally180 (VSD1T), Rally200 (VSE1T), Sprint150 (VLB1T), TS1
c-5221;Vespa 50 R (V5A1T -752188);Getriebe, Hinterrad;82;p-392;Unterlegscheibe -VESPA- 12x20x2,3mm (verwendet für Sicherungsschraube Schaltgabel Vespa V50, V90, SS50, SS90, PV125, ET3, PK S, PK XL)
c-5221;Vespa 50 R (V5A1T -752188);Kabelbaum;7;p-17012;Bougierohr -UNIVERSAL Ø=10mm- 5m - Schwarz
c-5221;Vespa 50 R (V5A1T -752188);Kabelbaum;8;p-17010;Bougierohr -UNIVERSAL Ø=8mm- 5m - Schwarz
c-5221;Vespa 50 R (V5A1T -752188);Kabelbaum;9;p-17014;Bougierohr -UNIVERSAL Ø=6mm- 5m - Schwarz
c-5221;Vespa 50 R (V5A1T -752188);Kabelbaum;10;p-17014;Bougierohr -UNIVERSAL Ø=6mm- 5m - Schwarz
c-5221;Vespa 50 R (V5A1T -752188);Kabelbaum;14;p-6833;Gummikappe Kabelkästchen -PIAGGIO- Vespa alle Modelle
c-5221;Vespa 50 R (V5A1T -752188);Kabelbaum;15;p-17012;Bougierohr -UNIVERSAL Ø=10mm- 5m - Schwarz
c-5221;Vespa 50 R (V5A1T -752188);Kabelbaum;16;p-17016;Bougierohr -UNIVERSAL Ø=4mm- 5m - Schwarz
c-5221;Vespa 50 R (V5A1T -752188);Kabelbaum;17;p-10350;Gummi Rücklichtkabel/Rahmen -PIAGGIO- Vespa
c-5221;Vespa 50 R (V5A1T -752188);Lenker;1;p-8473;Griffe -VESPA Ø=24mm, l=125mm, Piaggio 4-Eck- Vespa VL1T, VL2T, VL3T (Struzzo), Touren 2(D), T/2 (VD1T), GS150 (VS1T) - Grau - auch passend auf V50, P
c-5221;Vespa 50 R (V5A1T -752188);Lenker;2;p-8473;Griffe -VESPA Ø=24mm, l=125mm, Piaggio 4-Eck- Vespa VL1T, VL2T, VL3T (Struzzo), Touren 2(D), T/2 (VD1T), GS150 (VS1T) - Grau - auch passend auf V50, P
c-5221;Vespa 50 R (V5A1T -752188);Lenker;8;p-12054;Unterlegscheibe - Wellscheibe Hebelschraube (oben) -PIAGGIO- Vespa PK, PK S, PK XL, PX - Ø6,6 x 14 x 0,3mm
c-5221;Vespa 50 R (V5A1T -752188);Lenker;9;p-12054;Unterlegscheibe - Wellscheibe Hebelschraube (oben) -PIAGGIO- Vespa PK, PK S, PK XL, PX - Ø6,6 x 14 x 0,3mm
c-5221;Vespa 50 R (V5A1T -752188);Lenker;10;p-3016;Unterlegscheibe Hebelschraube (oben) -CIF- 14x6,6x0,6mm - Vespa V50, V90, SS50, SS90, PV125, ET3, Super, GS150, Sprint, Rally, SS180, PX, T5 125ccm
c-5221;Vespa 50 R (V5A1T -752188);Lenker;11;p-3016;Unterlegscheibe Hebelschraube (oben) -CIF- 14x6,6x0,6mm - Vespa V50, V90, SS50, SS90, PV125, ET3, Super, GS150, Sprint, Rally, SS180, PX, T5 125ccm
c-5221;Vespa 50 R (V5A1T -752188);Lenker;12;p-3017;Unterlegscheibe Hebelschraube (unten) -PIAGGIO- 14x5,3x1,0mm - Vespa V50, V90, SS50, SS90, PV125, ET3, Super, GS150, Sprint, Rally, SS180, PX, T5 125c
c-5221;Vespa 50 R (V5A1T -752188);Lenker;13;p-15768;Mutter selbstsichernd -DIN 985- M5 (verwendet für Hebelschraube Vespa PX, T5 125ccm, Rally, Sprint, TS, GT, GTR, SS180, GS160, Super, GL, VNA, VNB, VB
c-5221;Vespa 50 R (V5A1T -752188);Lenker;14;p-15768;Mutter selbstsichernd -DIN 985- M5 (verwendet für Hebelschraube Vespa PX, T5 125ccm, Rally, Sprint, TS, GT, GTR, SS180, GS160, Super, GL, VNA, VNB, VB
c-5221;Vespa 50 R (V5A1T -752188);Lenker;15;p-8391;Splint Gas- Schaltrohr -VESPA ohne Lenkerblinker- Vespa V50, V90, SS50, SS90, PV125, ET3, Rally180 (VSD1T), Rally200 (VSE1T), Sprint150 (VLB1T), TS125
c-5221;Vespa 50 R (V5A1T -752188);Lenker;16;p-8391;Splint Gas- Schaltrohr -VESPA ohne Lenkerblinker- Vespa V50, V90, SS50, SS90, PV125, ET3, Rally180 (VSD1T), Rally200 (VSE1T), Sprint150 (VLB1T), TS125
c-5221;Vespa 50 R (V5A1T -752188);Lenker;18;p-6696;Distanzscheibe Gasrohr/Schaltrohr 24 x 31x 1mm -PIAGGIO- Vespa PX, T5, PV125, ET3, V50 Special, PK S, PK XL1
c-5221;Vespa 50 R (V5A1T -752188);Lenker;19;p-6696;Distanzscheibe Gasrohr/Schaltrohr 24 x 31x 1mm -PIAGGIO- Vespa PX, T5, PV125, ET3, V50 Special, PK S, PK XL1
c-5221;Vespa 50 R (V5A1T -752188);Lenker;20;p-6697;Federscheibe Gasrohr/Schaltrohr 24 x 31x 1mm -VESPA- PX, T5 125cc, Rally180 (VSD1T), Rally200 (VSE1T), Sprint150 (VLB1T), TS125 (VNL3T), GT125 (VNL2T)
c-5221;Vespa 50 R (V5A1T -752188);Lenker;21;p-6697;Federscheibe Gasrohr/Schaltrohr 24 x 31x 1mm -VESPA- PX, T5 125cc, Rally180 (VSD1T), Rally200 (VSE1T), Sprint150 (VLB1T), TS125 (VNL3T), GT125 (VNL2T)
c-5221;Vespa 50 R (V5A1T -752188);Lenker;22;p-10629;Schaltzugrolle -IMPORT- Vespa V50, V90, SS50, SS90, PV125, ET3, Rally180 (VSD1T), Rally200 (VSE1T), Sprint150 (VLB1T), TS125 (VNL3T), GT125 (VNL2T), G
c-5221;Vespa 50 R (V5A1T -752188);Lenker;23;p-15055;Lenkkopfschraube inkl. Vierkantmutter -CIF- Vespa PX, PK, Rally, Sprint150, 180 SS, Super, TS125, GT125 (VNL2T), GTR125 (VNL2T), ET3, PV125, V50, V90
c-5221;Vespa 50 R (V5A1T -752188);Lenker;24;p-15056;Lenkkopfmutter -VESPA- PX, PK, Rally180 (VSD1T), Rally200 (VSE1T), Sprint150 (VLB1T), 180 SS, Super, TS125 (VNL3T), GT125 (VNL2T), GTR125 (VNL2T), ET3
c-5221;Vespa 50 R (V5A1T -752188);Lenker;25;p-9122;Aufnahme Gas- Schaltzug im Lenker -VESPA- V50 N, V50 L, V50 R, V90
c-5221;Vespa 50 R (V5A1T -752188);Lenker;29;p-15215;Tacho -OEM QUALITÄT- Vespa V50 Ø=48mm - 80km/h (weisses Zifferblatt, schwarze Ziffern)
c-5221;Vespa 50 R (V5A1T -752188);Lenker;30;p-15215;Tacho -OEM QUALITÄT- Vespa V50 Ø=48mm - 80km/h (weisses Zifferblatt, schwarze Ziffern)
c-5221;Vespa 50 R (V5A1T -752188);Lenker;31;p-2804;Tachodichtung -OEM QUALITÄT- Vespa V50 Ø=48mm - Vespa 50N, 50L, 50R, 50S und V90 (Rund),Lambretta lui 50-75
c-5221;Vespa 50 R (V5A1T -752188);Lenker;32;p-2804;Tachodichtung -OEM QUALITÄT- Vespa V50 Ø=48mm - Vespa 50N, 50L, 50R, 50S und V90 (Rund),Lambretta lui 50-75
c-5221;Vespa 50 R (V5A1T -752188);Lenker;33;p-8994;Sicherungsblech Tacho -OEM QUALITÄT- Vespa V50 Ø=48mm
c-5221;Vespa 50 R (V5A1T -752188);Lenker;35;p-6679;Schraube -DIN 933- M5 x 10mm (verwendet für Abdeckblech Tachoschnecke Vespa PX, T5 125cc, V50, PV125, ET3)
c-5221;Vespa 50 R (V5A1T -752188);Lenker;36;p-15684;Federring -DIN 127- M5
c-5221;Vespa 50 R (V5A1T -752188);Lenker;38;p-1312;Schraube -DIN 85- M5 x 65mm (verwendet für Tacho Vespa V50, V90, SS50, SS90, PV125, ET3, Rally180 (VSD1T), Rally200 (VSE1T), Sprint150 (VLB1T), TS125 
c-5221;Vespa 50 R (V5A1T -752188);Lenker;39;p-5403;Gasrohr -CIF- Vespa V50 - 50N/L(V5A1T), 50R (V5A1T -881915), 50S (V5SA1T -67570), 50SR/Sprinter (V5SS2T), Vespa 90 (V9A1T -122983) - l=151mm Ø=24mm
c-5221;Vespa 50 R (V5A1T -752188);Lenker;40;p-6708;Staubschutzring Steuersatzschale auf Gabel -OEM QUALITÄT- Vespa PX, T5 125cc, Cosa, PK, V50, V90, PV125, ET3, PK, Rally180 (VSD1T), Vespa Rally200 (VS
c-5221;Vespa 50 R (V5A1T -752188);Lenker;41;p-6714;Steuersatz - Lenkkopflager -PIAGGIO- unten (4 teilig) - Vespa V50, 50N, PV, ​ET3, ​PK, PX, T5, Cosa, Rally, Sprint, Super, GS160, SS180, GTS, HPE, ET2
c-5221;Vespa 50 R (V5A1T -752188);Lenker;42;p-6273;Kugelring - Kugellager Steuersatz unten -OEM QUALITÄT, Kugeln = 1/4“ = 6,35mm- Vespa, Piaggio, Gilera, Lambretta LI, LI S, SX, TV, DL, GP
c-5221;Vespa 50 R (V5A1T -752188);Lenker;43;p-6714;Steuersatz - Lenkkopflager -PIAGGIO- unten (4 teilig) - Vespa V50, 50N, PV, ​ET3, ​PK, PX, T5, Cosa, Rally, Sprint, Super, GS160, SS180, GTS, HPE, ET2
c-5221;Vespa 50 R (V5A1T -752188);Lenker;47;p-11970;Unterlegscheibe Steuersatz -PIAGGIO- 30,2x40,0x2,5mm - verwendet als Nasenscheibe
c-5221;Vespa 50 R (V5A1T -752188);Lenker;48;p-17870;Steuersatzschalenkontermutter h=6mm -BGM ORIGINAL- Vespa 125 VN1, VN2, VNA1T, VNA2T, VNB1T, VNB2T, VNB3T, VNB4T, VNB5T, VNB6T, Vespa 150 VL1, VL3T, VB
c-5221;Vespa 50 R (V5A1T -752188);Lenker;50;p-5981;Tachoblende -OEM QUALITÄT- V50 mit rundem Tacho - rechteckiges Logo - schwarz
c-5221;Vespa 50 R (V5A1T -752188);Lenker;51;p-10366;Feder für Gasrohr -OEM QUALITÄT- Vespa V50 (V5A1T bis V5A3T, V5SA1T), SS50 (V5SS1T bis V5SS2T), V90 (V9A1T), SS90 (V9SS1T bis V9SS2T), PV125, ET3, GL1
c-5221;Vespa 50 R (V5A1T -752188);Lenker;52;p-44743;Schaltzug- Gaszugrollen Set -PREMIUM ohne Lenkerblinker- Vespa V50, V90, SS50, SS90, PV125, ET3, Rally180 (VSD1T), Rally200 (VSE1T), Sprint150 (VLB1T)
c-5221;Vespa 50 R (V5A1T -752188);Motorgehäuse, Zylinder;1;p-15008;Motorgehäusebolzen - Motorschrauben - Motorbolzen M7 x 75mm -VESPA- (Smallframe V50, PV125, ET3, PK)
c-5221;Vespa 50 R (V5A1T -752188);Motorgehäuse, Zylinder;2;p-15008;Motorgehäusebolzen - Motorschrauben - Motorbolzen M7 x 75mm -VESPA- (Smallframe V50, PV125, ET3, PK)
c-5221;Vespa 50 R (V5A1T -752188);Motorgehäuse, Zylinder;3;p-15709;Unterlegscheibe -DIN 125- M7
c-5221;Vespa 50 R (V5A1T -752188);Motorgehäuse, Zylinder;4;p-15709;Unterlegscheibe -DIN 125- M7
c-5221;Vespa 50 R (V5A1T -752188);Motorgehäuse, Zylinder;5;p-15709;Unterlegscheibe -DIN 125- M7
c-5221;Vespa 50 R (V5A1T -752188);Motorgehäuse, Zylinder;6;p-15709;Unterlegscheibe -DIN 125- M7
c-5221;Vespa 50 R (V5A1T -752188);Motorgehäuse, Zylinder;7;p-15709;Unterlegscheibe -DIN 125- M7
c-5221;Vespa 50 R (V5A1T -752188);Motorgehäuse, Zylinder;8;p-15709;Unterlegscheibe -DIN 125- M7
c-5221;Vespa 50 R (V5A1T -752188);Motorgehäuse, Zylinder;9;p-15709;Unterlegscheibe -DIN 125- M7
c-5221;Vespa 50 R (V5A1T -752188);Motorgehäuse, Zylinder;10;p-15709;Unterlegscheibe -DIN 125- M7
c-5221;Vespa 50 R (V5A1T -752188);Motorgehäuse, Zylinder;11;p-15711;Federring -DIN 127- M7
c-5221;Vespa 50 R (V5A1T -752188);Motorgehäuse, Zylinder;12;p-15711;Federring -DIN 127- M7
c-5221;Vespa 50 R (V5A1T -752188);Motorgehäuse, Zylinder;13;p-15711;Federring -DIN 127- M7
c-5221;Vespa 50 R (V5A1T -752188);Motorgehäuse, Zylinder;14;p-15711;Federring -DIN 127- M7
c-5221;Vespa 50 R (V5A1T -752188);Motorgehäuse, Zylinder;15;p-15711;Federring -DIN 127- M7
c-5221;Vespa 50 R (V5A1T -752188);Motorgehäuse, Zylinder;16;p-15711;Federring -DIN 127- M7
c-5221;Vespa 50 R (V5A1T -752188);Motorgehäuse, Zylinder;17;p-15711;Federring -DIN 127- M7
c-5221;Vespa 50 R (V5A1T -752188);Motorgehäuse, Zylinder;18;p-15711;Federring -DIN 127- M7
c-5221;Vespa 50 R (V5A1T -752188);Motorgehäuse, Zylinder;19;p-15711;Federring -DIN 127- M7
c-5221;Vespa 50 R (V5A1T -752188);Motorgehäuse, Zylinder;20;p-15705;Mutter hoch -DIN 934 ähnlich- M7
c-5221;Vespa 50 R (V5A1T -752188);Motorgehäuse, Zylinder;21;p-15705;Mutter hoch -DIN 934 ähnlich- M7
c-5221;Vespa 50 R (V5A1T -752188);Motorgehäuse, Zylinder;22;p-15705;Mutter hoch -DIN 934 ähnlich- M7
c-5221;Vespa 50 R (V5A1T -752188);Motorgehäuse, Zylinder;23;p-15705;Mutter hoch -DIN 934 ähnlich- M7
c-5221;Vespa 50 R (V5A1T -752188);Motorgehäuse, Zylinder;24;p-15705;Mutter hoch -DIN 934 ähnlich- M7
c-5221;Vespa 50 R (V5A1T -752188);Motorgehäuse, Zylinder;25;p-15705;Mutter hoch -DIN 934 ähnlich- M7
c-5221;Vespa 50 R (V5A1T -752188);Motorgehäuse, Zylinder;26;p-15705;Mutter hoch -DIN 934 ähnlich- M7
c-5221;Vespa 50 R (V5A1T -752188);Motorgehäuse, Zylinder;27;p-15705;Mutter hoch -DIN 934 ähnlich- M7
c-5221;Vespa 50 R (V5A1T -752188);Motorgehäuse, Zylinder;28;p-15705;Mutter hoch -DIN 934 ähnlich- M7
c-5221;Vespa 50 R (V5A1T -752188);Motorgehäuse, Zylinder;30;p-15009;Fächerscheibe Polradmutter -OEM QUALITÄT Øa=24mm- Vespa Sprint150 (VLB1T), VNB, VBB, Super, GL150 (VLA1T), GT125 (VNL2T), GTR125 (VNL2T), V50(N) (ab N
c-5221;Vespa 50 R (V5A1T -752188);Motorgehäuse, Zylinder;31;p-15714;Stehbolzen -M7 x 35mm- (verwendet für Zylinder Vespa V50, PK50)
c-5221;Vespa 50 R (V5A1T -752188);Motorgehäuse, Zylinder;32;p-15714;Stehbolzen -M7 x 35mm- (verwendet für Zylinder Vespa V50, PK50)
c-5221;Vespa 50 R (V5A1T -752188);Motorgehäuse, Zylinder;33;p-6318;Wellendichtring 19x32x7mm -CORTECO NBR- (verwendet für Kurbelwelle Lichtmaschinenseite Vespa V50, V90, SS50, SS90, PV125, ET3, PK S)
c-5221;Vespa 50 R (V5A1T -752188);Motorgehäuse, Zylinder;35;p-6286;Kugellager -6204 ETN9 C4- (20x47x14mm) - (verwendet für Kurbelwelle Minarelli 50 ccm (Typ MA, MY, CW, CA, CY), Vespa V50, V90, PV125, ET3, PK S, PK XL
c-5221;Vespa 50 R (V5A1T -752188);Motorgehäuse, Zylinder;36;p-15350;Motorgehäusebolzen - Motorschrauben - Motorbolzen M7 x 42mm -VESPA- 25-17mm (Smallframe V50, PV125, ET3, PK)
c-5221;Vespa 50 R (V5A1T -752188);Motorgehäuse, Zylinder;37;p-15069;Halbmond Keil -PIAGGIO 3x5mm- Kurbelwelle Lichtmaschinenseite (Lima) Vespa Ciao, Bravo, SI, Piaggio 50-180 ccm 2-Takt - Aprilia SR125, Gilera Runner F
c-5221;Vespa 50 R (V5A1T -752188);Motorgehäuse, Zylinder;38;p-15069;Halbmond Keil -PIAGGIO 3x5mm- Kurbelwelle Lichtmaschinenseite (Lima) Vespa Ciao, Bravo, SI, Piaggio 50-180 ccm 2-Takt - Aprilia SR125, Gilera Runner F
c-5221;Vespa 50 R (V5A1T -752188);Motorgehäuse, Zylinder;39;p-1245;Kurbelwelle -MAZZUCCHELLI Standard (Drehschieber)- Vespa V50, PK50 S (Ø 19mm Konus)
c-5221;Vespa 50 R (V5A1T -752188);Motorgehäuse, Zylinder;40;p-12173;Motorgehäusebolzen - Motorschrauben - Motorbolzen M7 x 58mm -VESPA- 40-18mm (Smallframe V50, PV125, ET3, PK, PX, T5 125ccm)
c-5221;Vespa 50 R (V5A1T -752188);Motorgehäuse, Zylinder;41;p-12173;Motorgehäusebolzen - Motorschrauben - Motorbolzen M7 x 58mm -VESPA- 40-18mm (Smallframe V50, PV125, ET3, PK, PX, T5 125ccm)
c-5221;Vespa 50 R (V5A1T -752188);Motorgehäuse, Zylinder;43;p-15427;Dichtsatz Motor -PIAGGIO- Vespa V50
c-5221;Vespa 50 R (V5A1T -752188);Motorgehäuse, Zylinder;44;p-16284;Wellendichtring 22,7x47x7/7,5mm -FKM- (verwendet für Kurbelwelle Antriebseite Vespa V50, V90, SS50, SS90, PV125, ET3, PK S, PK XL - Getriebeeingangswe
c-5221;Vespa 50 R (V5A1T -752188);Motorgehäuse, Zylinder;45;p-15203;Seegerring -BOHRUNG DIN472- Ø=47mm - für Kugellager Smallframe, Largeframe Hauptwelle 6204 Radseite, Kugellager 16005 Primär Smallframe V50, PV, ET3, 
c-5221;Vespa 50 R (V5A1T -752188);Motorgehäuse, Zylinder;46;p-31075;Kugellager Kurbelwelle -MALOSSI- 6303 (17x47x14mm) - C3 Polyamid - (verwendet für Kurbelwelle Antriebseite Vespa V50, V90, PV125, ET3, PK S, PK XL, La
c-5221;Vespa 50 R (V5A1T -752188);Motorgehäuse, Zylinder;47;p-12003;Dichtung Motorgehäuse -PIAGGIO- Vespa V50, V90, PV125, ET3, PK S, PK XL, PK XL2
c-5221;Vespa 50 R (V5A1T -752188);Motorgehäuse, Zylinder;51;p-15012;Stehbolzen -M6 x 30mm- (verwendet für Einlass Vespa Smallframe)
c-5221;Vespa 50 R (V5A1T -752188);Motorgehäuse, Zylinder;52;p-15012;Stehbolzen -M6 x 30mm- (verwendet für Einlass Vespa Smallframe)
c-5221;Vespa 50 R (V5A1T -752188);Motorgehäuse, Zylinder;54;p-15198;Sicherungsblech Primär -OEM QUALITÄT- V50, V90, SS50, SS90, PV125, ET3, PK S, PK XL
c-5221;Vespa 50 R (V5A1T -752188);Motorgehäuse, Zylinder;55;p-15197;Mutter M12 x1,5 SW=19 halbhoch (verwendet für Kurbelwelle/Primärrad Vespa V50, V90, SS50, SS90, PV125, ET3, PK S, PK XL)
c-5221;Vespa 50 R (V5A1T -752188);Motorgehäuse, Zylinder;58;p-3279;Nadellager -K16-20-10- (16x20x10mm) - verwendet für Hauptwelle Vespa 50 (1 Serie) V5A1T -92876, V50 (1.Serie) V5SA1T -15324, V90 (1.Serie) V9A1T -2500
c-5221;Vespa 50 R (V5A1T -752188);Motorgehäuse, Zylinder;59;p-12103;Stehbolzen -M7 x 59mm- 22-17-20mm (verwendet für Motorgehäuse Vespa V50, V90, PV125, ET3, PK S, PK XL)
c-5221;Vespa 50 R (V5A1T -752188);Motorgehäuse, Zylinder;60;p-6256;Buchse für Pleuel -OEM QUALITÄT 12mm (11,7x14,1x11,6mm)- Vespa 50 (V5A1T), 50 Elestart (V5B2T), 50 N Special (V5A1T, V5B3T), 50 Special (V5B1T), Piagg
c-5221;Vespa 50 R (V5A1T -752188);Motorgehäuse, Zylinder;61;p-15092;Kolbenclip -12mm- Seegerring-Typ
c-5221;Vespa 50 R (V5A1T -752188);Motorgehäuse, Zylinder;65;p-15013;Motorgehäusebolzen - Motorschrauben - Motorbolzen M7 x 80mm -VESPA- 56-24mm (Lusso/T5 125ccm/Cosa an Stoßdämpferaufnahme, Smallframe unten)
c-5221;Vespa 50 R (V5A1T -752188);Motorgehäuse, Zylinder;66;p-8842;Dichtung Zylinderfuß -VESPA 50-125 ccm- Vespa V50, PV125, ET3, PK50, PK80, PK125 - Papier
c-5221;Vespa 50 R (V5A1T -752188);Motorgehäuse, Zylinder;68;p-13501;Unterlegscheibe Karosserie -DIN 9021- M6 - Edelstahl
c-5221;Vespa 50 R (V5A1T -752188);Motorgehäuse, Zylinder;70;p-15750;Schraube -DIN 933- M7 x 35mm (8.8 Festigkeit)
c-5221;Vespa 50 R (V5A1T -752188);Motorgehäuse, Zylinder;71;p-657;Stehbolzen -PIAGGIO M6 x 28mm- (verwendet für Auspuff/Zylinder Piaggio/Gilera 50cc)
c-5221;Vespa 50 R (V5A1T -752188);Motorgehäuse, Zylinder;72;p-15246;Zylinderkopf -OEM QUALITÄT,- Vespa V50, V50 S, SS50, PK50
c-5221;Vespa 50 R (V5A1T -752188);Motorgehäuse, Zylinder;73;p-10578;Dichtung Kupfer -DIN7603- 14x20x2mm - verwendet als Dichtung Zündkerze / Zylinderkopf M14 (Kerzentyp NGK B, Bosch W)
c-5221;Vespa 50 R (V5A1T -752188);Motorgehäuse, Zylinder;75;p-33184;Zündkerzenstecker -POLINI- Silikon, kurz - blau
c-5221;Vespa 50 R (V5A1T -752188);Motorgehäuse, Zylinder;76;p-10790;Zylinderhaube -OEM QUALITÄT- Vespa V50 (1. Serie) - Metall
c-5221;Vespa 50 R (V5A1T -752188);Motorgehäuse, Zylinder;77;p-13483;Schraube -DIN 84- M6 x 12mm (verwendet für Lüfterradabdeckung Vespa)
c-5221;Vespa 50 R (V5A1T -752188);Motorgehäuse, Zylinder;78;p-362;Federscheibe gewellt -PIAGGIO- Stahl verzinkt- M6 - verwendet für Zylinderhaube Smallframe, Druckfeder Chokehebel
c-5221;Vespa 50 R (V5A1T -752188);Motorgehäuse, Zylinder;79;p-15696;Federring -DIN 127- M6
c-5221;Vespa 50 R (V5A1T -752188);Primär, Kickstarter, Kupplung;1;p-15337;Kickstarterfeder -OEM QUALITÄT- Vespa V50, V90, PV125, PK50, PK80, PK125
c-5221;Vespa 50 R (V5A1T -752188);Primär, Kickstarter, Kupplung;2;p-12734;Kickstarterwelle -PIAGGIO- Vespa V50, V90, SS50, SS90, PV125, ET3, PK50, PK80, PK125 S, PK50, PK80, PK125 XL - 12 Zähne
c-5221;Vespa 50 R (V5A1T -752188);Primär, Kickstarter, Kupplung;3;p-15295;O-Ring Ø16x2,50mm -PIAGGIO-Kickstarterwelle Vespa V50, PV125, ET3, PK, PX, T5 125ccm, Cosa, Rally, Sprint, TS125, GT125, GTR125, Super, GS160 / GS4, S
c-5221;Vespa 50 R (V5A1T -752188);Primär, Kickstarter, Kupplung;4;p-15111;Kickstarterritzel -OEM QUALITÄT- Vespa V50, V90, SS50, SS90, PV125, ET3, PK S, PK XL - Zähne 12/10, Ø=20,5mm
c-5221;Vespa 50 R (V5A1T -752188);Primär, Kickstarter, Kupplung;10;p-46019;Rollenlager -CRIMAZ NUP 16005 (25x47x8mm)- verwendet für Primär Vespa V50, V90, SS50, SS90, PV125, ET3, PK S, PK XL
c-5221;Vespa 50 R (V5A1T -752188);Primär, Kickstarter, Kupplung;11;p-15175;Schraube -DIN 931- M9 x 50mm (verwendet als Kickstarterschraube Vespa V50, V90, SS50, SS90, PV125, ET3, PK
c-5221;Vespa 50 R (V5A1T -752188);Primär, Kickstarter, Kupplung;12;p-11935;Zahnscheibe -DIN 6798- M9 - innenverzahnt
c-5221;Vespa 50 R (V5A1T -752188);Primär, Kickstarter, Kupplung;13;p-15113;Kickstarter Vespa V50, PV, ET3 - Aluminium poliert
c-5221;Vespa 50 R (V5A1T -752188);Primär, Kickstarter, Kupplung;14;p-15203;Seegerring -BOHRUNG DIN472- Ø=47mm - für Kugellager Smallframe, Largeframe Hauptwelle 6204 Radseite, Kugellager 16005 Primär Smallframe V50, PV, ET3, 
c-5221;Vespa 50 R (V5A1T -752188);Primär, Kickstarter, Kupplung;16;p-16100;Feder für Primär -BGM PRO- Vespa V50, V90, SS50, SS90, PV125, ET3, PK50, PK80, PK50 S, PK80 S, PK125 S, PK50 XL, PK125 XL, ETS, PK50 HP, PK50 SS - 60N
c-5221;Vespa 50 R (V5A1T -752188);Primär, Kickstarter, Kupplung;17;p-49358;Distanzbuchse 8x5x4,5mm für Feder Primär -CIF- Vespa V50, V90, SS50, SS90, PV125, ET3, PK50, PK80, PK50 S, PK80 S, PK125 S, PK50 XL, PK125 XL, ETS, PK
c-5221;Vespa 50 R (V5A1T -752188);Primär, Kickstarter, Kupplung;22;p-12124;Niet für Primär -PIAGGIO- V50, V90, PV125, ET3, PK S, PK XL, PK XL2
c-5221;Vespa 50 R (V5A1T -752188);Primär, Kickstarter, Kupplung;25;p-2644;Kupplung -CIF- Smallframe V50, V90, SS50, SS90, PV125, ET3, PK50, PK80, PK50 S, PK80 S, PK125 S, PK50 XL, PK125 XL, ETS, PK50 HP, PK50 SS - 3-Scheiben
c-5221;Vespa 50 R (V5A1T -752188);Primär, Kickstarter, Kupplung;26;p-15015;Kupplungsandruckplatte -OEM QUALITÄT- Vespa PX80, PX125, PX150, Sprint150 (VLB1T), TS125 (VNL3T), GT125 (VNL2T), GTR125 (VNL2T), Super, VNA, VNB, VBA,
c-5221;Vespa 50 R (V5A1T -752188);Primär, Kickstarter, Kupplung;27;p-10273;Kupplungsandruckplattenfeder -PIAGGIO- Vespa PX, T5 125cc, Cosa2, Rally180 (VSD1T), Rally200 (VSE1T), Sprint150 (VLB1T), TS125 (VNL3T), GT125 (VNL2T),
c-5221;Vespa 50 R (V5A1T -752188);Primär, Kickstarter, Kupplung;28;p-15189;Kupplungstrennpilz -OEM QUALITÄT- Vespa V50 (ab Bj. 1978), PV125 (ab Bj. 1978), ET3 (ab Bj. 1978), PK S, PK XL1 - 2 Ärmchen
c-5221;Vespa 50 R (V5A1T -752188);Primär, Kickstarter, Kupplung;29;p-1322;Dichtung Kupplungsdeckel -OEM QUALITÄT- Vespa V50, PV125, ET3, PK50, PK80, PK125
c-5221;Vespa 50 R (V5A1T -752188);Primär, Kickstarter, Kupplung;30;p-11525;Schraube -DIN 931- M6 x 25mm (8.8 Festigkeit) - (verwendet für Kupplungsdeckel Vespa PX, Cosa, T5 125ccm, Rally, Sprint, TS, GT, GTR, GL, SS 180, GS 1
c-5221;Vespa 50 R (V5A1T -752188);Primär, Kickstarter, Kupplung;31;p-6547;Federscheibe gewellt -DIN 137 Stahl verzinkt- M6
c-5221;Vespa 50 R (V5A1T -752188);Primär, Kickstarter, Kupplung;32;p-6547;Federscheibe gewellt -DIN 137 Stahl verzinkt- M6
c-5221;Vespa 50 R (V5A1T -752188);Primär, Kickstarter, Kupplung;33;p-32630;Kupplungsdeckel -POLINI, kurzer gerader Hebel- Vespa V50, PV, ET3
c-5221;Vespa 50 R (V5A1T -752188);Primär, Kickstarter, Kupplung;34;p-15701;Schraube -DIN 933- M6 x 25mm (8.8 Festigkeit)
c-5221;Vespa 50 R (V5A1T -752188);Primär, Kickstarter, Kupplung;38;p-364;Kupplungsarmfeder -VESPA- V50, V90 (bis Bj. 1977), SS50, SS90, PV125 (bis Bj. 1977), ET3
c-5221;Vespa 50 R (V5A1T -752188);Primär, Kickstarter, Kupplung;39;p-12629;Kupplungsarm -VESPA- Vespa 50 (V5A1T), 50 Elestart (V5B2T), 50 N Special (V5A1T, V5B3T), 50 Special (V5B1T), 50 SR (V5SA1T), 50 SS (V5SS1T), V 90 (V9A
c-5221;Vespa 50 R (V5A1T -752188);Primär, Kickstarter, Kupplung;40;p-11964;Sicherungsstift - Spannstift -PIAGGIO- 3x18mm (verwendet für Kupplungsarm Vespa V50, PV125, ET3)
c-5221;Vespa 50 R (V5A1T -752188);Primär, Kickstarter, Kupplung;41;p-15124;Sicherungsring Kupplungskorb -NEWFREN Ø=61mm b=2,9mm h=1,1mm- Vespa V50 (V5A1T, V5A2T, V5A3T, V5B1T, V5B2T, V5B3T, V5B4T, V5R1T, V5SA1T), SS50 (V5SS1T
c-5221;Vespa 50 R (V5A1T -752188);Primär, Kickstarter, Kupplung;42;p-15123;Ölsammelblech Kupplung -OEM QUALITÄT- Vespa V50, V90, SS50, SS90, PV125, ET3, PK S, PK XL1
c-5221;Vespa 50 R (V5A1T -752188);Primär, Kickstarter, Kupplung;43;p-15123;Ölsammelblech Kupplung -OEM QUALITÄT- Vespa V50, V90, SS50, SS90, PV125, ET3, PK S, PK XL1
c-5221;Vespa 50 R (V5A1T -752188);Primär, Kickstarter, Kupplung;45;p-2641;Kupplungsbeläge -VESPA Smallframe V50, V90, SS50, SS90, PV125, ET3, PK50, PK80, PK50 S, PK80 S, PK125 S, PK50 XL, PK125 XL, ETS, PK50 HP, PK50 SS - 3-
c-5221;Vespa 50 R (V5A1T -752188);Primär, Kickstarter, Kupplung;46;p-2641;Kupplungsbeläge -VESPA Smallframe V50, V90, SS50, SS90, PV125, ET3, PK50, PK80, PK50 S, PK80 S, PK125 S, PK50 XL, PK125 XL, ETS, PK50 HP, PK50 SS - 3-
c-5221;Vespa 50 R (V5A1T -752188);Primär, Kickstarter, Kupplung;47;p-2641;Kupplungsbeläge -VESPA Smallframe V50, V90, SS50, SS90, PV125, ET3, PK50, PK80, PK50 S, PK80 S, PK125 S, PK50 XL, PK125 XL, ETS, PK50 HP, PK50 SS - 3-
c-5221;Vespa 50 R (V5A1T -752188);Primär, Kickstarter, Kupplung;48;p-12245;Kupplungsstahlscheibe -PIAGGIO- Vespa Smallframe V50, V90, SS50, SS90, PV125, ET3, PK50, PK80, PK50 S, PK80 S, PK125 S, PK50 XL, PK125 XL, ETS, PK50 H
c-5221;Vespa 50 R (V5A1T -752188);Primär, Kickstarter, Kupplung;49;p-12245;Kupplungsstahlscheibe -PIAGGIO- Vespa Smallframe V50, V90, SS50, SS90, PV125, ET3, PK50, PK80, PK50 S, PK80 S, PK125 S, PK50 XL, PK125 XL, ETS, PK50 H
c-5221;Vespa 50 R (V5A1T -752188);Primär, Kickstarter, Kupplung;50;p-15120;Kupplungsgrundplatte -OEM QUALITÄT- Vespa V50, PV125, ET3, PK S, PK XL1
c-5221;Vespa 50 R (V5A1T -752188);Primär, Kickstarter, Kupplung;51;p-439;Kupplungsfeder -PIAGGIO- Vespa V50 (V5A1T, V5A2T, V5A3T, V5B1T, V5B2T, V5B3T, V5B4T, V5R1T, V5SA1T), SS50 (V5SS1T), SR50 (V5SS2T), V90 (V9A1T), SS90 (
c-5221;Vespa 50 R (V5A1T -752188);Primär, Kickstarter, Kupplung;52;p-439;Kupplungsfeder -PIAGGIO- Vespa V50 (V5A1T, V5A2T, V5A3T, V5B1T, V5B2T, V5B3T, V5B4T, V5R1T, V5SA1T), SS50 (V5SS1T), SR50 (V5SS2T), V90 (V9A1T), SS90 (
c-5221;Vespa 50 R (V5A1T -752188);Primär, Kickstarter, Kupplung;53;p-15119;Kupplungsspinne -OEM QUALITÄT- Vespa V50, PV125, ET3, PK S, PK XL1
c-5221;Vespa 50 R (V5A1T -752188);Primär, Kickstarter, Kupplung;54;p-15705;Mutter hoch -DIN 934 ähnlich- M7
c-5221;Vespa 50 R (V5A1T -752188);Primär, Kickstarter, Kupplung;55;p-15711;Federring -DIN 127- M7
c-5221;Vespa 50 R (V5A1T -752188);Primär, Kickstarter, Kupplung;56;p-4268;Halteblech Brems-/Kupplungszug am Motor -PREMIUM- Vespa V50 (VMA1M), PV125, ET3, SS50, SS90 - 1. Serie (kurzer Kupplungsausrückhebel)
c-5221;Vespa 50 R (V5A1T -752188);Primär, Kickstarter, Kupplung;57;p-15754;Schraube -DIN 933- M7 x 20mm (8.8 Festigkeit)
c-5221;Vespa 50 R (V5A1T -752188);Primär, Kickstarter, Kupplung;58;p-15682;Mutter -DIN 934- M5
c-5221;Vespa 50 R (V5A1T -752188);Primär, Kickstarter, Kupplung;59;p-17425;Einstellschraube M5 x 20mm (Øinnen=6,9mm) -BGM ORIGINAL- (verwendet für Schaltraste Vespa) - 10 Stück
c-5221;Vespa 50 R (V5A1T -752188);Primär, Kickstarter, Kupplung;60;p-6238;Kugellager -6200- (10x30x09mm) - (verwendet für Nebenwelle Vespa V50, V90, SS50, SS90, PV125, ET3, PK S, PK XL)
c-5221;Vespa 50 R (V5A1T -752188);Primär, Kickstarter, Kupplung;63;p-665;Sicherungsblech Nebenwelle -PIAGGIO- Vespa V50, V90, SS50, SS90, PV125, ET3, PK S, PK XL
c-5221;Vespa 50 R (V5A1T -752188);Primär, Kickstarter, Kupplung;64;p-15018;Kupplungsmutter -PIAGGIO- Vespa V50, PV125, ET3, PK S, PK XL - (verwendet als Mutter für Nebenwelle)
c-5221;Vespa 50 R (V5A1T -752188);Primär, Kickstarter, Kupplung;65;p-12229;Halbmond Keil (Scheibenfeder) -DIN 6888- 3x3,6mm (verwendet für Kurbelwelle Lichtmaschinenseite Vespa GS 150, Lambretta D 125-150 (1956-1957), LD 125-
c-5221;Vespa 50 R (V5A1T -752188);Primär, Kickstarter, Kupplung;66;p-3054;Gummipuffer Motorgehäuse, Nupsi -PIAGGIO- V50, V90, V100, ET3 (verwendet als Verschlussstopfen für außenliegende Zündspulenhalterungsbohrung im Motorg
c-5221;Vespa 50 R (V5A1T -752188);Primär, Kickstarter, Kupplung;67;p-14464;Seegerring -WELLE DIN471- Ø=25mm - Smallframe primär, V50, 50N, SS50, SS90, V90, PV125, ET3, PK, PK XL, PK XL2, ETS
c-5221;Vespa 50 R (V5A1T -752188);Räder;1;p-12138;Schraubenzieher -PIAGGIO- Schlitz + Kreuzschlitz
c-5221;Vespa 50 R (V5A1T -752188);Räder;2;p-6063;Ölmessbecher -100ml-
c-5221;Vespa 50 R (V5A1T -752188);Räder;4;p-1330;Zündkerzenschlüssel Werkzeug SW21/13/11mm -VESPA- Smallframe V50, V90, SS50, SS90, PV125, ET3, PK S, PK XL
c-5221;Vespa 50 R (V5A1T -752188);Räder;9;p-8394;Reserveradhalter vorne -VESPA- Vespa V50(N) (bis Bj 1971), V50 L, V50 S, V90 - für geschlossene 9 Zoll Felgen
c-5221;Vespa 50 R (V5A1T -752188);Räder;10;p-8394;Reserveradhalter vorne -VESPA- Vespa V50(N) (bis Bj 1971), V50 L, V50 S, V90 - für geschlossene 9 Zoll Felgen
c-5221;Vespa 50 R (V5A1T -752188);Räder;11;p-15727;Federring -DIN 127- M8
c-5221;Vespa 50 R (V5A1T -752188);Räder;12;p-15727;Federring -DIN 127- M8
c-5221;Vespa 50 R (V5A1T -752188);Räder;13;p-15727;Federring -DIN 127- M8
c-5221;Vespa 50 R (V5A1T -752188);Räder;14;p-15727;Federring -DIN 127- M8
c-5221;Vespa 50 R (V5A1T -752188);Räder;15;p-15725;Unterlegscheibe -DIN 125- M8 - schwarz verzinkt
c-5221;Vespa 50 R (V5A1T -752188);Räder;16;p-15725;Unterlegscheibe -DIN 125- M8 - schwarz verzinkt
c-5221;Vespa 50 R (V5A1T -752188);Räder;19;p-7230;Felge -FA ITALIA 1.80-9 Zoll Stahl - Vespa (Typ V50 9 Zoll - 4 Loch innen) - Grau
c-5221;Vespa 50 R (V5A1T -752188);Räder;20;p-7350;Reifen -MICHELIN ACS- 2.75 - 9 Zoll TT 35J
c-5221;Vespa 50 R (V5A1T -752188);Räder;22;p-7354;Schlauch -MICHELIN- 2.75-9 Zoll
c-5221;Vespa 50 R (V5A1T -752188);Räder;23;p-7230;Felge -FA ITALIA 1.80-9 Zoll Stahl - Vespa (Typ V50 9 Zoll - 4 Loch innen) - Grau
c-5221;Vespa 50 R (V5A1T -752188);Räder;24;p-6063;Ölmessbecher -100ml-
c-5221;Vespa 50 R (V5A1T -752188);Räder;25;p-15719;Mutter -DIN 934- M8
c-5221;Vespa 50 R (V5A1T -752188);Rahmen;1;p-19811;Pfropfen -PIAGGIO- Vespa GTV
c-5221;Vespa 50 R (V5A1T -752188);Rahmen;4;p-349;Schriftzug Kaskade -OEM QUALITÄT- Vespa Piaggio Rechteck - Vespa V50 (1. Serie ab Bj. 1963), Vespa V90 (ab Bj. 1963)
c-5221;Vespa 50 R (V5A1T -752188);Rahmen;6;p-9581;Reparaturblech Hupe/Kaskade -OEM QUALITÄT- Vespa V50, V90 (bis Bj. 1967), PV125 (bis 1967) - Befestigung Hupe 4-Schrauben
c-5221;Vespa 50 R (V5A1T -752188);Rahmen;7;p-9257;Schriftzug Beinschild -VESPA- Vespa 50 - Aufkleber
c-5221;Vespa 50 R (V5A1T -752188);Rahmen;8;p-15163;Werkzeugkasten - Werkzeugfach -OEM QUALITÄT-V50 N (V5A1T ab Nr. 92877), V50 R, V50 L, SS50, SS90, V50 Special, V90 (V9A1T ab Nr. 22235), PV125, ET3
c-5221;Vespa 50 R (V5A1T -752188);Rahmen;11;p-547;Niet für Trittleistenendstück -OEM QUALITÄT- Vespa Rally180 (VSD1T), Rally200 (VSE1T), Sprint150 (VLB1T), TS125 (VNL3T), GT125 (VNL2T), GTR125 (VNL2T)
c-5221;Vespa 50 R (V5A1T -752188);Rahmen;12;p-547;Niet für Trittleistenendstück -OEM QUALITÄT- Vespa Rally180 (VSD1T), Rally200 (VSE1T), Sprint150 (VLB1T), TS125 (VNL3T), GT125 (VNL2T), GTR125 (VNL2T)
c-5221;Vespa 50 R (V5A1T -752188);Rahmen;13;p-11258;Trittleistensatz -MAURO PASCOLI, Breite=20mm- Vespa V50, V50N, 1.Serie (-1964, V5A1T -36000) - Gummi (mit eingegossenen Hohlnieten)
c-5221;Vespa 50 R (V5A1T -752188);Rahmen;14;p-11258;Trittleistensatz -MAURO PASCOLI, Breite=20mm- Vespa V50, V50N, 1.Serie (-1964, V5A1T -36000) - Gummi (mit eingegossenen Hohlnieten)
c-5221;Vespa 50 R (V5A1T -752188);Rahmen;15;p-11258;Trittleistensatz -MAURO PASCOLI, Breite=20mm- Vespa V50, V50N, 1.Serie (-1964, V5A1T -36000) - Gummi (mit eingegossenen Hohlnieten)
c-5221;Vespa 50 R (V5A1T -752188);Rahmen;16;p-11258;Trittleistensatz -MAURO PASCOLI, Breite=20mm- Vespa V50, V50N, 1.Serie (-1964, V5A1T -36000) - Gummi (mit eingegossenen Hohlnieten)
c-5221;Vespa 50 R (V5A1T -752188);Rahmen;17;p-11258;Trittleistensatz -MAURO PASCOLI, Breite=20mm- Vespa V50, V50N, 1.Serie (-1964, V5A1T -36000) - Gummi (mit eingegossenen Hohlnieten)
c-5221;Vespa 50 R (V5A1T -752188);Rahmen;18;p-15701;Schraube -DIN 933- M6 x 25mm (8.8 Festigkeit)
c-5221;Vespa 50 R (V5A1T -752188);Rahmen;19;p-6934;Ständerbleche / Haltebleche Hauptständer -OEM QUALITÄT, Ø=20mm- Vespa GS160 (VSB1T), 50S (V5SA1T 50535-), V90 (V9A1T 57885-), V50 Elestart (V5A3T 5308
c-5221;Vespa 50 R (V5A1T -752188);Rahmen;20;p-10064;Ständerbleche / Haltebleche Hauptständer -OEM QUALITÄT, Ø=16mm- Vespa V50, V90, PV125
c-5221;Vespa 50 R (V5A1T -752188);Rahmen;21;p-12045;Mutter selbstsichernd hoch -DIN 985 ähnl.- M6 - verwendet für z.B. Ständerlaschenbefestigung Vespa
c-5221;Vespa 50 R (V5A1T -752188);Rahmen;22;p-15064;Ständerfederlasche -PIAGGIO- Vespa PX, T5 125cc, PK S, PK XL, Sprint150 (VLB1T), Rally180 (VSD1T), Rally200 (VSE1T), Super, GT125 (VNL2T), GTR125 (VNL
c-5221;Vespa 50 R (V5A1T -752188);Rahmen;23;p-46794;Hauptständer -TOUGHBONE Ø=20mm- Vespa V50, V90, PV125 - verstärktes Material
c-5221;Vespa 50 R (V5A1T -752188);Rahmen;24;p-10070;Ständerfüße -Vespa, Ø= 16mm (-1971)- Vespa V50, SS50, V90, SS90, 90 Racer, PV125 - Schwarz
c-5221;Vespa 50 R (V5A1T -752188);Rahmen;25;p-10070;Ständerfüße -Vespa, Ø= 16mm (-1971)- Vespa V50, SS50, V90, SS90, 90 Racer, PV125 - Schwarz
c-5221;Vespa 50 R (V5A1T -752188);Rahmen;27;p-15084;Gummipuffer Seitenklappe, Nupsi -VESPA- V50, V90, SS50, SS90, PV125, ET3 - Höhe 5mm (Einbauposition: Oben/Links+Rechts)
c-5221;Vespa 50 R (V5A1T -752188);Rahmen;29;p-15084;Gummipuffer Seitenklappe, Nupsi -VESPA- V50, V90, SS50, SS90, PV125, ET3 - Höhe 5mm (Einbauposition: Oben/Links+Rechts)
c-5221;Vespa 50 R (V5A1T -752188);Rahmen;31;p-5098;Seitenklappenhebel -OEM QUALITÄT- Vespa V50, V90, SS50, SS90, PV125, ET3 - Aluminium
c-5221;Vespa 50 R (V5A1T -752188);Rahmen;32;p-359;Seitenklappe rechts -OEM QUALITÄT- Vespa V50 (V5A1T bis Nr. 70239), V50 S (V5SA1T bis Nr. 11764), V90 (V9A1T bis Nr.19974)
c-5221;Vespa 50 R (V5A1T -752188);Rahmen;34;p-44660;Seitenklappe rechts -PREMIUM- Vespa Smallframe ab 1965 - V50 Special (V5A2T, V5B1T, V5B3T), PV125 (VMA2T), ET3 (VMB1T), V50 Elestart, SS50, SS90, 90 R
c-5221;Vespa 50 R (V5A1T -752188);Rahmen;35;p-13469;Seitenklappenhebel -OEM QUALITÄT- Vespa V50, V90, SS50, SS90, PV125, ET3 - Aluminium
c-5221;Vespa 50 R (V5A1T -752188);Rahmen;36;p-13469;Seitenklappenhebel -OEM QUALITÄT- Vespa V50, V90, SS50, SS90, PV125, ET3 - Aluminium
c-5221;Vespa 50 R (V5A1T -752188);Rahmen;38;p-6927;Ständerfeder -OEM QUALITÄT- V50, V90, PV125, ET3
c-5221;Vespa 50 R (V5A1T -752188);Rahmen;39;p-15084;Gummipuffer Seitenklappe, Nupsi -VESPA- V50, V90, SS50, SS90, PV125, ET3 - Höhe 5mm (Einbauposition: Oben/Links+Rechts)
c-5221;Vespa 50 R (V5A1T -752188);Rahmen;41;p-393;Seitenklappenaufhängung -PIAGGIO- Vespa V50 (V5A1T ab Nr. 70240), V50 S (V5SA1T ab Nr. 11765), V90 (V9A1T ab Nr.19975), SS50, SS90, PV125, ET3
c-5221;Vespa 50 R (V5A1T -752188);Rahmen;42;p-393;Seitenklappenaufhängung -PIAGGIO- Vespa V50 (V5A1T ab Nr. 70240), V50 S (V5SA1T ab Nr. 11765), V90 (V9A1T ab Nr.19975), SS50, SS90, PV125, ET3
c-5221;Vespa 50 R (V5A1T -752188);Scheinwerfer, Rücklicht;5;p-9696;Lichtschalter -GRABOR- Vespa V50 N, V50 L, V50 R
c-5221;Vespa 50 R (V5A1T -752188);Scheinwerfer, Rücklicht;6;p-15497;Birne -BA15s (Stifte gerade) - 6V 15W - Weiss - Bremslicht Vespa 90 Racer (V9SS2T), Vespa 50 Special (V5B1T, V5B3T), 50 Sprinter (V5SS1T), 50 SR (V5SS
c-5221;Vespa 50 R (V5A1T -752188);Scheinwerfer, Rücklicht;7;p-15512;Birne -P26s- 6V 15W - Weiss - passend für z.B. Scheinwerfer Vespa V50, Ciao, Lambretta J50, LUI 50
c-5221;Vespa 50 R (V5A1T -752188);Scheinwerfer, Rücklicht;8;p-14329;Scheinwerfereinstellschiene Sicherungsklammer Scheinwerfer -OEM QUALITÄT- Vespa V50, PV125, ET3
c-5221;Vespa 50 R (V5A1T -752188);Scheinwerfer, Rücklicht;10;p-15601;Hupendichtung -OEM QUALITÄT, Ø=54x81x4mm V50, V90, SS50, SS90, PV125, ET3 - Vespa Grau
c-5221;Vespa 50 R (V5A1T -752188);Scheinwerfer, Rücklicht;11;p-9541;Blechmutter 2,9mm (verwendet für Hupe Vespa V50, V90, GL150 (VLA1T), GT125 (VNL2T), GTR125 (VNL2T), Super, Sprint150 (VLB1T), Rally180 (VSD1T), Rally2
c-5221;Vespa 50 R (V5A1T -752188);Scheinwerfer, Rücklicht;12;p-13069;Blechschraube -DIN 7971 2,9x19mm Edelstahl (verwendet für Hupe Rally180 (VSD1T), Rally200 (VSE1T), Sprint150 (VLB1T), TS125 (VNL3T), GT125 (VNL2T), GT
c-5221;Vespa 50 R (V5A1T -752188);Scheinwerfer, Rücklicht;14;p-11525;Schraube -DIN 931- M6 x 25mm (8.8 Festigkeit) - (verwendet für Kupplungsdeckel Vespa PX, Cosa, T5 125ccm, Rally, Sprint, TS, GT, GTR, GL, SS 180, GS 1
c-5221;Vespa 50 R (V5A1T -752188);Scheinwerfer, Rücklicht;15;p-11920;Schraube -DIN 933- M6 x 16mm (8.8 Festigkeit)
c-5221;Vespa 50 R (V5A1T -752188);Scheinwerfer, Rücklicht;16;p-15696;Federring -DIN 127- M6
c-5221;Vespa 50 R (V5A1T -752188);Scheinwerfer, Rücklicht;17;p-13501;Unterlegscheibe Karosserie -DIN 9021- M6 - Edelstahl
c-5221;Vespa 50 R (V5A1T -752188);Scheinwerfer, Rücklicht;18;p-15690;Mutter -DIN 934- M6
c-5221;Vespa 50 R (V5A1T -752188);Scheinwerfer, Rücklicht;19;p-6985;Rücklichtgummi (Dichtung zum Rahmen) -OEM QUALITÄT- Vespa V50 (bis Fg.Nr. V5A1T0122876)
c-5221;Vespa 50 R (V5A1T -752188);Scheinwerfer, Rücklicht;21;p-15485;Soffitte -SV8,5 11x36mm- 6V 5W - Weiss
c-5221;Vespa 50 R (V5A1T -752188);Scheinwerfer, Rücklicht;24;p-45636;Rücklicht -PREMIUM- Vespa V50 (bis Fg.Nr. V5A1T0122876) - Aluminium inkl. Dichtgummi
c-5221;Vespa 50 R (V5A1T -752188);Scheinwerfer, Rücklicht;27;p-9627;Rücklichtglas -SIEM- Vespa V50 (bis Fg.Nr. V5A1T0122876)
c-5221;Vespa 50 R (V5A1T -752188);Scheinwerfer, Rücklicht;29;p-12656;Schraube Rücklichtglas -VESPA M3 x 32mm- Vespa 50 N (V5A1T -122876), GL (VLA1T), Sprint (VLB1T -025478), SS 180 (VSC1T -18000)
c-5221;Vespa 50 R (V5A1T -752188);Scheinwerfer, Rücklicht;30;p-44748;Reflektor für Rücklichtglas - PREMIUM- Vespa VNB, VBB, GS 150 (VS5), GS160 - Pia.ref. 89235
c-5221;Vespa 50 R (V5A1T -752188);Sitzbank, Tank;1;p-3950;Sitzbank -OEM QUALITÄT- Vespa V50S (V5SA2T Japan ), ET3 - ohne Schloss, mit Piaggio Schriftzug - auch passend auf V50, 50N, V90, PV125
c-5221;Vespa 50 R (V5A1T -752188);Sitzbank, Tank;2;p-15091;Sitzbankbezug -OEM QUALITÄT- Vespa V50, PV125 - Keder grau
c-5221;Vespa 50 R (V5A1T -752188);Sitzbank, Tank;3;p-7081;Sitzbankzapfen -OEM QUALITÄT- Vespa M7 x 26mm
c-5221;Vespa 50 R (V5A1T -752188);Sitzbank, Tank;4;p-15072;Gummipuffer Sitzbank -OEM QUALITÄT- Vespa PX (bis Bj. 1997), T5 125cc, PKS, PK XL, V50, PV, ET3
c-5221;Vespa 50 R (V5A1T -752188);Sitzbank, Tank;5;p-3027;Sitzbankbezug-Klammer -PIAGGIO- 7mm - Vespa V50, V90, PV125, ET3, PX, PK, Rally, Sprint, TS, GT, GTR
c-5221;Vespa 50 R (V5A1T -752188);Sitzbank, Tank;6;p-2933;Schraube M6 x 10mm (verwendet für Vergaserwannenbefestigung PX Lusso/Cosa/T5)
c-5221;Vespa 50 R (V5A1T -752188);Sitzbank, Tank;7;p-12065;Unterlegscheibe 6,5x16x1,5mm -PIAGGIO- (verwendet für Kotflügel Vespa PX)
c-5221;Vespa 50 R (V5A1T -752188);Sitzbank, Tank;8;p-12065;Unterlegscheibe 6,5x16x1,5mm -PIAGGIO- (verwendet für Kotflügel Vespa PX)
c-5221;Vespa 50 R (V5A1T -752188);Sitzbank, Tank;9;p-15690;Mutter -DIN 934- M6
c-5221;Vespa 50 R (V5A1T -752188);Sitzbank, Tank;10;p-15690;Mutter -DIN 934- M6
c-5221;Vespa 50 R (V5A1T -752188);Sitzbank, Tank;11;p-12067;Sitzbankfeder -PIAGGIO- Vespa PV 125, V50, ET3, PK, PK S, PK S Lusso, PX, Rally, Sprint, TS
c-5221;Vespa 50 R (V5A1T -752188);Sitzbank, Tank;13;p-15701;Schraube -DIN 933- M6 x 25mm (8.8 Festigkeit)
c-5221;Vespa 50 R (V5A1T -752188);Sitzbank, Tank;14;p-15705;Mutter hoch -DIN 934 ähnlich- M7
c-5221;Vespa 50 R (V5A1T -752188);Sitzbank, Tank;15;p-15711;Federring -DIN 127- M7
c-5221;Vespa 50 R (V5A1T -752188);Sitzbank, Tank;16;p-15711;Federring -DIN 127- M7
c-5221;Vespa 50 R (V5A1T -752188);Sitzbank, Tank;17;p-7113;Gepäckbrücke -AMS CUPPINI- Vespa V50 (1. Serie) - offen, unlackiert
c-5221;Vespa 50 R (V5A1T -752188);Sitzbank, Tank;18;p-12222;Dichtung Tankdeckel -ROLLERLADEN- Vespa V50, PV125, ET3, Motovespa 125/150/160 - Kork
c-5221;Vespa 50 R (V5A1T -752188);Sitzbank, Tank;19;p-11462;Tank -PREMIUM, geöltes Blech- Vespa V50 1° Serie (kurze Ausführung), V50 (V5A1T bis Nr. 70239), V50 S (V5SA1T bis Nr. 11764), V90 (V9A1T bis Nr.19974)
c-5221;Vespa 50 R (V5A1T -752188);Sitzbank, Tank;20;p-6889;Tankdeckel -OEM QUALITÄT- Vespa V50, V90, SS50, SS90, PV125, ET3, Motovespa 125/150/160
c-5221;Vespa 50 R (V5A1T -752188);Sitzbank, Tank;22;p-31304;Tankdeckelverschluss Augbolzen -OEM QUALITÄT- Vespa PX80, PX125, PX150, PX200 (-1984), Vespa 125 - VNB1T - VNB6T, Vespa 150 - VBB1T - VBB2T, GS160 / G
c-5221;Vespa 50 R (V5A1T -752188);Sitzbank, Tank;23;p-11769;Niet für Tankdeckel -OEM QUALITÄT- Vespa PX (-1984), Rally, Sprint, Sprint Veloce, TS, GT, GTR, SS180, GS160, GL, Super, GS150, VNA, VNB, VBA, VBB, Wi
c-5221;Vespa 50 R (V5A1T -752188);Sitzbank, Tank;24;p-19;Mutter für Tankdeckelverschluss - Rändelmutter - VESPA - V50, V90, SS50, SS90, PV125, ET3, VNA, Super, GL150 (VLA1T), GT125 (VNL2T), GTR125 (VNL2T), T
c-5221;Vespa 50 R (V5A1T -752188);Sitzbank, Tank;25;p-11281;Schraubknopf für Sattel -OEM QUALITÄT, vorne- Vespa V50, PV125, ET3
c-5221;Vespa 50 R (V5A1T -752188);Sitzbank, Tank;27;p-12142;Mutter -DIN 934- M10 x 1,5 (verwendet für Traversenschraube Vespa V50, V90, SS50, SS90, PV125, ET3, PK S, PK XL, verwendet für Stoßdämpfer/Motor Vespa
c-5221;Vespa 50 R (V5A1T -752188);Sitzbank, Tank;32;p-11125;Sattel -OEM QUALITÄT, vorne- Vespa V50, PV125, ET3 - schwarz
c-5221;Vespa 50 R (V5A1T -752188);Sitzbank, Tank;33;p-6547;Federscheibe gewellt -DIN 137 Stahl verzinkt- M6
c-5221;Vespa 50 R (V5A1T -752188);Sitzbank, Tank;35;p-15754;Schraube -DIN 933- M7 x 20mm (8.8 Festigkeit)
c-5221;Vespa 50 R (V5A1T -752188);Sitzbank, Tank;37;p-15709;Unterlegscheibe -DIN 125- M7
c-5221;Vespa 50 R (V5A1T -752188);Sitzbank, Tank;40;p-6920;Benzinhahnhebel -OEM QUALITÄT- Vespa V50, V90, SS50, SS90, PV125, ET3 - Kunstoff
c-5221;Vespa 50 R (V5A1T -752188);Sitzbank, Tank;41;p-6500;Gummiring Benzinhahnhebel -OEM QUALITÄT- Vespa PX alt (-1984), Largeframe (-1984), Smallframe - Schwarz
c-5221;Vespa 50 R (V5A1T -752188);Sitzbank, Tank;42;p-12058;Silentbuchse für Benzinhahnhebel -PIAGGIO- Vespa PX, T5 125ccm, Rally, Sprint, TS, PV125, V50, PK S, PK XL
c-5221;Vespa 50 R (V5A1T -752188);Sitzbank, Tank;45;p-6504;Splint Benzinhahn -VESPA- PX, Sprint150 (VLB1T), Rally180 (VSD1T), Rally200 (VSE1T), GT125 (VNL2T), GTR125 (VNL2T), GL150 (VLA1T), Super, VNB, VNA , V
c-5221;Vespa 50 R (V5A1T -752188);Sitzbank, Tank;46;p-11959;Schieber für Benzinhahn -PIAGGIO- Vespa PX, T5 125ccm, PK, V50, PV, ET3, Rally, Sprint, GT, GTR
c-5221;Vespa 50 R (V5A1T -752188);Sitzbank, Tank;47;p-11966;Unterlegscheibe -PIAGGIO- 3,7x9,0x0,5mm (verwendet für Tacho Vespa PK XL2)
c-5221;Vespa 50 R (V5A1T -752188);Sitzbank, Tank;48;p-2343;Benzinhahn -PIAGGIO- Vespa V50, V90, PV125, ET3
c-5221;Vespa 50 R (V5A1T -752188);Sitzbank, Tank;49;p-12077;Kabelbinder Metall für Ansaugschlauch, Schaltzüge -OEM QUALITÄT- Ansaugschlauch Vespa SS180, GS160, GS150, Schaltzüge Vespa VL1-3, VB1, VGL1 - 5x300mm
c-5221;Vespa 50 R (V5A1T -752188);Sitzbank, Tank;50;p-12077;Kabelbinder Metall für Ansaugschlauch, Schaltzüge -OEM QUALITÄT- Ansaugschlauch Vespa SS180, GS160, GS150, Schaltzüge Vespa VL1-3, VB1, VGL1 - 5x300mm
c-5221;Vespa 50 R (V5A1T -752188);Sitzbank, Tank;51;p-10828;Benzinschlauch -PIAGGIO- Ø innen = 7mm, Ø aussen = 14mm, l = 750mm - passend für alle Vespa Schaltrollermodelle, Lambretta Serie 1-3
c-5221;Vespa 50 R (V5A1T -752188);Sitzbank, Tank;52;p-6863;Dichtung Benzinhahn/Tank -PIAGGIO- Vespa (ab Bj. 1950)
c-5221;Vespa 50 R (V5A1T -752188);Sitzbank, Tank;54;p-6864;Mutter Benzinhahn/Tank -VESPA- PX, Sprint150 (VLB1T), Rally180 (VSD1T), Rally200 (VSE1T), GT125 (VNL2T), GTR125 (VNL2T), GL150 (VLA1T), Super, VNB, VN
c-5221;Vespa 50 R (V5A1T -752188);Stoßdämpfer hinten;3;p-12110;Stoßdämpfer hinten -OEM QUALITÄT, 330mm- Vespa PX80, PX125, PX150, PX200, T5 125cc, Rally180 (VSD1T), Rally200 (VSE1T), Sprint150 (VLB1T), TS125 (VNL3
c-5221;Vespa 50 R (V5A1T -752188);Stoßdämpfer hinten;4;p-15719;Mutter -DIN 934- M8
c-5221;Vespa 50 R (V5A1T -752188);Stoßdämpfer hinten;5;p-15727;Federring -DIN 127- M8
c-5221;Vespa 50 R (V5A1T -752188);Stoßdämpfer hinten;6;p-44666;Silentblock Stoßdämpfer oben / Rahmen hinten -PREMIUM QUALITÄT- Vespa PX, T5 125ccm, Rally, Sprint, TS, GT, GTR, SS180, GS160, Super, GL, VNA, VNB, VB
c-5221;Vespa 50 R (V5A1T -752188);Stoßdämpfer hinten;7;p-6410;Stoßdämpferpatrone hinten -OEM QUALITÄT- 330mm- Vespa PX80, PX125, PX150, PX200, T5 125cc, Rally180 (VSD1T), Rally200 (VSE1T), Sprint150 (VLB1T), TS12
c-5221;Vespa 50 R (V5A1T -752188);Stoßdämpfer hinten;8;p-15043;Schraube -DIN 931- M9 x 65mm (verwendet für Stoßdämpfer/Motor Vespa V50, PV, ET3, PX (-1984), Vespa Rally, Sprint150, GL150, Super, TS125, GT125, GTR1
c-5221;Vespa 50 R (V5A1T -752188);Stoßdämpfer hinten;9;p-11549;Mutter -DIN 934 ähnlich- M9 SW=14 (verwendet für Motor/Motorhalter Vespa Wideframe V1 bis V15, V30 bis V33, VM, VN, VL, VU, VB, GS150 / GS3 (VS1 bis V
c-5221;Vespa 50 R (V5A1T -752188);Stoßdämpfer hinten;10;p-11549;Mutter -DIN 934 ähnlich- M9 SW=14 (verwendet für Motor/Motorhalter Vespa Wideframe V1 bis V15, V30 bis V33, VM, VN, VL, VU, VB, GS150 / GS3 (VS1 bis V
c-5221;Vespa 50 R (V5A1T -752188);Stoßdämpfer hinten;11;p-35825;Traversenschraube M10 x 220mm -PIAGGIO- Vespa GT 250 (ZAPM45102), Vespa GT L 125 (ZAPM31100, ZAPM31101), Vespa GT L 200 (ZAPM31200), Vespa GTS 125 (ZA
c-5221;Vespa 50 R (V5A1T -752188);Stoßdämpfer hinten;12;p-15757;Federring -DIN 127- M10
c-5221;Vespa 50 R (V5A1T -752188);Stoßdämpfer hinten;13;p-12142;Mutter -DIN 934- M10 x 1,5 (verwendet für Traversenschraube Vespa V50, V90, SS50, SS90, PV125, ET3, PK S, PK XL, verwendet für Stoßdämpfer/Motor Vespa
c-5221;Vespa 50 R (V5A1T -752188);Stoßdämpfer hinten;19;p-6410;Stoßdämpferpatrone hinten -OEM QUALITÄT- 330mm- Vespa PX80, PX125, PX150, PX200, T5 125cc, Rally180 (VSD1T), Rally200 (VSE1T), Sprint150 (VLB1T), TS12
c-5221;Vespa 50 R (V5A1T -752188);Stoßdämpfer hinten;22;p-47704;Silentblock-Set Stoßdämpfer/Motor -BGM PRO Antislip orange (Made in Germany) Ø=9mm x 48mm- Vespa PX (1983), Rally, TS, Sprint, Sprint Veloce, GT, GTR,
c-5221;Vespa 50 R (V5A1T -752188);Stoßdämpfer hinten;23;p-47704;Silentblock-Set Stoßdämpfer/Motor -BGM PRO Antislip orange (Made in Germany) Ø=9mm x 48mm- Vespa PX (1983), Rally, TS, Sprint, Sprint Veloce, GT, GTR,
c-5221;Vespa 50 R (V5A1T -752188);Stoßdämpfer hinten;24;p-1234;Silentgummi Motor Traverse rechts -PIAGGIO- Vespa PX80, PX125, PX150
c-5221;Vespa 50 R (V5A1T -752188);Stoßdämpfer hinten;25;p-1234;Silentgummi Motor Traverse rechts -PIAGGIO- Vespa PX80, PX125, PX150
c-5221;Vespa 50 R (V5A1T -752188);Stoßdämpfer hinten;26;p-365;Silentblockbuchse Motor -PIAGGIO- Vespa V50, SS50, PK 50S, PK 50XL, PK 50XL2
c-5221;Vespa 50 R (V5A1T -752188);Stoßdämpfer hinten;27;p-8969;Sicherungsring innen Silentblock Motor -PIAGGIO 30x25x2mm- Vespa PX80, PX125, PX150, Sprint150 (VLB1T), TS125 (VNL3T), GT125 (VNL2T), GTR125 (VNL2T), 
c-5221;Vespa 50 R (V5A1T -752188);Stoßdämpfer hinten;29;p-356;Silentgummi Motor Traverse links -VESPA- PX80, PX125, PX150, Sprint150 (VLB1T), TS125 (VNL3T), GT125 (VNL2T), GTR125 (VNL2T), Super, GL150 (VLA1T), VN
c-5221;Vespa 50 R (V5A1T -752188);Stoßdämpfer hinten;31;p-356;Silentgummi Motor Traverse links -VESPA- PX80, PX125, PX150, Sprint150 (VLB1T), TS125 (VNL3T), GT125 (VNL2T), GTR125 (VNL2T), Super, GL150 (VLA1T), VN
c-5221;Vespa 50 R (V5A1T -752188);Stoßdämpfer vorne;1;p-10358;Stoßdämpfer vorne -OEM QUALITÄT- 205mm- Vespa V50 N (1. Serie), V50 R (1. Serie)
c-5221;Vespa 50 R (V5A1T -752188);Stoßdämpfer vorne;25;p-15166;Mutter -DIN 934- M8 x 1,0 (verwendet für Stoßdämpfer/Gabel Vespa V50, V90, SS50, SS90, PV125, ET3)
c-5221;Vespa 50 R (V5A1T -752188);Stoßdämpfer vorne;26;p-15727;Federring -DIN 127- M8
c-5221;Vespa 50 R (V5A1T -752188);Stoßdämpfer vorne;27;p-15727;Federring -DIN 127- M8
c-5221;Vespa 50 R (V5A1T -752188);Stoßdämpfer vorne;28;p-574;Unterlegscheibe Silentgummi/Stoßdämpfer vorne -PIAGGIO- Vespa PX80, PX125, PX150, PX200, T5 125cc, Cosa, PK S-XL, GT-GTV, LX-LXV, ET2, ET4, S, Piaggio
c-5221;Vespa 50 R (V5A1T -752188);Stoßdämpfer vorne;29;p-3553;Silentgummi Stoßdämpfer vorne oben -CIF 14x31x9mm- Vespa V50, 50N, SS50, V90, SS90, PV125, ET3, PK, GS160, SS180
c-5221;Vespa 50 R (V5A1T -752188);Stoßdämpfer vorne;30;p-15719;Mutter -DIN 934- M8
c-5221;Vespa 50 R (V5A1T -752188);Stoßdämpfer vorne;31;p-49139;Unterlegscheibe M8x24x2mm Gabel/Schwingenabdeckung -VESPA- V50, V90, SS50, SS90, PV125, ET3
c-5221;Vespa 50 R (V5A1T -752188);Stoßdämpfer vorne;32;p-15295;O-Ring Ø16x2,50mm -PIAGGIO-Kickstarterwelle Vespa V50, PV125, ET3, PK, PX, T5 125ccm, Cosa, Rally, Sprint, TS125, GT125, GTR125, Super, GS160 / GS4, S
c-5221;Vespa 50 R (V5A1T -752188);Vergaser, Auspuff;1;p-15690;Mutter -DIN 934- M6
c-5221;Vespa 50 R (V5A1T -752188);Vergaser, Auspuff;2;p-15690;Mutter -DIN 934- M6
c-5221;Vespa 50 R (V5A1T -752188);Vergaser, Auspuff;3;p-15690;Mutter -DIN 934- M6
c-5221;Vespa 50 R (V5A1T -752188);Vergaser, Auspuff;4;p-15696;Federring -DIN 127- M6
c-5221;Vespa 50 R (V5A1T -752188);Vergaser, Auspuff;5;p-15696;Federring -DIN 127- M6
c-5221;Vespa 50 R (V5A1T -752188);Vergaser, Auspuff;6;p-13501;Unterlegscheibe Karosserie -DIN 9021- M6 - Edelstahl
c-5221;Vespa 50 R (V5A1T -752188);Vergaser, Auspuff;7;p-11902;Dichtung Auspuffkrümmer/Zylinder -PIAGGIO, M6 Lochstich 52mm- Vespa 50 (V5A1T, V5N1T, V5B2T), 50N (V5A1T, V5B3T), 50 Special (V5B1T), Vespa 90 (V9A1T)
c-5221;Vespa 50 R (V5A1T -752188);Vergaser, Auspuff;8;p-11902;Dichtung Auspuffkrümmer/Zylinder -PIAGGIO, M6 Lochstich 52mm- Vespa 50 (V5A1T, V5N1T, V5B2T), 50N (V5A1T, V5B3T), 50 Special (V5B1T), Vespa 90 (V9A1T)
c-5221;Vespa 50 R (V5A1T -752188);Vergaser, Auspuff;9;p-15143;Auspuffkrümmer -OEM QUALITÄT- für standard Auspuff - Vespa Smallframe V50, PK50/PK80 S, PK50/PK80 XL, PK50 XL2, PK50 HP, PK50 FL, PK 50 Automatik - Al
c-5221;Vespa 50 R (V5A1T -752188);Vergaser, Auspuff;10;p-15447;Ansaugstutzen -VESPA 2-Loch, Drehschieber- Vespa V50 - Ø=16/10mm Dellorto SHB
c-5221;Vespa 50 R (V5A1T -752188);Vergaser, Auspuff;11;p-13981;Dichtung Ansaugstutzen -OEM QUALITÄT- Vespa V50, PV125, ET3, PK50, PK80, PK125 S
c-5221;Vespa 50 R (V5A1T -752188);Vergaser, Auspuff;12;p-44662;Gummiteileset -PREMIUM- für Vespa 50 N/​L/​R/​S, V90, PV​125 1° Serie (VMA1) - Grau
c-5221;Vespa 50 R (V5A1T -752188);Vergaser, Auspuff;14;p-9508;Fächerscheibe -DIN 6798- M10
c-5221;Vespa 50 R (V5A1T -752188);Vergaser, Auspuff;15;p-9508;Fächerscheibe -DIN 6798- M10
c-5221;Vespa 50 R (V5A1T -752188);Vergaser, Auspuff;16;p-3497;Gummi Vergaserwannendeckel -PIAGGIO- Vespa Largeframe (ab Bj. 1958)
c-5221;Vespa 50 R (V5A1T -752188);Vergaser, Auspuff;17;p-15026;Splint -DIN 94- Ø=2,0mm - 20mm - verwendet für Bolzen Klemmplättchen / Bremsarm hinten Vespa PX, Sprint, Rally, V50, PV125, ET3 etc.
c-5221;Vespa 50 R (V5A1T -752188);Vergaser, Auspuff;25;p-9429;Vergaser -DELLORTO 16/10mm SHB- Vespa V50
c-5221;Vespa 50 R (V5A1T -752188);Vergaser, Auspuff;27;p-1848;Auspuff -OEM QUALITÄT- Vespa V50, 50N, 50S, 50L, 50R, 50 Special, V50 Elestart, PV125
c-5221;Vespa 50 R (V5A1T -752188);Vergaser, Auspuff;28;p-1848;Auspuff -OEM QUALITÄT- Vespa V50, 50N, 50S, 50L, 50R, 50 Special, V50 Elestart, PV125
c-5221;Vespa 50 R (V5A1T -752188);Vergaser, Auspuff;29;p-15378;Unterlegscheibe -DIN 125- M10
c-5221;Vespa 50 R (V5A1T -752188);Vergaser, Auspuff;30;p-15757;Federring -DIN 127- M10
c-5221;Vespa 50 R (V5A1T -752188);Vergaser, Auspuff;31;p-9780;Schraube -DIN 933- M10 x 30mm (verwendet als Auspuffschraube Vespa V50, V90, PV125, ET3)
c-5221;Vespa 50 R (V5A1T -752188);Vergaser, Auspuff;34;p-18512;Feder Gemischeinstellschraube -DELLORTO- SHB, SHBC, PHBG
c-5221;Vespa 50 R (V5A1T -752188);Vergaser, Auspuff;35;p-7070;Gemischeinstellschraube -DELLORTO- SHB, SHBC - Gewinde M4 x 0,75mm, L=27mm - dicke Spitze
c-5221;Vespa 50 R (V5A1T -752188);Vergaser, Auspuff;36;p-18516;Schraube Schwimmerkammer -DELLORTO- SHB, PHVA, PHVB, PHBN
c-5221;Vespa 50 R (V5A1T -752188);Vergaser, Auspuff;37;p-7143;Dichtsatz Vergaser -DELLORTO- SHBC 16
c-5221;Vespa 50 R (V5A1T -752188);Vergaser, Auspuff;38;p-2151;Düse -DELLORTO (Typ: 1486)- 5mm ( 52)
c-5221;Vespa 50 R (V5A1T -752188);Vergaser, Auspuff;39;p-7057;Schwimmerstift -DELLORTO- SHB, SI
c-5221;Vespa 50 R (V5A1T -752188);Vergaser, Auspuff;41;p-15441;Vergaserschelle -DELLORTO Ø=34mm- SHBC 16 (Typ Vespa)
c-5221;Vespa 50 R (V5A1T -752188);Vergaser, Auspuff;42;p-15441;Vergaserschelle -DELLORTO Ø=34mm- SHBC 16 (Typ Vespa)
c-5221;Vespa 50 R (V5A1T -752188);Vergaser, Auspuff;43;p-389;Einstellschraube - Gaszugführung -PIAGGIO- M5 x 0,75 - 0° - ohne Kontermutter
c-5221;Vespa 50 R (V5A1T -752188);Vergaser, Auspuff;44;p-12127;Feder Einstellschraube Gaszug am Vergaser -DELLORTO- SHB
c-5221;Vespa 50 R (V5A1T -752188);Vergaser, Auspuff;45;p-4841;Schraube Schieberdeckel -PIAGGIO- Vergaser SI DellOrto - SI20/15, SI20/17, SI20/20, SI24/24, SI26/27
c-5221;Vespa 50 R (V5A1T -752188);Vergaser, Auspuff;48;p-18506;Gasschieber -DELLORTO SHB 16- 6231-1
c-5221;Vespa 50 R (V5A1T -752188);Vergaser, Auspuff;49;p-7021;Gasschieberfeder -DELLORTO- SHBC 16
c-5221;Vespa 50 R (V5A1T -752188);Vergaser, Auspuff;50;p-7142;Dichtsatz Vergaser -DELLORTO- SHB 19 Vespa PV125, ET3
c-5221;Vespa 50 R (V5A1T -752188);Vergaser, Auspuff;52;p-12129;Chokedüse -DELLORTO (Typ: 6217) SHB- 50
c-5221;Vespa 50 R (V5A1T -752188);Vergaser, Auspuff;53;p-7051;Schwimmernadel -DELLORTO, dreieckig- SHBC (Vespa V50, PV,ET3), SHA (Ciao, Bravo, SI), PHBG, PHVA, PHVB, PHBN, FHBB - ungefedert
c-5221;Vespa 50 R (V5A1T -752188);Vergaser, Auspuff;54;p-18510;Schwimmer -DELLORTO- SHB
c-5221;Vespa 50 R (V5A1T -752188);Vergaser, Auspuff;55;p-18513;Schwimmerkammer -DELLORTO- SHB / SHBC 16mm-19mm
c-5221;Vespa 50 R (V5A1T -752188);Vergaser, Auspuff;56;p-7027;Schraube Benzinbanjo -DELLORTO- SHB16/10, SHB16/16
c-5221;Vespa 50 R (V5A1T -752188);Vergaser, Auspuff;58;p-18504;Benzinbanjo -DELLORTO- SHB 16
c-5221;Vespa 50 R (V5A1T -752188);Vergaser, Auspuff;59;p-18503;Benzinfilter -DELLORTO- SHB16-Vergaser- Vespa V50, 50N, 50L, 50R, Special, 50SR, Sprinter, SS50, V90, SS90, 90 Racer
c-5221;Vespa 50 R (V5A1T -752188);Vergaser, Auspuff;64;p-15408;Gussschutzkappe -OEM QUALITÄT- Vespa V50 - Vergaser Ø=16mm
c-5221;Vespa 50 R (V5A1T -752188);Vergaser, Auspuff;65;p-15141;Klemmring Gusskappe -OEM QUALITÄT- Vespa Smallframe
c-5221;Vespa 50 R (V5A1T -752188);Vergaser, Auspuff;66;p-10868;Luftfilter -OEM QUALITÄT- Vespa V50 (1. Serie) (Dellorto SHBC 16mm)
c-5221;Vespa 50 R (V5A1T -752188);Vergaser, Auspuff;67;p-2414;Nebendüse -DELLORTO (Typ: 3360) SH / SHA / SHB- 38
c-5221;Vespa 50 R (V5A1T -752188);Vergaser, Auspuff;68;p-18517;Vergaserdeckel -DELLORTO- SHB 16 (Typ Vespa V50)
c-5221;Vespa 50 R (V5A1T -752188);Vergaser, Auspuff;69;p-7143;Dichtsatz Vergaser -DELLORTO- SHBC 16
c-5221;Vespa 50 R (V5A1T -752188);Vergaser, Auspuff;70;p-515;Mutter für Gaszughebel -PIAGGIO- SHB - SW=8
c-5221;Vespa 50 R (V5A1T -752188);Vergaser, Auspuff;71;p-11320;Unterlegscheibe M6 DIN 433 ähnlich - kleinerer Außendurchmesser für Befestigung Lufteintrittshaube -LAMBRETTA- LI, LIS, SX, TV, DL, GP, Motorgehäuse L
c-5221;Vespa 50 R (V5A1T -752188);Zündung;1;p-15684;Federring -DIN 127- M5
c-5221;Vespa 50 R (V5A1T -752188);Zündung;2;p-15684;Federring -DIN 127- M5
c-5221;Vespa 50 R (V5A1T -752188);Zündung;3;p-15684;Federring -DIN 127- M5
c-5221;Vespa 50 R (V5A1T -752188);Zündung;4;p-3044;Schraube -DIN 85- M5 x 14mm (verwendet für Zündgrundplatte Rally180 (VSD1T), Rally200 (VSE1T), Sprint150 (VLB1T), TS125 (VNL3T), GT125 (VNL2T), GTR125
c-5221;Vespa 50 R (V5A1T -752188);Zündung;5;p-3044;Schraube -DIN 85- M5 x 14mm (verwendet für Zündgrundplatte Rally180 (VSD1T), Rally200 (VSE1T), Sprint150 (VLB1T), TS125 (VNL3T), GT125 (VNL2T), GTR125
c-5221;Vespa 50 R (V5A1T -752188);Zündung;15;p-6660;Seegerring -BOHRUNG DIN472- Ø=28mm
c-5221;Vespa 50 R (V5A1T -752188);Zündung;16;p-9129;Seegerring -BOHRUNG DIN472- Ø=25mm - (verwendet für Polrad Vespa V50, 50N, PV125, SS50, SS90, SR50, Sprint150, Super, VNA, GT125, GTR125)
c-5221;Vespa 50 R (V5A1T -752188);Zündung;19;p-17014;Bougierohr -UNIVERSAL Ø=6mm- 5m - Schwarz
c-5221;Vespa 50 R (V5A1T -752188);Zündung;20;p-170;Gummi Motor/Kabel -PIAGGIO- Vespa V50, V90, PV, ET3, VNA1T-2T, VNB1T-5T (verwendet zur Kabeldurchführung Motorgehäuse / Zündgrundplatte)
c-5221;Vespa 50 R (V5A1T -752188);Zündung;21;p-170;Gummi Motor/Kabel -PIAGGIO- Vespa V50, V90, PV, ET3, VNA1T-2T, VNB1T-5T (verwendet zur Kabeldurchführung Motorgehäuse / Zündgrundplatte)
c-5221;Vespa 50 R (V5A1T -752188);Zündung;22;p-6833;Gummikappe Kabelkästchen -PIAGGIO- Vespa alle Modelle
c-5221;Vespa 50 R (V5A1T -752188);Zündung;23;p-45381;Verbindungskabel Zündspule und Kabelkästchen -VESPARATUR- Vespa Sprint, GT, GTR, TS
c-5221;Vespa 50 R (V5A1T -752188);Zündung;24;p-45381;Verbindungskabel Zündspule und Kabelkästchen -VESPARATUR- Vespa Sprint, GT, GTR, TS
c-5221;Vespa 50 R (V5A1T -752188);Zündung;25;p-45381;Verbindungskabel Zündspule und Kabelkästchen -VESPARATUR- Vespa Sprint, GT, GTR, TS
c-5221;Vespa 50 R (V5A1T -752188);Zündung;31;p-6547;Federscheibe gewellt -DIN 137 Stahl verzinkt- M6
c-5221;Vespa 50 R (V5A1T -752188);Zündung;34;p-13483;Schraube -DIN 84- M6 x 12mm (verwendet für Lüfterradabdeckung Vespa)
c-5221;Vespa 50 R (V5A1T -752188);Zündung;35;p-3037;Schraube Zündkontakt M4 x 10mm mit Schlitz -PIAGGIO- Vespa Smallframe V50, PV125, Wideframe VM1, VM2, VNB1, VNB2, Super, GS150 VS1-5, Sprint, GT, GTR,
c-5221;Vespa 50 R (V5A1T -752188);Zündung;36;p-11195;Zündkontakte -PIAGGIO kurz, Ø=5,0mm Führungsbolzen- Vespa 50 N, L, R, Special
c-5221;Vespa 50 R (V5A1T -752188);Zündung;37;p-15774;Schmierfilz Kontaktzündung (Kondensator Ø=14mm) -OEM QUALITÄT- Vespa V50, PX
c-5221;Vespa 50 R (V5A1T -752188);Zündung;38;p-15774;Schmierfilz Kontaktzündung (Kondensator Ø=14mm) -OEM QUALITÄT- Vespa V50, PX
c-5221;Vespa 50 R (V5A1T -752188);Zündung;39;p-15774;Schmierfilz Kontaktzündung (Kondensator Ø=14mm) -OEM QUALITÄT- Vespa V50, PX
c-5221;Vespa 50 R (V5A1T -752188);Zündung;40;p-15774;Schmierfilz Kontaktzündung (Kondensator Ø=14mm) -OEM QUALITÄT- Vespa V50, PX
c-5221;Vespa 50 R (V5A1T -752188);Zündung;42;p-3231;Kondensator -EFFE, Ø=20mm, h=31mm, µF 0,25, 1-Kabel- Vespa V50 N, V50 L, V50 R (1° Serie), V50 Special V5A2T (1° Serie), V50 V5B1T (1° Serie)
c-5221;Vespa 50 R (V5A1T -752188);Zündung;43;p-15688;Schraube -DIN 7985- M5 x 25mm (verwendet für Halter CDI / Elektronikzentrale PX)
c-5221;Vespa 50 R (V5A1T -752188);Zündung;45;p-8677;Lichtspule -CEAB- Vespa V50 (Modelle mit innenliegender Zündspule)
c-5221;Vespa 50 R (V5A1T -752188);Zündung;46;p-8677;Lichtspule -CEAB- Vespa V50 (Modelle mit innenliegender Zündspule)
c-5221;Vespa 50 R (V5A1T -752188);Zündung;51;p-15456;Zündspule innenliegend -CIF- Vespa V50 (V5A1M ab Nr. 97776)
c-5221;Vespa 50 R (V5A1T -752188);Zündung;53;p-15067;Zündkabel -PIAGGIO 100cm- Ø=7mm mit Öse
c-5221;Vespa 50 R (V5A1T -752188);Zündung;54;p-33184;Zündkerzenstecker -POLINI- Silikon, kurz - blau
c-5221;Vespa 50 R (V5A1T -752188);Zündung;58;p-3062;Schraube Zündkontakt M4x10mm mit Schlitz -OEM QUALITÄT- Vespa Smallframe V50, PV125, Wideframe VM1, VM2, VNB1, VNB2, Super, GS150 VS1-5, Sprint, GT, G
c-5221;Vespa 50 R (V5A1T -752188);Zündung;59;p-2978;Fächerscheibe -DIN 6798- M3 (verwendet für Sicherungshalter PX, Zündkontakt Vespa lang)
c-5221;Vespa 50 R (V5A1T -752188);Zündung;60;p-6517;Gummistopfen Polrad (Niere) -OEM QUALITÄT Höhe=11.4mm, Breite: 40.6mm- Vespa V50 (200001 bis 763500), V90, 90SS, VNB6T (ab 04295), Super, GT125 (VNL2T
c-5211;Vespa 50 R (V5A1T 752189-);Aufhängung;2;p-12110;Stoßdämpfer hinten -OEM QUALITÄT, 330mm- Vespa PX80, PX125, PX150, PX200, T5 125cc, Rally180 (VSD1T), Rally200 (VSE1T), Sprint150 (VLB1T), TS125 (VNL3
c-5211;Vespa 50 R (V5A1T 752189-);Aufhängung;3;p-15719;Mutter -DIN 934- M8
c-5211;Vespa 50 R (V5A1T 752189-);Aufhängung;4;p-574;Unterlegscheibe Silentgummi/Stoßdämpfer vorne -PIAGGIO- Vespa PX80, PX125, PX150, PX200, T5 125cc, Cosa, PK S-XL, GT-GTV, LX-LXV, ET2, ET4, S, Piaggio
c-5211;Vespa 50 R (V5A1T 752189-);Aufhängung;5;p-44666;Silentblock Stoßdämpfer oben / Rahmen hinten -PREMIUM QUALITÄT- Vespa PX, T5 125ccm, Rally, Sprint, TS, GT, GTR, SS180, GS160, Super, GL, VNA, VNB, VB
c-5211;Vespa 50 R (V5A1T 752189-);Aufhängung;6;p-6410;Stoßdämpferpatrone hinten -OEM QUALITÄT- 330mm- Vespa PX80, PX125, PX150, PX200, T5 125cc, Rally180 (VSD1T), Rally200 (VSE1T), Sprint150 (VLB1T), TS12
c-5211;Vespa 50 R (V5A1T 752189-);Aufhängung;7;p-15043;Schraube -DIN 931- M9 x 65mm (verwendet für Stoßdämpfer/Motor Vespa V50, PV, ET3, PX (-1984), Vespa Rally, Sprint150, GL150, Super, TS125, GT125, GTR1
c-5211;Vespa 50 R (V5A1T 752189-);Aufhängung;8;p-15734;Mutter -DIN 934- M9 (verwendet für Stoßdämpfer/Motor Vespa PX80, PX125, PX150, PX200 (-1984), Rally180 (VSD1T), Rally200 (VSE1T), Sprint150 (VLB1T), T
c-5211;Vespa 50 R (V5A1T 752189-);Aufhängung;9;p-15734;Mutter -DIN 934- M9 (verwendet für Stoßdämpfer/Motor Vespa PX80, PX125, PX150, PX200 (-1984), Rally180 (VSD1T), Rally200 (VSE1T), Sprint150 (VLB1T), T
c-5211;Vespa 50 R (V5A1T 752189-);Aufhängung;10;p-35825;Traversenschraube M10 x 220mm -PIAGGIO- Vespa GT 250 (ZAPM45102), Vespa GT L 125 (ZAPM31100, ZAPM31101), Vespa GT L 200 (ZAPM31200), Vespa GTS 125 (ZA
c-5211;Vespa 50 R (V5A1T 752189-);Aufhängung;11;p-15757;Federring -DIN 127- M10
c-5211;Vespa 50 R (V5A1T 752189-);Aufhängung;16;p-12035;Sicherungsscheibe Silentgummi Motor links 29x39x2mm -OEM QUALITÄT- Vespa PV125, V50N, PK S, PK XL, PK XL2
c-5211;Vespa 50 R (V5A1T 752189-);Aufhängung;17;p-12035;Sicherungsscheibe Silentgummi Motor links 29x39x2mm -OEM QUALITÄT- Vespa PV125, V50N, PK S, PK XL, PK XL2
c-5211;Vespa 50 R (V5A1T 752189-);Aufhängung;19;p-49139;Unterlegscheibe M8x24x2mm Gabel/Schwingenabdeckung -VESPA- V50, V90, SS50, SS90, PV125, ET3
c-5211;Vespa 50 R (V5A1T 752189-);Aufhängung;20;p-15719;Mutter -DIN 934- M8
c-5211;Vespa 50 R (V5A1T 752189-);Aufhängung;21;p-3553;Silentgummi Stoßdämpfer vorne oben -CIF 14x31x9mm- Vespa V50, 50N, SS50, V90, SS90, PV125, ET3, PK, GS160, SS180
c-5211;Vespa 50 R (V5A1T 752189-);Aufhängung;26;p-6410;Stoßdämpferpatrone hinten -OEM QUALITÄT- 330mm- Vespa PX80, PX125, PX150, PX200, T5 125cc, Rally180 (VSD1T), Rally200 (VSE1T), Sprint150 (VLB1T), TS12
c-5211;Vespa 50 R (V5A1T 752189-);Aufhängung;28;p-15727;Federring -DIN 127- M8
c-5211;Vespa 50 R (V5A1T 752189-);Aufhängung;29;p-15727;Federring -DIN 127- M8
c-5211;Vespa 50 R (V5A1T 752189-);Aufhängung;38;p-47704;Silentblock-Set Stoßdämpfer/Motor -BGM PRO Antislip orange (Made in Germany) Ø=9mm x 48mm- Vespa PX (1983), Rally, TS, Sprint, Sprint Veloce, GT, GTR,
c-5211;Vespa 50 R (V5A1T 752189-);Aufhängung;39;p-47704;Silentblock-Set Stoßdämpfer/Motor -BGM PRO Antislip orange (Made in Germany) Ø=9mm x 48mm- Vespa PX (1983), Rally, TS, Sprint, Sprint Veloce, GT, GTR,
c-5211;Vespa 50 R (V5A1T 752189-);Aufhängung;40;p-365;Silentblockbuchse Motor -PIAGGIO- Vespa V50, SS50, PK 50S, PK 50XL, PK 50XL2
c-5211;Vespa 50 R (V5A1T 752189-);Aufhängung;45;p-15295;O-Ring Ø16x2,50mm -PIAGGIO-Kickstarterwelle Vespa V50, PV125, ET3, PK, PX, T5 125ccm, Cosa, Rally, Sprint, TS125, GT125, GTR125, Super, GS160 / GS4, S
c-5211;Vespa 50 R (V5A1T 752189-);Aufhängung;46;p-15295;O-Ring Ø16x2,50mm -PIAGGIO-Kickstarterwelle Vespa V50, PV125, ET3, PK, PX, T5 125ccm, Cosa, Rally, Sprint, TS125, GT125, GTR125, Super, GS160 / GS4, S
c-5211;Vespa 50 R (V5A1T 752189-);Aufhängung;48;p-15768;Mutter selbstsichernd -DIN 985- M5 (verwendet für Hebelschraube Vespa PX, T5 125ccm, Rally, Sprint, TS, GT, GTR, SS180, GS160, Super, GL, VNA, VNB, VB
c-5211;Vespa 50 R (V5A1T 752189-);Beleuchtung;3;p-11557;Schraube -DIN 84- M3 x 12mm (verwendet für Befestigung Lichtschalter/Blinkerschalter Rally180 (VSD1T), Rally200 (VSE1T), Sprint, PV, ET3, V50)
c-5211;Vespa 50 R (V5A1T 752189-);Beleuchtung;6;p-9696;Lichtschalter -GRABOR- Vespa V50 N, V50 L, V50 R
c-5211;Vespa 50 R (V5A1T 752189-);Beleuchtung;12;p-15497;Birne -BA15s (Stifte gerade) - 6V 15W - Weiss - Bremslicht Vespa 90 Racer (V9SS2T), Vespa 50 Special (V5B1T, V5B3T), 50 Sprinter (V5SS1T), 50 SR (V5SS
c-5211;Vespa 50 R (V5A1T 752189-);Beleuchtung;13;p-15485;Soffitte -SV8,5 11x36mm- 6V 5W - Weiss
c-5211;Vespa 50 R (V5A1T 752189-);Beleuchtung;14;p-15496;Birne -BA15s (Stifte gerade) - 6V 10W - Weiss
c-5211;Vespa 50 R (V5A1T 752189-);Beleuchtung;16;p-15494;Birne -BA20d- 6V 25/25W - Weiss
c-5211;Vespa 50 R (V5A1T 752189-);Beleuchtung;19;p-14329;Scheinwerfereinstellschiene Sicherungsklammer Scheinwerfer -OEM QUALITÄT- Vespa V50, PV125, ET3
c-5211;Vespa 50 R (V5A1T 752189-);Beleuchtung;20;p-48101;Scheinwerfer -SIEM LED Ø=105/115mm (Glas/außen)- Vespa Smallframe V50 (kleiner Rundlenker)- 50N (V5A1T 122877-), 50L (V5A1T), 50R (V5A1T) - inkl. Span
c-5211;Vespa 50 R (V5A1T 752189-);Beleuchtung;22;p-48101;Scheinwerfer -SIEM LED Ø=105/115mm (Glas/außen)- Vespa Smallframe V50 (kleiner Rundlenker)- 50N (V5A1T 122877-), 50L (V5A1T), 50R (V5A1T) - inkl. Span
c-5211;Vespa 50 R (V5A1T 752189-);Beleuchtung;24;p-11741;Scheinwerfer -SIEM, Ø=105/115mm (Glas/außen)- Vespa Smallframe V50 (kleiner Rundlenker)- 50N (V5A1T 122877-), 50L (V5A1T), 50R (V5A1T) - Bilux BA20d 2
c-5211;Vespa 50 R (V5A1T 752189-);Beleuchtung;29;p-11741;Scheinwerfer -SIEM, Ø=105/115mm (Glas/außen)- Vespa Smallframe V50 (kleiner Rundlenker)- 50N (V5A1T 122877-), 50L (V5A1T), 50R (V5A1T) - Bilux BA20d 2
c-5211;Vespa 50 R (V5A1T 752189-);Beleuchtung;34;p-15601;Hupendichtung -OEM QUALITÄT, Ø=54x81x4mm V50, V90, SS50, SS90, PV125, ET3 - Vespa Grau
c-5211;Vespa 50 R (V5A1T 752189-);Beleuchtung;35;p-9541;Blechmutter 2,9mm (verwendet für Hupe Vespa V50, V90, GL150 (VLA1T), GT125 (VNL2T), GTR125 (VNL2T), Super, Sprint150 (VLB1T), Rally180 (VSD1T), Rally2
c-5211;Vespa 50 R (V5A1T 752189-);Beleuchtung;36;p-13069;Blechschraube -DIN 7971 2,9x19mm Edelstahl (verwendet für Hupe Rally180 (VSD1T), Rally200 (VSE1T), Sprint150 (VLB1T), TS125 (VNL3T), GT125 (VNL2T), GT
c-5211;Vespa 50 R (V5A1T 752189-);Beleuchtung;37;p-13069;Blechschraube -DIN 7971 2,9x19mm Edelstahl (verwendet für Hupe Rally180 (VSD1T), Rally200 (VSE1T), Sprint150 (VLB1T), TS125 (VNL3T), GT125 (VNL2T), GT
c-5211;Vespa 50 R (V5A1T 752189-);Beleuchtung;39;p-11962;Schraube -DIN 933- M4 x 25mm (verwendet für Bremslichtschalter Vespa PK, PX, PV, ET3)
c-5211;Vespa 50 R (V5A1T 752189-);Beleuchtung;40;p-15678;Federring -DIN 127- M4
c-5211;Vespa 50 R (V5A1T 752189-);Beleuchtung;41;p-15678;Federring -DIN 127- M4
c-5211;Vespa 50 R (V5A1T 752189-);Beleuchtung;42;p-15677;Unterlegscheibe -DIN 125- M4
c-5211;Vespa 50 R (V5A1T 752189-);Beleuchtung;44;p-358;Gummi Bremspedal/Bremslichtschalter -PIAGGIO- Vespa PX, ET3, PV, V50
c-5211;Vespa 50 R (V5A1T 752189-);Beleuchtung;45;p-15547;Bremslichtschalter -OEM QUALITÄT- Vespa PV125, ET3, PX80, PX125, PX150, PX200 (Modelle ohne Blinker) - Öffner (Blau/Schwarz)
c-5211;Vespa 50 R (V5A1T 752189-);Beleuchtung;53;p-11525;Schraube -DIN 931- M6 x 25mm (8.8 Festigkeit) - (verwendet für Kupplungsdeckel Vespa PX, Cosa, T5 125ccm, Rally, Sprint, TS, GT, GTR, GL, SS 180, GS 1
c-5211;Vespa 50 R (V5A1T 752189-);Beleuchtung;54;p-11920;Schraube -DIN 933- M6 x 16mm (8.8 Festigkeit)
c-5211;Vespa 50 R (V5A1T 752189-);Beleuchtung;55;p-15700;Schraube -DIN 933- M6 x 20mm (8.8 Festigkeit)
c-5211;Vespa 50 R (V5A1T 752189-);Beleuchtung;56;p-15696;Federring -DIN 127- M6
c-5211;Vespa 50 R (V5A1T 752189-);Beleuchtung;57;p-13501;Unterlegscheibe Karosserie -DIN 9021- M6 - Edelstahl
c-5211;Vespa 50 R (V5A1T 752189-);Beleuchtung;61;p-5594;Rücklichtgummi (Dichtung zum Rahmen) -SIEM- PV125 (VMA2T, 140162-), ET3 (VMB1T), P125 ETS (PK, VMS1T), 50 Sprinter (V5SS2T, 10480- Deutschland), 50 Sp
c-5211;Vespa 50 R (V5A1T 752189-);Beleuchtung;62;p-5402;Rücklichtgummi (Dichtung zum Rahmen) -SIEM- passend für Rücklicht SIEM Vespa Antik- Metall klein - Vespa 50S (V5SA1T), V50R (V5A1T), V50 Special (V5A2
c-5211;Vespa 50 R (V5A1T 752189-);Beleuchtung;63;p-5594;Rücklichtgummi (Dichtung zum Rahmen) -SIEM- PV125 (VMA2T, 140162-), ET3 (VMB1T), P125 ETS (PK, VMS1T), 50 Sprinter (V5SS2T, 10480- Deutschland), 50 Sp
c-5211;Vespa 50 R (V5A1T 752189-);Beleuchtung;64;p-5402;Rücklichtgummi (Dichtung zum Rahmen) -SIEM- passend für Rücklicht SIEM Vespa Antik- Metall klein - Vespa 50S (V5SA1T), V50R (V5A1T), V50 Special (V5A2
c-5211;Vespa 50 R (V5A1T 752189-);Beleuchtung;65;p-15496;Birne -BA15s (Stifte gerade) - 6V 10W - Weiss
c-5211;Vespa 50 R (V5A1T 752189-);Beleuchtung;66;p-15496;Birne -BA15s (Stifte gerade) - 6V 10W - Weiss
c-5211;Vespa 50 R (V5A1T 752189-);Beleuchtung;67;p-15485;Soffitte -SV8,5 11x36mm- 6V 5W - Weiss
c-5211;Vespa 50 R (V5A1T 752189-);Beleuchtung;68;p-15492;Soffitte -SV8,5 15x41mm- 6V 18W - Weiss
c-5211;Vespa 50 R (V5A1T 752189-);Beleuchtung;69;p-15485;Soffitte -SV8,5 11x36mm- 6V 5W - Weiss
c-5211;Vespa 50 R (V5A1T 752189-);Beleuchtung;70;p-15485;Soffitte -SV8,5 11x36mm- 6V 5W - Weiss
c-5211;Vespa 50 R (V5A1T 752189-);Beleuchtung;71;p-15492;Soffitte -SV8,5 15x41mm- 6V 18W - Weiss
c-5211;Vespa 50 R (V5A1T 752189-);Beleuchtung;72;p-15485;Soffitte -SV8,5 11x36mm- 6V 5W - Weiss
c-5211;Vespa 50 R (V5A1T 752189-);Beleuchtung;80;p-9631;Rücklichtglas -SIEM- Vespa V50 S, V50 N, V50 L
c-5211;Vespa 50 R (V5A1T 752189-);Beleuchtung;81;p-9631;Rücklichtglas -SIEM- Vespa V50 S, V50 N, V50 L
c-5211;Vespa 50 R (V5A1T 752189-);Beleuchtung;82;p-5592;Rücklicht -SIEM- PV125 (VMA2T, 140162-), ET3 (VMB1T), P125 ETS (PK, VMS1T), 50 Sprinter (V5SS2T, 10480- Deutschland), 50 Special (V5B3T, 185179-), V50
c-5211;Vespa 50 R (V5A1T 752189-);Beleuchtung;86;p-5593;Rücklichtglas -SIEM- PV125 (VMA2T, 140162-), ET3 (VMB1T), P125 ETS (PK, VMS1T), 50 Sprinter (V5SS2T, 10480- Deutschland), 50 Special (V5B3T, 185179-),
c-5211;Vespa 50 R (V5A1T 752189-);Beleuchtung;87;p-12656;Schraube Rücklichtglas -VESPA M3 x 32mm- Vespa 50 N (V5A1T -122876), GL (VLA1T), Sprint (VLB1T -025478), SS 180 (VSC1T -18000)
c-5211;Vespa 50 R (V5A1T 752189-);Beleuchtung;89;p-13103;Schraube für Rücklichtglas -SIEM M3 x 35mm, Steigung=0.5, Schaft Ø=3x24mm- Vespa Vespa 50 (V5A1T (CH)), Vespa 50 SS (V5SS1T), Vespa 90 (V9A1T (CH)), V
c-5211;Vespa 50 R (V5A1T 752189-);Bowdenzüge;1;p-9818;Lötnippel -UNIVERSAL- Nippel Ø=3,0mm x 3mm
c-5211;Vespa 50 R (V5A1T 752189-);Bowdenzüge;4;p-6433;Endkappe für Außenzug -UNIVERSAL- Øinnen=5mm
c-5211;Vespa 50 R (V5A1T 752189-);Bowdenzüge;5;p-6433;Endkappe für Außenzug -UNIVERSAL- Øinnen=5mm
c-5211;Vespa 50 R (V5A1T 752189-);Bowdenzüge;6;p-6433;Endkappe für Außenzug -UNIVERSAL- Øinnen=5mm
c-5211;Vespa 50 R (V5A1T 752189-);Bowdenzüge;7;p-6433;Endkappe für Außenzug -UNIVERSAL- Øinnen=5mm
c-5211;Vespa 50 R (V5A1T 752189-);Bowdenzüge;8;p-6433;Endkappe für Außenzug -UNIVERSAL- Øinnen=5mm
c-5211;Vespa 50 R (V5A1T 752189-);Bowdenzüge;9;p-6433;Endkappe für Außenzug -UNIVERSAL- Øinnen=5mm
c-5211;Vespa 50 R (V5A1T 752189-);Bowdenzüge;10;p-6433;Endkappe für Außenzug -UNIVERSAL- Øinnen=5mm
c-5211;Vespa 50 R (V5A1T 752189-);Bowdenzüge;11;p-6433;Endkappe für Außenzug -UNIVERSAL- Øinnen=5mm
c-5211;Vespa 50 R (V5A1T 752189-);Bowdenzüge;14;p-6548;Zug universal innen -Ø=1,2mm x 2000mm, Nippel Ø=5,5mm x 7mm- verwendet als Gaszug - gedreht
c-5211;Vespa 50 R (V5A1T 752189-);Bowdenzüge;17;p-6432;Endhülse für Zug -UNIVERSAL- Øinnen=7,2mm
c-5211;Vespa 50 R (V5A1T 752189-);Bowdenzüge;18;p-6432;Endhülse für Zug -UNIVERSAL- Øinnen=7,2mm
c-5211;Vespa 50 R (V5A1T 752189-);Bowdenzüge;19;p-10818;Aussenhülle -VESPA Vintage- Ø innen = 2,4mm, Ø aussen = 5,0mm (5m) - Grau
c-5211;Vespa 50 R (V5A1T 752189-);Bowdenzüge;20;p-10818;Aussenhülle -VESPA Vintage- Ø innen = 2,4mm, Ø aussen = 5,0mm (5m) - Grau
c-5211;Vespa 50 R (V5A1T 752189-);Bowdenzüge;25;p-9816;Birnennippeladapter -PIAGGIO- Nippel Ø=8x8mm - Vespa PX, T5 125ccm, Rally, Sprint, VBB, VNB, VNA, VBA, Super, TS, GT, GTR, V50, 50N, SS50, SS90, V90, 
c-5211;Vespa 50 R (V5A1T 752189-);Bowdenzüge;26;p-9816;Birnennippeladapter -PIAGGIO- Nippel Ø=8x8mm - Vespa PX, T5 125ccm, Rally, Sprint, VBB, VNB, VNA, VBA, Super, TS, GT, GTR, V50, 50N, SS50, SS90, V90, 
c-5211;Vespa 50 R (V5A1T 752189-);Bowdenzüge;29;p-6529;Tachowelle -PIAGGIO- Vespa V50, PV125
c-5211;Vespa 50 R (V5A1T 752189-);Bowdenzüge;31;p-6423;Zug universal innen -Ø=1,9mm x 2000mm, Nippel Birnentyp- verwendet als Kupplungszug, Bremszug vorne - gedreht
c-5211;Vespa 50 R (V5A1T 752189-);Bowdenzüge;32;p-10819;Aussenhülle -VESPA Vintage- Ø innen = 3,0mm, Ø aussen = 5,5mm (5m) - Grau
c-5211;Vespa 50 R (V5A1T 752189-);Bowdenzüge;33;p-10817;Aussenhülle -VESPA Vintage- Ø innen = 2,0mm, Ø aussen = 4,4mm (5m) - Grau
c-5211;Vespa 50 R (V5A1T 752189-);Bowdenzüge;34;p-10817;Aussenhülle -VESPA Vintage- Ø innen = 2,0mm, Ø aussen = 4,4mm (5m) - Grau
c-5211;Vespa 50 R (V5A1T 752189-);Bowdenzüge;35;p-35201;Schraubenschlüssel, Doppel-Maulschlüssel -TOPTUL- 8x9mm SLIMLINE- verwendet zur Befestigung Klemmnippel Schaltraste Vespa
c-5211;Vespa 50 R (V5A1T 752189-);Bowdenzüge;36;p-35201;Schraubenschlüssel, Doppel-Maulschlüssel -TOPTUL- 8x9mm SLIMLINE- verwendet zur Befestigung Klemmnippel Schaltraste Vespa
c-5211;Vespa 50 R (V5A1T 752189-);Bowdenzüge;37;p-11920;Schraube -DIN 933- M6 x 16mm (8.8 Festigkeit)
c-5211;Vespa 50 R (V5A1T 752189-);Bowdenzüge;38;p-1307;Bremspedalbolzen -VESPA- V50, V90, SS50, SS90, PV125, ET3 (bis Nr. 52720), PX (Bj. 1977)
c-5211;Vespa 50 R (V5A1T 752189-);Bowdenzüge;39;p-11624;Klammer zur Führung der Schaltzüge -PIAGGIO- Vespa PX, T5 125ccm, Rally, TS, Sprint, Sprint Veloce, GT, GTR, GL, Super, SS180, V50, PV125, ET3, PK S, 
c-5211;Vespa 50 R (V5A1T 752189-);Bowdenzüge;40;p-6937;Bremspedalfeder -VESPA- PX, T5 125cc, PK, V50, V90, SS50, SS90, PV125, ET3
c-5211;Vespa 50 R (V5A1T 752189-);Bowdenzüge;41;p-9892;Bremspedalgummi -PIAGGIO- Vespa V50, PV, ET3 - Schwarz
c-5211;Vespa 50 R (V5A1T 752189-);Bowdenzüge;42;p-45629;Bremspedal -PREMIUM- Vespa Rally180 (VSD1T), Rally200 (VSE1T), Sprint150 (VLB1T), TS125 (VNL3T), GT125 (VNL2T), GTR125 (VNL2T), GL150 (VLA1T), Super, 
c-5211;Vespa 50 R (V5A1T 752189-);Bowdenzüge;43;p-11964;Sicherungsstift - Spannstift -PIAGGIO- 3x18mm (verwendet für Kupplungsarm Vespa V50, PV125, ET3)
c-5211;Vespa 50 R (V5A1T 752189-);Bowdenzüge;44;p-11525;Schraube -DIN 931- M6 x 25mm (8.8 Festigkeit) - (verwendet für Kupplungsdeckel Vespa PX, Cosa, T5 125ccm, Rally, Sprint, TS, GT, GTR, GL, SS 180, GS 1
c-5211;Vespa 50 R (V5A1T 752189-);Bowdenzüge;45;p-12065;Unterlegscheibe 6,5x16x1,5mm -PIAGGIO- (verwendet für Kotflügel Vespa PX)
c-5211;Vespa 50 R (V5A1T 752189-);Bowdenzüge;46;p-12065;Unterlegscheibe 6,5x16x1,5mm -PIAGGIO- (verwendet für Kotflügel Vespa PX)
c-5211;Vespa 50 R (V5A1T 752189-);Bowdenzüge;47;p-15696;Federring -DIN 127- M6
c-5211;Vespa 50 R (V5A1T 752189-);Bowdenzüge;48;p-15696;Federring -DIN 127- M6
c-5211;Vespa 50 R (V5A1T 752189-);Bowdenzüge;49;p-15690;Mutter -DIN 934- M6
c-5211;Vespa 50 R (V5A1T 752189-);Bowdenzüge;50;p-44723;Bremspedal-Set -OEM QUALITÄT- Vespa PX, PX Lusso, PX 98, PX My, PX 2011, T5 125cc, PK S, PK XL, PK XL2, ET3 (ab Nr. 52721), V50 R (ab Nr. 914748), V50
c-5211;Vespa 50 R (V5A1T 752189-);Bowdenzüge;51;p-13137;Kastenmutter -M6- verwendet für Befestigung Spannungsregler und Bremspedal Vespa PX, T5, PK, Cosa
c-5211;Vespa 50 R (V5A1T 752189-);Bowdenzüge;52;p-13137;Kastenmutter -M6- verwendet für Befestigung Spannungsregler und Bremspedal Vespa PX, T5, PK, Cosa
c-5211;Vespa 50 R (V5A1T 752189-);Bowdenzüge;53;p-6936;Bremspedalbolzen Ø=5,5x21,5mm -PIAGGIO- Vespa PX, T5 125cc, PK, V50, V90, SS50, SS90, PV125, ET3 - verwendet zur Befestigung des Bremszuges im Pedal (
c-5211;Vespa 50 R (V5A1T 752189-);Bowdenzüge;54;p-1824;Gummi Rahmen/Bremspedal -OEM QUALITÄT- Vespa V50, V90, PV, PX alt (-1984) - runde Form
c-5211;Vespa 50 R (V5A1T 752189-);Bowdenzüge;55;p-15026;Splint -DIN 94- Ø=2,0mm - 20mm - verwendet für Bolzen Klemmplättchen / Bremsarm hinten Vespa PX, Sprint, Rally, V50, PV125, ET3 etc.
c-5211;Vespa 50 R (V5A1T 752189-);Bowdenzüge;57;p-11955;Mutter flach -DIN 439 ähnlich- M9 x 1,0mm - verwendet für Klemmplättchen hinten Bremszug/Bremsarm/Bremspedal Vespa
c-5211;Vespa 50 R (V5A1T 752189-);Bowdenzüge;61;p-6515;Endkappe für Außenzug -UNIVERSAL- Øinnen=7mm
c-5211;Vespa 50 R (V5A1T 752189-);Bowdenzüge;62;p-6429;Bremszug hinten innen -OEM QUALITÄT, Ø=2,5mm ohne Öse- Vespa Rally180 (VSD1T), Rally200 (VSE1T), Sprint, VNA, VNB, VBA, VBB, VNC, VBC…
c-5211;Vespa 50 R (V5A1T 752189-);Bowdenzüge;64;p-17327;Chokezug -BGM PRO- Vespa Smallframe, 300/380mm, Tonne 3x3mm
c-5211;Vespa 50 R (V5A1T 752189-);Bowdenzüge;65;p-9799;Gaszug -PIAGGIO- Vespa V50, PV125, ET3
c-5211;Vespa 50 R (V5A1T 752189-);Bowdenzüge;66;p-9807;Schaltzug -PIAGGIO- Vespa V50, PV125, ET3
c-5211;Vespa 50 R (V5A1T 752189-);Bowdenzüge;67;p-9803;Kupplungszug -PIAGGIO- Vespa V50, PV125, ET3
c-5211;Vespa 50 R (V5A1T 752189-);Bowdenzüge;68;p-6529;Tachowelle -PIAGGIO- Vespa V50, PV125
c-5211;Vespa 50 R (V5A1T 752189-);Bowdenzüge;69;p-9792;Bremszug vorne -PIAGGIO- Vespa V50, PV125, ET3
c-5211;Vespa 50 R (V5A1T 752189-);Bowdenzüge;71;p-362;Federscheibe gewellt -PIAGGIO- Stahl verzinkt- M6 - verwendet für Zylinderhaube Smallframe, Druckfeder Chokehebel
c-5211;Vespa 50 R (V5A1T 752189-);Bowdenzüge;73;p-15696;Federring -DIN 127- M6
c-5211;Vespa 50 R (V5A1T 752189-);Bowdenzüge;75;p-3120;Chokehebel am Rahmen -OEM QUALITÄT- Vespa PK S, PK XL - flaches Blech
c-5211;Vespa 50 R (V5A1T 752189-);Bowdenzüge;76;p-5621;Gummi Rahmen/Schalt-Kupplungszug -IMPORT- Vespa V50, V90, PV, ET3
c-5211;Vespa 50 R (V5A1T 752189-);Bowdenzüge;78;p-11795;Schlauchklemme -UNIVERSAL- Ø = 14mm - verwendet z.B. für Benzinschlauch Vespa Klassik Largeframe (Vespa PX, Rally, Sprint, GT, GTR, Super, VNA, VNB, V
c-5211;Vespa 50 R (V5A1T 752189-);Elektrische Ausrüstung;25;p-17010;Bougierohr -UNIVERSAL Ø=8mm- 5m - Schwarz
c-5211;Vespa 50 R (V5A1T 752189-);Elektrische Ausrüstung;26;p-17010;Bougierohr -UNIVERSAL Ø=8mm- 5m - Schwarz
c-5211;Vespa 50 R (V5A1T 752189-);Elektrische Ausrüstung;27;p-2949;Kabelschuh -Flachsteckhülse 4,8mm Ø=0,5-1,0mm²- DIN 46247 - 10stk.
c-5211;Vespa 50 R (V5A1T 752189-);Elektrische Ausrüstung;28;p-2949;Kabelschuh -Flachsteckhülse 4,8mm Ø=0,5-1,0mm²- DIN 46247 - 10stk.
c-5211;Vespa 50 R (V5A1T 752189-);Elektrische Ausrüstung;29;p-2949;Kabelschuh -Flachsteckhülse 4,8mm Ø=0,5-1,0mm²- DIN 46247 - 10stk.
c-5211;Vespa 50 R (V5A1T 752189-);Elektrische Ausrüstung;30;p-2949;Kabelschuh -Flachsteckhülse 4,8mm Ø=0,5-1,0mm²- DIN 46247 - 10stk.
c-5211;Vespa 50 R (V5A1T 752189-);Elektrische Ausrüstung;31;p-2949;Kabelschuh -Flachsteckhülse 4,8mm Ø=0,5-1,0mm²- DIN 46247 - 10stk.
c-5211;Vespa 50 R (V5A1T 752189-);Elektrische Ausrüstung;32;p-2949;Kabelschuh -Flachsteckhülse 4,8mm Ø=0,5-1,0mm²- DIN 46247 - 10stk.
c-5211;Vespa 50 R (V5A1T 752189-);Elektrische Ausrüstung;33;p-2949;Kabelschuh -Flachsteckhülse 4,8mm Ø=0,5-1,0mm²- DIN 46247 - 10stk.
c-5211;Vespa 50 R (V5A1T 752189-);Elektrische Ausrüstung;34;p-2949;Kabelschuh -Flachsteckhülse 4,8mm Ø=0,5-1,0mm²- DIN 46247 - 10stk.
c-5211;Vespa 50 R (V5A1T 752189-);Elektrische Ausrüstung;35;p-2949;Kabelschuh -Flachsteckhülse 4,8mm Ø=0,5-1,0mm²- DIN 46247 - 10stk.
c-5211;Vespa 50 R (V5A1T 752189-);Elektrische Ausrüstung;36;p-2949;Kabelschuh -Flachsteckhülse 4,8mm Ø=0,5-1,0mm²- DIN 46247 - 10stk.
c-5211;Vespa 50 R (V5A1T 752189-);Elektrische Ausrüstung;37;p-2949;Kabelschuh -Flachsteckhülse 4,8mm Ø=0,5-1,0mm²- DIN 46247 - 10stk.
c-5211;Vespa 50 R (V5A1T 752189-);Elektrische Ausrüstung;38;p-2949;Kabelschuh -Flachsteckhülse 4,8mm Ø=0,5-1,0mm²- DIN 46247 - 10stk.
c-5211;Vespa 50 R (V5A1T 752189-);Elektrische Ausrüstung;39;p-2949;Kabelschuh -Flachsteckhülse 4,8mm Ø=0,5-1,0mm²- DIN 46247 - 10stk.
c-5211;Vespa 50 R (V5A1T 752189-);Elektrische Ausrüstung;40;p-2949;Kabelschuh -Flachsteckhülse 4,8mm Ø=0,5-1,0mm²- DIN 46247 - 10stk.
c-5211;Vespa 50 R (V5A1T 752189-);Elektrische Ausrüstung;41;p-17012;Bougierohr -UNIVERSAL Ø=10mm- 5m - Schwarz
c-5211;Vespa 50 R (V5A1T 752189-);Elektrische Ausrüstung;42;p-17012;Bougierohr -UNIVERSAL Ø=10mm- 5m - Schwarz
c-5211;Vespa 50 R (V5A1T 752189-);Elektrische Ausrüstung;43;p-17012;Bougierohr -UNIVERSAL Ø=10mm- 5m - Schwarz
c-5211;Vespa 50 R (V5A1T 752189-);Elektrische Ausrüstung;44;p-6833;Gummikappe Kabelkästchen -PIAGGIO- Vespa alle Modelle
c-5211;Vespa 50 R (V5A1T 752189-);Elektrische Ausrüstung;45;p-17016;Bougierohr -UNIVERSAL Ø=4mm- 5m - Schwarz
c-5211;Vespa 50 R (V5A1T 752189-);Elektrische Ausrüstung;46;p-17016;Bougierohr -UNIVERSAL Ø=4mm- 5m - Schwarz
c-5211;Vespa 50 R (V5A1T 752189-);Elektrische Ausrüstung;47;p-5621;Gummi Rahmen/Schalt-Kupplungszug -IMPORT- Vespa V50, V90, PV, ET3
c-5211;Vespa 50 R (V5A1T 752189-);Elektrische Ausrüstung;48;p-158;Kabelbaum -PIAGGIO- Vespa V50 (V5A1T) - Stator mit 2-Spulen, innenliegende Zündspule, ohne Bremslicht
c-5211;Vespa 50 R (V5A1T 752189-);Elektrische Ausrüstung;52;p-10350;Gummi Rücklichtkabel/Rahmen -PIAGGIO- Vespa
c-5211;Vespa 50 R (V5A1T 752189-);Elektrische Ausrüstung;53;p-45381;Verbindungskabel Zündspule und Kabelkästchen -VESPARATUR- Vespa Sprint, GT, GTR, TS
c-5211;Vespa 50 R (V5A1T 752189-);Gabel - Kotflügel - Bremstrommel vorn;2;p-9;Bremstrommel vorne 9 Zoll -FA ITALIA- Vespa V50 R (V5A1T ab Nr. 752189), V50 Special (V5A2T, - bis Bj. 1971), V50 Special Elestart (V5A3T - bis Bj. 19
c-5211;Vespa 50 R (V5A1T 752189-);Gabel - Kotflügel - Bremstrommel vorn;3;p-9;Bremstrommel vorne 9 Zoll -FA ITALIA- Vespa V50 R (V5A1T ab Nr. 752189), V50 Special (V5A2T, - bis Bj. 1971), V50 Special Elestart (V5A3T - bis Bj. 19
c-5211;Vespa 50 R (V5A1T 752189-);Gabel - Kotflügel - Bremstrommel vorn;6;p-513;Wellendichtring 25x40x7mm -CORTECO NBR- (verwendet für Vorderrad Vespa V50, V90, SS50, SS90, PV125, ET3)
c-5211;Vespa 50 R (V5A1T 752189-);Gabel - Kotflügel - Bremstrommel vorn;7;p-1;Seegerring -BOHRUNG DIN472- Ø=40mm - (verwendet für Radlager 6203 in Schwinge V50, 50N, PV125, Sprint, Rally, VBB)
c-5211;Vespa 50 R (V5A1T 752189-);Gabel - Kotflügel - Bremstrommel vorn;8;p-13920;Kugellager -6203- (17x40x12mm) - (verwendet für Kurbelwelle Lambretta A, B, C, LC)
c-5211;Vespa 50 R (V5A1T 752189-);Gabel - Kotflügel - Bremstrommel vorn;9;p-354;Kronenmutter Schwinge/Vorderradlager -VESPA- V50, V90, SS50, SS90, PV125, ET3
c-5211;Vespa 50 R (V5A1T 752189-);Gabel - Kotflügel - Bremstrommel vorn;10;p-14286;Kugellager -6201- (12x32x10mm) - (verwendet für Vorderrad Lambretta alle, Vespa PX (bis Bj. 1982) - Getriebe Lambretta A, B, C, LC, D, LD)
c-5211;Vespa 50 R (V5A1T 752189-);Gabel - Kotflügel - Bremstrommel vorn;11;p-370;Tachoschnecken-Set -BGM ORIGINAL- Vespa 11 Zähne, Ø=21,8mm, Metall + 9 Zähne, l= 31mm, 2,7mm Vierkant, schwarz (passend für Tachoschnecke 9 Zähne) - (
c-5211;Vespa 50 R (V5A1T 752189-);Gabel - Kotflügel - Bremstrommel vorn;12;p-361;Gummikappe Tachoantrieb -PIAGGIO- Vespa V50, V90, PV, ET3 - grau
c-5211;Vespa 50 R (V5A1T 752189-);Gabel - Kotflügel - Bremstrommel vorn;13;p-353;Gummi Tachowelle/Bremsankerplatte -PIAGGIO- Vespa V50, V90, PV, ET3
c-5211;Vespa 50 R (V5A1T 752189-);Gabel - Kotflügel - Bremstrommel vorn;14;p-368;Tachoschnecke -BGM ORIGINAL- Vespa 9 Zähne, l= 31mm, 2,7mm Vierkant, schwarz (verwendet in Vespa V50, 50N, 50L, 50R (V5A1T, 9 Zoll Reifen)
c-5211;Vespa 50 R (V5A1T 752189-);Gabel - Kotflügel - Bremstrommel vorn;15;p-11591;Dichtung für Sicherungskappe Tachoschnecke -OEM QUALITÄT- Vespa V50, PV125, ET3 - Ø=14x20x1,5mm
c-5211;Vespa 50 R (V5A1T 752189-);Gabel - Kotflügel - Bremstrommel vorn;17;p-6711;Niet - Kerbnagel Ø=2,5x13,5mm für Lenkschlossblende -OEM QUALITÄT- Vespa PX (-1984), V50 Special, PV125, ET3
c-5211;Vespa 50 R (V5A1T 752189-);Gabel - Kotflügel - Bremstrommel vorn;18;p-2728;Schlüsselrohling -ZADI- Vespa/Ape Lenkschloss
c-5211;Vespa 50 R (V5A1T 752189-);Gabel - Kotflügel - Bremstrommel vorn;19;p-1317;Lenkschlossblende inkl. Niete -CIF, Rund- Vespa PX (-1984), ET3, V50 (V5A1T 912783-), V50 Special (V5B3T 207317-), V50 S (V5SA1T 77868-), SR50 (V5SS2T
c-5211;Vespa 50 R (V5A1T 752189-);Gabel - Kotflügel - Bremstrommel vorn;20;p-10816;Lenkschloss -ZADI 38,5x4mm- Vespa PX (-1984), V50 N (V5A1T Nr. 236001 bis Nr. 283299), V50 L (V5A1T, ab Nr. 580001) ,V50 Special (V5A2 bis 3T), V50 S 
c-5211;Vespa 50 R (V5A1T 752189-);Gabel - Kotflügel - Bremstrommel vorn;21;p-575;Gummi Lenkschloss -PIAGGIO- Vespa PX (-1984), V50 Special, PV125, ET3, Sprint, Rally, GT, GTR, SS180
c-5211;Vespa 50 R (V5A1T 752189-);Gabel - Kotflügel - Bremstrommel vorn;22;p-15133;Gabel - Lenkrohr - Steuerrohr -BGM ORIGINAL- Vespa V50, ET3, PV125
c-5211;Vespa 50 R (V5A1T 752189-);Gabel - Kotflügel - Bremstrommel vorn;23;p-15132;Schwingenabdeckung -PIAGGIO- Vespa V50, ET3, PV125 - Aluminium, Silbern
c-5211;Vespa 50 R (V5A1T 752189-);Gabel - Kotflügel - Bremstrommel vorn;24;p-15360;Mutter -DIN 934- M12 x 1,50 - verwendet als Kupplungsmutter für Kupplung Vespa Cosa2
c-5211;Vespa 50 R (V5A1T 752189-);Gabel - Kotflügel - Bremstrommel vorn;25;p-11565;Federring -DIN 127- M12
c-5211;Vespa 50 R (V5A1T 752189-);Gabel - Kotflügel - Bremstrommel vorn;26;p-47290;Schwingenabdeckungs-Kit -OEM QUALITÄT- Vespa V50, ET3, PV125 innen
c-5211;Vespa 50 R (V5A1T 752189-);Gabel - Kotflügel - Bremstrommel vorn;27;p-15145;Kotflügel -OEM QUALITÄT- Vespa V50, V90, PV125, ET3 - unlackiert
c-5211;Vespa 50 R (V5A1T 752189-);Gabel - Kotflügel - Bremstrommel vorn;29;p-6706;Schwingenlagersatz -VESPA- V50, ET3, PV125
c-5211;Vespa 50 R (V5A1T 752189-);Gabel - Kotflügel - Bremstrommel vorn;30;p-6706;Schwingenlagersatz -VESPA- V50, ET3, PV125
c-5211;Vespa 50 R (V5A1T 752189-);Gabel - Kotflügel - Bremstrommel vorn;31;p-44644;O-Ring Set (6-teilig) Gabel -OEM QUALITÄT- Vespa Smallframe V50, PV, ET3, Motovespa T3, 125 Primavera
c-5211;Vespa 50 R (V5A1T 752189-);Gabel - Kotflügel - Bremstrommel vorn;32;p-44644;O-Ring Set (6-teilig) Gabel -OEM QUALITÄT- Vespa Smallframe V50, PV, ET3, Motovespa T3, 125 Primavera
c-5211;Vespa 50 R (V5A1T 752189-);Gabel - Kotflügel - Bremstrommel vorn;33;p-17425;Einstellschraube M5 x 20mm (Øinnen=6,9mm) -BGM ORIGINAL- (verwendet für Schaltraste Vespa) - 10 Stück
c-5211;Vespa 50 R (V5A1T 752189-);Gabel - Kotflügel - Bremstrommel vorn;34;p-15682;Mutter -DIN 934- M5
c-5211;Vespa 50 R (V5A1T 752189-);Gabel - Kotflügel - Bremstrommel vorn;35;p-12252;Klemmschraube Vorderradbremszug -PIAGGIO- Vespa V50, V90, SS50, SS90, PV125, ET3, VNA, VNB, VBA, VBB, Super, GL150 (VLA1T), GT125 (VNL2T), GTR125 (VNL
c-5211;Vespa 50 R (V5A1T 752189-);Gabel - Kotflügel - Bremstrommel vorn;36;p-555;Klemmplättchen-Bolzen Ø=5,0x11mm Bremse vorne -OEM QUALITÄT- alle Modelle (bis Bj. 1981), PX (-1984)
c-5211;Vespa 50 R (V5A1T 752189-);Gabel - Kotflügel - Bremstrommel vorn;37;p-15026;Splint -DIN 94- Ø=2,0mm - 20mm - verwendet für Bolzen Klemmplättchen / Bremsarm hinten Vespa PX, Sprint, Rally, V50, PV125, ET3 etc.
c-5211;Vespa 50 R (V5A1T 752189-);Gabel - Kotflügel - Bremstrommel vorn;40;p-12253;Mutter M7 flach für Klemmschraube Vorderradbremszug -PIAGGIO- Vespa V50, V90, PV125, ET3, VNA, VNB, VBA, VBB, Super, GL150 (VLA1T), GT/GTR125 (VNL2T),
c-5211;Vespa 50 R (V5A1T 752189-);Gabel - Kotflügel - Bremstrommel vorn;41;p-581;Bremsarm mit Bremsnocke vorne -BGM ORIGINAL- Vespa V50, V90, SS50, SS90, PV125, ET3 - Ø= 14,9mm
c-5211;Vespa 50 R (V5A1T 752189-);Gabel - Kotflügel - Bremstrommel vorn;42;p-6843;Kotflügelschraube seitlich M5 x 16mm -CIF- Vespa Smallframe V50, 50N, PV, ET3, PK S, PK XL, Largeframe PX, VNA, VNB, VBA, VBB, Super, Sprint Veloce, R
c-5211;Vespa 50 R (V5A1T 752189-);Gabel - Kotflügel - Bremstrommel vorn;44;p-13509;Federring -DIN 127- M5 - Edelstahl
c-5211;Vespa 50 R (V5A1T 752189-);Gabel - Kotflügel - Bremstrommel vorn;45;p-13509;Federring -DIN 127- M5 - Edelstahl
c-5211;Vespa 50 R (V5A1T 752189-);Gabel - Kotflügel - Bremstrommel vorn;46;p-13509;Federring -DIN 127- M5 - Edelstahl
c-5211;Vespa 50 R (V5A1T 752189-);Gabel - Kotflügel - Bremstrommel vorn;47;p-15682;Mutter -DIN 934- M5
c-5211;Vespa 50 R (V5A1T 752189-);Gabel - Kotflügel - Bremstrommel vorn;48;p-15682;Mutter -DIN 934- M5
c-5211;Vespa 50 R (V5A1T 752189-);Gabel - Kotflügel - Bremstrommel vorn;49;p-15687;Schraube -DIN 933- M5 x 25mm
c-5211;Vespa 50 R (V5A1T 752189-);Gabel - Kotflügel - Bremstrommel vorn;53;p-6679;Schraube -DIN 933- M5 x 10mm (verwendet für Abdeckblech Tachoschnecke Vespa PX, T5 125cc, V50, PV125, ET3)
c-5211;Vespa 50 R (V5A1T 752189-);Gabel - Kotflügel - Bremstrommel vorn;54;p-45470;Schwinge -PREMIUM- V50, ET3, PV125 - Bremsnocke Ø=14,9mm
c-5211;Vespa 50 R (V5A1T 752189-);Gabel - Kotflügel - Bremstrommel vorn;57;p-15130;Bremsbacken -NEWFREN- Ø=125x17mm- 8 + 9 + 10 vorne, 1 Aufnahme, Vespa Smallframe V50, V90, SS50, SS90, PV125, ET3, Wideframe V1T bis V15T, V30T-V33T, 
c-5211;Vespa 50 R (V5A1T 752189-);Gabel - Kotflügel - Bremstrommel vorn;58;p-159;Bremsbacken Rückholfeder -PIAGGIO- Vespa Rally (v), Sprint (v), GT (v), GTR (v), TS (v), Super (v), V50-90 (v), SS50-90 (v), PV125 (v), ET3 (v), GS160
c-5211;Vespa 50 R (V5A1T 752189-);Gabel - Kotflügel - Bremstrommel vorn;59;p-15030;Bremsbackensicherung (Omega) -VESPA- V50, V90, SS50, SS90, PV125, ET3, VNA, VNB, VBA, VBB, Super, GL150 (VLA1T), GT125 (VNL2T), GTR125 (VNL2T), TS125 
c-5211;Vespa 50 R (V5A1T 752189-);Gabel - Kotflügel - Bremstrommel vorn;62;p-11773;Distanzscheibe Kunststoff Ø=18x6,4x6mm für Kotflügel -OEM QUALITÄT- Vespa V50, V90, PV125, ET3 125
c-5211;Vespa 50 R (V5A1T 752189-);Gabel - Kotflügel - Bremstrommel vorn;63;p-11229;Hinterradmutter -Kronenmutter -OEM QUALITÄT M14x1,5 SW22- Vespa PX (-1984), Rally, Sprint150, TS125, GT125, GTR125, Super, SS180, GS160 / GS4, VNA, VN
c-5211;Vespa 50 R (V5A1T 752189-);Gabel - Kotflügel - Bremstrommel vorn;64;p-6630;Splint -ISO 1234- Ø=3,5 x 32mm (verwendet für Vorderrad Vespa PK, PX, Cosa, T5 125ccm - Hinterrad Vespa PK, PX, Cosa, T5 125ccm, Rally, Sprint, TS, GT
c-5211;Vespa 50 R (V5A1T 752189-);Gabel - Kotflügel - Bremstrommel vorn;65;p-15727;Federring -DIN 127- M8
c-5211;Vespa 50 R (V5A1T 752189-);Gabel - Kotflügel - Bremstrommel vorn;67;p-9275;Schmiernippel -DIN 71412- M10 x 1,0 - Schlüsselweite 11mm
c-5211;Vespa 50 R (V5A1T 752189-);Gabel - Kotflügel - Bremstrommel vorn;68;p-34867;Kotflügelnippel -TOMAS COMPOSITI, Echtcarbon- Vespa 50L/R (V5A1T), 90 Racer (V9SS2T), Nuova 125 (VMA1T), PV125 (VMA2T), ET3 (VMB1T), Super 125/150 (VN
c-5211;Vespa 50 R (V5A1T 752189-);Gabel - Kotflügel - Bremstrommel vorn;69;p-9514;Federmutter -OEM QUALITÄT- Vespa (verwendet für Kotflügelnippel Rally180 (VSD1T), Rally200 (VSE1T), Sprint150 (VLB1T), GT125 (VNL2T), GTR125 (VNL2T), 
c-5211;Vespa 50 R (V5A1T 752189-);Gabel - Kotflügel - Bremstrommel vorn;70;p-344;V-Ring Dichtring Ø=18x3x22mm Schwinge innen -VESPA- PX (bis Bj. 1982), V50, PV125, ET3, SS50, SS90
c-5211;Vespa 50 R (V5A1T 752189-);Gabel - Kotflügel - Bremstrommel vorn;71;p-13072;Feder Lenkschloss -VESPA- Vespa
c-5211;Vespa 50 R (V5A1T 752189-);Gabel - Kotflügel - Bremstrommel vorn;72;p-6706;Schwingenlagersatz -VESPA- V50, ET3, PV125
c-5211;Vespa 50 R (V5A1T 752189-);Getriebe - Hinterradnabe;2;p-6630;Splint -ISO 1234- Ø=3,5 x 32mm (verwendet für Vorderrad Vespa PK, PX, Cosa, T5 125ccm - Hinterrad Vespa PK, PX, Cosa, T5 125ccm, Rally, Sprint, TS, GT
c-5211;Vespa 50 R (V5A1T 752189-);Getriebe - Hinterradnabe;3;p-11229;Hinterradmutter -Kronenmutter -OEM QUALITÄT M14x1,5 SW22- Vespa PX (-1984), Rally, Sprint150, TS125, GT125, GTR125, Super, SS180, GS160 / GS4, VNA, VN
c-5211;Vespa 50 R (V5A1T 752189-);Getriebe - Hinterradnabe;4;p-6631;Unterlegscheibe Hinterradmutter - Bremstrommel hinten -OEM QUALITÄT- Vespa 1951-1982, PX (-1982), Rally, Sprint, TS125, GT125, GTR125, GL150, Super, V
c-5211;Vespa 50 R (V5A1T 752189-);Getriebe - Hinterradnabe;5;p-10;Bremstrommel hinten 9 Zoll -FA ITALIA- Vespa V50 R (V5A1T ab Nr. 752189), V50 Special (V5A2T, - bis Bj. 1971), V50 Special Elestart (V5A3T - bis Bj. 1
c-5211;Vespa 50 R (V5A1T 752189-);Getriebe - Hinterradnabe;6;p-10;Bremstrommel hinten 9 Zoll -FA ITALIA- Vespa V50 R (V5A1T ab Nr. 752189), V50 Special (V5A2T, - bis Bj. 1971), V50 Special Elestart (V5A3T - bis Bj. 1
c-5211;Vespa 50 R (V5A1T 752189-);Getriebe - Hinterradnabe;8;p-32712;Bremsbacken -POLINI Ø=135x20mm- VESPA V50 (h) - 9 Zoll
c-5211;Vespa 50 R (V5A1T 752189-);Getriebe - Hinterradnabe;9;p-15030;Bremsbackensicherung (Omega) -VESPA- V50, V90, SS50, SS90, PV125, ET3, VNA, VNB, VBA, VBB, Super, GL150 (VLA1T), GT125 (VNL2T), GTR125 (VNL2T), TS125 
c-5211;Vespa 50 R (V5A1T 752189-);Getriebe - Hinterradnabe;10;p-15038;Bremsbacken Rückholfeder -PIAGGIO- Vespa PX (vh), T5 125cc (vh), PK (vh), Rally180 (VSD1T), Rally200 (VSE1T) (h), Sprint (h), Super (h), GT125 (VNL2T)
c-5211;Vespa 50 R (V5A1T 752189-);Getriebe - Hinterradnabe;11;p-19206;Bremsbackenträger für Bremsankerplatte hinten CNC Aluminium -CMD Little Kong- Vespa V50, 50N, PV125, ET3
c-5211;Vespa 50 R (V5A1T 752189-);Getriebe - Hinterradnabe;12;p-11957;O-Ring 12,5x 2,5mm -PIAGGIO- (verwendet für Bremsnocke Vespa PK S, PK XL, PK XL2, Federbock Sprint, Rally, GT, GTR, GS150)
c-5211;Vespa 50 R (V5A1T 752189-);Getriebe - Hinterradnabe;13;p-363;Bremsarm mit Bremsnocke hinten -KR AUTOMATION- Vespa V50, V90, SS50, SS90, PV125, ET3
c-5211;Vespa 50 R (V5A1T 752189-);Getriebe - Hinterradnabe;14;p-12356;Wellendichtring 27x37x7mm -MALOSSI PTFE/FKM- (verwendet für Hinterrad / hintere Bremstrommel Vespa V50, V90, SS50, SS90, PV125, ET3, PK S, PK XL, PK X
c-5211;Vespa 50 R (V5A1T 752189-);Getriebe - Hinterradnabe;15;p-31085;Kugellager -Malossi (beidseitig gekapselt)- (20x47x14mm) - Radwelle hinten PIAGGIO/VESPA (6204 2RS C3)
c-5211;Vespa 50 R (V5A1T 752189-);Getriebe - Hinterradnabe;16;p-11934;Dichtung Bremsankerplatte hinten -PIAGGIO- Vespa V50, V90, PV 25, ET3, PK S, PK XL, PK XL2, PK HP
c-5211;Vespa 50 R (V5A1T 752189-);Getriebe - Hinterradnabe;17;p-526;Ölablassschraube M8 x 8mm -PIAGGIO Olio- Vespa PX, T5 125cc, Cosa, Rally180/200, Sprint150, TS125, GT125, GTR125, GL150, Super, SS180, GS160 / GS4, VN
c-5211;Vespa 50 R (V5A1T 752189-);Getriebe - Hinterradnabe;18;p-526;Ölablassschraube M8 x 8mm -PIAGGIO Olio- Vespa PX, T5 125cc, Cosa, Rally180/200, Sprint150, TS125, GT125, GTR125, GL150, Super, SS180, GS160 / GS4, VN
c-5211;Vespa 50 R (V5A1T 752189-);Getriebe - Hinterradnabe;19;p-15037;Dichtung Ölablassschraube -OEM QUALITÄT 8x14x1mm- Vespa V50, 50N, SS50, SR50, V90, SS90, V100, PV125, ET3, PK, PX, T5 125ccm, Cosa, Rally, Sprint, TS1
c-5211;Vespa 50 R (V5A1T 752189-);Getriebe - Hinterradnabe;20;p-15037;Dichtung Ölablassschraube -OEM QUALITÄT 8x14x1mm- Vespa V50, 50N, SS50, SR50, V90, SS90, V100, PV125, ET3, PK, PX, T5 125ccm, Cosa, Rally, Sprint, TS1
c-5211;Vespa 50 R (V5A1T 752189-);Getriebe - Hinterradnabe;21;p-3498;Entlüftungsschraube Kupplungsdeckel -PIAGGIO- Vespa alle Vespas
c-5211;Vespa 50 R (V5A1T 752189-);Getriebe - Hinterradnabe;22;p-10285;Kickstarteranschlaggummi -PIAGGIO- Vespa V50, V90, PV125, ET3, PK S - 20 x 24 x 9mm
c-5211;Vespa 50 R (V5A1T 752189-);Getriebe - Hinterradnabe;23;p-17425;Einstellschraube M5 x 20mm (Øinnen=6,9mm) -BGM ORIGINAL- (verwendet für Schaltraste Vespa) - 10 Stück
c-5211;Vespa 50 R (V5A1T 752189-);Getriebe - Hinterradnabe;24;p-15682;Mutter -DIN 934- M5
c-5211;Vespa 50 R (V5A1T 752189-);Getriebe - Hinterradnabe;25;p-391;Sicherungsschraube Schaltgabel -OEM QUALITÄT- V50, V90, SS50, SS90, PV125, ET3, PK S, PK XL1
c-5211;Vespa 50 R (V5A1T 752189-);Getriebe - Hinterradnabe;26;p-11951;Klemmplättchen-Bolzen Ø=5,4x11mm Bremse hinten -PIAGGIO- Vespa V50, V90, PV125, ET3, PK, PK S, PK XL, PK XL2, PX, Rally, Sprint, GT, GTR
c-5211;Vespa 50 R (V5A1T 752189-);Getriebe - Hinterradnabe;27;p-44764;Schaltgabel -PREMIUM- Vespa V50, V90, SS50, SS90, PV125, ET3 - 2x O-Ringe
c-5211;Vespa 50 R (V5A1T 752189-);Getriebe - Hinterradnabe;28;p-1321;Schubklotz für Schaltklaue -PIAGGIO- Vespa V50, V90, SS50, SS90, PV125, ET3, PK S, PK XL
c-5211;Vespa 50 R (V5A1T 752189-);Getriebe - Hinterradnabe;30;p-17433;Einstellschraube M7 x 25mm -BGM ORIGINAL- 10 Stück
c-5211;Vespa 50 R (V5A1T 752189-);Getriebe - Hinterradnabe;31;p-12253;Mutter M7 flach für Klemmschraube Vorderradbremszug -PIAGGIO- Vespa V50, V90, PV125, ET3, VNA, VNB, VBA, VBB, Super, GL150 (VLA1T), GT/GTR125 (VNL2T),
c-5211;Vespa 50 R (V5A1T 752189-);Getriebe - Hinterradnabe;35;p-11717;Wellscheibe für Schaltgabel -OEM QUALITÄT, 7,75x12,0x0,1mm- Vespa V50, V90, SS50, SS90, PV125, ET3, PK S, PK XL1
c-5211;Vespa 50 R (V5A1T 752189-);Getriebe - Hinterradnabe;36;p-13916;Sicherungsring -WELLE DIN6799- Ø=3mm - verwendet für Schubklotz Schaltklaue Vespa Smallframe (V50, PV, ET3, PK, PK XL, PK XL2)
c-5211;Vespa 50 R (V5A1T 752189-);Getriebe - Hinterradnabe;37;p-111;Sicherungsstift (zylindrisch) 4,0x23mm (verwendet für Schaltraste PX, Cosa, T5, Rally, Sprint, TS, GT, GTR, Super, SS180, GS160, GL, VNA, VNB, VBA, VB
c-5211;Vespa 50 R (V5A1T 752189-);Getriebe - Hinterradnabe;41;p-11133;Schaltklaue -FA ITALIA- 4-Arme, 3 Gang - Vespa 50N (V5A1T, 92877-), 50L, 50R, 50 Special (V5A2T, V5B3T), Special Elestart (V5B2T, V5A3T), V90 (V9A1T),
c-5211;Vespa 50 R (V5A1T 752189-);Getriebe - Hinterradnabe;42;p-6623;Seegerring -WELLE DIN471 ähnlich- Ø=48mm x 1,7mm - verwendet für Hauptwelle Getriebe Vespa V50, PV, ET3, Sprint, Rally, VNA, VNB, VBA, VBB, Super, GT,
c-5211;Vespa 50 R (V5A1T 752189-);Getriebe - Hinterradnabe;43;p-6623;Seegerring -WELLE DIN471 ähnlich- Ø=48mm x 1,7mm - verwendet für Hauptwelle Getriebe Vespa V50, PV, ET3, Sprint, Rally, VNA, VNB, VBA, VBB, Super, GT,
c-5211;Vespa 50 R (V5A1T 752189-);Getriebe - Hinterradnabe;44;p-30127;Schulterring -MALOSSI- Vespa Smallframe V50, PV125, ET3, PK - Largeframe PX Lusso (1984-), Cosa, T5 125ccm - 1,00mm
c-5211;Vespa 50 R (V5A1T 752189-);Getriebe - Hinterradnabe;45;p-30127;Schulterring -MALOSSI- Vespa Smallframe V50, PV125, ET3, PK - Largeframe PX Lusso (1984-), Cosa, T5 125ccm - 1,00mm
c-5211;Vespa 50 R (V5A1T 752189-);Getriebe - Hinterradnabe;50;p-15098;Schaltfeder -VESPA- V50, V90, SS50, SS90, PV125, ET3, PK S, PK XL
c-5211;Vespa 50 R (V5A1T 752189-);Getriebe - Hinterradnabe;51;p-10067;Schaltfeder-Set -VESPA- V50, V90, SS50, SS90, PV125, ET3, PK S, PK XL - verstärkt
c-5211;Vespa 50 R (V5A1T 752189-);Getriebe - Hinterradnabe;52;p-15719;Mutter -DIN 934- M8
c-5211;Vespa 50 R (V5A1T 752189-);Getriebe - Hinterradnabe;53;p-15727;Federring -DIN 127- M8
c-5211;Vespa 50 R (V5A1T 752189-);Getriebe - Hinterradnabe;54;p-15725;Unterlegscheibe -DIN 125- M8 - schwarz verzinkt
c-5211;Vespa 50 R (V5A1T 752189-);Getriebe - Hinterradnabe;55;p-15026;Splint -DIN 94- Ø=2,0mm - 20mm - verwendet für Bolzen Klemmplättchen / Bremsarm hinten Vespa PX, Sprint, Rally, V50, PV125, ET3 etc.
c-5211;Vespa 50 R (V5A1T 752189-);Getriebe - Hinterradnabe;56;p-11955;Mutter flach -DIN 439 ähnlich- M9 x 1,0mm - verwendet für Klemmplättchen hinten Bremszug/Bremsarm/Bremspedal Vespa
c-5211;Vespa 50 R (V5A1T 752189-);Getriebe - Hinterradnabe;61;p-3041;Schraube Kabelkästchen M3 x 8mm mit Schlitz -PIAGGIO- Vespa Smallframe V50, PV125, Wideframe VM1, VM2, VNB1, VNB2, Super, GS150 VS1-5, Sprint, GT, GTR
c-5211;Vespa 50 R (V5A1T 752189-);Getriebe - Hinterradnabe;64;p-6832;Schraube Linsen-Senkkopf -DIN 966- M5 x 40 (verwendet für Kabelkästchen Vespa PX, T5 125cc, Rally180 (VSD1T), Rally200 (VSE1T), Sprint150 (VLB1T), TS1
c-5211;Vespa 50 R (V5A1T 752189-);Getriebe - Hinterradnabe;65;p-392;Unterlegscheibe -VESPA- 12x20x2,3mm (verwendet für Sicherungsschraube Schaltgabel Vespa V50, V90, SS50, SS90, PV125, ET3, PK S, PK XL)
c-5211;Vespa 50 R (V5A1T 752189-);Getriebe - Hinterradnabe;66;p-15727;Federring -DIN 127- M8
c-5211;Vespa 50 R (V5A1T 752189-);Getriebe - Hinterradnabe;67;p-15727;Federring -DIN 127- M8
c-5211;Vespa 50 R (V5A1T 752189-);Getriebe - Hinterradnabe;68;p-46131;Schubklotz-Set für Schaltgabel - Schaltklaue -FRT- Vespa V50, V90, SS50, SS90, PV125, ET3, PK S, PK XL
c-5211;Vespa 50 R (V5A1T 752189-);Kupplung - Kickstarter;1;p-15337;Kickstarterfeder -OEM QUALITÄT- Vespa V50, V90, PV125, PK50, PK80, PK125
c-5211;Vespa 50 R (V5A1T 752189-);Kupplung - Kickstarter;2;p-12734;Kickstarterwelle -PIAGGIO- Vespa V50, V90, SS50, SS90, PV125, ET3, PK50, PK80, PK125 S, PK50, PK80, PK125 XL - 12 Zähne
c-5211;Vespa 50 R (V5A1T 752189-);Kupplung - Kickstarter;3;p-15295;O-Ring Ø16x2,50mm -PIAGGIO-Kickstarterwelle Vespa V50, PV125, ET3, PK, PX, T5 125ccm, Cosa, Rally, Sprint, TS125, GT125, GTR125, Super, GS160 / GS4, S
c-5211;Vespa 50 R (V5A1T 752189-);Kupplung - Kickstarter;4;p-15111;Kickstarterritzel -OEM QUALITÄT- Vespa V50, V90, SS50, SS90, PV125, ET3, PK S, PK XL - Zähne 12/10, Ø=20,5mm
c-5211;Vespa 50 R (V5A1T 752189-);Kupplung - Kickstarter;6;p-15011;Kickstarterritzelandruckfeder -OEM QUALITÄT- Vespa V50, V90, PV125, ET3, PK
c-5211;Vespa 50 R (V5A1T 752189-);Kupplung - Kickstarter;7;p-14464;Seegerring -WELLE DIN471- Ø=25mm - Smallframe primär, V50, 50N, SS50, SS90, V90, PV125, ET3, PK, PK XL, PK XL2, ETS
c-5211;Vespa 50 R (V5A1T 752189-);Kupplung - Kickstarter;8;p-12229;Halbmond Keil (Scheibenfeder) -DIN 6888- 3x3,6mm (verwendet für Kurbelwelle Lichtmaschinenseite Vespa GS 150, Lambretta D 125-150 (1956-1957), LD 125-
c-5211;Vespa 50 R (V5A1T 752189-);Kupplung - Kickstarter;9;p-46019;Rollenlager -CRIMAZ NUP 16005 (25x47x8mm)- verwendet für Primär Vespa V50, V90, SS50, SS90, PV125, ET3, PK S, PK XL
c-5211;Vespa 50 R (V5A1T 752189-);Kupplung - Kickstarter;10;p-15175;Schraube -DIN 931- M9 x 50mm (verwendet als Kickstarterschraube Vespa V50, V90, SS50, SS90, PV125, ET3, PK
c-5211;Vespa 50 R (V5A1T 752189-);Kupplung - Kickstarter;11;p-11935;Zahnscheibe -DIN 6798- M9 - innenverzahnt
c-5211;Vespa 50 R (V5A1T 752189-);Kupplung - Kickstarter;12;p-15113;Kickstarter Vespa V50, PV, ET3 - Aluminium poliert
c-5211;Vespa 50 R (V5A1T 752189-);Kupplung - Kickstarter;13;p-15203;Seegerring -BOHRUNG DIN472- Ø=47mm - für Kugellager Smallframe, Largeframe Hauptwelle 6204 Radseite, Kugellager 16005 Primär Smallframe V50, PV, ET3, 
c-5211;Vespa 50 R (V5A1T 752189-);Kupplung - Kickstarter;18;p-15015;Kupplungsandruckplatte -OEM QUALITÄT- Vespa PX80, PX125, PX150, Sprint150 (VLB1T), TS125 (VNL3T), GT125 (VNL2T), GTR125 (VNL2T), Super, VNA, VNB, VBA,
c-5211;Vespa 50 R (V5A1T 752189-);Kupplung - Kickstarter;19;p-10273;Kupplungsandruckplattenfeder -PIAGGIO- Vespa PX, T5 125cc, Cosa2, Rally180 (VSD1T), Rally200 (VSE1T), Sprint150 (VLB1T), TS125 (VNL3T), GT125 (VNL2T),
c-5211;Vespa 50 R (V5A1T 752189-);Kupplung - Kickstarter;20;p-15189;Kupplungstrennpilz -OEM QUALITÄT- Vespa V50 (ab Bj. 1978), PV125 (ab Bj. 1978), ET3 (ab Bj. 1978), PK S, PK XL1 - 2 Ärmchen
c-5211;Vespa 50 R (V5A1T 752189-);Kupplung - Kickstarter;21;p-1322;Dichtung Kupplungsdeckel -OEM QUALITÄT- Vespa V50, PV125, ET3, PK50, PK80, PK125
c-5211;Vespa 50 R (V5A1T 752189-);Kupplung - Kickstarter;22;p-11525;Schraube -DIN 931- M6 x 25mm (8.8 Festigkeit) - (verwendet für Kupplungsdeckel Vespa PX, Cosa, T5 125ccm, Rally, Sprint, TS, GT, GTR, GL, SS 180, GS 1
c-5211;Vespa 50 R (V5A1T 752189-);Kupplung - Kickstarter;23;p-6547;Federscheibe gewellt -DIN 137 Stahl verzinkt- M6
c-5211;Vespa 50 R (V5A1T 752189-);Kupplung - Kickstarter;24;p-6547;Federscheibe gewellt -DIN 137 Stahl verzinkt- M6
c-5211;Vespa 50 R (V5A1T 752189-);Kupplung - Kickstarter;25;p-32630;Kupplungsdeckel -POLINI, kurzer gerader Hebel- Vespa V50, PV, ET3
c-5211;Vespa 50 R (V5A1T 752189-);Kupplung - Kickstarter;26;p-15700;Schraube -DIN 933- M6 x 20mm (8.8 Festigkeit)
c-5211;Vespa 50 R (V5A1T 752189-);Kupplung - Kickstarter;31;p-364;Kupplungsarmfeder -VESPA- V50, V90 (bis Bj. 1977), SS50, SS90, PV125 (bis Bj. 1977), ET3
c-5211;Vespa 50 R (V5A1T 752189-);Kupplung - Kickstarter;32;p-12629;Kupplungsarm -VESPA- Vespa 50 (V5A1T), 50 Elestart (V5B2T), 50 N Special (V5A1T, V5B3T), 50 Special (V5B1T), 50 SR (V5SA1T), 50 SS (V5SS1T), V 90 (V9A
c-5211;Vespa 50 R (V5A1T 752189-);Kupplung - Kickstarter;34;p-15124;Sicherungsring Kupplungskorb -NEWFREN Ø=61mm b=2,9mm h=1,1mm- Vespa V50 (V5A1T, V5A2T, V5A3T, V5B1T, V5B2T, V5B3T, V5B4T, V5R1T, V5SA1T), SS50 (V5SS1T
c-5211;Vespa 50 R (V5A1T 752189-);Kupplung - Kickstarter;35;p-15123;Ölsammelblech Kupplung -OEM QUALITÄT- Vespa V50, V90, SS50, SS90, PV125, ET3, PK S, PK XL1
c-5211;Vespa 50 R (V5A1T 752189-);Kupplung - Kickstarter;36;p-15122;Kupplungsabdeckscheibe -OEM QUALITÄT- Vespa V50, PV125, ET3, PK S, PK XL1
c-5211;Vespa 50 R (V5A1T 752189-);Kupplung - Kickstarter;37;p-2641;Kupplungsbeläge -VESPA Smallframe V50, V90, SS50, SS90, PV125, ET3, PK50, PK80, PK50 S, PK80 S, PK125 S, PK50 XL, PK125 XL, ETS, PK50 HP, PK50 SS - 3-
c-5211;Vespa 50 R (V5A1T 752189-);Kupplung - Kickstarter;38;p-2641;Kupplungsbeläge -VESPA Smallframe V50, V90, SS50, SS90, PV125, ET3, PK50, PK80, PK50 S, PK80 S, PK125 S, PK50 XL, PK125 XL, ETS, PK50 HP, PK50 SS - 3-
c-5211;Vespa 50 R (V5A1T 752189-);Kupplung - Kickstarter;39;p-2641;Kupplungsbeläge -VESPA Smallframe V50, V90, SS50, SS90, PV125, ET3, PK50, PK80, PK50 S, PK80 S, PK125 S, PK50 XL, PK125 XL, ETS, PK50 HP, PK50 SS - 3-
c-5211;Vespa 50 R (V5A1T 752189-);Kupplung - Kickstarter;40;p-12245;Kupplungsstahlscheibe -PIAGGIO- Vespa Smallframe V50, V90, SS50, SS90, PV125, ET3, PK50, PK80, PK50 S, PK80 S, PK125 S, PK50 XL, PK125 XL, ETS, PK50 H
c-5211;Vespa 50 R (V5A1T 752189-);Kupplung - Kickstarter;41;p-12245;Kupplungsstahlscheibe -PIAGGIO- Vespa Smallframe V50, V90, SS50, SS90, PV125, ET3, PK50, PK80, PK50 S, PK80 S, PK125 S, PK50 XL, PK125 XL, ETS, PK50 H
c-5211;Vespa 50 R (V5A1T 752189-);Kupplung - Kickstarter;42;p-15120;Kupplungsgrundplatte -OEM QUALITÄT- Vespa V50, PV125, ET3, PK S, PK XL1
c-5211;Vespa 50 R (V5A1T 752189-);Kupplung - Kickstarter;43;p-439;Kupplungsfeder -PIAGGIO- Vespa V50 (V5A1T, V5A2T, V5A3T, V5B1T, V5B2T, V5B3T, V5B4T, V5R1T, V5SA1T), SS50 (V5SS1T), SR50 (V5SS2T), V90 (V9A1T), SS90 (
c-5211;Vespa 50 R (V5A1T 752189-);Kupplung - Kickstarter;44;p-15119;Kupplungsspinne -OEM QUALITÄT- Vespa V50, PV125, ET3, PK S, PK XL1
c-5211;Vespa 50 R (V5A1T 752189-);Kupplung - Kickstarter;45;p-15705;Mutter hoch -DIN 934 ähnlich- M7
c-5211;Vespa 50 R (V5A1T 752189-);Kupplung - Kickstarter;46;p-15711;Federring -DIN 127- M7
c-5211;Vespa 50 R (V5A1T 752189-);Kupplung - Kickstarter;47;p-4268;Halteblech Brems-/Kupplungszug am Motor -PREMIUM- Vespa V50 (VMA1M), PV125, ET3, SS50, SS90 - 1. Serie (kurzer Kupplungsausrückhebel)
c-5211;Vespa 50 R (V5A1T 752189-);Kupplung - Kickstarter;48;p-15717;Schraube -DIN 933- M7 x 25mm (8.8 Festigkeit)
c-5211;Vespa 50 R (V5A1T 752189-);Kupplung - Kickstarter;49;p-15682;Mutter -DIN 934- M5
c-5211;Vespa 50 R (V5A1T 752189-);Kupplung - Kickstarter;50;p-17425;Einstellschraube M5 x 20mm (Øinnen=6,9mm) -BGM ORIGINAL- (verwendet für Schaltraste Vespa) - 10 Stück
c-5211;Vespa 50 R (V5A1T 752189-);Kupplung - Kickstarter;51;p-6238;Kugellager -6200- (10x30x09mm) - (verwendet für Nebenwelle Vespa V50, V90, SS50, SS90, PV125, ET3, PK S, PK XL)
c-5211;Vespa 50 R (V5A1T 752189-);Kupplung - Kickstarter;53;p-665;Sicherungsblech Nebenwelle -PIAGGIO- Vespa V50, V90, SS50, SS90, PV125, ET3, PK S, PK XL
c-5211;Vespa 50 R (V5A1T 752189-);Kupplung - Kickstarter;54;p-15018;Kupplungsmutter -PIAGGIO- Vespa V50, PV125, ET3, PK S, PK XL - (verwendet als Mutter für Nebenwelle)
c-5211;Vespa 50 R (V5A1T 752189-);Lenker;1;p-6775;Griffe Vespa V50, PV, ET3 - Schwarz
c-5211;Vespa 50 R (V5A1T 752189-);Lenker;2;p-6775;Griffe Vespa V50, PV, ET3 - Schwarz
c-5211;Vespa 50 R (V5A1T 752189-);Lenker;6;p-15082;Bremshebelschraube - Kupplungshebelschraube -OEM QUALITÄT- Vespa V50, SS50, 50 Special, V90, SS90, Super (VNC, VBC), GT125 (VNL2T), GTR125 (VNL2T), PV
c-5211;Vespa 50 R (V5A1T 752189-);Lenker;7;p-15082;Bremshebelschraube - Kupplungshebelschraube -OEM QUALITÄT- Vespa V50, SS50, 50 Special, V90, SS90, Super (VNC, VBC), GT125 (VNL2T), GTR125 (VNL2T), PV
c-5211;Vespa 50 R (V5A1T 752189-);Lenker;8;p-12054;Unterlegscheibe - Wellscheibe Hebelschraube (oben) -PIAGGIO- Vespa PK, PK S, PK XL, PX - Ø6,6 x 14 x 0,3mm
c-5211;Vespa 50 R (V5A1T 752189-);Lenker;9;p-12054;Unterlegscheibe - Wellscheibe Hebelschraube (oben) -PIAGGIO- Vespa PK, PK S, PK XL, PX - Ø6,6 x 14 x 0,3mm
c-5211;Vespa 50 R (V5A1T 752189-);Lenker;10;p-3016;Unterlegscheibe Hebelschraube (oben) -CIF- 14x6,6x0,6mm - Vespa V50, V90, SS50, SS90, PV125, ET3, Super, GS150, Sprint, Rally, SS180, PX, T5 125ccm
c-5211;Vespa 50 R (V5A1T 752189-);Lenker;11;p-3016;Unterlegscheibe Hebelschraube (oben) -CIF- 14x6,6x0,6mm - Vespa V50, V90, SS50, SS90, PV125, ET3, Super, GS150, Sprint, Rally, SS180, PX, T5 125ccm
c-5211;Vespa 50 R (V5A1T 752189-);Lenker;12;p-3017;Unterlegscheibe Hebelschraube (unten) -PIAGGIO- 14x5,3x1,0mm - Vespa V50, V90, SS50, SS90, PV125, ET3, Super, GS150, Sprint, Rally, SS180, PX, T5 125c
c-5211;Vespa 50 R (V5A1T 752189-);Lenker;13;p-15768;Mutter selbstsichernd -DIN 985- M5 (verwendet für Hebelschraube Vespa PX, T5 125ccm, Rally, Sprint, TS, GT, GTR, SS180, GS160, Super, GL, VNA, VNB, VB
c-5211;Vespa 50 R (V5A1T 752189-);Lenker;14;p-15768;Mutter selbstsichernd -DIN 985- M5 (verwendet für Hebelschraube Vespa PX, T5 125ccm, Rally, Sprint, TS, GT, GTR, SS180, GS160, Super, GL, VNA, VNB, VB
c-5211;Vespa 50 R (V5A1T 752189-);Lenker;15;p-6703;Splint Gaszug-/Schaltzugrolle -PIAGGIO- Vespa Rally180 (VSD1T), Rally200 (VSE1T), Sprint150 (VLB1T), TS125 (VNL3T), GTR125 (VNL2T), PK XL2
c-5211;Vespa 50 R (V5A1T 752189-);Lenker;16;p-6703;Splint Gaszug-/Schaltzugrolle -PIAGGIO- Vespa Rally180 (VSD1T), Rally200 (VSE1T), Sprint150 (VLB1T), TS125 (VNL3T), GTR125 (VNL2T), PK XL2
c-5211;Vespa 50 R (V5A1T 752189-);Lenker;18;p-44743;Schaltzug- Gaszugrollen Set -PREMIUM ohne Lenkerblinker- Vespa V50, V90, SS50, SS90, PV125, ET3, Rally180 (VSD1T), Rally200 (VSE1T), Sprint150 (VLB1T)
c-5211;Vespa 50 R (V5A1T 752189-);Lenker;19;p-44743;Schaltzug- Gaszugrollen Set -PREMIUM ohne Lenkerblinker- Vespa V50, V90, SS50, SS90, PV125, ET3, Rally180 (VSD1T), Rally200 (VSE1T), Sprint150 (VLB1T)
c-5211;Vespa 50 R (V5A1T 752189-);Lenker;20;p-6697;Federscheibe Gasrohr/Schaltrohr 24 x 31x 1mm -VESPA- PX, T5 125cc, Rally180 (VSD1T), Rally200 (VSE1T), Sprint150 (VLB1T), TS125 (VNL3T), GT125 (VNL2T)
c-5211;Vespa 50 R (V5A1T 752189-);Lenker;21;p-6697;Federscheibe Gasrohr/Schaltrohr 24 x 31x 1mm -VESPA- PX, T5 125cc, Rally180 (VSD1T), Rally200 (VSE1T), Sprint150 (VLB1T), TS125 (VNL3T), GT125 (VNL2T)
c-5211;Vespa 50 R (V5A1T 752189-);Lenker;22;p-11554;Schaltzugrolle -OEM QUALITÄT mit Lenkerblinker- Vespa V50, V90, SS50, SS90, PV125, ET3, Rally180 (VSD1T), Rally200 (VSE1T), Sprint150 (VLB1T), TS125 (
c-5211;Vespa 50 R (V5A1T 752189-);Lenker;23;p-15055;Lenkkopfschraube inkl. Vierkantmutter -CIF- Vespa PX, PK, Rally, Sprint150, 180 SS, Super, TS125, GT125 (VNL2T), GTR125 (VNL2T), ET3, PV125, V50, V90
c-5211;Vespa 50 R (V5A1T 752189-);Lenker;24;p-15056;Lenkkopfmutter -VESPA- PX, PK, Rally180 (VSD1T), Rally200 (VSE1T), Sprint150 (VLB1T), 180 SS, Super, TS125 (VNL3T), GT125 (VNL2T), GTR125 (VNL2T), ET3
c-5211;Vespa 50 R (V5A1T 752189-);Lenker;29;p-2804;Tachodichtung -OEM QUALITÄT- Vespa V50 Ø=48mm - Vespa 50N, 50L, 50R, 50S und V90 (Rund),Lambretta lui 50-75
c-5211;Vespa 50 R (V5A1T 752189-);Lenker;30;p-2804;Tachodichtung -OEM QUALITÄT- Vespa V50 Ø=48mm - Vespa 50N, 50L, 50R, 50S und V90 (Rund),Lambretta lui 50-75
c-5211;Vespa 50 R (V5A1T 752189-);Lenker;31;p-8994;Sicherungsblech Tacho -OEM QUALITÄT- Vespa V50 Ø=48mm
c-5211;Vespa 50 R (V5A1T 752189-);Lenker;34;p-69;Fächerscheibe -DIN 6798- M5
c-5211;Vespa 50 R (V5A1T 752189-);Lenker;36;p-6705;Schraube -DIN 7985- M5 x 35mm - verwendet für Lenkkopfabdeckung Vespa PX, PK S, PK XL, Luftfilter SI
c-5211;Vespa 50 R (V5A1T 752189-);Lenker;38;p-6708;Staubschutzring Steuersatzschale auf Gabel -OEM QUALITÄT- Vespa PX, T5 125cc, Cosa, PK, V50, V90, PV125, ET3, PK, Rally180 (VSD1T), Vespa Rally200 (VS
c-5211;Vespa 50 R (V5A1T 752189-);Lenker;39;p-6714;Steuersatz - Lenkkopflager -PIAGGIO- unten (4 teilig) - Vespa V50, 50N, PV, ​ET3, ​PK, PX, T5, Cosa, Rally, Sprint, Super, GS160, SS180, GTS, HPE, ET2
c-5211;Vespa 50 R (V5A1T 752189-);Lenker;40;p-6273;Kugelring - Kugellager Steuersatz unten -OEM QUALITÄT, Kugeln = 1/4“ = 6,35mm- Vespa, Piaggio, Gilera, Lambretta LI, LI S, SX, TV, DL, GP
c-5211;Vespa 50 R (V5A1T 752189-);Lenker;41;p-6714;Steuersatz - Lenkkopflager -PIAGGIO- unten (4 teilig) - Vespa V50, 50N, PV, ​ET3, ​PK, PX, T5, Cosa, Rally, Sprint, Super, GS160, SS180, GTS, HPE, ET2
c-5211;Vespa 50 R (V5A1T 752189-);Lenker;45;p-11970;Unterlegscheibe Steuersatz -PIAGGIO- 30,2x40,0x2,5mm - verwendet als Nasenscheibe
c-5211;Vespa 50 R (V5A1T 752189-);Lenker;46;p-17870;Steuersatzschalenkontermutter h=6mm -BGM ORIGINAL- Vespa 125 VN1, VN2, VNA1T, VNA2T, VNB1T, VNB2T, VNB3T, VNB4T, VNB5T, VNB6T, Vespa 150 VL1, VL3T, VB
c-5211;Vespa 50 R (V5A1T 752189-);Lenker;49;p-10366;Feder für Gasrohr -OEM QUALITÄT- Vespa V50 (V5A1T bis V5A3T, V5SA1T), SS50 (V5SS1T bis V5SS2T), V90 (V9A1T), SS90 (V9SS1T bis V9SS2T), PV125, ET3, GL1
c-5211;Vespa 50 R (V5A1T 752189-);Lenker;50;p-48819;Gaszugrolle -RMS Aluminium- Vespa V50, V90, SS50, SS90, PV125, ET3, Rally180 (VSD1T), Rally200 (VSE1T), Sprint150 (VLB1T), TS125 (VNL3T), GT125 (VNL2T
c-5211;Vespa 50 R (V5A1T 752189-);Lenker;52;p-9642;Scheinwerferzierring -SIEM Ø=105/115mm (Glas/außen)- Vespa V50, V90 - Chrom
c-5211;Vespa 50 R (V5A1T 752189-);Lenker;55;p-12646;Distanzscheibe Gasrohr/Schaltrohr 24 x 31x 2mm -VESPA- Vespa Rally180 (VSD1T), Rally200 (VSE1T), Sprint150 (VLB1T), TS125 (VNL3T), GT125 (VNL2T), GTR1
c-5211;Vespa 50 R (V5A1T 752189-);Magnetzünder - Zündspule;1;p-15682;Mutter -DIN 934- M5
c-5211;Vespa 50 R (V5A1T 752189-);Magnetzünder - Zündspule;2;p-13509;Federring -DIN 127- M5 - Edelstahl
c-5211;Vespa 50 R (V5A1T 752189-);Magnetzünder - Zündspule;3;p-13509;Federring -DIN 127- M5 - Edelstahl
c-5211;Vespa 50 R (V5A1T 752189-);Magnetzünder - Zündspule;4;p-13509;Federring -DIN 127- M5 - Edelstahl
c-5211;Vespa 50 R (V5A1T 752189-);Magnetzünder - Zündspule;5;p-48510;Zündspule -Levistronic HT 400V- Vespa Smallframe V50, V90, SS50, SS90, PV125, ET3, Largeframe GT125 (VNL2T), GTR125 (VNL2T), TS125 (VNL3T), Sprint150 
c-5211;Vespa 50 R (V5A1T 752189-);Magnetzünder - Zündspule;6;p-3044;Schraube -DIN 85- M5 x 14mm (verwendet für Zündgrundplatte Rally180 (VSD1T), Rally200 (VSE1T), Sprint150 (VLB1T), TS125 (VNL3T), GT125 (VNL2T), GTR125
c-5211;Vespa 50 R (V5A1T 752189-);Magnetzünder - Zündspule;7;p-3044;Schraube -DIN 85- M5 x 14mm (verwendet für Zündgrundplatte Rally180 (VSD1T), Rally200 (VSE1T), Sprint150 (VLB1T), TS125 (VNL3T), GT125 (VNL2T), GTR125
c-5211;Vespa 50 R (V5A1T 752189-);Magnetzünder - Zündspule;16;p-9129;Seegerring -BOHRUNG DIN472- Ø=25mm - (verwendet für Polrad Vespa V50, 50N, PV125, SS50, SS90, SR50, Sprint150, Super, VNA, GT125, GTR125)
c-5211;Vespa 50 R (V5A1T 752189-);Magnetzünder - Zündspule;19;p-170;Gummi Motor/Kabel -PIAGGIO- Vespa V50, V90, PV, ET3, VNA1T-2T, VNB1T-5T (verwendet zur Kabeldurchführung Motorgehäuse / Zündgrundplatte)
c-5211;Vespa 50 R (V5A1T 752189-);Magnetzünder - Zündspule;20;p-170;Gummi Motor/Kabel -PIAGGIO- Vespa V50, V90, PV, ET3, VNA1T-2T, VNB1T-5T (verwendet zur Kabeldurchführung Motorgehäuse / Zündgrundplatte)
c-5211;Vespa 50 R (V5A1T 752189-);Magnetzünder - Zündspule;21;p-170;Gummi Motor/Kabel -PIAGGIO- Vespa V50, V90, PV, ET3, VNA1T-2T, VNB1T-5T (verwendet zur Kabeldurchführung Motorgehäuse / Zündgrundplatte)
c-5211;Vespa 50 R (V5A1T 752189-);Magnetzünder - Zündspule;22;p-170;Gummi Motor/Kabel -PIAGGIO- Vespa V50, V90, PV, ET3, VNA1T-2T, VNB1T-5T (verwendet zur Kabeldurchführung Motorgehäuse / Zündgrundplatte)
c-5211;Vespa 50 R (V5A1T 752189-);Magnetzünder - Zündspule;23;p-6833;Gummikappe Kabelkästchen -PIAGGIO- Vespa alle Modelle
c-5211;Vespa 50 R (V5A1T 752189-);Magnetzünder - Zündspule;24;p-6833;Gummikappe Kabelkästchen -PIAGGIO- Vespa alle Modelle
c-5211;Vespa 50 R (V5A1T 752189-);Magnetzünder - Zündspule;25;p-45381;Verbindungskabel Zündspule und Kabelkästchen -VESPARATUR- Vespa Sprint, GT, GTR, TS
c-5211;Vespa 50 R (V5A1T 752189-);Magnetzünder - Zündspule;26;p-45381;Verbindungskabel Zündspule und Kabelkästchen -VESPARATUR- Vespa Sprint, GT, GTR, TS
c-5211;Vespa 50 R (V5A1T 752189-);Magnetzünder - Zündspule;27;p-45381;Verbindungskabel Zündspule und Kabelkästchen -VESPARATUR- Vespa Sprint, GT, GTR, TS
c-5211;Vespa 50 R (V5A1T 752189-);Magnetzünder - Zündspule;28;p-45381;Verbindungskabel Zündspule und Kabelkästchen -VESPARATUR- Vespa Sprint, GT, GTR, TS
c-5211;Vespa 50 R (V5A1T 752189-);Magnetzünder - Zündspule;29;p-45381;Verbindungskabel Zündspule und Kabelkästchen -VESPARATUR- Vespa Sprint, GT, GTR, TS
c-5211;Vespa 50 R (V5A1T 752189-);Magnetzünder - Zündspule;30;p-45381;Verbindungskabel Zündspule und Kabelkästchen -VESPARATUR- Vespa Sprint, GT, GTR, TS
c-5211;Vespa 50 R (V5A1T 752189-);Magnetzünder - Zündspule;31;p-45381;Verbindungskabel Zündspule und Kabelkästchen -VESPARATUR- Vespa Sprint, GT, GTR, TS
c-5211;Vespa 50 R (V5A1T 752189-);Magnetzünder - Zündspule;33;p-3052;Niet für Polrad -PIAGGIO- Vespa V50, 50N, Spezial, PV125, ET3, Super, Sprint, GT, GTR, TS, P125X, P150S
c-5211;Vespa 50 R (V5A1T 752189-);Magnetzünder - Zündspule;34;p-49055;Lüfterradabdeckung -CIF- Vespa V50, PV125, ET3 - schwarz
c-5211;Vespa 50 R (V5A1T 752189-);Magnetzünder - Zündspule;35;p-3037;Schraube Zündkontakt M4 x 10mm mit Schlitz -PIAGGIO- Vespa Smallframe V50, PV125, Wideframe VM1, VM2, VNB1, VNB2, Super, GS150 VS1-5, Sprint, GT, GTR,
c-5211;Vespa 50 R (V5A1T 752189-);Magnetzünder - Zündspule;36;p-3037;Schraube Zündkontakt M4 x 10mm mit Schlitz -PIAGGIO- Vespa Smallframe V50, PV125, Wideframe VM1, VM2, VNB1, VNB2, Super, GS150 VS1-5, Sprint, GT, GTR,
c-5211;Vespa 50 R (V5A1T 752189-);Magnetzünder - Zündspule;37;p-11195;Zündkontakte -PIAGGIO kurz, Ø=5,0mm Führungsbolzen- Vespa 50 N, L, R, Special
c-5211;Vespa 50 R (V5A1T 752189-);Magnetzünder - Zündspule;38;p-11195;Zündkontakte -PIAGGIO kurz, Ø=5,0mm Führungsbolzen- Vespa 50 N, L, R, Special
c-5211;Vespa 50 R (V5A1T 752189-);Magnetzünder - Zündspule;39;p-15774;Schmierfilz Kontaktzündung (Kondensator Ø=14mm) -OEM QUALITÄT- Vespa V50, PX
c-5211;Vespa 50 R (V5A1T 752189-);Magnetzünder - Zündspule;40;p-5670;Kondensator -Ø=20mm, 1-Kabel- Vespa V50 N, V50 L, V50 R, V50 Special, V90, 90 SS, PV125
c-5211;Vespa 50 R (V5A1T 752189-);Magnetzünder - Zündspule;51;p-2947;Kabelschuh -Flachsteckhülse 6,3mm Ø=1,0-1,5mm²- DIN 46340 - 10stk.
c-5211;Vespa 50 R (V5A1T 752189-);Magnetzünder - Zündspule;52;p-2947;Kabelschuh -Flachsteckhülse 6,3mm Ø=1,0-1,5mm²- DIN 46340 - 10stk.
c-5211;Vespa 50 R (V5A1T 752189-);Magnetzünder - Zündspule;53;p-3062;Schraube Zündkontakt M4x10mm mit Schlitz -OEM QUALITÄT- Vespa Smallframe V50, PV125, Wideframe VM1, VM2, VNB1, VNB2, Super, GS150 VS1-5, Sprint, GT, G
c-5211;Vespa 50 R (V5A1T 752189-);Magnetzünder - Zündspule;55;p-3062;Schraube Zündkontakt M4x10mm mit Schlitz -OEM QUALITÄT- Vespa Smallframe V50, PV125, Wideframe VM1, VM2, VNB1, VNB2, Super, GS150 VS1-5, Sprint, GT, G
c-5211;Vespa 50 R (V5A1T 752189-);Magnetzünder - Zündspule;56;p-3062;Schraube Zündkontakt M4x10mm mit Schlitz -OEM QUALITÄT- Vespa Smallframe V50, PV125, Wideframe VM1, VM2, VNB1, VNB2, Super, GS150 VS1-5, Sprint, GT, G
c-5211;Vespa 50 R (V5A1T 752189-);Magnetzünder - Zündspule;57;p-2978;Fächerscheibe -DIN 6798- M3 (verwendet für Sicherungshalter PX, Zündkontakt Vespa lang)
c-5211;Vespa 50 R (V5A1T 752189-);Magnetzünder - Zündspule;58;p-2978;Fächerscheibe -DIN 6798- M3 (verwendet für Sicherungshalter PX, Zündkontakt Vespa lang)
c-5211;Vespa 50 R (V5A1T 752189-);Magnetzünder - Zündspule;59;p-13916;Sicherungsring -WELLE DIN6799- Ø=3mm - verwendet für Schubklotz Schaltklaue Vespa Smallframe (V50, PV, ET3, PK, PK XL, PK XL2)
c-5211;Vespa 50 R (V5A1T 752189-);Magnetzünder - Zündspule;60;p-13916;Sicherungsring -WELLE DIN6799- Ø=3mm - verwendet für Schubklotz Schaltklaue Vespa Smallframe (V50, PV, ET3, PK, PK XL, PK XL2)
c-5211;Vespa 50 R (V5A1T 752189-);Magnetzünder - Zündspule;61;p-362;Federscheibe gewellt -PIAGGIO- Stahl verzinkt- M6 - verwendet für Zylinderhaube Smallframe, Druckfeder Chokehebel
c-5211;Vespa 50 R (V5A1T 752189-);Magnetzünder - Zündspule;62;p-512;Zündkerzenstecker Metallklammer -PIAGGIO- Vespa, Piaggio - Messing
c-5211;Vespa 50 R (V5A1T 752189-);Magnetzünder - Zündspule;63;p-11927;Blechmutter -PIAGGIO- Ø=4,8mm 12x15mm verwendet für Zylinderhaube Vespa V50, PV125, ET3, PK S, PK XL
c-5211;Vespa 50 R (V5A1T 752189-);Magnetzünder - Zündspule;65;p-15688;Schraube -DIN 7985- M5 x 25mm (verwendet für Halter CDI / Elektronikzentrale PX)
c-5211;Vespa 50 R (V5A1T 752189-);Magnetzünder - Zündspule;66;p-6517;Gummistopfen Polrad (Niere) -OEM QUALITÄT Höhe=11.4mm, Breite: 40.6mm- Vespa V50 (200001 bis 763500), V90, 90SS, VNB6T (ab 04295), Super, GT125 (VNL2T
c-5211;Vespa 50 R (V5A1T 752189-);Magnetzünder - Zündspule;67;p-13482;Schraube -DIN 84- M6 x 10mm (verwendet für Lüfterradabdeckung Vespa)
c-5211;Vespa 50 R (V5A1T 752189-);Model mit Pedale;7;p-15690;Mutter -DIN 934- M6
c-5211;Vespa 50 R (V5A1T 752189-);Model mit Pedale;8;p-15690;Mutter -DIN 934- M6
c-5211;Vespa 50 R (V5A1T 752189-);Model mit Pedale;9;p-13501;Unterlegscheibe Karosserie -DIN 9021- M6 - Edelstahl
c-5211;Vespa 50 R (V5A1T 752189-);Model mit Pedale;10;p-13501;Unterlegscheibe Karosserie -DIN 9021- M6 - Edelstahl
c-5211;Vespa 50 R (V5A1T 752189-);Model mit Pedale;21;p-11920;Schraube -DIN 933- M6 x 16mm (8.8 Festigkeit)
c-5211;Vespa 50 R (V5A1T 752189-);Model mit Pedale;22;p-15690;Mutter -DIN 934- M6
c-5211;Vespa 50 R (V5A1T 752189-);Model mit Pedale;23;p-15696;Federring -DIN 127- M6
c-5211;Vespa 50 R (V5A1T 752189-);Model mit Pedale;29;p-13501;Unterlegscheibe Karosserie -DIN 9021- M6 - Edelstahl
c-5211;Vespa 50 R (V5A1T 752189-);Model mit Pedale;38;p-11548;Schraube -DIN 84- M5 x 8mm (verwendet für Befestigung Lenkerendblinker Rally180 (VSD1T), Rally200 (VSE1T), Sprint, PV, ET3, V50)
c-5211;Vespa 50 R (V5A1T 752189-);Model mit Pedale;39;p-69;Fächerscheibe -DIN 6798- M5
c-5211;Vespa 50 R (V5A1T 752189-);Model mit Pedale;41;p-15727;Federring -DIN 127- M8
c-5211;Vespa 50 R (V5A1T 752189-);Motorgehäuse - Zylinder - Kurbelwelle;1;p-15008;Motorgehäusebolzen - Motorschrauben - Motorbolzen M7 x 75mm -VESPA- (Smallframe V50, PV125, ET3, PK)
c-5211;Vespa 50 R (V5A1T 752189-);Motorgehäuse - Zylinder - Kurbelwelle;2;p-15008;Motorgehäusebolzen - Motorschrauben - Motorbolzen M7 x 75mm -VESPA- (Smallframe V50, PV125, ET3, PK)
c-5211;Vespa 50 R (V5A1T 752189-);Motorgehäuse - Zylinder - Kurbelwelle;3;p-15709;Unterlegscheibe -DIN 125- M7
c-5211;Vespa 50 R (V5A1T 752189-);Motorgehäuse - Zylinder - Kurbelwelle;4;p-15709;Unterlegscheibe -DIN 125- M7
c-5211;Vespa 50 R (V5A1T 752189-);Motorgehäuse - Zylinder - Kurbelwelle;5;p-15709;Unterlegscheibe -DIN 125- M7
c-5211;Vespa 50 R (V5A1T 752189-);Motorgehäuse - Zylinder - Kurbelwelle;6;p-15709;Unterlegscheibe -DIN 125- M7
c-5211;Vespa 50 R (V5A1T 752189-);Motorgehäuse - Zylinder - Kurbelwelle;7;p-15709;Unterlegscheibe -DIN 125- M7
c-5211;Vespa 50 R (V5A1T 752189-);Motorgehäuse - Zylinder - Kurbelwelle;8;p-15709;Unterlegscheibe -DIN 125- M7
c-5211;Vespa 50 R (V5A1T 752189-);Motorgehäuse - Zylinder - Kurbelwelle;9;p-15709;Unterlegscheibe -DIN 125- M7
c-5211;Vespa 50 R (V5A1T 752189-);Motorgehäuse - Zylinder - Kurbelwelle;10;p-15709;Unterlegscheibe -DIN 125- M7
c-5211;Vespa 50 R (V5A1T 752189-);Motorgehäuse - Zylinder - Kurbelwelle;11;p-15711;Federring -DIN 127- M7
c-5211;Vespa 50 R (V5A1T 752189-);Motorgehäuse - Zylinder - Kurbelwelle;12;p-15711;Federring -DIN 127- M7
c-5211;Vespa 50 R (V5A1T 752189-);Motorgehäuse - Zylinder - Kurbelwelle;13;p-15711;Federring -DIN 127- M7
c-5211;Vespa 50 R (V5A1T 752189-);Motorgehäuse - Zylinder - Kurbelwelle;14;p-15711;Federring -DIN 127- M7
c-5211;Vespa 50 R (V5A1T 752189-);Motorgehäuse - Zylinder - Kurbelwelle;15;p-15711;Federring -DIN 127- M7
c-5211;Vespa 50 R (V5A1T 752189-);Motorgehäuse - Zylinder - Kurbelwelle;16;p-15711;Federring -DIN 127- M7
c-5211;Vespa 50 R (V5A1T 752189-);Motorgehäuse - Zylinder - Kurbelwelle;17;p-15711;Federring -DIN 127- M7
c-5211;Vespa 50 R (V5A1T 752189-);Motorgehäuse - Zylinder - Kurbelwelle;18;p-15711;Federring -DIN 127- M7
c-5211;Vespa 50 R (V5A1T 752189-);Motorgehäuse - Zylinder - Kurbelwelle;19;p-15711;Federring -DIN 127- M7
c-5211;Vespa 50 R (V5A1T 752189-);Motorgehäuse - Zylinder - Kurbelwelle;20;p-15705;Mutter hoch -DIN 934 ähnlich- M7
c-5211;Vespa 50 R (V5A1T 752189-);Motorgehäuse - Zylinder - Kurbelwelle;21;p-15705;Mutter hoch -DIN 934 ähnlich- M7
c-5211;Vespa 50 R (V5A1T 752189-);Motorgehäuse - Zylinder - Kurbelwelle;22;p-15705;Mutter hoch -DIN 934 ähnlich- M7
c-5211;Vespa 50 R (V5A1T 752189-);Motorgehäuse - Zylinder - Kurbelwelle;23;p-15705;Mutter hoch -DIN 934 ähnlich- M7
c-5211;Vespa 50 R (V5A1T 752189-);Motorgehäuse - Zylinder - Kurbelwelle;24;p-15705;Mutter hoch -DIN 934 ähnlich- M7
c-5211;Vespa 50 R (V5A1T 752189-);Motorgehäuse - Zylinder - Kurbelwelle;25;p-15705;Mutter hoch -DIN 934 ähnlich- M7
c-5211;Vespa 50 R (V5A1T 752189-);Motorgehäuse - Zylinder - Kurbelwelle;26;p-15705;Mutter hoch -DIN 934 ähnlich- M7
c-5211;Vespa 50 R (V5A1T 752189-);Motorgehäuse - Zylinder - Kurbelwelle;27;p-15705;Mutter hoch -DIN 934 ähnlich- M7
c-5211;Vespa 50 R (V5A1T 752189-);Motorgehäuse - Zylinder - Kurbelwelle;28;p-15705;Mutter hoch -DIN 934 ähnlich- M7
c-5211;Vespa 50 R (V5A1T 752189-);Motorgehäuse - Zylinder - Kurbelwelle;29;p-15199;Polradmutter M10 x 1,50 Bund Ø=24mm h=6mm -OEM QUALITÄT- Vespa V50(N) (ab Nr. 92877), V50 R (bis Nr. 917729), V50 S (Nr. 15325 bis Nr. 81866),V90 (bis
c-5211;Vespa 50 R (V5A1T 752189-);Motorgehäuse - Zylinder - Kurbelwelle;30;p-15009;Fächerscheibe Polradmutter -OEM QUALITÄT Øa=24mm- Vespa Sprint150 (VLB1T), VNB, VBB, Super, GL150 (VLA1T), GT125 (VNL2T), GTR125 (VNL2T), V50(N) (ab N
c-5211;Vespa 50 R (V5A1T 752189-);Motorgehäuse - Zylinder - Kurbelwelle;31;p-15714;Stehbolzen -M7 x 35mm- (verwendet für Zylinder Vespa V50, PK50)
c-5211;Vespa 50 R (V5A1T 752189-);Motorgehäuse - Zylinder - Kurbelwelle;32;p-15714;Stehbolzen -M7 x 35mm- (verwendet für Zylinder Vespa V50, PK50)
c-5211;Vespa 50 R (V5A1T 752189-);Motorgehäuse - Zylinder - Kurbelwelle;33;p-31094;Wellendichtring 19x32x7mm -MALOSSI PTFE/FKM- (verwendet für Kurbelwelle Lichtmaschinenseite Vespa V50, V90, SS50, SS90, PV125, ET3, PK S)
c-5211;Vespa 50 R (V5A1T 752189-);Motorgehäuse - Zylinder - Kurbelwelle;34;p-11698;Stehbolzen -M8 x 36mm- (verwendet für Bremsankerplatte hinten Vespa V50 ,PV125, ET3 ,PK S, PK XL, PK XL2)
c-5211;Vespa 50 R (V5A1T 752189-);Motorgehäuse - Zylinder - Kurbelwelle;35;p-31084;Kugellager Kurbelwelle -MALOSSI- 6204 (20x47x14mm) - C4 Polyamid, Kugel Ø=7,9mm, carbonitrierter Innenring - (verwendet für Kurbelwelle CPI / Minarell
c-5211;Vespa 50 R (V5A1T 752189-);Motorgehäuse - Zylinder - Kurbelwelle;36;p-15350;Motorgehäusebolzen - Motorschrauben - Motorbolzen M7 x 42mm -VESPA- 25-17mm (Smallframe V50, PV125, ET3, PK)
c-5211;Vespa 50 R (V5A1T 752189-);Motorgehäuse - Zylinder - Kurbelwelle;37;p-15069;Halbmond Keil -PIAGGIO 3x5mm- Kurbelwelle Lichtmaschinenseite (Lima) Vespa Ciao, Bravo, SI, Piaggio 50-180 ccm 2-Takt - Aprilia SR125, Gilera Runner F
c-5211;Vespa 50 R (V5A1T 752189-);Motorgehäuse - Zylinder - Kurbelwelle;38;p-1245;Kurbelwelle -MAZZUCCHELLI Standard (Drehschieber)- Vespa V50, PK50 S (Ø 19mm Konus)
c-5211;Vespa 50 R (V5A1T 752189-);Motorgehäuse - Zylinder - Kurbelwelle;39;p-12173;Motorgehäusebolzen - Motorschrauben - Motorbolzen M7 x 58mm -VESPA- 40-18mm (Smallframe V50, PV125, ET3, PK, PX, T5 125ccm)
c-5211;Vespa 50 R (V5A1T 752189-);Motorgehäuse - Zylinder - Kurbelwelle;40;p-12173;Motorgehäusebolzen - Motorschrauben - Motorbolzen M7 x 58mm -VESPA- 40-18mm (Smallframe V50, PV125, ET3, PK, PX, T5 125ccm)
c-5211;Vespa 50 R (V5A1T 752189-);Motorgehäuse - Zylinder - Kurbelwelle;42;p-8508;Dichtsatz Motor -PIAGGIO- Vespa V50, PV125, ET3
c-5211;Vespa 50 R (V5A1T 752189-);Motorgehäuse - Zylinder - Kurbelwelle;43;p-16284;Wellendichtring 22,7x47x7/7,5mm -FKM- (verwendet für Kurbelwelle Antriebseite Vespa V50, V90, SS50, SS90, PV125, ET3, PK S, PK XL - Getriebeeingangswe
c-5211;Vespa 50 R (V5A1T 752189-);Motorgehäuse - Zylinder - Kurbelwelle;44;p-15203;Seegerring -BOHRUNG DIN472- Ø=47mm - für Kugellager Smallframe, Largeframe Hauptwelle 6204 Radseite, Kugellager 16005 Primär Smallframe V50, PV, ET3, 
c-5211;Vespa 50 R (V5A1T 752189-);Motorgehäuse - Zylinder - Kurbelwelle;45;p-31075;Kugellager Kurbelwelle -MALOSSI- 6303 (17x47x14mm) - C3 Polyamid - (verwendet für Kurbelwelle Antriebseite Vespa V50, V90, PV125, ET3, PK S, PK XL, La
c-5211;Vespa 50 R (V5A1T 752189-);Motorgehäuse - Zylinder - Kurbelwelle;46;p-12003;Dichtung Motorgehäuse -PIAGGIO- Vespa V50, V90, PV125, ET3, PK S, PK XL, PK XL2
c-5211;Vespa 50 R (V5A1T 752189-);Motorgehäuse - Zylinder - Kurbelwelle;52;p-15198;Sicherungsblech Primär -OEM QUALITÄT- V50, V90, SS50, SS90, PV125, ET3, PK S, PK XL
c-5211;Vespa 50 R (V5A1T 752189-);Motorgehäuse - Zylinder - Kurbelwelle;53;p-15197;Mutter M12 x1,5 SW=19 halbhoch (verwendet für Kurbelwelle/Primärrad Vespa V50, V90, SS50, SS90, PV125, ET3, PK S, PK XL)
c-5211;Vespa 50 R (V5A1T 752189-);Motorgehäuse - Zylinder - Kurbelwelle;54;p-13140;Nadellager -HK 1612- (16x22x12mm) - (verwendet für Hauptwelle V 50-90, SS 50-90, PV 125, ET3, PK S, PK XL)
c-5211;Vespa 50 R (V5A1T 752189-);Motorgehäuse - Zylinder - Kurbelwelle;55;p-13482;Schraube -DIN 84- M6 x 10mm (verwendet für Lüfterradabdeckung Vespa)
c-5211;Vespa 50 R (V5A1T 752189-);Motorgehäuse - Zylinder - Kurbelwelle;56;p-13482;Schraube -DIN 84- M6 x 10mm (verwendet für Lüfterradabdeckung Vespa)
c-5211;Vespa 50 R (V5A1T 752189-);Motorgehäuse - Zylinder - Kurbelwelle;57;p-13482;Schraube -DIN 84- M6 x 10mm (verwendet für Lüfterradabdeckung Vespa)
c-5211;Vespa 50 R (V5A1T 752189-);Motorgehäuse - Zylinder - Kurbelwelle;58;p-362;Federscheibe gewellt -PIAGGIO- Stahl verzinkt- M6 - verwendet für Zylinderhaube Smallframe, Druckfeder Chokehebel
c-5211;Vespa 50 R (V5A1T 752189-);Motorgehäuse - Zylinder - Kurbelwelle;59;p-362;Federscheibe gewellt -PIAGGIO- Stahl verzinkt- M6 - verwendet für Zylinderhaube Smallframe, Druckfeder Chokehebel
c-5211;Vespa 50 R (V5A1T 752189-);Motorgehäuse - Zylinder - Kurbelwelle;63;p-15013;Motorgehäusebolzen - Motorschrauben - Motorbolzen M7 x 80mm -VESPA- 56-24mm (Lusso/T5 125ccm/Cosa an Stoßdämpferaufnahme, Smallframe unten)
c-5211;Vespa 50 R (V5A1T 752189-);Motorgehäuse - Zylinder - Kurbelwelle;64;p-8842;Dichtung Zylinderfuß -VESPA 50-125 ccm- Vespa V50, PV125, ET3, PK50, PK80, PK125 - Papier
c-5211;Vespa 50 R (V5A1T 752189-);Motorgehäuse - Zylinder - Kurbelwelle;66;p-15092;Kolbenclip -12mm- Seegerring-Typ
c-5211;Vespa 50 R (V5A1T 752189-);Motorgehäuse - Zylinder - Kurbelwelle;68;p-15750;Schraube -DIN 933- M7 x 35mm (8.8 Festigkeit)
c-5211;Vespa 50 R (V5A1T 752189-);Motorgehäuse - Zylinder - Kurbelwelle;69;p-657;Stehbolzen -PIAGGIO M6 x 28mm- (verwendet für Auspuff/Zylinder Piaggio/Gilera 50cc)
c-5211;Vespa 50 R (V5A1T 752189-);Motorgehäuse - Zylinder - Kurbelwelle;70;p-15246;Zylinderkopf -OEM QUALITÄT,- Vespa V50, V50 S, SS50, PK50
c-5211;Vespa 50 R (V5A1T 752189-);Motorgehäuse - Zylinder - Kurbelwelle;71;p-9480;Gummikappe Zündkerzenstecker/Zündkabel -PIAGGIO- Vespa, Piaggio
c-5211;Vespa 50 R (V5A1T 752189-);Motorgehäuse - Zylinder - Kurbelwelle;73;p-33184;Zündkerzenstecker -POLINI- Silikon, kurz - blau
c-5211;Vespa 50 R (V5A1T 752189-);Motorgehäuse - Zylinder - Kurbelwelle;74;p-15108;Zylinderhaube -OEM QUALITÄT- Vespa V50, PK50 (für Zylinder 50-112 ccm)
c-5211;Vespa 50 R (V5A1T 752189-);Motorgehäuse - Zylinder - Kurbelwelle;75;p-12103;Stehbolzen -M7 x 59mm- 22-17-20mm (verwendet für Motorgehäuse Vespa V50, V90, PV125, ET3, PK S, PK XL)
c-5211;Vespa 50 R (V5A1T 752189-);Motorgehäuse - Zylinder - Kurbelwelle;77;p-6547;Federscheibe gewellt -DIN 137 Stahl verzinkt- M6
c-5211;Vespa 50 R (V5A1T 752189-);Räder - Zubehör;1;p-12138;Schraubenzieher -PIAGGIO- Schlitz + Kreuzschlitz
c-5211;Vespa 50 R (V5A1T 752189-);Räder - Zubehör;2;p-13581;Werkzeugtasche ohne Werkzeug -OEM QUALITÄT- Vespa universal - Blau
c-5211;Vespa 50 R (V5A1T 752189-);Räder - Zubehör;3;p-11817;Bordwerkzeug mit Werkzeugtasche (Nylon) -OEM QUALITÄT- 4-teilig - klassische Vespa (Schaltroller)
c-5211;Vespa 50 R (V5A1T 752189-);Räder - Zubehör;4;p-1330;Zündkerzenschlüssel Werkzeug SW21/13/11mm -VESPA- Smallframe V50, V90, SS50, SS90, PV125, ET3, PK S, PK XL
c-5211;Vespa 50 R (V5A1T 752189-);Räder - Zubehör;9;p-15760;Schraube -DIN 933- M8 x 25mm (8.8 Festigkeit)
c-5211;Vespa 50 R (V5A1T 752189-);Räder - Zubehör;10;p-15760;Schraube -DIN 933- M8 x 25mm (8.8 Festigkeit)
c-5211;Vespa 50 R (V5A1T 752189-);Räder - Zubehör;11;p-15760;Schraube -DIN 933- M8 x 25mm (8.8 Festigkeit)
c-5211;Vespa 50 R (V5A1T 752189-);Räder - Zubehör;12;p-15727;Federring -DIN 127- M8
c-5211;Vespa 50 R (V5A1T 752189-);Räder - Zubehör;13;p-15727;Federring -DIN 127- M8
c-5211;Vespa 50 R (V5A1T 752189-);Räder - Zubehör;14;p-15727;Federring -DIN 127- M8
c-5211;Vespa 50 R (V5A1T 752189-);Räder - Zubehör;15;p-15727;Federring -DIN 127- M8
c-5211;Vespa 50 R (V5A1T 752189-);Räder - Zubehör;16;p-15727;Federring -DIN 127- M8
c-5211;Vespa 50 R (V5A1T 752189-);Räder - Zubehör;17;p-15725;Unterlegscheibe -DIN 125- M8 - schwarz verzinkt
c-5211;Vespa 50 R (V5A1T 752189-);Räder - Zubehör;18;p-15725;Unterlegscheibe -DIN 125- M8 - schwarz verzinkt
c-5211;Vespa 50 R (V5A1T 752189-);Räder - Zubehör;27;p-6063;Ölmessbecher -100ml-
c-5211;Vespa 50 R (V5A1T 752189-);Räder - Zubehör;28;p-15719;Mutter -DIN 934- M8
c-5211;Vespa 50 R (V5A1T 752189-);Räder - Zubehör;29;p-15719;Mutter -DIN 934- M8
c-5211;Vespa 50 R (V5A1T 752189-);Räder - Zubehör;30;p-7231;Felge -VIGANO 1.80-9 Zoll Stahl - Vespa (Typ V50 9 Zoll - 4 Loch aussen) - Grau
c-5211;Vespa 50 R (V5A1T 752189-);Räder - Zubehör;33;p-15696;Federring -DIN 127- M6
c-5211;Vespa 50 R (V5A1T 752189-);Räder - Zubehör;34;p-15690;Mutter -DIN 934- M6
c-5211;Vespa 50 R (V5A1T 752189-);Räder - Zubehör;35;p-3068;Sitzkissen -NISA (30x23x12cm)- Vespa VNA1-2T, VNB1-6T, VBA1T, VBB1-2T - schwarz
c-5211;Vespa 50 R (V5A1T 752189-);Räder - Zubehör;36;p-12022;Schraube -DIN 931- M8 x 80mm (verwendet für Auspuff Vespa PK, PK HP, PK S, PK XL, PK XL2)
c-5211;Vespa 50 R (V5A1T 752189-);Räder - Zubehör;40;p-15690;Mutter -DIN 934- M6
c-5211;Vespa 50 R (V5A1T 752189-);Räder - Zubehör;41;p-15696;Federring -DIN 127- M6
c-5211;Vespa 50 R (V5A1T 752189-);Räder - Zubehör;42;p-13501;Unterlegscheibe Karosserie -DIN 9021- M6 - Edelstahl
c-5211;Vespa 50 R (V5A1T 752189-);Räder - Zubehör;43;p-223;Spiegel -BUMM Chrom, Edelstahl, Beinschild Klemmspiegel- Vespa/Lambretta universal klein - links
c-5211;Vespa 50 R (V5A1T 752189-);Räder - Zubehör;48;p-6843;Kotflügelschraube seitlich M5 x 16mm -CIF- Vespa Smallframe V50, 50N, PV, ET3, PK S, PK XL, Largeframe PX, VNA, VNB, VBA, VBB, Super, Sprint Veloce, R
c-5211;Vespa 50 R (V5A1T 752189-);Räder - Zubehör;49;p-13509;Federring -DIN 127- M5 - Edelstahl
c-5211;Vespa 50 R (V5A1T 752189-);Räder - Zubehör;50;p-15682;Mutter -DIN 934- M5
c-5211;Vespa 50 R (V5A1T 752189-);Rahmen - Gepäckfach - Fußraumabdeckungen;1;p-19811;Pfropfen -PIAGGIO- Vespa GTV
c-5211;Vespa 50 R (V5A1T 752189-);Rahmen - Gepäckfach - Fußraumabdeckungen;4;p-190;Schriftzug Lenker -OEM QUALITÄT- Vespa Piaggio Sechseck - Vespa Rally180 (VSD1T) (ab Bj. 1968), Vespa Sprint150 (VLB1T) Veloce (ab Bj. 1969), Vespa GT
c-5211;Vespa 50 R (V5A1T 752189-);Rahmen - Gepäckfach - Fußraumabdeckungen;6;p-9581;Reparaturblech Hupe/Kaskade -OEM QUALITÄT- Vespa V50, V90 (bis Bj. 1967), PV125 (bis 1967) - Befestigung Hupe 4-Schrauben
c-5211;Vespa 50 R (V5A1T 752189-);Rahmen - Gepäckfach - Fußraumabdeckungen;7;p-9581;Reparaturblech Hupe/Kaskade -OEM QUALITÄT- Vespa V50, V90 (bis Bj. 1967), PV125 (bis 1967) - Befestigung Hupe 4-Schrauben
c-5211;Vespa 50 R (V5A1T 752189-);Rahmen - Gepäckfach - Fußraumabdeckungen;8;p-270;Schriftzug Beinschild -OEM QUALITÄT- Vespa - Vespa PV125 (ab Bj. 1968), Vespa Rally200 (ab Bj. 1976), Vespa TS, Vespa V50 Special, Vespa PX (Bj. 1977-
c-5211;Vespa 50 R (V5A1T 752189-);Rahmen - Gepäckfach - Fußraumabdeckungen;9;p-244;Schriftzug Rahmen hinten -OEM QUALITÄT- Vespa 50 (Rechteck) - Vespa 50 Special (ab Bj. 1972)
c-5211;Vespa 50 R (V5A1T 752189-);Rahmen - Gepäckfach - Fußraumabdeckungen;11;p-9189;Haltefeder Werkzeugtasche im Gepäckfach -OEM QUALITÄT- Vespa PX, T5 125cc, V50, PV, ET3, PK
c-5211;Vespa 50 R (V5A1T 752189-);Rahmen - Gepäckfach - Fußraumabdeckungen;12;p-15696;Federring -DIN 127- M6
c-5211;Vespa 50 R (V5A1T 752189-);Rahmen - Gepäckfach - Fußraumabdeckungen;13;p-11258;Trittleistensatz -MAURO PASCOLI, Breite=20mm- Vespa V50, V50N, 1.Serie (-1964, V5A1T -36000) - Gummi (mit eingegossenen Hohlnieten)
c-5211;Vespa 50 R (V5A1T 752189-);Rahmen - Gepäckfach - Fußraumabdeckungen;14;p-11258;Trittleistensatz -MAURO PASCOLI, Breite=20mm- Vespa V50, V50N, 1.Serie (-1964, V5A1T -36000) - Gummi (mit eingegossenen Hohlnieten)
c-5211;Vespa 50 R (V5A1T 752189-);Rahmen - Gepäckfach - Fußraumabdeckungen;15;p-11258;Trittleistensatz -MAURO PASCOLI, Breite=20mm- Vespa V50, V50N, 1.Serie (-1964, V5A1T -36000) - Gummi (mit eingegossenen Hohlnieten)
c-5211;Vespa 50 R (V5A1T 752189-);Rahmen - Gepäckfach - Fußraumabdeckungen;16;p-11258;Trittleistensatz -MAURO PASCOLI, Breite=20mm- Vespa V50, V50N, 1.Serie (-1964, V5A1T -36000) - Gummi (mit eingegossenen Hohlnieten)
c-5211;Vespa 50 R (V5A1T 752189-);Rahmen - Gepäckfach - Fußraumabdeckungen;17;p-11258;Trittleistensatz -MAURO PASCOLI, Breite=20mm- Vespa V50, V50N, 1.Serie (-1964, V5A1T -36000) - Gummi (mit eingegossenen Hohlnieten)
c-5211;Vespa 50 R (V5A1T 752189-);Rahmen - Gepäckfach - Fußraumabdeckungen;18;p-15700;Schraube -DIN 933- M6 x 20mm (8.8 Festigkeit)
c-5211;Vespa 50 R (V5A1T 752189-);Rahmen - Gepäckfach - Fußraumabdeckungen;19;p-6934;Ständerbleche / Haltebleche Hauptständer -OEM QUALITÄT, Ø=20mm- Vespa GS160 (VSB1T), 50S (V5SA1T 50535-), V90 (V9A1T 57885-), V50 Elestart (V5A3T 5308
c-5211;Vespa 50 R (V5A1T 752189-);Rahmen - Gepäckfach - Fußraumabdeckungen;20;p-6934;Ständerbleche / Haltebleche Hauptständer -OEM QUALITÄT, Ø=20mm- Vespa GS160 (VSB1T), 50S (V5SA1T 50535-), V90 (V9A1T 57885-), V50 Elestart (V5A3T 5308
c-5211;Vespa 50 R (V5A1T 752189-);Rahmen - Gepäckfach - Fußraumabdeckungen;21;p-6934;Ständerbleche / Haltebleche Hauptständer -OEM QUALITÄT, Ø=20mm- Vespa GS160 (VSB1T), 50S (V5SA1T 50535-), V90 (V9A1T 57885-), V50 Elestart (V5A3T 5308
c-5211;Vespa 50 R (V5A1T 752189-);Rahmen - Gepäckfach - Fußraumabdeckungen;22;p-15692;Mutter selbstsichernd -DIN 985- M6
c-5211;Vespa 50 R (V5A1T 752189-);Rahmen - Gepäckfach - Fußraumabdeckungen;23;p-15064;Ständerfederlasche -PIAGGIO- Vespa PX, T5 125cc, PK S, PK XL, Sprint150 (VLB1T), Rally180 (VSD1T), Rally200 (VSE1T), Super, GT125 (VNL2T), GTR125 (VNL
c-5211;Vespa 50 R (V5A1T 752189-);Rahmen - Gepäckfach - Fußraumabdeckungen;24;p-15192;Hauptständer -OEM QUALITÄT, Ø=20mm- Vespa V50, V90, PV125, ET3 - Schwarz
c-5211;Vespa 50 R (V5A1T 752189-);Rahmen - Gepäckfach - Fußraumabdeckungen;25;p-44711;Ständerfüße -PREMIUM, Ø= 20mm- Vespa V50, V90, PV125, ET3 - Schwarz
c-5211;Vespa 50 R (V5A1T 752189-);Rahmen - Gepäckfach - Fußraumabdeckungen;26;p-15084;Gummipuffer Seitenklappe, Nupsi -VESPA- V50, V90, SS50, SS90, PV125, ET3 - Höhe 5mm (Einbauposition: Oben/Links+Rechts)
c-5211;Vespa 50 R (V5A1T 752189-);Rahmen - Gepäckfach - Fußraumabdeckungen;28;p-5098;Seitenklappenhebel -OEM QUALITÄT- Vespa V50, V90, SS50, SS90, PV125, ET3 - Aluminium
c-5211;Vespa 50 R (V5A1T 752189-);Rahmen - Gepäckfach - Fußraumabdeckungen;29;p-44660;Seitenklappe rechts -PREMIUM- Vespa Smallframe ab 1965 - V50 Special (V5A2T, V5B1T, V5B3T), PV125 (VMA2T), ET3 (VMB1T), V50 Elestart, SS50, SS90, 90 R
c-5211;Vespa 50 R (V5A1T 752189-);Rahmen - Gepäckfach - Fußraumabdeckungen;30;p-5098;Seitenklappenhebel -OEM QUALITÄT- Vespa V50, V90, SS50, SS90, PV125, ET3 - Aluminium
c-5211;Vespa 50 R (V5A1T 752189-);Rahmen - Gepäckfach - Fußraumabdeckungen;33;p-6927;Ständerfeder -OEM QUALITÄT- V50, V90, PV125, ET3
c-5211;Vespa 50 R (V5A1T 752189-);Rahmen - Gepäckfach - Fußraumabdeckungen;35;p-8621;Kantenschutz -PIAGGIO- Vespa V50, V90, PV125, ET3 - Aluminium
c-5211;Vespa 50 R (V5A1T 752189-);Rahmen - Gepäckfach - Fußraumabdeckungen;36;p-393;Seitenklappenaufhängung -PIAGGIO- Vespa V50 (V5A1T ab Nr. 70240), V50 S (V5SA1T ab Nr. 11765), V90 (V9A1T ab Nr.19975), SS50, SS90, PV125, ET3
c-5211;Vespa 50 R (V5A1T 752189-);Rahmen - Gepäckfach - Fußraumabdeckungen;37;p-9540;Federmutter für Schriftzüge -OEM QUALITÄT- Vespa (verwendet als Klammer für Schriftzüge)
c-5211;Vespa 50 R (V5A1T 752189-);Rahmen - Gepäckfach - Fußraumabdeckungen;38;p-15163;Werkzeugkasten - Werkzeugfach -OEM QUALITÄT-V50 N (V5A1T ab Nr. 92877), V50 R, V50 L, SS50, SS90, V50 Special, V90 (V9A1T ab Nr. 22235), PV125, ET3
c-5211;Vespa 50 R (V5A1T 752189-);Sitzbank, Tank;2;p-15091;Sitzbankbezug -OEM QUALITÄT- Vespa V50, PV125 - Keder grau
c-5211;Vespa 50 R (V5A1T 752189-);Sitzbank, Tank;3;p-7081;Sitzbankzapfen -OEM QUALITÄT- Vespa M7 x 26mm
c-5211;Vespa 50 R (V5A1T 752189-);Sitzbank, Tank;4;p-15072;Gummipuffer Sitzbank -OEM QUALITÄT- Vespa PX (bis Bj. 1997), T5 125cc, PKS, PK XL, V50, PV, ET3
c-5211;Vespa 50 R (V5A1T 752189-);Sitzbank, Tank;5;p-3027;Sitzbankbezug-Klammer -PIAGGIO- 7mm - Vespa V50, V90, PV125, ET3, PX, PK, Rally, Sprint, TS, GT, GTR
c-5211;Vespa 50 R (V5A1T 752189-);Sitzbank, Tank;6;p-3027;Sitzbankbezug-Klammer -PIAGGIO- 7mm - Vespa V50, V90, PV125, ET3, PX, PK, Rally, Sprint, TS, GT, GTR
c-5211;Vespa 50 R (V5A1T 752189-);Sitzbank, Tank;7;p-2933;Schraube M6 x 10mm (verwendet für Vergaserwannenbefestigung PX Lusso/Cosa/T5)
c-5211;Vespa 50 R (V5A1T 752189-);Sitzbank, Tank;8;p-12065;Unterlegscheibe 6,5x16x1,5mm -PIAGGIO- (verwendet für Kotflügel Vespa PX)
c-5211;Vespa 50 R (V5A1T 752189-);Sitzbank, Tank;9;p-12065;Unterlegscheibe 6,5x16x1,5mm -PIAGGIO- (verwendet für Kotflügel Vespa PX)
c-5211;Vespa 50 R (V5A1T 752189-);Sitzbank, Tank;10;p-15690;Mutter -DIN 934- M6
c-5211;Vespa 50 R (V5A1T 752189-);Sitzbank, Tank;11;p-15690;Mutter -DIN 934- M6
c-5211;Vespa 50 R (V5A1T 752189-);Sitzbank, Tank;12;p-12067;Sitzbankfeder -PIAGGIO- Vespa PV 125, V50, ET3, PK, PK S, PK S Lusso, PX, Rally, Sprint, TS
c-5211;Vespa 50 R (V5A1T 752189-);Sitzbank, Tank;13;p-15700;Schraube -DIN 933- M6 x 20mm (8.8 Festigkeit)
c-5211;Vespa 50 R (V5A1T 752189-);Sitzbank, Tank;14;p-15711;Federring -DIN 127- M7
c-5211;Vespa 50 R (V5A1T 752189-);Sitzbank, Tank;15;p-15711;Federring -DIN 127- M7
c-5211;Vespa 50 R (V5A1T 752189-);Sitzbank, Tank;16;p-15711;Federring -DIN 127- M7
c-5211;Vespa 50 R (V5A1T 752189-);Sitzbank, Tank;17;p-15711;Federring -DIN 127- M7
c-5211;Vespa 50 R (V5A1T 752189-);Sitzbank, Tank;18;p-8997;Gepäckbrücke -CUPPINI- Vespa V50, V90, PV125, ET3 - offen, unlackiert
c-5211;Vespa 50 R (V5A1T 752189-);Sitzbank, Tank;19;p-3846;Sitzbankriemen -MAURO PASCOLI- Vespa V50, PV, ET3 - Schwarz - 400mm x 22mm
c-5211;Vespa 50 R (V5A1T 752189-);Sitzbank, Tank;20;p-2981;Unterlegscheibe Karosserie -DIN 9021- M6 -6,4 x 18 x 1,6mm (verwendet für z.B. Sitzbankriemen Vespa PX Lusso, MY, 2011)
c-5211;Vespa 50 R (V5A1T 752189-);Sitzbank, Tank;21;p-385;Schraube -DIN 7985 ähnlich- M6 x 25mm (verwendet für Sitzbankriemen Vespa PX, T5 125cc)
c-5211;Vespa 50 R (V5A1T 752189-);Sitzbank, Tank;22;p-12222;Dichtung Tankdeckel -ROLLERLADEN- Vespa V50, PV125, ET3, Motovespa 125/150/160 - Kork
c-5211;Vespa 50 R (V5A1T 752189-);Sitzbank, Tank;24;p-6889;Tankdeckel -OEM QUALITÄT- Vespa V50, V90, SS50, SS90, PV125, ET3, Motovespa 125/150/160
c-5211;Vespa 50 R (V5A1T 752189-);Sitzbank, Tank;25;p-6864;Mutter Benzinhahn/Tank -VESPA- PX, Sprint150 (VLB1T), Rally180 (VSD1T), Rally200 (VSE1T), GT125 (VNL2T), GTR125 (VNL2T), GL150 (VLA1T), Super, VNB, VN
c-5211;Vespa 50 R (V5A1T 752189-);Sitzbank, Tank;27;p-31304;Tankdeckelverschluss Augbolzen -OEM QUALITÄT- Vespa PX80, PX125, PX150, PX200 (-1984), Vespa 125 - VNB1T - VNB6T, Vespa 150 - VBB1T - VBB2T, GS160 / G
c-5211;Vespa 50 R (V5A1T 752189-);Sitzbank, Tank;28;p-11769;Niet für Tankdeckel -OEM QUALITÄT- Vespa PX (-1984), Rally, Sprint, Sprint Veloce, TS, GT, GTR, SS180, GS160, GL, Super, GS150, VNA, VNB, VBA, VBB, Wi
c-5211;Vespa 50 R (V5A1T 752189-);Sitzbank, Tank;29;p-19;Mutter für Tankdeckelverschluss - Rändelmutter - VESPA - V50, V90, SS50, SS90, PV125, ET3, VNA, Super, GL150 (VLA1T), GT125 (VNL2T), GTR125 (VNL2T), T
c-5211;Vespa 50 R (V5A1T 752189-);Sitzbank, Tank;30;p-11281;Schraubknopf für Sattel -OEM QUALITÄT, vorne- Vespa V50, PV125, ET3
c-5211;Vespa 50 R (V5A1T 752189-);Sitzbank, Tank;32;p-15778;Mutter flach -DIN 439- M10 x 1,50 (verwendet für Traversenschraube Vespa V50, PV125, ET3, PK, verwendet für Stoßdämpfer/Motor Vespa PX (ab Bj. 1984), 
c-5211;Vespa 50 R (V5A1T 752189-);Sitzbank, Tank;36;p-11476;Sattelbezug - Satteldecke -NISA- Vespa 50 (ab Fgst.Nr. 122876)
c-5211;Vespa 50 R (V5A1T 752189-);Sitzbank, Tank;38;p-15727;Federring -DIN 127- M8
c-5211;Vespa 50 R (V5A1T 752189-);Sitzbank, Tank;39;p-15760;Schraube -DIN 933- M8 x 25mm (8.8 Festigkeit)
c-5211;Vespa 50 R (V5A1T 752189-);Sitzbank, Tank;40;p-15754;Schraube -DIN 933- M7 x 20mm (8.8 Festigkeit)
c-5211;Vespa 50 R (V5A1T 752189-);Sitzbank, Tank;41;p-15754;Schraube -DIN 933- M7 x 20mm (8.8 Festigkeit)
c-5211;Vespa 50 R (V5A1T 752189-);Sitzbank, Tank;42;p-15754;Schraube -DIN 933- M7 x 20mm (8.8 Festigkeit)
c-5211;Vespa 50 R (V5A1T 752189-);Sitzbank, Tank;43;p-15709;Unterlegscheibe -DIN 125- M7
c-5211;Vespa 50 R (V5A1T 752189-);Sitzbank, Tank;44;p-15709;Unterlegscheibe -DIN 125- M7
c-5211;Vespa 50 R (V5A1T 752189-);Sitzbank, Tank;45;p-15709;Unterlegscheibe -DIN 125- M7
c-5211;Vespa 50 R (V5A1T 752189-);Sitzbank, Tank;48;p-6920;Benzinhahnhebel -OEM QUALITÄT- Vespa V50, V90, SS50, SS90, PV125, ET3 - Kunstoff
c-5211;Vespa 50 R (V5A1T 752189-);Sitzbank, Tank;49;p-6500;Gummiring Benzinhahnhebel -OEM QUALITÄT- Vespa PX alt (-1984), Largeframe (-1984), Smallframe - Schwarz
c-5211;Vespa 50 R (V5A1T 752189-);Sitzbank, Tank;50;p-12058;Silentbuchse für Benzinhahnhebel -PIAGGIO- Vespa PX, T5 125ccm, Rally, Sprint, TS, PV125, V50, PK S, PK XL
c-5211;Vespa 50 R (V5A1T 752189-);Sitzbank, Tank;53;p-6504;Splint Benzinhahn -VESPA- PX, Sprint150 (VLB1T), Rally180 (VSD1T), Rally200 (VSE1T), GT125 (VNL2T), GTR125 (VNL2T), GL150 (VLA1T), Super, VNB, VNA , V
c-5211;Vespa 50 R (V5A1T 752189-);Sitzbank, Tank;54;p-11959;Schieber für Benzinhahn -PIAGGIO- Vespa PX, T5 125ccm, PK, V50, PV, ET3, Rally, Sprint, GT, GTR
c-5211;Vespa 50 R (V5A1T 752189-);Sitzbank, Tank;55;p-11966;Unterlegscheibe -PIAGGIO- 3,7x9,0x0,5mm (verwendet für Tacho Vespa PK XL2)
c-5211;Vespa 50 R (V5A1T 752189-);Sitzbank, Tank;56;p-2343;Benzinhahn -PIAGGIO- Vespa V50, V90, PV125, ET3
c-5211;Vespa 50 R (V5A1T 752189-);Sitzbank, Tank;59;p-10828;Benzinschlauch -PIAGGIO- Ø innen = 7mm, Ø aussen = 14mm, l = 750mm - passend für alle Vespa Schaltrollermodelle, Lambretta Serie 1-3
c-5211;Vespa 50 R (V5A1T 752189-);Sitzbank, Tank;60;p-6863;Dichtung Benzinhahn/Tank -PIAGGIO- Vespa (ab Bj. 1950)
c-5211;Vespa 50 R (V5A1T 752189-);Sitzbank, Tank;62;p-15719;Mutter -DIN 934- M8
c-5211;Vespa 50 R (V5A1T 752189-);Sitzbank, Tank;66;p-15709;Unterlegscheibe -DIN 125- M7
c-5211;Vespa 50 R (V5A1T 752189-);Sitzbank, Tank;69;p-6547;Federscheibe gewellt -DIN 137 Stahl verzinkt- M6
c-5211;Vespa 50 R (V5A1T 752189-);Sitzbank, Tank;70;p-15682;Mutter -DIN 934- M5
c-5211;Vespa 50 R (V5A1T 752189-);Sitzbank, Tank;71;p-15709;Unterlegscheibe -DIN 125- M7
c-5211;Vespa 50 R (V5A1T 752189-);Vergaser - Luftfilter;1;p-15690;Mutter -DIN 934- M6
c-5211;Vespa 50 R (V5A1T 752189-);Vergaser - Luftfilter;2;p-15690;Mutter -DIN 934- M6
c-5211;Vespa 50 R (V5A1T 752189-);Vergaser - Luftfilter;3;p-11320;Unterlegscheibe M6 DIN 433 ähnlich - kleinerer Außendurchmesser für Befestigung Lufteintrittshaube -LAMBRETTA- LI, LIS, SX, TV, DL, GP, Motorgehäuse L
c-5211;Vespa 50 R (V5A1T 752189-);Vergaser - Luftfilter;4;p-11902;Dichtung Auspuffkrümmer/Zylinder -PIAGGIO, M6 Lochstich 52mm- Vespa 50 (V5A1T, V5N1T, V5B2T), 50N (V5A1T, V5B3T), 50 Special (V5B1T), Vespa 90 (V9A1T)
c-5211;Vespa 50 R (V5A1T 752189-);Vergaser - Luftfilter;5;p-11902;Dichtung Auspuffkrümmer/Zylinder -PIAGGIO, M6 Lochstich 52mm- Vespa 50 (V5A1T, V5N1T, V5B2T), 50N (V5A1T, V5B3T), 50 Special (V5B1T), Vespa 90 (V9A1T)
c-5211;Vespa 50 R (V5A1T 752189-);Vergaser - Luftfilter;6;p-11902;Dichtung Auspuffkrümmer/Zylinder -PIAGGIO, M6 Lochstich 52mm- Vespa 50 (V5A1T, V5N1T, V5B2T), 50N (V5A1T, V5B3T), 50 Special (V5B1T), Vespa 90 (V9A1T)
c-5211;Vespa 50 R (V5A1T 752189-);Vergaser - Luftfilter;7;p-15143;Auspuffkrümmer -OEM QUALITÄT- für standard Auspuff - Vespa Smallframe V50, PK50/PK80 S, PK50/PK80 XL, PK50 XL2, PK50 HP, PK50 FL, PK 50 Automatik - Al
c-5211;Vespa 50 R (V5A1T 752189-);Vergaser - Luftfilter;8;p-362;Federscheibe gewellt -PIAGGIO- Stahl verzinkt- M6 - verwendet für Zylinderhaube Smallframe, Druckfeder Chokehebel
c-5211;Vespa 50 R (V5A1T 752189-);Vergaser - Luftfilter;9;p-362;Federscheibe gewellt -PIAGGIO- Stahl verzinkt- M6 - verwendet für Zylinderhaube Smallframe, Druckfeder Chokehebel
c-5211;Vespa 50 R (V5A1T 752189-);Vergaser - Luftfilter;10;p-44662;Gummiteileset -PREMIUM- für Vespa 50 N/​L/​R/​S, V90, PV​125 1° Serie (VMA1) - Grau
c-5211;Vespa 50 R (V5A1T 752189-);Vergaser - Luftfilter;11;p-15141;Klemmring Gusskappe -OEM QUALITÄT- Vespa Smallframe
c-5211;Vespa 50 R (V5A1T 752189-);Vergaser - Luftfilter;12;p-15408;Gussschutzkappe -OEM QUALITÄT- Vespa V50 - Vergaser Ø=16mm
c-5211;Vespa 50 R (V5A1T 752189-);Vergaser - Luftfilter;14;p-15696;Federring -DIN 127- M6
c-5211;Vespa 50 R (V5A1T 752189-);Vergaser - Luftfilter;15;p-15678;Federring -DIN 127- M4
c-5211;Vespa 50 R (V5A1T 752189-);Vergaser - Luftfilter;16;p-15678;Federring -DIN 127- M4
c-5211;Vespa 50 R (V5A1T 752189-);Vergaser - Luftfilter;18;p-13981;Dichtung Ansaugstutzen -OEM QUALITÄT- Vespa V50, PV125, ET3, PK50, PK80, PK125 S
c-5211;Vespa 50 R (V5A1T 752189-);Vergaser - Luftfilter;19;p-10868;Luftfilter -OEM QUALITÄT- Vespa V50 (1. Serie) (Dellorto SHBC 16mm)
c-5211;Vespa 50 R (V5A1T 752189-);Vergaser - Luftfilter;20;p-515;Mutter für Gaszughebel -PIAGGIO- SHB - SW=8
c-5211;Vespa 50 R (V5A1T 752189-);Vergaser - Luftfilter;21;p-3497;Gummi Vergaserwannendeckel -PIAGGIO- Vespa Largeframe (ab Bj. 1958)
c-5211;Vespa 50 R (V5A1T 752189-);Vergaser - Luftfilter;22;p-15026;Splint -DIN 94- Ø=2,0mm - 20mm - verwendet für Bolzen Klemmplättchen / Bremsarm hinten Vespa PX, Sprint, Rally, V50, PV125, ET3 etc.
c-5211;Vespa 50 R (V5A1T 752189-);Vergaser - Luftfilter;27;p-446;Luftfiltereinsatz - Drahtgewebe -PIAGGIO- Vespa V50 N/L/R/S, V50 Special,V90, SS90, PV125, ET3 (Dellorto SHBC 16-19mm)
c-5211;Vespa 50 R (V5A1T 752189-);Vergaser - Luftfilter;30;p-9429;Vergaser -DELLORTO 16/10mm SHB- Vespa V50
c-5211;Vespa 50 R (V5A1T 752189-);Vergaser - Luftfilter;31;p-515;Mutter für Gaszughebel -PIAGGIO- SHB - SW=8
c-5211;Vespa 50 R (V5A1T 752189-);Vergaser - Luftfilter;32;p-4841;Schraube Schieberdeckel -PIAGGIO- Vergaser SI DellOrto - SI20/15, SI20/17, SI20/20, SI24/24, SI26/27
c-5211;Vespa 50 R (V5A1T 752189-);Vergaser - Luftfilter;35;p-18517;Vergaserdeckel -DELLORTO- SHB 16 (Typ Vespa V50)
c-5211;Vespa 50 R (V5A1T 752189-);Vergaser - Luftfilter;36;p-389;Einstellschraube - Gaszugführung -PIAGGIO- M5 x 0,75 - 0° - ohne Kontermutter
c-5211;Vespa 50 R (V5A1T 752189-);Vergaser - Luftfilter;37;p-389;Einstellschraube - Gaszugführung -PIAGGIO- M5 x 0,75 - 0° - ohne Kontermutter
c-5211;Vespa 50 R (V5A1T 752189-);Vergaser - Luftfilter;38;p-7143;Dichtsatz Vergaser -DELLORTO- SHBC 16
c-5211;Vespa 50 R (V5A1T 752189-);Vergaser - Luftfilter;40;p-18506;Gasschieber -DELLORTO SHB 16- 6231-1
c-5211;Vespa 50 R (V5A1T 752189-);Vergaser - Luftfilter;41;p-7021;Gasschieberfeder -DELLORTO- SHBC 16
c-5211;Vespa 50 R (V5A1T 752189-);Vergaser - Luftfilter;42;p-7142;Dichtsatz Vergaser -DELLORTO- SHB 19 Vespa PV125, ET3
c-5211;Vespa 50 R (V5A1T 752189-);Vergaser - Luftfilter;43;p-7027;Schraube Benzinbanjo -DELLORTO- SHB16/10, SHB16/16
c-5211;Vespa 50 R (V5A1T 752189-);Vergaser - Luftfilter;45;p-18504;Benzinbanjo -DELLORTO- SHB 16
c-5211;Vespa 50 R (V5A1T 752189-);Vergaser - Luftfilter;46;p-18503;Benzinfilter -DELLORTO- SHB16-Vergaser- Vespa V50, 50N, 50L, 50R, Special, 50SR, Sprinter, SS50, V90, SS90, 90 Racer
c-5211;Vespa 50 R (V5A1T 752189-);Vergaser - Luftfilter;51;p-12129;Chokedüse -DELLORTO (Typ: 6217) SHB- 50
c-5211;Vespa 50 R (V5A1T 752189-);Vergaser - Luftfilter;52;p-7051;Schwimmernadel -DELLORTO, dreieckig- SHBC (Vespa V50, PV,ET3), SHA (Ciao, Bravo, SI), PHBG, PHVA, PHVB, PHBN, FHBB - ungefedert
c-5211;Vespa 50 R (V5A1T 752189-);Vergaser - Luftfilter;54;p-7057;Schwimmerstift -DELLORTO- SHB, SI
c-5211;Vespa 50 R (V5A1T 752189-);Vergaser - Luftfilter;55;p-18510;Schwimmer -DELLORTO- SHB
c-5211;Vespa 50 R (V5A1T 752189-);Vergaser - Luftfilter;56;p-7143;Dichtsatz Vergaser -DELLORTO- SHBC 16
c-5211;Vespa 50 R (V5A1T 752189-);Vergaser - Luftfilter;57;p-18513;Schwimmerkammer -DELLORTO- SHB / SHBC 16mm-19mm
c-5211;Vespa 50 R (V5A1T 752189-);Vergaser - Luftfilter;58;p-18516;Schraube Schwimmerkammer -DELLORTO- SHB, PHVA, PHVB, PHBN
c-5211;Vespa 50 R (V5A1T 752189-);Vergaser - Luftfilter;59;p-2414;Nebendüse -DELLORTO (Typ: 3360) SH / SHA / SHB- 38
c-5211;Vespa 50 R (V5A1T 752189-);Vergaser - Luftfilter;60;p-18512;Feder Gemischeinstellschraube -DELLORTO- SHB, SHBC, PHBG
c-5211;Vespa 50 R (V5A1T 752189-);Vergaser - Luftfilter;61;p-7070;Gemischeinstellschraube -DELLORTO- SHB, SHBC - Gewinde M4 x 0,75mm, L=27mm - dicke Spitze
c-5211;Vespa 50 R (V5A1T 752189-);Vergaser - Luftfilter;62;p-15441;Vergaserschelle -DELLORTO Ø=34mm- SHBC 16 (Typ Vespa)
c-5211;Vespa 50 R (V5A1T 752189-);Vergaser - Luftfilter;65;p-15378;Unterlegscheibe -DIN 125- M10
c-5211;Vespa 50 R (V5A1T 752189-);Vergaser - Luftfilter;66;p-15757;Federring -DIN 127- M10
c-5211;Vespa 50 R (V5A1T 752189-);Vergaser - Luftfilter;67;p-9780;Schraube -DIN 933- M10 x 30mm (verwendet als Auspuffschraube Vespa V50, V90, PV125, ET3)
c-5211;Vespa 50 R (V5A1T 752189-);Vergaser - Luftfilter;68;p-16367;Auspuff -BGM PRO TOURING Box- Vespa V50, 50 Special, 50 N, 50 S, 50 L, 50 R
c-5211;Vespa 50 R (V5A1T 752189-);Vergaser - Luftfilter;69;p-16367;Auspuff -BGM PRO TOURING Box- Vespa V50, 50 Special, 50 N, 50 S, 50 L, 50 R
c-5211;Vespa 50 R (V5A1T 752189-);Vergaser - Luftfilter;70;p-12127;Feder Einstellschraube Gaszug am Vergaser -DELLORTO- SHB
c-5211;Vespa 50 R (V5A1T 752189-);Vergaser - Luftfilter;71;p-15692;Mutter selbstsichernd -DIN 985- M6
c-5223;Vespa 50 (V5SA1T -69601);Bowdenzüge;1;p-9818;Lötnippel -UNIVERSAL- Nippel Ø=3,0mm x 3mm
c-5223;Vespa 50 (V5SA1T -69601);Bowdenzüge;4;p-6449;Endkappe für Außenzug -UNIVERSAL- Øinnen=4mm
c-5223;Vespa 50 (V5SA1T -69601);Bowdenzüge;5;p-6449;Endkappe für Außenzug -UNIVERSAL- Øinnen=4mm
c-5223;Vespa 50 (V5SA1T -69601);Bowdenzüge;6;p-6449;Endkappe für Außenzug -UNIVERSAL- Øinnen=4mm
c-5223;Vespa 50 (V5SA1T -69601);Bowdenzüge;7;p-6449;Endkappe für Außenzug -UNIVERSAL- Øinnen=4mm
c-5223;Vespa 50 (V5SA1T -69601);Bowdenzüge;8;p-6449;Endkappe für Außenzug -UNIVERSAL- Øinnen=4mm
c-5223;Vespa 50 (V5SA1T -69601);Bowdenzüge;9;p-6449;Endkappe für Außenzug -UNIVERSAL- Øinnen=4mm
c-5223;Vespa 50 (V5SA1T -69601);Bowdenzüge;10;p-10817;Aussenhülle -VESPA Vintage- Ø innen = 2,0mm, Ø aussen = 4,4mm (5m) - Grau
c-5223;Vespa 50 (V5SA1T -69601);Bowdenzüge;11;p-10817;Aussenhülle -VESPA Vintage- Ø innen = 2,0mm, Ø aussen = 4,4mm (5m) - Grau
c-5223;Vespa 50 (V5SA1T -69601);Bowdenzüge;12;p-6548;Zug universal innen -Ø=1,2mm x 2000mm, Nippel Ø=5,5mm x 7mm- verwendet als Gaszug - gedreht
c-5223;Vespa 50 (V5SA1T -69601);Bowdenzüge;14;p-6432;Endhülse für Zug -UNIVERSAL- Øinnen=7,2mm
c-5223;Vespa 50 (V5SA1T -69601);Bowdenzüge;15;p-6432;Endhülse für Zug -UNIVERSAL- Øinnen=7,2mm
c-5223;Vespa 50 (V5SA1T -69601);Bowdenzüge;16;p-6432;Endhülse für Zug -UNIVERSAL- Øinnen=7,2mm
c-5223;Vespa 50 (V5SA1T -69601);Bowdenzüge;17;p-6432;Endhülse für Zug -UNIVERSAL- Øinnen=7,2mm
c-5223;Vespa 50 (V5SA1T -69601);Bowdenzüge;18;p-10818;Aussenhülle -VESPA Vintage- Ø innen = 2,4mm, Ø aussen = 5,0mm (5m) - Grau
c-5223;Vespa 50 (V5SA1T -69601);Bowdenzüge;21;p-6423;Zug universal innen -Ø=1,9mm x 2000mm, Nippel Birnentyp- verwendet als Kupplungszug, Bremszug vorne - gedreht
c-5223;Vespa 50 (V5SA1T -69601);Bowdenzüge;22;p-9816;Birnennippeladapter -PIAGGIO- Nippel Ø=8x8mm - Vespa PX, T5 125ccm, Rally, Sprint, VBB, VNB, VNA, VBA, Super, TS, GT, GTR, V50, 50N, SS50, SS90, V90, 
c-5223;Vespa 50 (V5SA1T -69601);Bowdenzüge;23;p-9816;Birnennippeladapter -PIAGGIO- Nippel Ø=8x8mm - Vespa PX, T5 125ccm, Rally, Sprint, VBB, VNB, VNA, VBA, Super, TS, GT, GTR, V50, 50N, SS50, SS90, V90, 
c-5223;Vespa 50 (V5SA1T -69601);Bowdenzüge;25;p-6529;Tachowelle -PIAGGIO- Vespa V50, PV125
c-5223;Vespa 50 (V5SA1T -69601);Bowdenzüge;28;p-6423;Zug universal innen -Ø=1,9mm x 2000mm, Nippel Birnentyp- verwendet als Kupplungszug, Bremszug vorne - gedreht
c-5223;Vespa 50 (V5SA1T -69601);Bowdenzüge;29;p-10819;Aussenhülle -VESPA Vintage- Ø innen = 3,0mm, Ø aussen = 5,5mm (5m) - Grau
c-5223;Vespa 50 (V5SA1T -69601);Bowdenzüge;30;p-10817;Aussenhülle -VESPA Vintage- Ø innen = 2,0mm, Ø aussen = 4,4mm (5m) - Grau
c-5223;Vespa 50 (V5SA1T -69601);Bowdenzüge;31;p-10817;Aussenhülle -VESPA Vintage- Ø innen = 2,0mm, Ø aussen = 4,4mm (5m) - Grau
c-5223;Vespa 50 (V5SA1T -69601);Bowdenzüge;32;p-35201;Schraubenschlüssel, Doppel-Maulschlüssel -TOPTUL- 8x9mm SLIMLINE- verwendet zur Befestigung Klemmnippel Schaltraste Vespa
c-5223;Vespa 50 (V5SA1T -69601);Bowdenzüge;33;p-35201;Schraubenschlüssel, Doppel-Maulschlüssel -TOPTUL- 8x9mm SLIMLINE- verwendet zur Befestigung Klemmnippel Schaltraste Vespa
c-5223;Vespa 50 (V5SA1T -69601);Bowdenzüge;34;p-1307;Bremspedalbolzen -VESPA- V50, V90, SS50, SS90, PV125, ET3 (bis Nr. 52720), PX (Bj. 1977)
c-5223;Vespa 50 (V5SA1T -69601);Bowdenzüge;35;p-15026;Splint -DIN 94- Ø=2,0mm - 20mm - verwendet für Bolzen Klemmplättchen / Bremsarm hinten Vespa PX, Sprint, Rally, V50, PV125, ET3 etc.
c-5223;Vespa 50 (V5SA1T -69601);Bowdenzüge;36;p-6937;Bremspedalfeder -VESPA- PX, T5 125cc, PK, V50, V90, SS50, SS90, PV125, ET3
c-5223;Vespa 50 (V5SA1T -69601);Bowdenzüge;37;p-9892;Bremspedalgummi -PIAGGIO- Vespa V50, PV, ET3 - Schwarz
c-5223;Vespa 50 (V5SA1T -69601);Bowdenzüge;39;p-11964;Sicherungsstift - Spannstift -PIAGGIO- 3x18mm (verwendet für Kupplungsarm Vespa V50, PV125, ET3)
c-5223;Vespa 50 (V5SA1T -69601);Bowdenzüge;40;p-15700;Schraube -DIN 933- M6 x 20mm (8.8 Festigkeit)
c-5223;Vespa 50 (V5SA1T -69601);Bowdenzüge;41;p-15694;Unterlegscheibe -DIN 125- M6
c-5223;Vespa 50 (V5SA1T -69601);Bowdenzüge;42;p-15694;Unterlegscheibe -DIN 125- M6
c-5223;Vespa 50 (V5SA1T -69601);Bowdenzüge;43;p-15696;Federring -DIN 127- M6
c-5223;Vespa 50 (V5SA1T -69601);Bowdenzüge;44;p-15696;Federring -DIN 127- M6
c-5223;Vespa 50 (V5SA1T -69601);Bowdenzüge;45;p-15690;Mutter -DIN 934- M6
c-5223;Vespa 50 (V5SA1T -69601);Bowdenzüge;47;p-13137;Kastenmutter -M6- verwendet für Befestigung Spannungsregler und Bremspedal Vespa PX, T5, PK, Cosa
c-5223;Vespa 50 (V5SA1T -69601);Bowdenzüge;48;p-13137;Kastenmutter -M6- verwendet für Befestigung Spannungsregler und Bremspedal Vespa PX, T5, PK, Cosa
c-5223;Vespa 50 (V5SA1T -69601);Bowdenzüge;49;p-6936;Bremspedalbolzen Ø=5,5x21,5mm -PIAGGIO- Vespa PX, T5 125cc, PK, V50, V90, SS50, SS90, PV125, ET3 - verwendet zur Befestigung des Bremszuges im Pedal (
c-5223;Vespa 50 (V5SA1T -69601);Bowdenzüge;50;p-1824;Gummi Rahmen/Bremspedal -OEM QUALITÄT- Vespa V50, V90, PV, PX alt (-1984) - runde Form
c-5223;Vespa 50 (V5SA1T -69601);Bowdenzüge;51;p-15026;Splint -DIN 94- Ø=2,0mm - 20mm - verwendet für Bolzen Klemmplättchen / Bremsarm hinten Vespa PX, Sprint, Rally, V50, PV125, ET3 etc.
c-5223;Vespa 50 (V5SA1T -69601);Bowdenzüge;55;p-6438;Klemmschraube Bremszug hinten -PIAGGIO- Vespa V50, V90, SS50, SS90, PV125, ET3, VNA, VNB, VBA, VBB, Super, GL150 (VLA1T), GT125 (VNL2T), GTR125 (VNL2T
c-5223;Vespa 50 (V5SA1T -69601);Bowdenzüge;56;p-10820;Aussenhülle -VESPA Vintage- Ø innen = 4,3mm, Ø aussen = 6,5mm (5m) - Grau
c-5223;Vespa 50 (V5SA1T -69601);Bowdenzüge;57;p-6515;Endkappe für Außenzug -UNIVERSAL- Øinnen=7mm
c-5223;Vespa 50 (V5SA1T -69601);Bowdenzüge;58;p-6428;Bremszug hinten innen -OEM QUALITÄT, Ø=2,9mm mit Öse- Vespa PX, V50, PV125, ET3
c-5223;Vespa 50 (V5SA1T -69601);Bowdenzüge;60;p-17327;Chokezug -BGM PRO- Vespa Smallframe, 300/380mm, Tonne 3x3mm
c-5223;Vespa 50 (V5SA1T -69601);Bowdenzüge;62;p-9807;Schaltzug -PIAGGIO- Vespa V50, PV125, ET3
c-5223;Vespa 50 (V5SA1T -69601);Bowdenzüge;63;p-9803;Kupplungszug -PIAGGIO- Vespa V50, PV125, ET3
c-5223;Vespa 50 (V5SA1T -69601);Bowdenzüge;64;p-6529;Tachowelle -PIAGGIO- Vespa V50, PV125
c-5223;Vespa 50 (V5SA1T -69601);Bowdenzüge;65;p-9792;Bremszug vorne -PIAGGIO- Vespa V50, PV125, ET3
c-5223;Vespa 50 (V5SA1T -69601);Bowdenzüge;67;p-362;Federscheibe gewellt -PIAGGIO- Stahl verzinkt- M6 - verwendet für Zylinderhaube Smallframe, Druckfeder Chokehebel
c-5223;Vespa 50 (V5SA1T -69601);Bowdenzüge;69;p-15696;Federring -DIN 127- M6
c-5223;Vespa 50 (V5SA1T -69601);Bowdenzüge;70;p-15690;Mutter -DIN 934- M6
c-5223;Vespa 50 (V5SA1T -69601);Bowdenzüge;71;p-3120;Chokehebel am Rahmen -OEM QUALITÄT- Vespa PK S, PK XL - flaches Blech
c-5223;Vespa 50 (V5SA1T -69601);Bowdenzüge;72;p-5621;Gummi Rahmen/Schalt-Kupplungszug -IMPORT- Vespa V50, V90, PV, ET3
c-5223;Vespa 50 (V5SA1T -69601);Bowdenzüge;73;p-11542;Schutzhülle Gangseilzüge -PIAGGIO- Vespa PX, T5 125ccm, Rally, TS, Sprint, GT, GTR, SS180, GS160, GL, Super, VNA, VNB, VBA, VBB) - schwarz
c-5223;Vespa 50 (V5SA1T -69601);Bowdenzüge;74;p-11795;Schlauchklemme -UNIVERSAL- Ø = 14mm - verwendet z.B. für Benzinschlauch Vespa Klassik Largeframe (Vespa PX, Rally, Sprint, GT, GTR, Super, VNA, VNB, V
c-5223;Vespa 50 (V5SA1T -69601);Bowdenzüge;75;p-11624;Klammer zur Führung der Schaltzüge -PIAGGIO- Vespa PX, T5 125ccm, Rally, TS, Sprint, Sprint Veloce, GT, GTR, GL, Super, SS180, V50, PV125, ET3, PK S, 
c-5223;Vespa 50 (V5SA1T -69601);Bowdenzüge;76;p-15701;Schraube -DIN 933- M6 x 25mm (8.8 Festigkeit)
c-5223;Vespa 50 (V5SA1T -69601);Gabel, Vorderrad;1;p-15319;Schraube Felge M10 -OEM QUALITÄT- Vespa V50 (V5A1T bis Nr. 752188), V5SS2T, V5R1T, V90 (V9A1T) - Modelle mit 4-Loch Felge
c-5223;Vespa 50 (V5SA1T -69601);Gabel, Vorderrad;2;p-8331;Bremstrommel vorne 9 Zoll + 10 Zoll -PREDIERI & ABBATE- Vespa Smallframe 1963-1984 - V50 N (V5A1T), V50 S (V5SA1T), V50 L (V5A1T), SR50 (V, V50 R (V5A
c-5223;Vespa 50 (V5SA1T -69601);Gabel, Vorderrad;3;p-8331;Bremstrommel vorne 9 Zoll + 10 Zoll -PREDIERI & ABBATE- Vespa Smallframe 1963-1984 - V50 N (V5A1T), V50 S (V5SA1T), V50 L (V5A1T), SR50 (V, V50 R (V5A
c-5223;Vespa 50 (V5SA1T -69601);Gabel, Vorderrad;4;p-4089;Zentrierstift - Pin für Bremstrommel 9 (geschlossener Felgentyp) -OEM QUALITÄT- Vespa V50 R (V5A1T bis Nr. 752188), V50 N, V50 S, V50 L, SR50, V90
c-5223;Vespa 50 (V5SA1T -69601);Gabel, Vorderrad;5;p-367;Bremstrommelflansch / Achse vorne -OEM QUALITÄT- Vespa V50(N) (bis Bj 1971), V50 L, V50 S, V90
c-5223;Vespa 50 (V5SA1T -69601);Gabel, Vorderrad;6;p-367;Bremstrommelflansch / Achse vorne -OEM QUALITÄT- Vespa V50(N) (bis Bj 1971), V50 L, V50 S, V90
c-5223;Vespa 50 (V5SA1T -69601);Gabel, Vorderrad;7;p-1459;Wellendichtring 17x40x7mm - (verwendet für Vorderrad Rally180 (VSD1T), Rally200 (VSE1T), Sprint150 (VLB1T), TS125 (VNL3T), GT125 (VNL2T), GTR125 (VNL2
c-5223;Vespa 50 (V5SA1T -69601);Gabel, Vorderrad;8;p-1;Seegerring -BOHRUNG DIN472- Ø=40mm - (verwendet für Radlager 6203 in Schwinge V50, 50N, PV125, Sprint, Rally, VBB)
c-5223;Vespa 50 (V5SA1T -69601);Gabel, Vorderrad;9;p-13920;Kugellager -6203- (17x40x12mm) - (verwendet für Kurbelwelle Lambretta A, B, C, LC)
c-5223;Vespa 50 (V5SA1T -69601);Gabel, Vorderrad;10;p-354;Kronenmutter Schwinge/Vorderradlager -VESPA- V50, V90, SS50, SS90, PV125, ET3
c-5223;Vespa 50 (V5SA1T -69601);Gabel, Vorderrad;11;p-14286;Kugellager -6201- (12x32x10mm) - (verwendet für Vorderrad Lambretta alle, Vespa PX (bis Bj. 1982) - Getriebe Lambretta A, B, C, LC, D, LD)
c-5223;Vespa 50 (V5SA1T -69601);Gabel, Vorderrad;12;p-15047;Tachoschnecke auf Welle -BGM ORIGINAL- Vespa 10 Zähne, Ø=22,8mm, Kunststoff (passend für Tachoschnecke 8 Zähne) - (verwendet in Vespa V50, V90, PV125,
c-5223;Vespa 50 (V5SA1T -69601);Gabel, Vorderrad;13;p-361;Gummikappe Tachoantrieb -PIAGGIO- Vespa V50, V90, PV, ET3 - grau
c-5223;Vespa 50 (V5SA1T -69601);Gabel, Vorderrad;14;p-353;Gummi Tachowelle/Bremsankerplatte -PIAGGIO- Vespa V50, V90, PV, ET3
c-5223;Vespa 50 (V5SA1T -69601);Gabel, Vorderrad;15;p-15048;Tachoschnecke -BGM ORIGINAL- Vespa 8 Zähne, l= 31mm, 2,7mm Vierkant, rot (verwendet in Vespa V50, V90, PV125, ET3)
c-5223;Vespa 50 (V5SA1T -69601);Gabel, Vorderrad;16;p-11591;Dichtung für Sicherungskappe Tachoschnecke -OEM QUALITÄT- Vespa V50, PV125, ET3 - Ø=14x20x1,5mm
c-5223;Vespa 50 (V5SA1T -69601);Gabel, Vorderrad;19;p-545;Niet - Kerbnagel Ø=4x10mm für Lenkschlossblende Typ NEIMAN (Oval) -OEM QUALITÄT- Vespa Rally180 (VSD1T), Rally200 (VSE1T), Sprint150 (VLB1T), TS125 (V
c-5223;Vespa 50 (V5SA1T -69601);Gabel, Vorderrad;20;p-2728;Schlüsselrohling -ZADI- Vespa/Ape Lenkschloss
c-5223;Vespa 50 (V5SA1T -69601);Gabel, Vorderrad;21;p-8912;Lenkschlossblenden-Set -NEIMAN (Oval, 1962-1971), Niet Ø=3mm- Vespa V50 L (V5A1T bis 580000), V50 N (V5A1T bis 236000), V90 (V9A1T bis 31300), PV125 (
c-5223;Vespa 50 (V5SA1T -69601);Gabel, Vorderrad;22;p-8740;Lenkschloss -IMPORT- Vespa GS160 (bis Nr. 0055506)
c-5223;Vespa 50 (V5SA1T -69601);Gabel, Vorderrad;25;p-15132;Schwingenabdeckung -PIAGGIO- Vespa V50, ET3, PV125 - Aluminium, Silbern
c-5223;Vespa 50 (V5SA1T -69601);Gabel, Vorderrad;26;p-15360;Mutter -DIN 934- M12 x 1,50 - verwendet als Kupplungsmutter für Kupplung Vespa Cosa2
c-5223;Vespa 50 (V5SA1T -69601);Gabel, Vorderrad;27;p-11565;Federring -DIN 127- M12
c-5223;Vespa 50 (V5SA1T -69601);Gabel, Vorderrad;28;p-47290;Schwingenabdeckungs-Kit -OEM QUALITÄT- Vespa V50, ET3, PV125 innen
c-5223;Vespa 50 (V5SA1T -69601);Gabel, Vorderrad;29;p-15145;Kotflügel -OEM QUALITÄT- Vespa V50, V90, PV125, ET3 - unlackiert
c-5223;Vespa 50 (V5SA1T -69601);Gabel, Vorderrad;31;p-6706;Schwingenlagersatz -VESPA- V50, ET3, PV125
c-5223;Vespa 50 (V5SA1T -69601);Gabel, Vorderrad;32;p-6706;Schwingenlagersatz -VESPA- V50, ET3, PV125
c-5223;Vespa 50 (V5SA1T -69601);Gabel, Vorderrad;33;p-44644;O-Ring Set (6-teilig) Gabel -OEM QUALITÄT- Vespa Smallframe V50, PV, ET3, Motovespa T3, 125 Primavera
c-5223;Vespa 50 (V5SA1T -69601);Gabel, Vorderrad;34;p-44644;O-Ring Set (6-teilig) Gabel -OEM QUALITÄT- Vespa Smallframe V50, PV, ET3, Motovespa T3, 125 Primavera
c-5223;Vespa 50 (V5SA1T -69601);Gabel, Vorderrad;35;p-17425;Einstellschraube M5 x 20mm (Øinnen=6,9mm) -BGM ORIGINAL- (verwendet für Schaltraste Vespa) - 10 Stück
c-5223;Vespa 50 (V5SA1T -69601);Gabel, Vorderrad;36;p-15682;Mutter -DIN 934- M5
c-5223;Vespa 50 (V5SA1T -69601);Gabel, Vorderrad;37;p-12252;Klemmschraube Vorderradbremszug -PIAGGIO- Vespa V50, V90, SS50, SS90, PV125, ET3, VNA, VNB, VBA, VBB, Super, GL150 (VLA1T), GT125 (VNL2T), GTR125 (VNL
c-5223;Vespa 50 (V5SA1T -69601);Gabel, Vorderrad;38;p-555;Klemmplättchen-Bolzen Ø=5,0x11mm Bremse vorne -OEM QUALITÄT- alle Modelle (bis Bj. 1981), PX (-1984)
c-5223;Vespa 50 (V5SA1T -69601);Gabel, Vorderrad;39;p-15026;Splint -DIN 94- Ø=2,0mm - 20mm - verwendet für Bolzen Klemmplättchen / Bremsarm hinten Vespa PX, Sprint, Rally, V50, PV125, ET3 etc.
c-5223;Vespa 50 (V5SA1T -69601);Gabel, Vorderrad;42;p-15705;Mutter hoch -DIN 934 ähnlich- M7
c-5223;Vespa 50 (V5SA1T -69601);Gabel, Vorderrad;43;p-581;Bremsarm mit Bremsnocke vorne -BGM ORIGINAL- Vespa V50, V90, SS50, SS90, PV125, ET3 - Ø= 14,9mm
c-5223;Vespa 50 (V5SA1T -69601);Gabel, Vorderrad;44;p-6843;Kotflügelschraube seitlich M5 x 16mm -CIF- Vespa Smallframe V50, 50N, PV, ET3, PK S, PK XL, Largeframe PX, VNA, VNB, VBA, VBB, Super, Sprint Veloce, R
c-5223;Vespa 50 (V5SA1T -69601);Gabel, Vorderrad;45;p-3017;Unterlegscheibe Hebelschraube (unten) -PIAGGIO- 14x5,3x1,0mm - Vespa V50, V90, SS50, SS90, PV125, ET3, Super, GS150, Sprint, Rally, SS180, PX, T5 125c
c-5223;Vespa 50 (V5SA1T -69601);Gabel, Vorderrad;46;p-15684;Federring -DIN 127- M5
c-5223;Vespa 50 (V5SA1T -69601);Gabel, Vorderrad;47;p-15684;Federring -DIN 127- M5
c-5223;Vespa 50 (V5SA1T -69601);Gabel, Vorderrad;48;p-15684;Federring -DIN 127- M5
c-5223;Vespa 50 (V5SA1T -69601);Gabel, Vorderrad;49;p-15682;Mutter -DIN 934- M5
c-5223;Vespa 50 (V5SA1T -69601);Gabel, Vorderrad;50;p-15682;Mutter -DIN 934- M5
c-5223;Vespa 50 (V5SA1T -69601);Gabel, Vorderrad;51;p-18207;Schraube für Gepäckfach -BGM ORIGINAL M5 x 25mm, vernickelt- Vespa PX, Rally180, Rally200, TS125, GS160 / GS4 (ab VSB1T0054684), SS180
c-5223;Vespa 50 (V5SA1T -69601);Gabel, Vorderrad;54;p-6679;Schraube -DIN 933- M5 x 10mm (verwendet für Abdeckblech Tachoschnecke Vespa PX, T5 125cc, V50, PV125, ET3)
c-5223;Vespa 50 (V5SA1T -69601);Gabel, Vorderrad;55;p-45470;Schwinge -PREMIUM- V50, ET3, PV125 - Bremsnocke Ø=14,9mm
c-5223;Vespa 50 (V5SA1T -69601);Gabel, Vorderrad;56;p-45470;Schwinge -PREMIUM- V50, ET3, PV125 - Bremsnocke Ø=14,9mm
c-5223;Vespa 50 (V5SA1T -69601);Gabel, Vorderrad;58;p-15130;Bremsbacken -NEWFREN- Ø=125x17mm- 8 + 9 + 10 vorne, 1 Aufnahme, Vespa Smallframe V50, V90, SS50, SS90, PV125, ET3, Wideframe V1T bis V15T, V30T-V33T, 
c-5223;Vespa 50 (V5SA1T -69601);Gabel, Vorderrad;59;p-159;Bremsbacken Rückholfeder -PIAGGIO- Vespa Rally (v), Sprint (v), GT (v), GTR (v), TS (v), Super (v), V50-90 (v), SS50-90 (v), PV125 (v), ET3 (v), GS160
c-5223;Vespa 50 (V5SA1T -69601);Gabel, Vorderrad;60;p-15030;Bremsbackensicherung (Omega) -VESPA- V50, V90, SS50, SS90, PV125, ET3, VNA, VNB, VBA, VBB, Super, GL150 (VLA1T), GT125 (VNL2T), GTR125 (VNL2T), TS125 
c-5223;Vespa 50 (V5SA1T -69601);Gabel, Vorderrad;61;p-11773;Distanzscheibe Kunststoff Ø=18x6,4x6mm für Kotflügel -OEM QUALITÄT- Vespa V50, V90, PV125, ET3 125
c-5223;Vespa 50 (V5SA1T -69601);Gabel, Vorderrad;62;p-9275;Schmiernippel -DIN 71412- M10 x 1,0 - Schlüsselweite 11mm
c-5223;Vespa 50 (V5SA1T -69601);Getriebe, Hinterrad;1;p-15319;Schraube Felge M10 -OEM QUALITÄT- Vespa V50 (V5A1T bis Nr. 752188), V5SS2T, V5R1T, V90 (V9A1T) - Modelle mit 4-Loch Felge
c-5223;Vespa 50 (V5SA1T -69601);Getriebe, Hinterrad;2;p-6630;Splint -ISO 1234- Ø=3,5 x 32mm (verwendet für Vorderrad Vespa PK, PX, Cosa, T5 125ccm - Hinterrad Vespa PK, PX, Cosa, T5 125ccm, Rally, Sprint, TS, GT
c-5223;Vespa 50 (V5SA1T -69601);Getriebe, Hinterrad;3;p-11229;Hinterradmutter -Kronenmutter -OEM QUALITÄT M14x1,5 SW22- Vespa PX (-1984), Rally, Sprint150, TS125, GT125, GTR125, Super, SS180, GS160 / GS4, VNA, VN
c-5223;Vespa 50 (V5SA1T -69601);Getriebe, Hinterrad;4;p-6631;Unterlegscheibe Hinterradmutter - Bremstrommel hinten -OEM QUALITÄT- Vespa 1951-1982, PX (-1982), Rally, Sprint, TS125, GT125, GTR125, GL150, Super, V
c-5223;Vespa 50 (V5SA1T -69601);Getriebe, Hinterrad;5;p-538;Unterlegscheibe Hinterradmutter - Bremstrommel hinten -OEM QUALITÄT- Vespa V50, V90, SS50, SS90, PV125, ET3 - 31,5x14,5x8,5mm
c-5223;Vespa 50 (V5SA1T -69601);Getriebe, Hinterrad;6;p-8458;Bremstrommel hinten 9 Zoll + 10 Zoll -FA ITALIA- Vespa V50 R (V5A1T bis Nr. 752188), V50 N, V50 S, V50 L, SR50, V90
c-5223;Vespa 50 (V5SA1T -69601);Getriebe, Hinterrad;7;p-8458;Bremstrommel hinten 9 Zoll + 10 Zoll -FA ITALIA- Vespa V50 R (V5A1T bis Nr. 752188), V50 N, V50 S, V50 L, SR50, V90
c-5223;Vespa 50 (V5SA1T -69601);Getriebe, Hinterrad;8;p-44780;Bremstrommelflansch hinten -PREMIUM- Vespa 9 Zoll - Vespa V50(N) (bis Bj 1971), V50 L, V50 S, V90
c-5223;Vespa 50 (V5SA1T -69601);Getriebe, Hinterrad;10;p-32712;Bremsbacken -POLINI Ø=135x20mm- VESPA V50 (h) - 9 Zoll
c-5223;Vespa 50 (V5SA1T -69601);Getriebe, Hinterrad;11;p-15030;Bremsbackensicherung (Omega) -VESPA- V50, V90, SS50, SS90, PV125, ET3, VNA, VNB, VBA, VBB, Super, GL150 (VLA1T), GT125 (VNL2T), GTR125 (VNL2T), TS125 
c-5223;Vespa 50 (V5SA1T -69601);Getriebe, Hinterrad;12;p-15038;Bremsbacken Rückholfeder -PIAGGIO- Vespa PX (vh), T5 125cc (vh), PK (vh), Rally180 (VSD1T), Rally200 (VSE1T) (h), Sprint (h), Super (h), GT125 (VNL2T)
c-5223;Vespa 50 (V5SA1T -69601);Getriebe, Hinterrad;13;p-4089;Zentrierstift - Pin für Bremstrommel 9 (geschlossener Felgentyp) -OEM QUALITÄT- Vespa V50 R (V5A1T bis Nr. 752188), V50 N, V50 S, V50 L, SR50, V90
c-5223;Vespa 50 (V5SA1T -69601);Getriebe, Hinterrad;15;p-19206;Bremsbackenträger für Bremsankerplatte hinten CNC Aluminium -CMD Little Kong- Vespa V50, 50N, PV125, ET3
c-5223;Vespa 50 (V5SA1T -69601);Getriebe, Hinterrad;16;p-11957;O-Ring 12,5x 2,5mm -PIAGGIO- (verwendet für Bremsnocke Vespa PK S, PK XL, PK XL2, Federbock Sprint, Rally, GT, GTR, GS150)
c-5223;Vespa 50 (V5SA1T -69601);Getriebe, Hinterrad;17;p-363;Bremsarm mit Bremsnocke hinten -KR AUTOMATION- Vespa V50, V90, SS50, SS90, PV125, ET3
c-5223;Vespa 50 (V5SA1T -69601);Getriebe, Hinterrad;18;p-12356;Wellendichtring 27x37x7mm -MALOSSI PTFE/FKM- (verwendet für Hinterrad / hintere Bremstrommel Vespa V50, V90, SS50, SS90, PV125, ET3, PK S, PK XL, PK X
c-5223;Vespa 50 (V5SA1T -69601);Getriebe, Hinterrad;19;p-6263;Kugellager -6204- (20x47x14mm) - (verwendet für Hauptwelle Vespa PX, T5 125cc, Cosa, Rally180 (VSD1T), Rally200 (VSE1T), Sprint150 (VLB1T), TS125 (VNL
c-5223;Vespa 50 (V5SA1T -69601);Getriebe, Hinterrad;20;p-11934;Dichtung Bremsankerplatte hinten -PIAGGIO- Vespa V50, V90, PV 25, ET3, PK S, PK XL, PK XL2, PK HP
c-5223;Vespa 50 (V5SA1T -69601);Getriebe, Hinterrad;21;p-11934;Dichtung Bremsankerplatte hinten -PIAGGIO- Vespa V50, V90, PV 25, ET3, PK S, PK XL, PK XL2, PK HP
c-5223;Vespa 50 (V5SA1T -69601);Getriebe, Hinterrad;22;p-15040;Öleinfüllschraube M8 x 10mm -VESPA Olio- PX, T5 125cc, Cosa, Rally180 (VSD1T), Rally200 (VSE1T), Sprint150 (VLB1T), TS125 (VNL3T), GT125 (VNL2T), GTR1
c-5223;Vespa 50 (V5SA1T -69601);Getriebe, Hinterrad;23;p-15040;Öleinfüllschraube M8 x 10mm -VESPA Olio- PX, T5 125cc, Cosa, Rally180 (VSD1T), Rally200 (VSE1T), Sprint150 (VLB1T), TS125 (VNL3T), GT125 (VNL2T), GTR1
c-5223;Vespa 50 (V5SA1T -69601);Getriebe, Hinterrad;24;p-15037;Dichtung Ölablassschraube -OEM QUALITÄT 8x14x1mm- Vespa V50, 50N, SS50, SR50, V90, SS90, V100, PV125, ET3, PK, PX, T5 125ccm, Cosa, Rally, Sprint, TS1
c-5223;Vespa 50 (V5SA1T -69601);Getriebe, Hinterrad;25;p-15037;Dichtung Ölablassschraube -OEM QUALITÄT 8x14x1mm- Vespa V50, 50N, SS50, SR50, V90, SS90, V100, PV125, ET3, PK, PX, T5 125ccm, Cosa, Rally, Sprint, TS1
c-5223;Vespa 50 (V5SA1T -69601);Getriebe, Hinterrad;26;p-3498;Entlüftungsschraube Kupplungsdeckel -PIAGGIO- Vespa alle Vespas
c-5223;Vespa 50 (V5SA1T -69601);Getriebe, Hinterrad;27;p-44642;Set-Kickstarteranschlaggummi -OEM QUALITÄT- Vespa V50, V90, PV125, ET3, PK S - 15 x 24 x 6mm
c-5223;Vespa 50 (V5SA1T -69601);Getriebe, Hinterrad;28;p-17425;Einstellschraube M5 x 20mm (Øinnen=6,9mm) -BGM ORIGINAL- (verwendet für Schaltraste Vespa) - 10 Stück
c-5223;Vespa 50 (V5SA1T -69601);Getriebe, Hinterrad;29;p-15682;Mutter -DIN 934- M5
c-5223;Vespa 50 (V5SA1T -69601);Getriebe, Hinterrad;30;p-391;Sicherungsschraube Schaltgabel -OEM QUALITÄT- V50, V90, SS50, SS90, PV125, ET3, PK S, PK XL1
c-5223;Vespa 50 (V5SA1T -69601);Getriebe, Hinterrad;31;p-11951;Klemmplättchen-Bolzen Ø=5,4x11mm Bremse hinten -PIAGGIO- Vespa V50, V90, PV125, ET3, PK, PK S, PK XL, PK XL2, PX, Rally, Sprint, GT, GTR
c-5223;Vespa 50 (V5SA1T -69601);Getriebe, Hinterrad;33;p-44764;Schaltgabel -PREMIUM- Vespa V50, V90, SS50, SS90, PV125, ET3 - 2x O-Ringe
c-5223;Vespa 50 (V5SA1T -69601);Getriebe, Hinterrad;34;p-1321;Schubklotz für Schaltklaue -PIAGGIO- Vespa V50, V90, SS50, SS90, PV125, ET3, PK S, PK XL
c-5223;Vespa 50 (V5SA1T -69601);Getriebe, Hinterrad;36;p-17433;Einstellschraube M7 x 25mm -BGM ORIGINAL- 10 Stück
c-5223;Vespa 50 (V5SA1T -69601);Getriebe, Hinterrad;37;p-15705;Mutter hoch -DIN 934 ähnlich- M7
c-5223;Vespa 50 (V5SA1T -69601);Getriebe, Hinterrad;42;p-11717;Wellscheibe für Schaltgabel -OEM QUALITÄT, 7,75x12,0x0,1mm- Vespa V50, V90, SS50, SS90, PV125, ET3, PK S, PK XL1
c-5223;Vespa 50 (V5SA1T -69601);Getriebe, Hinterrad;43;p-13916;Sicherungsring -WELLE DIN6799- Ø=3mm - verwendet für Schubklotz Schaltklaue Vespa Smallframe (V50, PV, ET3, PK, PK XL, PK XL2)
c-5223;Vespa 50 (V5SA1T -69601);Getriebe, Hinterrad;44;p-111;Sicherungsstift (zylindrisch) 4,0x23mm (verwendet für Schaltraste PX, Cosa, T5, Rally, Sprint, TS, GT, GTR, Super, SS180, GS160, GL, VNA, VNB, VBA, VB
c-5223;Vespa 50 (V5SA1T -69601);Getriebe, Hinterrad;45;p-12325;Schaltrastenabdeckung -PIAGGIO- Vespa V50, V90, SS50, SS90, PV125, ET3
c-5223;Vespa 50 (V5SA1T -69601);Getriebe, Hinterrad;46;p-15684;Federring -DIN 127- M5
c-5223;Vespa 50 (V5SA1T -69601);Getriebe, Hinterrad;47;p-48698;Schraube für Luftfilter SI Vergaser, vorne -VESPA- Vespa PX, Rally180 (VSD1T), Rally200 (VSE1T), Sprint
c-5223;Vespa 50 (V5SA1T -69601);Getriebe, Hinterrad;48;p-13609;Schaltklaue -PREDIERI & ABBATE- ECKIG, 2-Arme, H=51mm, V50 (V5A1T bis Nr. 15325) - 4 Gang
c-5223;Vespa 50 (V5SA1T -69601);Getriebe, Hinterrad;50;p-6623;Seegerring -WELLE DIN471 ähnlich- Ø=48mm x 1,7mm - verwendet für Hauptwelle Getriebe Vespa V50, PV, ET3, Sprint, Rally, VNA, VNB, VBA, VBB, Super, GT,
c-5223;Vespa 50 (V5SA1T -69601);Getriebe, Hinterrad;51;p-6623;Seegerring -WELLE DIN471 ähnlich- Ø=48mm x 1,7mm - verwendet für Hauptwelle Getriebe Vespa V50, PV, ET3, Sprint, Rally, VNA, VNB, VBA, VBB, Super, GT,
c-5223;Vespa 50 (V5SA1T -69601);Getriebe, Hinterrad;52;p-6623;Seegerring -WELLE DIN471 ähnlich- Ø=48mm x 1,7mm - verwendet für Hauptwelle Getriebe Vespa V50, PV, ET3, Sprint, Rally, VNA, VNB, VBA, VBB, Super, GT,
c-5223;Vespa 50 (V5SA1T -69601);Getriebe, Hinterrad;53;p-6623;Seegerring -WELLE DIN471 ähnlich- Ø=48mm x 1,7mm - verwendet für Hauptwelle Getriebe Vespa V50, PV, ET3, Sprint, Rally, VNA, VNB, VBA, VBB, Super, GT,
c-5223;Vespa 50 (V5SA1T -69601);Getriebe, Hinterrad;59;p-12005;Gang 1 -CIF-Gang-Getriebe- Vespa V50, V90, 50N, PV125, ET3, SS50, SS90, PK S, PK XL1, PK XL2, ETS - 58 Zähne
c-5223;Vespa 50 (V5SA1T -69601);Getriebe, Hinterrad;61;p-12006;Gang 2 -CIF-Gang-Getriebe- Vespa V50, V90, 50N, PV125, ET3, SS50, SS90, PK S, PK XL1, PK XL2, ETS - 54 Zähne
c-5223;Vespa 50 (V5SA1T -69601);Getriebe, Hinterrad;63;p-12007;Gang 3 -CIF-Gang-Getriebe- Vespa V50, V90, 50N, PV125, ET3, SS50, SS90, PK S, PK XL1, PK XL2, ETS - 50 Zähne
c-5223;Vespa 50 (V5SA1T -69601);Getriebe, Hinterrad;65;p-12008;Gang 4 -CIF-Gang-Getriebe- Vespa V50, V90, 50N, PV125, ET3, SS50, SS90, PK S, PK XL1, PK XL2, ETS - 46 Zähne
c-5223;Vespa 50 (V5SA1T -69601);Getriebe, Hinterrad;66;p-15098;Schaltfeder -VESPA- V50, V90, SS50, SS90, PV125, ET3, PK S, PK XL
c-5223;Vespa 50 (V5SA1T -69601);Getriebe, Hinterrad;67;p-15098;Schaltfeder -VESPA- V50, V90, SS50, SS90, PV125, ET3, PK S, PK XL
c-5223;Vespa 50 (V5SA1T -69601);Getriebe, Hinterrad;68;p-10067;Schaltfeder-Set -VESPA- V50, V90, SS50, SS90, PV125, ET3, PK S, PK XL - verstärkt
c-5223;Vespa 50 (V5SA1T -69601);Getriebe, Hinterrad;69;p-15690;Mutter -DIN 934- M6
c-5223;Vespa 50 (V5SA1T -69601);Getriebe, Hinterrad;70;p-15719;Mutter -DIN 934- M8
c-5223;Vespa 50 (V5SA1T -69601);Getriebe, Hinterrad;71;p-15696;Federring -DIN 127- M6
c-5223;Vespa 50 (V5SA1T -69601);Getriebe, Hinterrad;72;p-15727;Federring -DIN 127- M8
c-5223;Vespa 50 (V5SA1T -69601);Getriebe, Hinterrad;73;p-13501;Unterlegscheibe Karosserie -DIN 9021- M6 - Edelstahl
c-5223;Vespa 50 (V5SA1T -69601);Getriebe, Hinterrad;74;p-15725;Unterlegscheibe -DIN 125- M8 - schwarz verzinkt
c-5223;Vespa 50 (V5SA1T -69601);Getriebe, Hinterrad;75;p-15026;Splint -DIN 94- Ø=2,0mm - 20mm - verwendet für Bolzen Klemmplättchen / Bremsarm hinten Vespa PX, Sprint, Rally, V50, PV125, ET3 etc.
c-5223;Vespa 50 (V5SA1T -69601);Getriebe, Hinterrad;79;p-6438;Klemmschraube Bremszug hinten -PIAGGIO- Vespa V50, V90, SS50, SS90, PV125, ET3, VNA, VNB, VBA, VBB, Super, GL150 (VLA1T), GT125 (VNL2T), GTR125 (VNL2T
c-5223;Vespa 50 (V5SA1T -69601);Getriebe, Hinterrad;81;p-3041;Schraube Kabelkästchen M3 x 8mm mit Schlitz -PIAGGIO- Vespa Smallframe V50, PV125, Wideframe VM1, VM2, VNB1, VNB2, Super, GS150 VS1-5, Sprint, GT, GTR
c-5223;Vespa 50 (V5SA1T -69601);Getriebe, Hinterrad;84;p-6832;Schraube Linsen-Senkkopf -DIN 966- M5 x 40 (verwendet für Kabelkästchen Vespa PX, T5 125cc, Rally180 (VSD1T), Rally200 (VSE1T), Sprint150 (VLB1T), TS1
c-5223;Vespa 50 (V5SA1T -69601);Getriebe, Hinterrad;85;p-392;Unterlegscheibe -VESPA- 12x20x2,3mm (verwendet für Sicherungsschraube Schaltgabel Vespa V50, V90, SS50, SS90, PV125, ET3, PK S, PK XL)
c-5223;Vespa 50 (V5SA1T -69601);Kabelbaum;7;p-17012;Bougierohr -UNIVERSAL Ø=10mm- 5m - Schwarz
c-5223;Vespa 50 (V5SA1T -69601);Kabelbaum;8;p-17012;Bougierohr -UNIVERSAL Ø=10mm- 5m - Schwarz
c-5223;Vespa 50 (V5SA1T -69601);Kabelbaum;9;p-17014;Bougierohr -UNIVERSAL Ø=6mm- 5m - Schwarz
c-5223;Vespa 50 (V5SA1T -69601);Kabelbaum;10;p-17014;Bougierohr -UNIVERSAL Ø=6mm- 5m - Schwarz
c-5223;Vespa 50 (V5SA1T -69601);Kabelbaum;14;p-17016;Bougierohr -UNIVERSAL Ø=4mm- 5m - Schwarz
c-5223;Vespa 50 (V5SA1T -69601);Kabelbaum;15;p-6833;Gummikappe Kabelkästchen -PIAGGIO- Vespa alle Modelle
c-5223;Vespa 50 (V5SA1T -69601);Kabelbaum;16;p-17012;Bougierohr -UNIVERSAL Ø=10mm- 5m - Schwarz
c-5223;Vespa 50 (V5SA1T -69601);Kabelbaum;17;p-17016;Bougierohr -UNIVERSAL Ø=4mm- 5m - Schwarz
c-5223;Vespa 50 (V5SA1T -69601);Kabelbaum;18;p-10350;Gummi Rücklichtkabel/Rahmen -PIAGGIO- Vespa
c-5223;Vespa 50 (V5SA1T -69601);Lenker;1;p-8473;Griffe -VESPA Ø=24mm, l=125mm, Piaggio 4-Eck- Vespa VL1T, VL2T, VL3T (Struzzo), Touren 2(D), T/2 (VD1T), GS150 (VS1T) - Grau - auch passend auf V50, P
c-5223;Vespa 50 (V5SA1T -69601);Lenker;2;p-8473;Griffe -VESPA Ø=24mm, l=125mm, Piaggio 4-Eck- Vespa VL1T, VL2T, VL3T (Struzzo), Touren 2(D), T/2 (VD1T), GS150 (VS1T) - Grau - auch passend auf V50, P
c-5223;Vespa 50 (V5SA1T -69601);Lenker;5;p-521;Schaltrohr -VESPA ohne Lenkerblinker, 3-Gang- Vespa V50, V90 - Ø=24mm
c-5223;Vespa 50 (V5SA1T -69601);Lenker;8;p-12054;Unterlegscheibe - Wellscheibe Hebelschraube (oben) -PIAGGIO- Vespa PK, PK S, PK XL, PX - Ø6,6 x 14 x 0,3mm
c-5223;Vespa 50 (V5SA1T -69601);Lenker;9;p-12054;Unterlegscheibe - Wellscheibe Hebelschraube (oben) -PIAGGIO- Vespa PK, PK S, PK XL, PX - Ø6,6 x 14 x 0,3mm
c-5223;Vespa 50 (V5SA1T -69601);Lenker;10;p-3016;Unterlegscheibe Hebelschraube (oben) -CIF- 14x6,6x0,6mm - Vespa V50, V90, SS50, SS90, PV125, ET3, Super, GS150, Sprint, Rally, SS180, PX, T5 125ccm
c-5223;Vespa 50 (V5SA1T -69601);Lenker;11;p-3016;Unterlegscheibe Hebelschraube (oben) -CIF- 14x6,6x0,6mm - Vespa V50, V90, SS50, SS90, PV125, ET3, Super, GS150, Sprint, Rally, SS180, PX, T5 125ccm
c-5223;Vespa 50 (V5SA1T -69601);Lenker;12;p-3017;Unterlegscheibe Hebelschraube (unten) -PIAGGIO- 14x5,3x1,0mm - Vespa V50, V90, SS50, SS90, PV125, ET3, Super, GS150, Sprint, Rally, SS180, PX, T5 125c
c-5223;Vespa 50 (V5SA1T -69601);Lenker;13;p-15768;Mutter selbstsichernd -DIN 985- M5 (verwendet für Hebelschraube Vespa PX, T5 125ccm, Rally, Sprint, TS, GT, GTR, SS180, GS160, Super, GL, VNA, VNB, VB
c-5223;Vespa 50 (V5SA1T -69601);Lenker;14;p-15768;Mutter selbstsichernd -DIN 985- M5 (verwendet für Hebelschraube Vespa PX, T5 125ccm, Rally, Sprint, TS, GT, GTR, SS180, GS160, Super, GL, VNA, VNB, VB
c-5223;Vespa 50 (V5SA1T -69601);Lenker;15;p-8391;Splint Gas- Schaltrohr -VESPA ohne Lenkerblinker- Vespa V50, V90, SS50, SS90, PV125, ET3, Rally180 (VSD1T), Rally200 (VSE1T), Sprint150 (VLB1T), TS125
c-5223;Vespa 50 (V5SA1T -69601);Lenker;16;p-8391;Splint Gas- Schaltrohr -VESPA ohne Lenkerblinker- Vespa V50, V90, SS50, SS90, PV125, ET3, Rally180 (VSD1T), Rally200 (VSE1T), Sprint150 (VLB1T), TS125
c-5223;Vespa 50 (V5SA1T -69601);Lenker;18;p-6696;Distanzscheibe Gasrohr/Schaltrohr 24 x 31x 1mm -PIAGGIO- Vespa PX, T5, PV125, ET3, V50 Special, PK S, PK XL1
c-5223;Vespa 50 (V5SA1T -69601);Lenker;19;p-6696;Distanzscheibe Gasrohr/Schaltrohr 24 x 31x 1mm -PIAGGIO- Vespa PX, T5, PV125, ET3, V50 Special, PK S, PK XL1
c-5223;Vespa 50 (V5SA1T -69601);Lenker;20;p-6697;Federscheibe Gasrohr/Schaltrohr 24 x 31x 1mm -VESPA- PX, T5 125cc, Rally180 (VSD1T), Rally200 (VSE1T), Sprint150 (VLB1T), TS125 (VNL3T), GT125 (VNL2T)
c-5223;Vespa 50 (V5SA1T -69601);Lenker;21;p-6697;Federscheibe Gasrohr/Schaltrohr 24 x 31x 1mm -VESPA- PX, T5 125cc, Rally180 (VSD1T), Rally200 (VSE1T), Sprint150 (VLB1T), TS125 (VNL3T), GT125 (VNL2T)
c-5223;Vespa 50 (V5SA1T -69601);Lenker;22;p-10629;Schaltzugrolle -IMPORT- Vespa V50, V90, SS50, SS90, PV125, ET3, Rally180 (VSD1T), Rally200 (VSE1T), Sprint150 (VLB1T), TS125 (VNL3T), GT125 (VNL2T), G
c-5223;Vespa 50 (V5SA1T -69601);Lenker;23;p-15055;Lenkkopfschraube inkl. Vierkantmutter -CIF- Vespa PX, PK, Rally, Sprint150, 180 SS, Super, TS125, GT125 (VNL2T), GTR125 (VNL2T), ET3, PV125, V50, V90
c-5223;Vespa 50 (V5SA1T -69601);Lenker;24;p-15056;Lenkkopfmutter -VESPA- PX, PK, Rally180 (VSD1T), Rally200 (VSE1T), Sprint150 (VLB1T), 180 SS, Super, TS125 (VNL3T), GT125 (VNL2T), GTR125 (VNL2T), ET3
c-5223;Vespa 50 (V5SA1T -69601);Lenker;25;p-9122;Aufnahme Gas- Schaltzug im Lenker -VESPA- V50 N, V50 L, V50 R, V90
c-5223;Vespa 50 (V5SA1T -69601);Lenker;31;p-2804;Tachodichtung -OEM QUALITÄT- Vespa V50 Ø=48mm - Vespa 50N, 50L, 50R, 50S und V90 (Rund),Lambretta lui 50-75
c-5223;Vespa 50 (V5SA1T -69601);Lenker;32;p-2804;Tachodichtung -OEM QUALITÄT- Vespa V50 Ø=48mm - Vespa 50N, 50L, 50R, 50S und V90 (Rund),Lambretta lui 50-75
c-5223;Vespa 50 (V5SA1T -69601);Lenker;33;p-8994;Sicherungsblech Tacho -OEM QUALITÄT- Vespa V50 Ø=48mm
c-5223;Vespa 50 (V5SA1T -69601);Lenker;35;p-6679;Schraube -DIN 933- M5 x 10mm (verwendet für Abdeckblech Tachoschnecke Vespa PX, T5 125cc, V50, PV125, ET3)
c-5223;Vespa 50 (V5SA1T -69601);Lenker;36;p-15684;Federring -DIN 127- M5
c-5223;Vespa 50 (V5SA1T -69601);Lenker;38;p-1312;Schraube -DIN 85- M5 x 65mm (verwendet für Tacho Vespa V50, V90, SS50, SS90, PV125, ET3, Rally180 (VSD1T), Rally200 (VSE1T), Sprint150 (VLB1T), TS125 
c-5223;Vespa 50 (V5SA1T -69601);Lenker;39;p-5403;Gasrohr -CIF- Vespa V50 - 50N/L(V5A1T), 50R (V5A1T -881915), 50S (V5SA1T -67570), 50SR/Sprinter (V5SS2T), Vespa 90 (V9A1T -122983) - l=151mm Ø=24mm
c-5223;Vespa 50 (V5SA1T -69601);Lenker;40;p-6708;Staubschutzring Steuersatzschale auf Gabel -OEM QUALITÄT- Vespa PX, T5 125cc, Cosa, PK, V50, V90, PV125, ET3, PK, Rally180 (VSD1T), Vespa Rally200 (VS
c-5223;Vespa 50 (V5SA1T -69601);Lenker;41;p-6714;Steuersatz - Lenkkopflager -PIAGGIO- unten (4 teilig) - Vespa V50, 50N, PV, ​ET3, ​PK, PX, T5, Cosa, Rally, Sprint, Super, GS160, SS180, GTS, HPE, ET2
c-5223;Vespa 50 (V5SA1T -69601);Lenker;42;p-6273;Kugelring - Kugellager Steuersatz unten -OEM QUALITÄT, Kugeln = 1/4“ = 6,35mm- Vespa, Piaggio, Gilera, Lambretta LI, LI S, SX, TV, DL, GP
c-5223;Vespa 50 (V5SA1T -69601);Lenker;43;p-6714;Steuersatz - Lenkkopflager -PIAGGIO- unten (4 teilig) - Vespa V50, 50N, PV, ​ET3, ​PK, PX, T5, Cosa, Rally, Sprint, Super, GS160, SS180, GTS, HPE, ET2
c-5223;Vespa 50 (V5SA1T -69601);Lenker;47;p-11970;Unterlegscheibe Steuersatz -PIAGGIO- 30,2x40,0x2,5mm - verwendet als Nasenscheibe
c-5223;Vespa 50 (V5SA1T -69601);Lenker;48;p-17870;Steuersatzschalenkontermutter h=6mm -BGM ORIGINAL- Vespa 125 VN1, VN2, VNA1T, VNA2T, VNB1T, VNB2T, VNB3T, VNB4T, VNB5T, VNB6T, Vespa 150 VL1, VL3T, VB
c-5223;Vespa 50 (V5SA1T -69601);Lenker;49;p-10366;Feder für Gasrohr -OEM QUALITÄT- Vespa V50 (V5A1T bis V5A3T, V5SA1T), SS50 (V5SS1T bis V5SS2T), V90 (V9A1T), SS90 (V9SS1T bis V9SS2T), PV125, ET3, GL1
c-5223;Vespa 50 (V5SA1T -69601);Lenker;50;p-44743;Schaltzug- Gaszugrollen Set -PREMIUM ohne Lenkerblinker- Vespa V50, V90, SS50, SS90, PV125, ET3, Rally180 (VSD1T), Rally200 (VSE1T), Sprint150 (VLB1T)
c-5223;Vespa 50 (V5SA1T -69601);Motorgehäuse, Zylinder;1;p-15008;Motorgehäusebolzen - Motorschrauben - Motorbolzen M7 x 75mm -VESPA- (Smallframe V50, PV125, ET3, PK)
c-5223;Vespa 50 (V5SA1T -69601);Motorgehäuse, Zylinder;2;p-15008;Motorgehäusebolzen - Motorschrauben - Motorbolzen M7 x 75mm -VESPA- (Smallframe V50, PV125, ET3, PK)
c-5223;Vespa 50 (V5SA1T -69601);Motorgehäuse, Zylinder;3;p-15709;Unterlegscheibe -DIN 125- M7
c-5223;Vespa 50 (V5SA1T -69601);Motorgehäuse, Zylinder;4;p-15709;Unterlegscheibe -DIN 125- M7
c-5223;Vespa 50 (V5SA1T -69601);Motorgehäuse, Zylinder;5;p-15709;Unterlegscheibe -DIN 125- M7
c-5223;Vespa 50 (V5SA1T -69601);Motorgehäuse, Zylinder;6;p-15709;Unterlegscheibe -DIN 125- M7
c-5223;Vespa 50 (V5SA1T -69601);Motorgehäuse, Zylinder;7;p-15709;Unterlegscheibe -DIN 125- M7
c-5223;Vespa 50 (V5SA1T -69601);Motorgehäuse, Zylinder;8;p-15709;Unterlegscheibe -DIN 125- M7
c-5223;Vespa 50 (V5SA1T -69601);Motorgehäuse, Zylinder;9;p-15709;Unterlegscheibe -DIN 125- M7
c-5223;Vespa 50 (V5SA1T -69601);Motorgehäuse, Zylinder;10;p-15709;Unterlegscheibe -DIN 125- M7
c-5223;Vespa 50 (V5SA1T -69601);Motorgehäuse, Zylinder;11;p-15711;Federring -DIN 127- M7
c-5223;Vespa 50 (V5SA1T -69601);Motorgehäuse, Zylinder;12;p-15711;Federring -DIN 127- M7
c-5223;Vespa 50 (V5SA1T -69601);Motorgehäuse, Zylinder;13;p-15711;Federring -DIN 127- M7
c-5223;Vespa 50 (V5SA1T -69601);Motorgehäuse, Zylinder;14;p-15711;Federring -DIN 127- M7
c-5223;Vespa 50 (V5SA1T -69601);Motorgehäuse, Zylinder;15;p-15711;Federring -DIN 127- M7
c-5223;Vespa 50 (V5SA1T -69601);Motorgehäuse, Zylinder;16;p-15711;Federring -DIN 127- M7
c-5223;Vespa 50 (V5SA1T -69601);Motorgehäuse, Zylinder;17;p-15711;Federring -DIN 127- M7
c-5223;Vespa 50 (V5SA1T -69601);Motorgehäuse, Zylinder;18;p-15711;Federring -DIN 127- M7
c-5223;Vespa 50 (V5SA1T -69601);Motorgehäuse, Zylinder;19;p-15711;Federring -DIN 127- M7
c-5223;Vespa 50 (V5SA1T -69601);Motorgehäuse, Zylinder;20;p-15705;Mutter hoch -DIN 934 ähnlich- M7
c-5223;Vespa 50 (V5SA1T -69601);Motorgehäuse, Zylinder;21;p-15705;Mutter hoch -DIN 934 ähnlich- M7
c-5223;Vespa 50 (V5SA1T -69601);Motorgehäuse, Zylinder;22;p-15705;Mutter hoch -DIN 934 ähnlich- M7
c-5223;Vespa 50 (V5SA1T -69601);Motorgehäuse, Zylinder;23;p-15705;Mutter hoch -DIN 934 ähnlich- M7
c-5223;Vespa 50 (V5SA1T -69601);Motorgehäuse, Zylinder;24;p-15705;Mutter hoch -DIN 934 ähnlich- M7
c-5223;Vespa 50 (V5SA1T -69601);Motorgehäuse, Zylinder;25;p-15705;Mutter hoch -DIN 934 ähnlich- M7
c-5223;Vespa 50 (V5SA1T -69601);Motorgehäuse, Zylinder;26;p-15705;Mutter hoch -DIN 934 ähnlich- M7
c-5223;Vespa 50 (V5SA1T -69601);Motorgehäuse, Zylinder;27;p-15705;Mutter hoch -DIN 934 ähnlich- M7
c-5223;Vespa 50 (V5SA1T -69601);Motorgehäuse, Zylinder;28;p-15705;Mutter hoch -DIN 934 ähnlich- M7
c-5223;Vespa 50 (V5SA1T -69601);Motorgehäuse, Zylinder;30;p-15199;Polradmutter M10 x 1,50 Bund Ø=24mm h=6mm -OEM QUALITÄT- Vespa V50(N) (ab Nr. 92877), V50 R (bis Nr. 917729), V50 S (Nr. 15325 bis Nr. 81866),V90 (bis
c-5223;Vespa 50 (V5SA1T -69601);Motorgehäuse, Zylinder;31;p-15009;Fächerscheibe Polradmutter -OEM QUALITÄT Øa=24mm- Vespa Sprint150 (VLB1T), VNB, VBB, Super, GL150 (VLA1T), GT125 (VNL2T), GTR125 (VNL2T), V50(N) (ab N
c-5223;Vespa 50 (V5SA1T -69601);Motorgehäuse, Zylinder;32;p-15714;Stehbolzen -M7 x 35mm- (verwendet für Zylinder Vespa V50, PK50)
c-5223;Vespa 50 (V5SA1T -69601);Motorgehäuse, Zylinder;33;p-15714;Stehbolzen -M7 x 35mm- (verwendet für Zylinder Vespa V50, PK50)
c-5223;Vespa 50 (V5SA1T -69601);Motorgehäuse, Zylinder;34;p-6318;Wellendichtring 19x32x7mm -CORTECO NBR- (verwendet für Kurbelwelle Lichtmaschinenseite Vespa V50, V90, SS50, SS90, PV125, ET3, PK S)
c-5223;Vespa 50 (V5SA1T -69601);Motorgehäuse, Zylinder;36;p-6286;Kugellager -6204 ETN9 C4- (20x47x14mm) - (verwendet für Kurbelwelle Minarelli 50 ccm (Typ MA, MY, CW, CA, CY), Vespa V50, V90, PV125, ET3, PK S, PK XL
c-5223;Vespa 50 (V5SA1T -69601);Motorgehäuse, Zylinder;37;p-31084;Kugellager Kurbelwelle -MALOSSI- 6204 (20x47x14mm) - C4 Polyamid, Kugel Ø=7,9mm, carbonitrierter Innenring - (verwendet für Kurbelwelle CPI / Minarell
c-5223;Vespa 50 (V5SA1T -69601);Motorgehäuse, Zylinder;38;p-15350;Motorgehäusebolzen - Motorschrauben - Motorbolzen M7 x 42mm -VESPA- 25-17mm (Smallframe V50, PV125, ET3, PK)
c-5223;Vespa 50 (V5SA1T -69601);Motorgehäuse, Zylinder;39;p-15069;Halbmond Keil -PIAGGIO 3x5mm- Kurbelwelle Lichtmaschinenseite (Lima) Vespa Ciao, Bravo, SI, Piaggio 50-180 ccm 2-Takt - Aprilia SR125, Gilera Runner F
c-5223;Vespa 50 (V5SA1T -69601);Motorgehäuse, Zylinder;40;p-15069;Halbmond Keil -PIAGGIO 3x5mm- Kurbelwelle Lichtmaschinenseite (Lima) Vespa Ciao, Bravo, SI, Piaggio 50-180 ccm 2-Takt - Aprilia SR125, Gilera Runner F
c-5223;Vespa 50 (V5SA1T -69601);Motorgehäuse, Zylinder;41;p-1245;Kurbelwelle -MAZZUCCHELLI Standard (Drehschieber)- Vespa V50, PK50 S (Ø 19mm Konus)
c-5223;Vespa 50 (V5SA1T -69601);Motorgehäuse, Zylinder;42;p-12173;Motorgehäusebolzen - Motorschrauben - Motorbolzen M7 x 58mm -VESPA- 40-18mm (Smallframe V50, PV125, ET3, PK, PX, T5 125ccm)
c-5223;Vespa 50 (V5SA1T -69601);Motorgehäuse, Zylinder;43;p-12173;Motorgehäusebolzen - Motorschrauben - Motorbolzen M7 x 58mm -VESPA- 40-18mm (Smallframe V50, PV125, ET3, PK, PX, T5 125ccm)
c-5223;Vespa 50 (V5SA1T -69601);Motorgehäuse, Zylinder;46;p-15427;Dichtsatz Motor -PIAGGIO- Vespa V50
c-5223;Vespa 50 (V5SA1T -69601);Motorgehäuse, Zylinder;47;p-16284;Wellendichtring 22,7x47x7/7,5mm -FKM- (verwendet für Kurbelwelle Antriebseite Vespa V50, V90, SS50, SS90, PV125, ET3, PK S, PK XL - Getriebeeingangswe
c-5223;Vespa 50 (V5SA1T -69601);Motorgehäuse, Zylinder;48;p-15203;Seegerring -BOHRUNG DIN472- Ø=47mm - für Kugellager Smallframe, Largeframe Hauptwelle 6204 Radseite, Kugellager 16005 Primär Smallframe V50, PV, ET3, 
c-5223;Vespa 50 (V5SA1T -69601);Motorgehäuse, Zylinder;49;p-31075;Kugellager Kurbelwelle -MALOSSI- 6303 (17x47x14mm) - C3 Polyamid - (verwendet für Kurbelwelle Antriebseite Vespa V50, V90, PV125, ET3, PK S, PK XL, La
c-5223;Vespa 50 (V5SA1T -69601);Motorgehäuse, Zylinder;50;p-12003;Dichtung Motorgehäuse -PIAGGIO- Vespa V50, V90, PV125, ET3, PK S, PK XL, PK XL2
c-5223;Vespa 50 (V5SA1T -69601);Motorgehäuse, Zylinder;51;p-12003;Dichtung Motorgehäuse -PIAGGIO- Vespa V50, V90, PV125, ET3, PK S, PK XL, PK XL2
c-5223;Vespa 50 (V5SA1T -69601);Motorgehäuse, Zylinder;55;p-15012;Stehbolzen -M6 x 30mm- (verwendet für Einlass Vespa Smallframe)
c-5223;Vespa 50 (V5SA1T -69601);Motorgehäuse, Zylinder;56;p-15012;Stehbolzen -M6 x 30mm- (verwendet für Einlass Vespa Smallframe)
c-5223;Vespa 50 (V5SA1T -69601);Motorgehäuse, Zylinder;57;p-11698;Stehbolzen -M8 x 36mm- (verwendet für Bremsankerplatte hinten Vespa V50 ,PV125, ET3 ,PK S, PK XL, PK XL2)
c-5223;Vespa 50 (V5SA1T -69601);Motorgehäuse, Zylinder;58;p-11698;Stehbolzen -M8 x 36mm- (verwendet für Bremsankerplatte hinten Vespa V50 ,PV125, ET3 ,PK S, PK XL, PK XL2)
c-5223;Vespa 50 (V5SA1T -69601);Motorgehäuse, Zylinder;60;p-15198;Sicherungsblech Primär -OEM QUALITÄT- V50, V90, SS50, SS90, PV125, ET3, PK S, PK XL
c-5223;Vespa 50 (V5SA1T -69601);Motorgehäuse, Zylinder;61;p-15197;Mutter M12 x1,5 SW=19 halbhoch (verwendet für Kurbelwelle/Primärrad Vespa V50, V90, SS50, SS90, PV125, ET3, PK S, PK XL)
c-5223;Vespa 50 (V5SA1T -69601);Motorgehäuse, Zylinder;64;p-13140;Nadellager -HK 1612- (16x22x12mm) - (verwendet für Hauptwelle V 50-90, SS 50-90, PV 125, ET3, PK S, PK XL)
c-5223;Vespa 50 (V5SA1T -69601);Motorgehäuse, Zylinder;65;p-12103;Stehbolzen -M7 x 59mm- 22-17-20mm (verwendet für Motorgehäuse Vespa V50, V90, PV125, ET3, PK S, PK XL)
c-5223;Vespa 50 (V5SA1T -69601);Motorgehäuse, Zylinder;66;p-6256;Buchse für Pleuel -OEM QUALITÄT 12mm (11,7x14,1x11,6mm)- Vespa 50 (V5A1T), 50 Elestart (V5B2T), 50 N Special (V5A1T, V5B3T), 50 Special (V5B1T), Piagg
c-5223;Vespa 50 (V5SA1T -69601);Motorgehäuse, Zylinder;67;p-15092;Kolbenclip -12mm- Seegerring-Typ
c-5223;Vespa 50 (V5SA1T -69601);Motorgehäuse, Zylinder;73;p-15013;Motorgehäusebolzen - Motorschrauben - Motorbolzen M7 x 80mm -VESPA- 56-24mm (Lusso/T5 125ccm/Cosa an Stoßdämpferaufnahme, Smallframe unten)
c-5223;Vespa 50 (V5SA1T -69601);Motorgehäuse, Zylinder;74;p-8842;Dichtung Zylinderfuß -VESPA 50-125 ccm- Vespa V50, PV125, ET3, PK50, PK80, PK125 - Papier
c-5223;Vespa 50 (V5SA1T -69601);Motorgehäuse, Zylinder;75;p-8842;Dichtung Zylinderfuß -VESPA 50-125 ccm- Vespa V50, PV125, ET3, PK50, PK80, PK125 - Papier
c-5223;Vespa 50 (V5SA1T -69601);Motorgehäuse, Zylinder;77;p-13501;Unterlegscheibe Karosserie -DIN 9021- M6 - Edelstahl
c-5223;Vespa 50 (V5SA1T -69601);Motorgehäuse, Zylinder;79;p-15750;Schraube -DIN 933- M7 x 35mm (8.8 Festigkeit)
c-5223;Vespa 50 (V5SA1T -69601);Motorgehäuse, Zylinder;80;p-657;Stehbolzen -PIAGGIO M6 x 28mm- (verwendet für Auspuff/Zylinder Piaggio/Gilera 50cc)
c-5223;Vespa 50 (V5SA1T -69601);Motorgehäuse, Zylinder;81;p-15246;Zylinderkopf -OEM QUALITÄT,- Vespa V50, V50 S, SS50, PK50
c-5223;Vespa 50 (V5SA1T -69601);Motorgehäuse, Zylinder;82;p-15246;Zylinderkopf -OEM QUALITÄT,- Vespa V50, V50 S, SS50, PK50
c-5223;Vespa 50 (V5SA1T -69601);Motorgehäuse, Zylinder;83;p-10578;Dichtung Kupfer -DIN7603- 14x20x2mm - verwendet als Dichtung Zündkerze / Zylinderkopf M14 (Kerzentyp NGK B, Bosch W)
c-5223;Vespa 50 (V5SA1T -69601);Motorgehäuse, Zylinder;85;p-33184;Zündkerzenstecker -POLINI- Silikon, kurz - blau
c-5223;Vespa 50 (V5SA1T -69601);Motorgehäuse, Zylinder;86;p-15108;Zylinderhaube -OEM QUALITÄT- Vespa V50, PK50 (für Zylinder 50-112 ccm)
c-5223;Vespa 50 (V5SA1T -69601);Motorgehäuse, Zylinder;87;p-13483;Schraube -DIN 84- M6 x 12mm (verwendet für Lüfterradabdeckung Vespa)
c-5223;Vespa 50 (V5SA1T -69601);Motorgehäuse, Zylinder;88;p-13482;Schraube -DIN 84- M6 x 10mm (verwendet für Lüfterradabdeckung Vespa)
c-5223;Vespa 50 (V5SA1T -69601);Motorgehäuse, Zylinder;89;p-13482;Schraube -DIN 84- M6 x 10mm (verwendet für Lüfterradabdeckung Vespa)
c-5223;Vespa 50 (V5SA1T -69601);Motorgehäuse, Zylinder;90;p-362;Federscheibe gewellt -PIAGGIO- Stahl verzinkt- M6 - verwendet für Zylinderhaube Smallframe, Druckfeder Chokehebel
c-5223;Vespa 50 (V5SA1T -69601);Motorgehäuse, Zylinder;91;p-3280;Kabelhalter Zündkabel -VESPA- Vespa V50, V90, V100, 50N, SS50, SS90, PV, ET3, PK, PK S, PK XL, PK XL2
c-5223;Vespa 50 (V5SA1T -69601);Motorgehäuse, Zylinder;92;p-11947;Kabelhalter Zündkabel -PIAGGIO- Vespa PK, PK S, PK XL, PK XL2
c-5223;Vespa 50 (V5SA1T -69601);Primär, Kickstarter, Kupplung;1;p-15337;Kickstarterfeder -OEM QUALITÄT- Vespa V50, V90, PV125, PK50, PK80, PK125
c-5223;Vespa 50 (V5SA1T -69601);Primär, Kickstarter, Kupplung;2;p-12734;Kickstarterwelle -PIAGGIO- Vespa V50, V90, SS50, SS90, PV125, ET3, PK50, PK80, PK125 S, PK50, PK80, PK125 XL - 12 Zähne
c-5223;Vespa 50 (V5SA1T -69601);Primär, Kickstarter, Kupplung;3;p-1324;Kickstarterwelle -OEM QUALITÄT- Vespa V50 S, V50 N, V50 Special, PK50 S - 11 Zähne
c-5223;Vespa 50 (V5SA1T -69601);Primär, Kickstarter, Kupplung;4;p-15295;O-Ring Ø16x2,50mm -PIAGGIO-Kickstarterwelle Vespa V50, PV125, ET3, PK, PX, T5 125ccm, Cosa, Rally, Sprint, TS125, GT125, GTR125, Super, GS160 / GS4, S
c-5223;Vespa 50 (V5SA1T -69601);Primär, Kickstarter, Kupplung;5;p-15111;Kickstarterritzel -OEM QUALITÄT- Vespa V50, V90, SS50, SS90, PV125, ET3, PK S, PK XL - Zähne 12/10, Ø=20,5mm
c-5223;Vespa 50 (V5SA1T -69601);Primär, Kickstarter, Kupplung;12;p-46019;Rollenlager -CRIMAZ NUP 16005 (25x47x8mm)- verwendet für Primär Vespa V50, V90, SS50, SS90, PV125, ET3, PK S, PK XL
c-5223;Vespa 50 (V5SA1T -69601);Primär, Kickstarter, Kupplung;13;p-15175;Schraube -DIN 931- M9 x 50mm (verwendet als Kickstarterschraube Vespa V50, V90, SS50, SS90, PV125, ET3, PK
c-5223;Vespa 50 (V5SA1T -69601);Primär, Kickstarter, Kupplung;14;p-11935;Zahnscheibe -DIN 6798- M9 - innenverzahnt
c-5223;Vespa 50 (V5SA1T -69601);Primär, Kickstarter, Kupplung;15;p-15113;Kickstarter Vespa V50, PV, ET3 - Aluminium poliert
c-5223;Vespa 50 (V5SA1T -69601);Primär, Kickstarter, Kupplung;16;p-15203;Seegerring -BOHRUNG DIN472- Ø=47mm - für Kugellager Smallframe, Largeframe Hauptwelle 6204 Radseite, Kugellager 16005 Primär Smallframe V50, PV, ET3, 
c-5223;Vespa 50 (V5SA1T -69601);Primär, Kickstarter, Kupplung;18;p-16100;Feder für Primär -BGM PRO- Vespa V50, V90, SS50, SS90, PV125, ET3, PK50, PK80, PK50 S, PK80 S, PK125 S, PK50 XL, PK125 XL, ETS, PK50 HP, PK50 SS - 60N
c-5223;Vespa 50 (V5SA1T -69601);Primär, Kickstarter, Kupplung;19;p-49358;Distanzbuchse 8x5x4,5mm für Feder Primär -CIF- Vespa V50, V90, SS50, SS90, PV125, ET3, PK50, PK80, PK50 S, PK80 S, PK125 S, PK50 XL, PK125 XL, ETS, PK
c-5223;Vespa 50 (V5SA1T -69601);Primär, Kickstarter, Kupplung;26;p-12124;Niet für Primär -PIAGGIO- V50, V90, PV125, ET3, PK S, PK XL, PK XL2
c-5223;Vespa 50 (V5SA1T -69601);Primär, Kickstarter, Kupplung;28;p-15015;Kupplungsandruckplatte -OEM QUALITÄT- Vespa PX80, PX125, PX150, Sprint150 (VLB1T), TS125 (VNL3T), GT125 (VNL2T), GTR125 (VNL2T), Super, VNA, VNB, VBA,
c-5223;Vespa 50 (V5SA1T -69601);Primär, Kickstarter, Kupplung;29;p-10273;Kupplungsandruckplattenfeder -PIAGGIO- Vespa PX, T5 125cc, Cosa2, Rally180 (VSD1T), Rally200 (VSE1T), Sprint150 (VLB1T), TS125 (VNL3T), GT125 (VNL2T),
c-5223;Vespa 50 (V5SA1T -69601);Primär, Kickstarter, Kupplung;30;p-15189;Kupplungstrennpilz -OEM QUALITÄT- Vespa V50 (ab Bj. 1978), PV125 (ab Bj. 1978), ET3 (ab Bj. 1978), PK S, PK XL1 - 2 Ärmchen
c-5223;Vespa 50 (V5SA1T -69601);Primär, Kickstarter, Kupplung;31;p-1322;Dichtung Kupplungsdeckel -OEM QUALITÄT- Vespa V50, PV125, ET3, PK50, PK80, PK125
c-5223;Vespa 50 (V5SA1T -69601);Primär, Kickstarter, Kupplung;32;p-11525;Schraube -DIN 931- M6 x 25mm (8.8 Festigkeit) - (verwendet für Kupplungsdeckel Vespa PX, Cosa, T5 125ccm, Rally, Sprint, TS, GT, GTR, GL, SS 180, GS 1
c-5223;Vespa 50 (V5SA1T -69601);Primär, Kickstarter, Kupplung;33;p-6547;Federscheibe gewellt -DIN 137 Stahl verzinkt- M6
c-5223;Vespa 50 (V5SA1T -69601);Primär, Kickstarter, Kupplung;34;p-6547;Federscheibe gewellt -DIN 137 Stahl verzinkt- M6
c-5223;Vespa 50 (V5SA1T -69601);Primär, Kickstarter, Kupplung;35;p-32630;Kupplungsdeckel -POLINI, kurzer gerader Hebel- Vespa V50, PV, ET3
c-5223;Vespa 50 (V5SA1T -69601);Primär, Kickstarter, Kupplung;36;p-15701;Schraube -DIN 933- M6 x 25mm (8.8 Festigkeit)
c-5223;Vespa 50 (V5SA1T -69601);Primär, Kickstarter, Kupplung;40;p-364;Kupplungsarmfeder -VESPA- V50, V90 (bis Bj. 1977), SS50, SS90, PV125 (bis Bj. 1977), ET3
c-5223;Vespa 50 (V5SA1T -69601);Primär, Kickstarter, Kupplung;41;p-12629;Kupplungsarm -VESPA- Vespa 50 (V5A1T), 50 Elestart (V5B2T), 50 N Special (V5A1T, V5B3T), 50 Special (V5B1T), 50 SR (V5SA1T), 50 SS (V5SS1T), V 90 (V9A
c-5223;Vespa 50 (V5SA1T -69601);Primär, Kickstarter, Kupplung;42;p-11964;Sicherungsstift - Spannstift -PIAGGIO- 3x18mm (verwendet für Kupplungsarm Vespa V50, PV125, ET3)
c-5223;Vespa 50 (V5SA1T -69601);Primär, Kickstarter, Kupplung;43;p-15124;Sicherungsring Kupplungskorb -NEWFREN Ø=61mm b=2,9mm h=1,1mm- Vespa V50 (V5A1T, V5A2T, V5A3T, V5B1T, V5B2T, V5B3T, V5B4T, V5R1T, V5SA1T), SS50 (V5SS1T
c-5223;Vespa 50 (V5SA1T -69601);Primär, Kickstarter, Kupplung;44;p-15123;Ölsammelblech Kupplung -OEM QUALITÄT- Vespa V50, V90, SS50, SS90, PV125, ET3, PK S, PK XL1
c-5223;Vespa 50 (V5SA1T -69601);Primär, Kickstarter, Kupplung;46;p-2641;Kupplungsbeläge -VESPA Smallframe V50, V90, SS50, SS90, PV125, ET3, PK50, PK80, PK50 S, PK80 S, PK125 S, PK50 XL, PK125 XL, ETS, PK50 HP, PK50 SS - 3-
c-5223;Vespa 50 (V5SA1T -69601);Primär, Kickstarter, Kupplung;47;p-2641;Kupplungsbeläge -VESPA Smallframe V50, V90, SS50, SS90, PV125, ET3, PK50, PK80, PK50 S, PK80 S, PK125 S, PK50 XL, PK125 XL, ETS, PK50 HP, PK50 SS - 3-
c-5223;Vespa 50 (V5SA1T -69601);Primär, Kickstarter, Kupplung;48;p-2641;Kupplungsbeläge -VESPA Smallframe V50, V90, SS50, SS90, PV125, ET3, PK50, PK80, PK50 S, PK80 S, PK125 S, PK50 XL, PK125 XL, ETS, PK50 HP, PK50 SS - 3-
c-5223;Vespa 50 (V5SA1T -69601);Primär, Kickstarter, Kupplung;49;p-12245;Kupplungsstahlscheibe -PIAGGIO- Vespa Smallframe V50, V90, SS50, SS90, PV125, ET3, PK50, PK80, PK50 S, PK80 S, PK125 S, PK50 XL, PK125 XL, ETS, PK50 H
c-5223;Vespa 50 (V5SA1T -69601);Primär, Kickstarter, Kupplung;50;p-12245;Kupplungsstahlscheibe -PIAGGIO- Vespa Smallframe V50, V90, SS50, SS90, PV125, ET3, PK50, PK80, PK50 S, PK80 S, PK125 S, PK50 XL, PK125 XL, ETS, PK50 H
c-5223;Vespa 50 (V5SA1T -69601);Primär, Kickstarter, Kupplung;51;p-15120;Kupplungsgrundplatte -OEM QUALITÄT- Vespa V50, PV125, ET3, PK S, PK XL1
c-5223;Vespa 50 (V5SA1T -69601);Primär, Kickstarter, Kupplung;52;p-439;Kupplungsfeder -PIAGGIO- Vespa V50 (V5A1T, V5A2T, V5A3T, V5B1T, V5B2T, V5B3T, V5B4T, V5R1T, V5SA1T), SS50 (V5SS1T), SR50 (V5SS2T), V90 (V9A1T), SS90 (
c-5223;Vespa 50 (V5SA1T -69601);Primär, Kickstarter, Kupplung;53;p-15119;Kupplungsspinne -OEM QUALITÄT- Vespa V50, PV125, ET3, PK S, PK XL1
c-5223;Vespa 50 (V5SA1T -69601);Primär, Kickstarter, Kupplung;54;p-15705;Mutter hoch -DIN 934 ähnlich- M7
c-5223;Vespa 50 (V5SA1T -69601);Primär, Kickstarter, Kupplung;55;p-15711;Federring -DIN 127- M7
c-5223;Vespa 50 (V5SA1T -69601);Primär, Kickstarter, Kupplung;56;p-4268;Halteblech Brems-/Kupplungszug am Motor -PREMIUM- Vespa V50 (VMA1M), PV125, ET3, SS50, SS90 - 1. Serie (kurzer Kupplungsausrückhebel)
c-5223;Vespa 50 (V5SA1T -69601);Primär, Kickstarter, Kupplung;57;p-15754;Schraube -DIN 933- M7 x 20mm (8.8 Festigkeit)
c-5223;Vespa 50 (V5SA1T -69601);Primär, Kickstarter, Kupplung;58;p-15682;Mutter -DIN 934- M5
c-5223;Vespa 50 (V5SA1T -69601);Primär, Kickstarter, Kupplung;59;p-17425;Einstellschraube M5 x 20mm (Øinnen=6,9mm) -BGM ORIGINAL- (verwendet für Schaltraste Vespa) - 10 Stück
c-5223;Vespa 50 (V5SA1T -69601);Primär, Kickstarter, Kupplung;60;p-6238;Kugellager -6200- (10x30x09mm) - (verwendet für Nebenwelle Vespa V50, V90, SS50, SS90, PV125, ET3, PK S, PK XL)
c-5223;Vespa 50 (V5SA1T -69601);Primär, Kickstarter, Kupplung;62;p-47738;Buchse Primärrad -BGM ORIGINAL- Vespa V50, PV125, ET3, PK50, PK80, PK125
c-5223;Vespa 50 (V5SA1T -69601);Primär, Kickstarter, Kupplung;63;p-665;Sicherungsblech Nebenwelle -PIAGGIO- Vespa V50, V90, SS50, SS90, PV125, ET3, PK S, PK XL
c-5223;Vespa 50 (V5SA1T -69601);Primär, Kickstarter, Kupplung;64;p-15018;Kupplungsmutter -PIAGGIO- Vespa V50, PV125, ET3, PK S, PK XL - (verwendet als Mutter für Nebenwelle)
c-5223;Vespa 50 (V5SA1T -69601);Primär, Kickstarter, Kupplung;65;p-12229;Halbmond Keil (Scheibenfeder) -DIN 6888- 3x3,6mm (verwendet für Kurbelwelle Lichtmaschinenseite Vespa GS 150, Lambretta D 125-150 (1956-1957), LD 125-
c-5223;Vespa 50 (V5SA1T -69601);Primär, Kickstarter, Kupplung;66;p-3054;Gummipuffer Motorgehäuse, Nupsi -PIAGGIO- V50, V90, V100, ET3 (verwendet als Verschlussstopfen für außenliegende Zündspulenhalterungsbohrung im Motorg
c-5223;Vespa 50 (V5SA1T -69601);Primär, Kickstarter, Kupplung;67;p-14464;Seegerring -WELLE DIN471- Ø=25mm - Smallframe primär, V50, 50N, SS50, SS90, V90, PV125, ET3, PK, PK XL, PK XL2, ETS
c-5223;Vespa 50 (V5SA1T -69601);Räder;1;p-12138;Schraubenzieher -PIAGGIO- Schlitz + Kreuzschlitz
c-5223;Vespa 50 (V5SA1T -69601);Räder;2;p-6063;Ölmessbecher -100ml-
c-5223;Vespa 50 (V5SA1T -69601);Räder;4;p-1330;Zündkerzenschlüssel Werkzeug SW21/13/11mm -VESPA- Smallframe V50, V90, SS50, SS90, PV125, ET3, PK S, PK XL
c-5223;Vespa 50 (V5SA1T -69601);Räder;9;p-8394;Reserveradhalter vorne -VESPA- Vespa V50(N) (bis Bj 1971), V50 L, V50 S, V90 - für geschlossene 9 Zoll Felgen
c-5223;Vespa 50 (V5SA1T -69601);Räder;10;p-8394;Reserveradhalter vorne -VESPA- Vespa V50(N) (bis Bj 1971), V50 L, V50 S, V90 - für geschlossene 9 Zoll Felgen
c-5223;Vespa 50 (V5SA1T -69601);Räder;11;p-15727;Federring -DIN 127- M8
c-5223;Vespa 50 (V5SA1T -69601);Räder;12;p-15727;Federring -DIN 127- M8
c-5223;Vespa 50 (V5SA1T -69601);Räder;17;p-15725;Unterlegscheibe -DIN 125- M8 - schwarz verzinkt
c-5223;Vespa 50 (V5SA1T -69601);Räder;18;p-15725;Unterlegscheibe -DIN 125- M8 - schwarz verzinkt
c-5223;Vespa 50 (V5SA1T -69601);Räder;26;p-7351;Schlauch -CONTINENTAL D10 10 Zoll- 3.00-10, 3.50-10, 4.00-10, 90/90-10, 100/90-10, 120/90-10, 130/90-10, 100/80-10, 110/80-10 - Ventilposition Vespa
c-5223;Vespa 50 (V5SA1T -69601);Räder;28;p-6063;Ölmessbecher -100ml-
c-5223;Vespa 50 (V5SA1T -69601);Räder;29;p-15719;Mutter -DIN 934- M8
c-5223;Vespa 50 (V5SA1T -69601);Räder;30;p-44785;Felge -PREMIUM 2.10-10 Zoll-Vespa (Typ V50 10 Zoll - 4 Loch innen) - Grau
c-5223;Vespa 50 (V5SA1T -69601);Räder;33;p-15696;Federring -DIN 127- M6
c-5223;Vespa 50 (V5SA1T -69601);Räder;34;p-15690;Mutter -DIN 934- M6
c-5223;Vespa 50 (V5SA1T -69601);Räder;35;p-3067;Sitzkissen -NISA (24x23x12cm)- Vespa V50, PV125, PV - schwarz
c-5223;Vespa 50 (V5SA1T -69601);Rahmen;1;p-19811;Pfropfen -PIAGGIO- Vespa GTV
c-5223;Vespa 50 (V5SA1T -69601);Rahmen;3;p-349;Schriftzug Kaskade -OEM QUALITÄT- Vespa Piaggio Rechteck - Vespa V50 (1. Serie ab Bj. 1963), Vespa V90 (ab Bj. 1963)
c-5223;Vespa 50 (V5SA1T -69601);Rahmen;5;p-9581;Reparaturblech Hupe/Kaskade -OEM QUALITÄT- Vespa V50, V90 (bis Bj. 1967), PV125 (bis 1967) - Befestigung Hupe 4-Schrauben
c-5223;Vespa 50 (V5SA1T -69601);Rahmen;6;p-6725;Niet Ø=1,5x7mm -VESPA- für Schriftzug auf Beinschild
c-5223;Vespa 50 (V5SA1T -69601);Rahmen;7;p-44724;Schriftzug Beinschild -PREMIUM- Vespa 50S - Vespa 50S (V5SA1T -57177) - 148x40mm - Befestigung mit Niete (7 stk.) - chrom
c-5223;Vespa 50 (V5SA1T -69601);Rahmen;9;p-15163;Werkzeugkasten - Werkzeugfach -OEM QUALITÄT-V50 N (V5A1T ab Nr. 92877), V50 R, V50 L, SS50, SS90, V50 Special, V90 (V9A1T ab Nr. 22235), PV125, ET3
c-5223;Vespa 50 (V5SA1T -69601);Rahmen;12;p-547;Niet für Trittleistenendstück -OEM QUALITÄT- Vespa Rally180 (VSD1T), Rally200 (VSE1T), Sprint150 (VLB1T), TS125 (VNL3T), GT125 (VNL2T), GTR125 (VNL2T)
c-5223;Vespa 50 (V5SA1T -69601);Rahmen;13;p-547;Niet für Trittleistenendstück -OEM QUALITÄT- Vespa Rally180 (VSD1T), Rally200 (VSE1T), Sprint150 (VLB1T), TS125 (VNL3T), GT125 (VNL2T), GTR125 (VNL2T)
c-5223;Vespa 50 (V5SA1T -69601);Rahmen;14;p-547;Niet für Trittleistenendstück -OEM QUALITÄT- Vespa Rally180 (VSD1T), Rally200 (VSE1T), Sprint150 (VLB1T), TS125 (VNL3T), GT125 (VNL2T), GTR125 (VNL2T)
c-5223;Vespa 50 (V5SA1T -69601);Rahmen;15;p-547;Niet für Trittleistenendstück -OEM QUALITÄT- Vespa Rally180 (VSD1T), Rally200 (VSE1T), Sprint150 (VLB1T), TS125 (VNL3T), GT125 (VNL2T), GTR125 (VNL2T)
c-5223;Vespa 50 (V5SA1T -69601);Rahmen;16;p-547;Niet für Trittleistenendstück -OEM QUALITÄT- Vespa Rally180 (VSD1T), Rally200 (VSE1T), Sprint150 (VLB1T), TS125 (VNL3T), GT125 (VNL2T), GTR125 (VNL2T)
c-5223;Vespa 50 (V5SA1T -69601);Rahmen;17;p-547;Niet für Trittleistenendstück -OEM QUALITÄT- Vespa Rally180 (VSD1T), Rally200 (VSE1T), Sprint150 (VLB1T), TS125 (VNL3T), GT125 (VNL2T), GTR125 (VNL2T)
c-5223;Vespa 50 (V5SA1T -69601);Rahmen;21;p-7294;Trittleistenendstück -VESPA- V90 (bis Nr. 25000), VNA1T bis VNA2T, VNB1T bis VNB6T, VBB2T)
c-5223;Vespa 50 (V5SA1T -69601);Rahmen;22;p-7259;Trittleistenendstück -CIF HQ, verchromt- Vespa V50, V90, 50 Special, 50 L, 50 Elestart, SS50, SS90, PV125, ET3, Super, VNA1T (68032-), VNA2T, VNB1T, V
c-5223;Vespa 50 (V5SA1T -69601);Rahmen;23;p-7294;Trittleistenendstück -VESPA- V90 (bis Nr. 25000), VNA1T bis VNA2T, VNB1T bis VNB6T, VBB2T)
c-5223;Vespa 50 (V5SA1T -69601);Rahmen;24;p-7259;Trittleistenendstück -CIF HQ, verchromt- Vespa V50, V90, 50 Special, 50 L, 50 Elestart, SS50, SS90, PV125, ET3, Super, VNA1T (68032-), VNA2T, VNB1T, V
c-5223;Vespa 50 (V5SA1T -69601);Rahmen;25;p-7294;Trittleistenendstück -VESPA- V90 (bis Nr. 25000), VNA1T bis VNA2T, VNB1T bis VNB6T, VBB2T)
c-5223;Vespa 50 (V5SA1T -69601);Rahmen;26;p-7259;Trittleistenendstück -CIF HQ, verchromt- Vespa V50, V90, 50 Special, 50 L, 50 Elestart, SS50, SS90, PV125, ET3, Super, VNA1T (68032-), VNA2T, VNB1T, V
c-5223;Vespa 50 (V5SA1T -69601);Rahmen;27;p-7294;Trittleistenendstück -VESPA- V90 (bis Nr. 25000), VNA1T bis VNA2T, VNB1T bis VNB6T, VBB2T)
c-5223;Vespa 50 (V5SA1T -69601);Rahmen;28;p-7259;Trittleistenendstück -CIF HQ, verchromt- Vespa V50, V90, 50 Special, 50 L, 50 Elestart, SS50, SS90, PV125, ET3, Super, VNA1T (68032-), VNA2T, VNB1T, V
c-5223;Vespa 50 (V5SA1T -69601);Rahmen;29;p-7294;Trittleistenendstück -VESPA- V90 (bis Nr. 25000), VNA1T bis VNA2T, VNB1T bis VNB6T, VBB2T)
c-5223;Vespa 50 (V5SA1T -69601);Rahmen;30;p-7259;Trittleistenendstück -CIF HQ, verchromt- Vespa V50, V90, 50 Special, 50 L, 50 Elestart, SS50, SS90, PV125, ET3, Super, VNA1T (68032-), VNA2T, VNB1T, V
c-5223;Vespa 50 (V5SA1T -69601);Rahmen;31;p-7294;Trittleistenendstück -VESPA- V90 (bis Nr. 25000), VNA1T bis VNA2T, VNB1T bis VNB6T, VBB2T)
c-5223;Vespa 50 (V5SA1T -69601);Rahmen;32;p-7259;Trittleistenendstück -CIF HQ, verchromt- Vespa V50, V90, 50 Special, 50 L, 50 Elestart, SS50, SS90, PV125, ET3, Super, VNA1T (68032-), VNA2T, VNB1T, V
c-5223;Vespa 50 (V5SA1T -69601);Rahmen;35;p-12083;Senkniet Aluminium für Trittleiste -OEM QUALITÄT, Übermaß- Vespa V50, PV125, ET3, PK, PX, Sprint, Rally - Ø=4mm l=14mm
c-5223;Vespa 50 (V5SA1T -69601);Rahmen;36;p-12083;Senkniet Aluminium für Trittleiste -OEM QUALITÄT, Übermaß- Vespa V50, PV125, ET3, PK, PX, Sprint, Rally - Ø=4mm l=14mm
c-5223;Vespa 50 (V5SA1T -69601);Rahmen;44;p-11258;Trittleistensatz -MAURO PASCOLI, Breite=20mm- Vespa V50, V50N, 1.Serie (-1964, V5A1T -36000) - Gummi (mit eingegossenen Hohlnieten)
c-5223;Vespa 50 (V5SA1T -69601);Rahmen;47;p-15701;Schraube -DIN 933- M6 x 25mm (8.8 Festigkeit)
c-5223;Vespa 50 (V5SA1T -69601);Rahmen;48;p-6934;Ständerbleche / Haltebleche Hauptständer -OEM QUALITÄT, Ø=20mm- Vespa GS160 (VSB1T), 50S (V5SA1T 50535-), V90 (V9A1T 57885-), V50 Elestart (V5A3T 5308
c-5223;Vespa 50 (V5SA1T -69601);Rahmen;49;p-10064;Ständerbleche / Haltebleche Hauptständer -OEM QUALITÄT, Ø=16mm- Vespa V50, V90, PV125
c-5223;Vespa 50 (V5SA1T -69601);Rahmen;50;p-12045;Mutter selbstsichernd hoch -DIN 985 ähnl.- M6 - verwendet für z.B. Ständerlaschenbefestigung Vespa
c-5223;Vespa 50 (V5SA1T -69601);Rahmen;51;p-15064;Ständerfederlasche -PIAGGIO- Vespa PX, T5 125cc, PK S, PK XL, Sprint150 (VLB1T), Rally180 (VSD1T), Rally200 (VSE1T), Super, GT125 (VNL2T), GTR125 (VNL
c-5223;Vespa 50 (V5SA1T -69601);Rahmen;52;p-46794;Hauptständer -TOUGHBONE Ø=20mm- Vespa V50, V90, PV125 - verstärktes Material
c-5223;Vespa 50 (V5SA1T -69601);Rahmen;53;p-10070;Ständerfüße -Vespa, Ø= 16mm (-1971)- Vespa V50, SS50, V90, SS90, 90 Racer, PV125 - Schwarz
c-5223;Vespa 50 (V5SA1T -69601);Rahmen;54;p-10070;Ständerfüße -Vespa, Ø= 16mm (-1971)- Vespa V50, SS50, V90, SS90, 90 Racer, PV125 - Schwarz
c-5223;Vespa 50 (V5SA1T -69601);Rahmen;56;p-15084;Gummipuffer Seitenklappe, Nupsi -VESPA- V50, V90, SS50, SS90, PV125, ET3 - Höhe 5mm (Einbauposition: Oben/Links+Rechts)
c-5223;Vespa 50 (V5SA1T -69601);Rahmen;58;p-15084;Gummipuffer Seitenklappe, Nupsi -VESPA- V50, V90, SS50, SS90, PV125, ET3 - Höhe 5mm (Einbauposition: Oben/Links+Rechts)
c-5223;Vespa 50 (V5SA1T -69601);Rahmen;60;p-5098;Seitenklappenhebel -OEM QUALITÄT- Vespa V50, V90, SS50, SS90, PV125, ET3 - Aluminium
c-5223;Vespa 50 (V5SA1T -69601);Rahmen;61;p-359;Seitenklappe rechts -OEM QUALITÄT- Vespa V50 (V5A1T bis Nr. 70239), V50 S (V5SA1T bis Nr. 11764), V90 (V9A1T bis Nr.19974)
c-5223;Vespa 50 (V5SA1T -69601);Rahmen;63;p-44660;Seitenklappe rechts -PREMIUM- Vespa Smallframe ab 1965 - V50 Special (V5A2T, V5B1T, V5B3T), PV125 (VMA2T), ET3 (VMB1T), V50 Elestart, SS50, SS90, 90 R
c-5223;Vespa 50 (V5SA1T -69601);Rahmen;64;p-13469;Seitenklappenhebel -OEM QUALITÄT- Vespa V50, V90, SS50, SS90, PV125, ET3 - Aluminium
c-5223;Vespa 50 (V5SA1T -69601);Rahmen;65;p-13469;Seitenklappenhebel -OEM QUALITÄT- Vespa V50, V90, SS50, SS90, PV125, ET3 - Aluminium
c-5223;Vespa 50 (V5SA1T -69601);Rahmen;68;p-15676;Mutter -DIN 934- M4 (verwendet für Blinkerbefestigung Vespa PX)
c-5223;Vespa 50 (V5SA1T -69601);Rahmen;69;p-2976;Schraube -DIN 84- M4 x 14mm - verzinkt, geschlitzt (verwendet für Ölpumpe Vespa PX Lusso, MY, 2011, Cosa, Scheinwerferzierring Vespa V50 Special), Bre
c-5223;Vespa 50 (V5SA1T -69601);Rahmen;70;p-15682;Mutter -DIN 934- M5
c-5223;Vespa 50 (V5SA1T -69601);Rahmen;71;p-9540;Federmutter für Schriftzüge -OEM QUALITÄT- Vespa (verwendet als Klammer für Schriftzüge)
c-5223;Vespa 50 (V5SA1T -69601);Rahmen;72;p-15682;Mutter -DIN 934- M5
c-5223;Vespa 50 (V5SA1T -69601);Rahmen;73;p-9540;Federmutter für Schriftzüge -OEM QUALITÄT- Vespa (verwendet als Klammer für Schriftzüge)
c-5223;Vespa 50 (V5SA1T -69601);Rahmen;74;p-15684;Federring -DIN 127- M5
c-5223;Vespa 50 (V5SA1T -69601);Rahmen;77;p-7296;Trittleistensatz -CIF- Vespa VNB3T, VNB4T, VNB5T, VNB6T, VBB2T - Leistenbreite 13,5mm
c-5223;Vespa 50 (V5SA1T -69601);Rahmen;78;p-12197;Trittleistengummi -OEM QUALITÄT, B=10mm für Doppel-C-Profil- Vespa 125 VNA1T-2T, VNB1T-2T - 4200mm
c-5223;Vespa 50 (V5SA1T -69601);Rahmen;79;p-6927;Ständerfeder -OEM QUALITÄT- V50, V90, PV125, ET3
c-5223;Vespa 50 (V5SA1T -69601);Rahmen;80;p-15084;Gummipuffer Seitenklappe, Nupsi -VESPA- V50, V90, SS50, SS90, PV125, ET3 - Höhe 5mm (Einbauposition: Oben/Links+Rechts)
c-5223;Vespa 50 (V5SA1T -69601);Rahmen;82;p-393;Seitenklappenaufhängung -PIAGGIO- Vespa V50 (V5A1T ab Nr. 70240), V50 S (V5SA1T ab Nr. 11765), V90 (V9A1T ab Nr.19975), SS50, SS90, PV125, ET3
c-5223;Vespa 50 (V5SA1T -69601);Rahmen;83;p-393;Seitenklappenaufhängung -PIAGGIO- Vespa V50 (V5A1T ab Nr. 70240), V50 S (V5SA1T ab Nr. 11765), V90 (V9A1T ab Nr.19975), SS50, SS90, PV125, ET3
c-5223;Vespa 50 (V5SA1T -69601);Scheinwerfer, Rücklicht;2;p-11557;Schraube -DIN 84- M3 x 12mm (verwendet für Befestigung Lichtschalter/Blinkerschalter Rally180 (VSD1T), Rally200 (VSE1T), Sprint, PV, ET3, V50)
c-5223;Vespa 50 (V5SA1T -69601);Scheinwerfer, Rücklicht;6;p-11879;Lichtschalter -OEM QUALITÄT- Vespa V50 S, V50 SS
c-5223;Vespa 50 (V5SA1T -69601);Scheinwerfer, Rücklicht;13;p-535;Scheinwerferstecker -SIEM- Vespa V50/90 (2-Faden), PV, ET3, Rally180 (VSD1T), Rally200 (VSE1T), Sprint150 Veloce(VLB1T) - für runden SIEM Scheinwerfer
c-5223;Vespa 50 (V5SA1T -69601);Scheinwerfer, Rücklicht;14;p-15496;Birne -BA15s (Stifte gerade) - 6V 10W - Weiss
c-5223;Vespa 50 (V5SA1T -69601);Scheinwerfer, Rücklicht;16;p-14329;Scheinwerfereinstellschiene Sicherungsklammer Scheinwerfer -OEM QUALITÄT- Vespa V50, PV125, ET3
c-5223;Vespa 50 (V5SA1T -69601);Scheinwerfer, Rücklicht;17;p-48101;Scheinwerfer -SIEM LED Ø=105/115mm (Glas/außen)- Vespa Smallframe V50 (kleiner Rundlenker)- 50N (V5A1T 122877-), 50L (V5A1T), 50R (V5A1T) - inkl. Span
c-5223;Vespa 50 (V5SA1T -69601);Scheinwerfer, Rücklicht;18;p-48099;Scheinwerfer -SIEM LED Ø=115/120mm (Glas/außen)- Vespa VNB3T bis VNB6T, VBA1T, VBB1T bis VBB2T, GS150 / GS3 (VS4T bis VS5T), GS160 / GS4 (VSB1T) - Gla
c-5223;Vespa 50 (V5SA1T -69601);Scheinwerfer, Rücklicht;19;p-15601;Hupendichtung -OEM QUALITÄT, Ø=54x81x4mm V50, V90, SS50, SS90, PV125, ET3 - Vespa Grau
c-5223;Vespa 50 (V5SA1T -69601);Scheinwerfer, Rücklicht;20;p-9541;Blechmutter 2,9mm (verwendet für Hupe Vespa V50, V90, GL150 (VLA1T), GT125 (VNL2T), GTR125 (VNL2T), Super, Sprint150 (VLB1T), Rally180 (VSD1T), Rally2
c-5223;Vespa 50 (V5SA1T -69601);Scheinwerfer, Rücklicht;21;p-13069;Blechschraube -DIN 7971 2,9x19mm Edelstahl (verwendet für Hupe Rally180 (VSD1T), Rally200 (VSE1T), Sprint150 (VLB1T), TS125 (VNL3T), GT125 (VNL2T), GT
c-5223;Vespa 50 (V5SA1T -69601);Scheinwerfer, Rücklicht;23;p-11962;Schraube -DIN 933- M4 x 25mm (verwendet für Bremslichtschalter Vespa PK, PX, PV, ET3)
c-5223;Vespa 50 (V5SA1T -69601);Scheinwerfer, Rücklicht;24;p-9508;Fächerscheibe -DIN 6798- M10
c-5223;Vespa 50 (V5SA1T -69601);Scheinwerfer, Rücklicht;25;p-15677;Unterlegscheibe -DIN 125- M4
c-5223;Vespa 50 (V5SA1T -69601);Scheinwerfer, Rücklicht;27;p-358;Gummi Bremspedal/Bremslichtschalter -PIAGGIO- Vespa PX, ET3, PV, V50
c-5223;Vespa 50 (V5SA1T -69601);Scheinwerfer, Rücklicht;28;p-15547;Bremslichtschalter -OEM QUALITÄT- Vespa PV125, ET3, PX80, PX125, PX150, PX200 (Modelle ohne Blinker) - Öffner (Blau/Schwarz)
c-5223;Vespa 50 (V5SA1T -69601);Scheinwerfer, Rücklicht;36;p-11525;Schraube -DIN 931- M6 x 25mm (8.8 Festigkeit) - (verwendet für Kupplungsdeckel Vespa PX, Cosa, T5 125ccm, Rally, Sprint, TS, GT, GTR, GL, SS 180, GS 1
c-5223;Vespa 50 (V5SA1T -69601);Scheinwerfer, Rücklicht;37;p-15696;Federring -DIN 127- M6
c-5223;Vespa 50 (V5SA1T -69601);Scheinwerfer, Rücklicht;38;p-13501;Unterlegscheibe Karosserie -DIN 9021- M6 - Edelstahl
c-5223;Vespa 50 (V5SA1T -69601);Scheinwerfer, Rücklicht;39;p-15690;Mutter -DIN 934- M6
c-5223;Vespa 50 (V5SA1T -69601);Scheinwerfer, Rücklicht;40;p-5402;Rücklichtgummi (Dichtung zum Rahmen) -SIEM- passend für Rücklicht SIEM Vespa Antik- Metall klein - Vespa 50S (V5SA1T), V50R (V5A1T), V50 Special (V5A2
c-5223;Vespa 50 (V5SA1T -69601);Scheinwerfer, Rücklicht;41;p-15497;Birne -BA15s (Stifte gerade) - 6V 15W - Weiss - Bremslicht Vespa 90 Racer (V9SS2T), Vespa 50 Special (V5B1T, V5B3T), 50 Sprinter (V5SS1T), 50 SR (V5SS
c-5223;Vespa 50 (V5SA1T -69601);Scheinwerfer, Rücklicht;42;p-15485;Soffitte -SV8,5 11x36mm- 6V 5W - Weiss
c-5223;Vespa 50 (V5SA1T -69601);Scheinwerfer, Rücklicht;45;p-44691;Rücklicht -PREMIUM Vespa Antik- Metall klein - poliert - Vespa 50S (V5SA1T), V50R (V5A1T), V50 Special (V5A2T), 50SR/Sprinter (V5SS2T), SS50 (V5SS1T),
c-5223;Vespa 50 (V5SA1T -69601);Scheinwerfer, Rücklicht;48;p-9632;Rücklichtglas -SIEM- Vespa Antik klein - Rot
c-5223;Vespa 50 (V5SA1T -69601);Scheinwerfer, Rücklicht;49;p-12656;Schraube Rücklichtglas -VESPA M3 x 32mm- Vespa 50 N (V5A1T -122876), GL (VLA1T), Sprint (VLB1T -025478), SS 180 (VSC1T -18000)
c-5223;Vespa 50 (V5SA1T -69601);Scheinwerfer, Rücklicht;50;p-44748;Reflektor für Rücklichtglas - PREMIUM- Vespa VNB, VBB, GS 150 (VS5), GS160 - Pia.ref. 89235
c-5223;Vespa 50 (V5SA1T -69601);Sitzbank, Tank;2;p-15091;Sitzbankbezug -OEM QUALITÄT- Vespa V50, PV125 - Keder grau
c-5223;Vespa 50 (V5SA1T -69601);Sitzbank, Tank;3;p-7081;Sitzbankzapfen -OEM QUALITÄT- Vespa M7 x 26mm
c-5223;Vespa 50 (V5SA1T -69601);Sitzbank, Tank;4;p-15072;Gummipuffer Sitzbank -OEM QUALITÄT- Vespa PX (bis Bj. 1997), T5 125cc, PKS, PK XL, V50, PV, ET3
c-5223;Vespa 50 (V5SA1T -69601);Sitzbank, Tank;5;p-3027;Sitzbankbezug-Klammer -PIAGGIO- 7mm - Vespa V50, V90, PV125, ET3, PX, PK, Rally, Sprint, TS, GT, GTR
c-5223;Vespa 50 (V5SA1T -69601);Sitzbank, Tank;6;p-2933;Schraube M6 x 10mm (verwendet für Vergaserwannenbefestigung PX Lusso/Cosa/T5)
c-5223;Vespa 50 (V5SA1T -69601);Sitzbank, Tank;7;p-12065;Unterlegscheibe 6,5x16x1,5mm -PIAGGIO- (verwendet für Kotflügel Vespa PX)
c-5223;Vespa 50 (V5SA1T -69601);Sitzbank, Tank;8;p-12065;Unterlegscheibe 6,5x16x1,5mm -PIAGGIO- (verwendet für Kotflügel Vespa PX)
c-5223;Vespa 50 (V5SA1T -69601);Sitzbank, Tank;9;p-15690;Mutter -DIN 934- M6
c-5223;Vespa 50 (V5SA1T -69601);Sitzbank, Tank;10;p-15690;Mutter -DIN 934- M6
c-5223;Vespa 50 (V5SA1T -69601);Sitzbank, Tank;11;p-12067;Sitzbankfeder -PIAGGIO- Vespa PV 125, V50, ET3, PK, PK S, PK S Lusso, PX, Rally, Sprint, TS
c-5223;Vespa 50 (V5SA1T -69601);Sitzbank, Tank;13;p-15701;Schraube -DIN 933- M6 x 25mm (8.8 Festigkeit)
c-5223;Vespa 50 (V5SA1T -69601);Sitzbank, Tank;14;p-15711;Federring -DIN 127- M7
c-5223;Vespa 50 (V5SA1T -69601);Sitzbank, Tank;15;p-15711;Federring -DIN 127- M7
c-5223;Vespa 50 (V5SA1T -69601);Sitzbank, Tank;16;p-3846;Sitzbankriemen -MAURO PASCOLI- Vespa V50, PV, ET3 - Schwarz - 400mm x 22mm
c-5223;Vespa 50 (V5SA1T -69601);Sitzbank, Tank;17;p-2981;Unterlegscheibe Karosserie -DIN 9021- M6 -6,4 x 18 x 1,6mm (verwendet für z.B. Sitzbankriemen Vespa PX Lusso, MY, 2011)
c-5223;Vespa 50 (V5SA1T -69601);Sitzbank, Tank;18;p-385;Schraube -DIN 7985 ähnlich- M6 x 25mm (verwendet für Sitzbankriemen Vespa PX, T5 125cc)
c-5223;Vespa 50 (V5SA1T -69601);Sitzbank, Tank;19;p-12222;Dichtung Tankdeckel -ROLLERLADEN- Vespa V50, PV125, ET3, Motovespa 125/150/160 - Kork
c-5223;Vespa 50 (V5SA1T -69601);Sitzbank, Tank;20;p-11462;Tank -PREMIUM, geöltes Blech- Vespa V50 1° Serie (kurze Ausführung), V50 (V5A1T bis Nr. 70239), V50 S (V5SA1T bis Nr. 11764), V90 (V9A1T bis Nr.19974)
c-5223;Vespa 50 (V5SA1T -69601);Sitzbank, Tank;21;p-11232;Tank -PREMIUM, geöltes Blech- Vespa V50, V90, SS50, SS90, PV125, ET3 - mit Mutter für Monositz / Einzelsattelbefestigung
c-5223;Vespa 50 (V5SA1T -69601);Sitzbank, Tank;22;p-6889;Tankdeckel -OEM QUALITÄT- Vespa V50, V90, SS50, SS90, PV125, ET3, Motovespa 125/150/160
c-5223;Vespa 50 (V5SA1T -69601);Sitzbank, Tank;24;p-31304;Tankdeckelverschluss Augbolzen -OEM QUALITÄT- Vespa PX80, PX125, PX150, PX200 (-1984), Vespa 125 - VNB1T - VNB6T, Vespa 150 - VBB1T - VBB2T, GS160 / G
c-5223;Vespa 50 (V5SA1T -69601);Sitzbank, Tank;25;p-11769;Niet für Tankdeckel -OEM QUALITÄT- Vespa PX (-1984), Rally, Sprint, Sprint Veloce, TS, GT, GTR, SS180, GS160, GL, Super, GS150, VNA, VNB, VBA, VBB, Wi
c-5223;Vespa 50 (V5SA1T -69601);Sitzbank, Tank;26;p-19;Mutter für Tankdeckelverschluss - Rändelmutter - VESPA - V50, V90, SS50, SS90, PV125, ET3, VNA, Super, GL150 (VLA1T), GT125 (VNL2T), GTR125 (VNL2T), T
c-5223;Vespa 50 (V5SA1T -69601);Sitzbank, Tank;27;p-15754;Schraube -DIN 933- M7 x 20mm (8.8 Festigkeit)
c-5223;Vespa 50 (V5SA1T -69601);Sitzbank, Tank;28;p-15709;Unterlegscheibe -DIN 125- M7
c-5223;Vespa 50 (V5SA1T -69601);Sitzbank, Tank;31;p-6920;Benzinhahnhebel -OEM QUALITÄT- Vespa V50, V90, SS50, SS90, PV125, ET3 - Kunstoff
c-5223;Vespa 50 (V5SA1T -69601);Sitzbank, Tank;32;p-6500;Gummiring Benzinhahnhebel -OEM QUALITÄT- Vespa PX alt (-1984), Largeframe (-1984), Smallframe - Schwarz
c-5223;Vespa 50 (V5SA1T -69601);Sitzbank, Tank;33;p-12058;Silentbuchse für Benzinhahnhebel -PIAGGIO- Vespa PX, T5 125ccm, Rally, Sprint, TS, PV125, V50, PK S, PK XL
c-5223;Vespa 50 (V5SA1T -69601);Sitzbank, Tank;36;p-6504;Splint Benzinhahn -VESPA- PX, Sprint150 (VLB1T), Rally180 (VSD1T), Rally200 (VSE1T), GT125 (VNL2T), GTR125 (VNL2T), GL150 (VLA1T), Super, VNB, VNA , V
c-5223;Vespa 50 (V5SA1T -69601);Sitzbank, Tank;37;p-11959;Schieber für Benzinhahn -PIAGGIO- Vespa PX, T5 125ccm, PK, V50, PV, ET3, Rally, Sprint, GT, GTR
c-5223;Vespa 50 (V5SA1T -69601);Sitzbank, Tank;38;p-11966;Unterlegscheibe -PIAGGIO- 3,7x9,0x0,5mm (verwendet für Tacho Vespa PK XL2)
c-5223;Vespa 50 (V5SA1T -69601);Sitzbank, Tank;39;p-2343;Benzinhahn -PIAGGIO- Vespa V50, V90, PV125, ET3
c-5223;Vespa 50 (V5SA1T -69601);Sitzbank, Tank;40;p-12077;Kabelbinder Metall für Ansaugschlauch, Schaltzüge -OEM QUALITÄT- Ansaugschlauch Vespa SS180, GS160, GS150, Schaltzüge Vespa VL1-3, VB1, VGL1 - 5x300mm
c-5223;Vespa 50 (V5SA1T -69601);Sitzbank, Tank;41;p-12077;Kabelbinder Metall für Ansaugschlauch, Schaltzüge -OEM QUALITÄT- Ansaugschlauch Vespa SS180, GS160, GS150, Schaltzüge Vespa VL1-3, VB1, VGL1 - 5x300mm
c-5223;Vespa 50 (V5SA1T -69601);Sitzbank, Tank;42;p-10828;Benzinschlauch -PIAGGIO- Ø innen = 7mm, Ø aussen = 14mm, l = 750mm - passend für alle Vespa Schaltrollermodelle, Lambretta Serie 1-3
c-5223;Vespa 50 (V5SA1T -69601);Sitzbank, Tank;43;p-6863;Dichtung Benzinhahn/Tank -PIAGGIO- Vespa (ab Bj. 1950)
c-5223;Vespa 50 (V5SA1T -69601);Sitzbank, Tank;45;p-6864;Mutter Benzinhahn/Tank -VESPA- PX, Sprint150 (VLB1T), Rally180 (VSD1T), Rally200 (VSE1T), GT125 (VNL2T), GTR125 (VNL2T), GL150 (VLA1T), Super, VNB, VN
c-5223;Vespa 50 (V5SA1T -69601);Stoßdämpfer hinten;3;p-12110;Stoßdämpfer hinten -OEM QUALITÄT, 330mm- Vespa PX80, PX125, PX150, PX200, T5 125cc, Rally180 (VSD1T), Rally200 (VSE1T), Sprint150 (VLB1T), TS125 (VNL3
c-5223;Vespa 50 (V5SA1T -69601);Stoßdämpfer hinten;4;p-15719;Mutter -DIN 934- M8
c-5223;Vespa 50 (V5SA1T -69601);Stoßdämpfer hinten;5;p-15727;Federring -DIN 127- M8
c-5223;Vespa 50 (V5SA1T -69601);Stoßdämpfer hinten;6;p-44666;Silentblock Stoßdämpfer oben / Rahmen hinten -PREMIUM QUALITÄT- Vespa PX, T5 125ccm, Rally, Sprint, TS, GT, GTR, SS180, GS160, Super, GL, VNA, VNB, VB
c-5223;Vespa 50 (V5SA1T -69601);Stoßdämpfer hinten;7;p-6410;Stoßdämpferpatrone hinten -OEM QUALITÄT- 330mm- Vespa PX80, PX125, PX150, PX200, T5 125cc, Rally180 (VSD1T), Rally200 (VSE1T), Sprint150 (VLB1T), TS12
c-5223;Vespa 50 (V5SA1T -69601);Stoßdämpfer hinten;8;p-15043;Schraube -DIN 931- M9 x 65mm (verwendet für Stoßdämpfer/Motor Vespa V50, PV, ET3, PX (-1984), Vespa Rally, Sprint150, GL150, Super, TS125, GT125, GTR1
c-5223;Vespa 50 (V5SA1T -69601);Stoßdämpfer hinten;9;p-11549;Mutter -DIN 934 ähnlich- M9 SW=14 (verwendet für Motor/Motorhalter Vespa Wideframe V1 bis V15, V30 bis V33, VM, VN, VL, VU, VB, GS150 / GS3 (VS1 bis V
c-5223;Vespa 50 (V5SA1T -69601);Stoßdämpfer hinten;10;p-35825;Traversenschraube M10 x 220mm -PIAGGIO- Vespa GT 250 (ZAPM45102), Vespa GT L 125 (ZAPM31100, ZAPM31101), Vespa GT L 200 (ZAPM31200), Vespa GTS 125 (ZA
c-5223;Vespa 50 (V5SA1T -69601);Stoßdämpfer hinten;11;p-15757;Federring -DIN 127- M10
c-5223;Vespa 50 (V5SA1T -69601);Stoßdämpfer hinten;12;p-12142;Mutter -DIN 934- M10 x 1,5 (verwendet für Traversenschraube Vespa V50, V90, SS50, SS90, PV125, ET3, PK S, PK XL, verwendet für Stoßdämpfer/Motor Vespa
c-5223;Vespa 50 (V5SA1T -69601);Stoßdämpfer hinten;21;p-15295;O-Ring Ø16x2,50mm -PIAGGIO-Kickstarterwelle Vespa V50, PV125, ET3, PK, PX, T5 125ccm, Cosa, Rally, Sprint, TS125, GT125, GTR125, Super, GS160 / GS4, S
c-5223;Vespa 50 (V5SA1T -69601);Stoßdämpfer hinten;29;p-6410;Stoßdämpferpatrone hinten -OEM QUALITÄT- 330mm- Vespa PX80, PX125, PX150, PX200, T5 125cc, Rally180 (VSD1T), Rally200 (VSE1T), Sprint150 (VLB1T), TS12
c-5223;Vespa 50 (V5SA1T -69601);Stoßdämpfer hinten;37;p-12816;Sicherungsscheibe Schaltbolzen 7,2x16x0,5mm -OEM QUALITÄT- Vespa VNA1 bis VNA2, VNB1 bis VNB6, VNC, VBA, VBB, VBC, GT125 (VNL2T), GTR125 (VNL2T), TS12
c-5223;Vespa 50 (V5SA1T -69601);Stoßdämpfer hinten;39;p-47704;Silentblock-Set Stoßdämpfer/Motor -BGM PRO Antislip orange (Made in Germany) Ø=9mm x 48mm- Vespa PX (1983), Rally, TS, Sprint, Sprint Veloce, GT, GTR,
c-5223;Vespa 50 (V5SA1T -69601);Stoßdämpfer hinten;40;p-47704;Silentblock-Set Stoßdämpfer/Motor -BGM PRO Antislip orange (Made in Germany) Ø=9mm x 48mm- Vespa PX (1983), Rally, TS, Sprint, Sprint Veloce, GT, GTR,
c-5223;Vespa 50 (V5SA1T -69601);Stoßdämpfer hinten;41;p-1234;Silentgummi Motor Traverse rechts -PIAGGIO- Vespa PX80, PX125, PX150
c-5223;Vespa 50 (V5SA1T -69601);Stoßdämpfer hinten;43;p-1234;Silentgummi Motor Traverse rechts -PIAGGIO- Vespa PX80, PX125, PX150
c-5223;Vespa 50 (V5SA1T -69601);Stoßdämpfer hinten;45;p-365;Silentblockbuchse Motor -PIAGGIO- Vespa V50, SS50, PK 50S, PK 50XL, PK 50XL2
c-5223;Vespa 50 (V5SA1T -69601);Stoßdämpfer hinten;46;p-8969;Sicherungsring innen Silentblock Motor -PIAGGIO 30x25x2mm- Vespa PX80, PX125, PX150, Sprint150 (VLB1T), TS125 (VNL3T), GT125 (VNL2T), GTR125 (VNL2T), 
c-5223;Vespa 50 (V5SA1T -69601);Stoßdämpfer hinten;48;p-356;Silentgummi Motor Traverse links -VESPA- PX80, PX125, PX150, Sprint150 (VLB1T), TS125 (VNL3T), GT125 (VNL2T), GTR125 (VNL2T), Super, GL150 (VLA1T), VN
c-5223;Vespa 50 (V5SA1T -69601);Stoßdämpfer vorne;6;p-19808;Anschlaggummi - Gummipuffer für Stoßdämpfer -PIAGGIO- Piaggio TPH, SKR, Sfera, NRG, Vespa Smallframe V50, PV, ET3 - Stoßdämpfer hinten (wird über Kolb
c-5223;Vespa 50 (V5SA1T -69601);Stoßdämpfer vorne;23;p-12816;Sicherungsscheibe Schaltbolzen 7,2x16x0,5mm -OEM QUALITÄT- Vespa VNA1 bis VNA2, VNB1 bis VNB6, VNC, VBA, VBB, VBC, GT125 (VNL2T), GTR125 (VNL2T), TS12
c-5223;Vespa 50 (V5SA1T -69601);Stoßdämpfer vorne;31;p-15166;Mutter -DIN 934- M8 x 1,0 (verwendet für Stoßdämpfer/Gabel Vespa V50, V90, SS50, SS90, PV125, ET3)
c-5223;Vespa 50 (V5SA1T -69601);Stoßdämpfer vorne;32;p-15727;Federring -DIN 127- M8
c-5223;Vespa 50 (V5SA1T -69601);Stoßdämpfer vorne;33;p-15727;Federring -DIN 127- M8
c-5223;Vespa 50 (V5SA1T -69601);Stoßdämpfer vorne;34;p-574;Unterlegscheibe Silentgummi/Stoßdämpfer vorne -PIAGGIO- Vespa PX80, PX125, PX150, PX200, T5 125cc, Cosa, PK S-XL, GT-GTV, LX-LXV, ET2, ET4, S, Piaggio
c-5223;Vespa 50 (V5SA1T -69601);Stoßdämpfer vorne;35;p-3553;Silentgummi Stoßdämpfer vorne oben -CIF 14x31x9mm- Vespa V50, 50N, SS50, V90, SS90, PV125, ET3, PK, GS160, SS180
c-5223;Vespa 50 (V5SA1T -69601);Stoßdämpfer vorne;37;p-15719;Mutter -DIN 934- M8
c-5223;Vespa 50 (V5SA1T -69601);Stoßdämpfer vorne;38;p-49139;Unterlegscheibe M8x24x2mm Gabel/Schwingenabdeckung -VESPA- V50, V90, SS50, SS90, PV125, ET3
c-5223;Vespa 50 (V5SA1T -69601);Stoßdämpfer vorne;39;p-15295;O-Ring Ø16x2,50mm -PIAGGIO-Kickstarterwelle Vespa V50, PV125, ET3, PK, PX, T5 125ccm, Cosa, Rally, Sprint, TS125, GT125, GTR125, Super, GS160 / GS4, S
c-5223;Vespa 50 (V5SA1T -69601);Stoßdämpfer vorne;41;p-15295;O-Ring Ø16x2,50mm -PIAGGIO-Kickstarterwelle Vespa V50, PV125, ET3, PK, PX, T5 125ccm, Cosa, Rally, Sprint, TS125, GT125, GTR125, Super, GS160 / GS4, S
c-5223;Vespa 50 (V5SA1T -69601);Vergaser, Auspuff;1;p-15690;Mutter -DIN 934- M6
c-5223;Vespa 50 (V5SA1T -69601);Vergaser, Auspuff;2;p-15690;Mutter -DIN 934- M6
c-5223;Vespa 50 (V5SA1T -69601);Vergaser, Auspuff;3;p-15690;Mutter -DIN 934- M6
c-5223;Vespa 50 (V5SA1T -69601);Vergaser, Auspuff;4;p-15696;Federring -DIN 127- M6
c-5223;Vespa 50 (V5SA1T -69601);Vergaser, Auspuff;5;p-15696;Federring -DIN 127- M6
c-5223;Vespa 50 (V5SA1T -69601);Vergaser, Auspuff;6;p-13501;Unterlegscheibe Karosserie -DIN 9021- M6 - Edelstahl
c-5223;Vespa 50 (V5SA1T -69601);Vergaser, Auspuff;7;p-11902;Dichtung Auspuffkrümmer/Zylinder -PIAGGIO, M6 Lochstich 52mm- Vespa 50 (V5A1T, V5N1T, V5B2T), 50N (V5A1T, V5B3T), 50 Special (V5B1T), Vespa 90 (V9A1T)
c-5223;Vespa 50 (V5SA1T -69601);Vergaser, Auspuff;8;p-11902;Dichtung Auspuffkrümmer/Zylinder -PIAGGIO, M6 Lochstich 52mm- Vespa 50 (V5A1T, V5N1T, V5B2T), 50N (V5A1T, V5B3T), 50 Special (V5B1T), Vespa 90 (V9A1T)
c-5223;Vespa 50 (V5SA1T -69601);Vergaser, Auspuff;11;p-13981;Dichtung Ansaugstutzen -OEM QUALITÄT- Vespa V50, PV125, ET3, PK50, PK80, PK125 S
c-5223;Vespa 50 (V5SA1T -69601);Vergaser, Auspuff;12;p-44662;Gummiteileset -PREMIUM- für Vespa 50 N/​L/​R/​S, V90, PV​125 1° Serie (VMA1) - Grau
c-5223;Vespa 50 (V5SA1T -69601);Vergaser, Auspuff;14;p-9508;Fächerscheibe -DIN 6798- M10
c-5223;Vespa 50 (V5SA1T -69601);Vergaser, Auspuff;15;p-9508;Fächerscheibe -DIN 6798- M10
c-5223;Vespa 50 (V5SA1T -69601);Vergaser, Auspuff;16;p-6546;Federscheibe gewellt -DIN 137 Stahl verzinkt- M5
c-5223;Vespa 50 (V5SA1T -69601);Vergaser, Auspuff;17;p-6546;Federscheibe gewellt -DIN 137 Stahl verzinkt- M5
c-5223;Vespa 50 (V5SA1T -69601);Vergaser, Auspuff;18;p-3497;Gummi Vergaserwannendeckel -PIAGGIO- Vespa Largeframe (ab Bj. 1958)
c-5223;Vespa 50 (V5SA1T -69601);Vergaser, Auspuff;19;p-15026;Splint -DIN 94- Ø=2,0mm - 20mm - verwendet für Bolzen Klemmplättchen / Bremsarm hinten Vespa PX, Sprint, Rally, V50, PV125, ET3 etc.
c-5223;Vespa 50 (V5SA1T -69601);Vergaser, Auspuff;26;p-446;Luftfiltereinsatz - Drahtgewebe -PIAGGIO- Vespa V50 N/L/R/S, V50 Special,V90, SS90, PV125, ET3 (Dellorto SHBC 16-19mm)
c-5223;Vespa 50 (V5SA1T -69601);Vergaser, Auspuff;33;p-1848;Auspuff -OEM QUALITÄT- Vespa V50, 50N, 50S, 50L, 50R, 50 Special, V50 Elestart, PV125
c-5223;Vespa 50 (V5SA1T -69601);Vergaser, Auspuff;34;p-1848;Auspuff -OEM QUALITÄT- Vespa V50, 50N, 50S, 50L, 50R, 50 Special, V50 Elestart, PV125
c-5223;Vespa 50 (V5SA1T -69601);Vergaser, Auspuff;35;p-15378;Unterlegscheibe -DIN 125- M10
c-5223;Vespa 50 (V5SA1T -69601);Vergaser, Auspuff;36;p-15757;Federring -DIN 127- M10
c-5223;Vespa 50 (V5SA1T -69601);Vergaser, Auspuff;37;p-9780;Schraube -DIN 933- M10 x 30mm (verwendet als Auspuffschraube Vespa V50, V90, PV125, ET3)
c-5223;Vespa 50 (V5SA1T -69601);Vergaser, Auspuff;40;p-18512;Feder Gemischeinstellschraube -DELLORTO- SHB, SHBC, PHBG
c-5223;Vespa 50 (V5SA1T -69601);Vergaser, Auspuff;41;p-7070;Gemischeinstellschraube -DELLORTO- SHB, SHBC - Gewinde M4 x 0,75mm, L=27mm - dicke Spitze
c-5223;Vespa 50 (V5SA1T -69601);Vergaser, Auspuff;42;p-18516;Schraube Schwimmerkammer -DELLORTO- SHB, PHVA, PHVB, PHBN
c-5223;Vespa 50 (V5SA1T -69601);Vergaser, Auspuff;43;p-7143;Dichtsatz Vergaser -DELLORTO- SHBC 16
c-5223;Vespa 50 (V5SA1T -69601);Vergaser, Auspuff;44;p-2161;Düse -DELLORTO (Typ: 1486)- 5mm ( 63)
c-5223;Vespa 50 (V5SA1T -69601);Vergaser, Auspuff;45;p-2168;Düse -DELLORTO (Typ: 1486)- 5mm ( 74)
c-5223;Vespa 50 (V5SA1T -69601);Vergaser, Auspuff;46;p-7057;Schwimmerstift -DELLORTO- SHB, SI
c-5223;Vespa 50 (V5SA1T -69601);Vergaser, Auspuff;48;p-15441;Vergaserschelle -DELLORTO Ø=34mm- SHBC 16 (Typ Vespa)
c-5223;Vespa 50 (V5SA1T -69601);Vergaser, Auspuff;49;p-15441;Vergaserschelle -DELLORTO Ø=34mm- SHBC 16 (Typ Vespa)
c-5223;Vespa 50 (V5SA1T -69601);Vergaser, Auspuff;50;p-389;Einstellschraube - Gaszugführung -PIAGGIO- M5 x 0,75 - 0° - ohne Kontermutter
c-5223;Vespa 50 (V5SA1T -69601);Vergaser, Auspuff;51;p-12127;Feder Einstellschraube Gaszug am Vergaser -DELLORTO- SHB
c-5223;Vespa 50 (V5SA1T -69601);Vergaser, Auspuff;52;p-4841;Schraube Schieberdeckel -PIAGGIO- Vergaser SI DellOrto - SI20/15, SI20/17, SI20/20, SI24/24, SI26/27
c-5223;Vespa 50 (V5SA1T -69601);Vergaser, Auspuff;55;p-18506;Gasschieber -DELLORTO SHB 16- 6231-1
c-5223;Vespa 50 (V5SA1T -69601);Vergaser, Auspuff;57;p-7021;Gasschieberfeder -DELLORTO- SHBC 16
c-5223;Vespa 50 (V5SA1T -69601);Vergaser, Auspuff;58;p-7142;Dichtsatz Vergaser -DELLORTO- SHB 19 Vespa PV125, ET3
c-5223;Vespa 50 (V5SA1T -69601);Vergaser, Auspuff;60;p-12129;Chokedüse -DELLORTO (Typ: 6217) SHB- 50
c-5223;Vespa 50 (V5SA1T -69601);Vergaser, Auspuff;61;p-7051;Schwimmernadel -DELLORTO, dreieckig- SHBC (Vespa V50, PV,ET3), SHA (Ciao, Bravo, SI), PHBG, PHVA, PHVB, PHBN, FHBB - ungefedert
c-5223;Vespa 50 (V5SA1T -69601);Vergaser, Auspuff;62;p-18510;Schwimmer -DELLORTO- SHB
c-5223;Vespa 50 (V5SA1T -69601);Vergaser, Auspuff;63;p-18513;Schwimmerkammer -DELLORTO- SHB / SHBC 16mm-19mm
c-5223;Vespa 50 (V5SA1T -69601);Vergaser, Auspuff;64;p-7027;Schraube Benzinbanjo -DELLORTO- SHB16/10, SHB16/16
c-5223;Vespa 50 (V5SA1T -69601);Vergaser, Auspuff;66;p-18504;Benzinbanjo -DELLORTO- SHB 16
c-5223;Vespa 50 (V5SA1T -69601);Vergaser, Auspuff;67;p-18503;Benzinfilter -DELLORTO- SHB16-Vergaser- Vespa V50, 50N, 50L, 50R, Special, 50SR, Sprinter, SS50, V90, SS90, 90 Racer
c-5223;Vespa 50 (V5SA1T -69601);Vergaser, Auspuff;71;p-15442;Filzring Ansaugstutzen/Gusskappe -PIAGGIO- Vespa Smallframe V50, 50S, 50R, SS50, Special, V50 Elestart, PK50, PK50 S, SS90, V90, 90 Racer, 125 Nuova -
c-5223;Vespa 50 (V5SA1T -69601);Vergaser, Auspuff;72;p-15408;Gussschutzkappe -OEM QUALITÄT- Vespa V50 - Vergaser Ø=16mm
c-5223;Vespa 50 (V5SA1T -69601);Vergaser, Auspuff;73;p-15141;Klemmring Gusskappe -OEM QUALITÄT- Vespa Smallframe
c-5223;Vespa 50 (V5SA1T -69601);Vergaser, Auspuff;74;p-10868;Luftfilter -OEM QUALITÄT- Vespa V50 (1. Serie) (Dellorto SHBC 16mm)
c-5223;Vespa 50 (V5SA1T -69601);Vergaser, Auspuff;75;p-36182;Luftfilter -OEM QUALITÄT- Vespa V50 (Dellorto SHBC 16mm) - ohne Hülsen
c-5223;Vespa 50 (V5SA1T -69601);Vergaser, Auspuff;76;p-2414;Nebendüse -DELLORTO (Typ: 3360) SH / SHA / SHB- 38
c-5223;Vespa 50 (V5SA1T -69601);Vergaser, Auspuff;77;p-2417;Nebendüse -DELLORTO (Typ: 3360) SH / SHA / SHB- 42
c-5223;Vespa 50 (V5SA1T -69601);Vergaser, Auspuff;78;p-515;Mutter für Gaszughebel -PIAGGIO- SHB - SW=8
c-5223;Vespa 50 (V5SA1T -69601);Vergaser, Auspuff;79;p-11320;Unterlegscheibe M6 DIN 433 ähnlich - kleinerer Außendurchmesser für Befestigung Lufteintrittshaube -LAMBRETTA- LI, LIS, SX, TV, DL, GP, Motorgehäuse L
c-5223;Vespa 50 (V5SA1T -69601);Vergaser, Auspuff;81;p-17016;Bougierohr -UNIVERSAL Ø=4mm- 5m - Schwarz
c-5223;Vespa 50 (V5SA1T -69601);Zündung;1;p-15682;Mutter -DIN 934- M5
c-5223;Vespa 50 (V5SA1T -69601);Zündung;2;p-15684;Federring -DIN 127- M5
c-5223;Vespa 50 (V5SA1T -69601);Zündung;3;p-15684;Federring -DIN 127- M5
c-5223;Vespa 50 (V5SA1T -69601);Zündung;4;p-15684;Federring -DIN 127- M5
c-5223;Vespa 50 (V5SA1T -69601);Zündung;5;p-48510;Zündspule -Levistronic HT 400V- Vespa Smallframe V50, V90, SS50, SS90, PV125, ET3, Largeframe GT125 (VNL2T), GTR125 (VNL2T), TS125 (VNL3T), Sprint150 
c-5223;Vespa 50 (V5SA1T -69601);Zündung;6;p-48510;Zündspule -Levistronic HT 400V- Vespa Smallframe V50, V90, SS50, SS90, PV125, ET3, Largeframe GT125 (VNL2T), GTR125 (VNL2T), TS125 (VNL3T), Sprint150 
c-5223;Vespa 50 (V5SA1T -69601);Zündung;7;p-3044;Schraube -DIN 85- M5 x 14mm (verwendet für Zündgrundplatte Rally180 (VSD1T), Rally200 (VSE1T), Sprint150 (VLB1T), TS125 (VNL3T), GT125 (VNL2T), GTR125
c-5223;Vespa 50 (V5SA1T -69601);Zündung;8;p-3044;Schraube -DIN 85- M5 x 14mm (verwendet für Zündgrundplatte Rally180 (VSD1T), Rally200 (VSE1T), Sprint150 (VLB1T), TS125 (VNL3T), GT125 (VNL2T), GTR125
c-5223;Vespa 50 (V5SA1T -69601);Zündung;19;p-6660;Seegerring -BOHRUNG DIN472- Ø=28mm
c-5223;Vespa 50 (V5SA1T -69601);Zündung;20;p-9129;Seegerring -BOHRUNG DIN472- Ø=25mm - (verwendet für Polrad Vespa V50, 50N, PV125, SS50, SS90, SR50, Sprint150, Super, VNA, GT125, GTR125)
c-5223;Vespa 50 (V5SA1T -69601);Zündung;23;p-17010;Bougierohr -UNIVERSAL Ø=8mm- 5m - Schwarz
c-5223;Vespa 50 (V5SA1T -69601);Zündung;24;p-170;Gummi Motor/Kabel -PIAGGIO- Vespa V50, V90, PV, ET3, VNA1T-2T, VNB1T-5T (verwendet zur Kabeldurchführung Motorgehäuse / Zündgrundplatte)
c-5223;Vespa 50 (V5SA1T -69601);Zündung;25;p-170;Gummi Motor/Kabel -PIAGGIO- Vespa V50, V90, PV, ET3, VNA1T-2T, VNB1T-5T (verwendet zur Kabeldurchführung Motorgehäuse / Zündgrundplatte)
c-5223;Vespa 50 (V5SA1T -69601);Zündung;26;p-6833;Gummikappe Kabelkästchen -PIAGGIO- Vespa alle Modelle
c-5223;Vespa 50 (V5SA1T -69601);Zündung;27;p-45381;Verbindungskabel Zündspule und Kabelkästchen -VESPARATUR- Vespa Sprint, GT, GTR, TS
c-5223;Vespa 50 (V5SA1T -69601);Zündung;28;p-45381;Verbindungskabel Zündspule und Kabelkästchen -VESPARATUR- Vespa Sprint, GT, GTR, TS
c-5223;Vespa 50 (V5SA1T -69601);Zündung;29;p-45381;Verbindungskabel Zündspule und Kabelkästchen -VESPARATUR- Vespa Sprint, GT, GTR, TS
c-5223;Vespa 50 (V5SA1T -69601);Zündung;33;p-3052;Niet für Polrad -PIAGGIO- Vespa V50, 50N, Spezial, PV125, ET3, Super, Sprint, GT, GTR, TS, P125X, P150S
c-5223;Vespa 50 (V5SA1T -69601);Zündung;36;p-6547;Federscheibe gewellt -DIN 137 Stahl verzinkt- M6
c-5223;Vespa 50 (V5SA1T -69601);Zündung;39;p-13483;Schraube -DIN 84- M6 x 12mm (verwendet für Lüfterradabdeckung Vespa)
c-5223;Vespa 50 (V5SA1T -69601);Zündung;40;p-3037;Schraube Zündkontakt M4 x 10mm mit Schlitz -PIAGGIO- Vespa Smallframe V50, PV125, Wideframe VM1, VM2, VNB1, VNB2, Super, GS150 VS1-5, Sprint, GT, GTR,
c-5223;Vespa 50 (V5SA1T -69601);Zündung;41;p-11195;Zündkontakte -PIAGGIO kurz, Ø=5,0mm Führungsbolzen- Vespa 50 N, L, R, Special
c-5223;Vespa 50 (V5SA1T -69601);Zündung;42;p-15774;Schmierfilz Kontaktzündung (Kondensator Ø=14mm) -OEM QUALITÄT- Vespa V50, PX
c-5223;Vespa 50 (V5SA1T -69601);Zündung;43;p-15774;Schmierfilz Kontaktzündung (Kondensator Ø=14mm) -OEM QUALITÄT- Vespa V50, PX
c-5223;Vespa 50 (V5SA1T -69601);Zündung;44;p-15774;Schmierfilz Kontaktzündung (Kondensator Ø=14mm) -OEM QUALITÄT- Vespa V50, PX
c-5223;Vespa 50 (V5SA1T -69601);Zündung;45;p-15774;Schmierfilz Kontaktzündung (Kondensator Ø=14mm) -OEM QUALITÄT- Vespa V50, PX
c-5223;Vespa 50 (V5SA1T -69601);Zündung;47;p-5670;Kondensator -Ø=20mm, 1-Kabel- Vespa V50 N, V50 L, V50 R, V50 Special, V90, 90 SS, PV125
c-5223;Vespa 50 (V5SA1T -69601);Zündung;48;p-15688;Schraube -DIN 7985- M5 x 25mm (verwendet für Halter CDI / Elektronikzentrale PX)
c-5223;Vespa 50 (V5SA1T -69601);Zündung;51;p-8668;Speisespule -CEAB- Vespa V50 R (italienische Modelle ab Nr. 853411), V50 Special (italenische Modelle ab Nr. 70567)
c-5223;Vespa 50 (V5SA1T -69601);Zündung;52;p-8677;Lichtspule -CEAB- Vespa V50 (Modelle mit innenliegender Zündspule)
c-5223;Vespa 50 (V5SA1T -69601);Zündung;53;p-8677;Lichtspule -CEAB- Vespa V50 (Modelle mit innenliegender Zündspule)
c-5223;Vespa 50 (V5SA1T -69601);Zündung;54;p-12628;Zündung -VESPA Grundplatte (Kontaktzündung, 5 Kabel, 6V, 2 Spulen, kurze Kontakte)- Vespa V50 - 50 S, 50 SS, 50 SR - außenliegende Zündspule, mit Brem
c-5223;Vespa 50 (V5SA1T -69601);Zündung;55;p-12628;Zündung -VESPA Grundplatte (Kontaktzündung, 5 Kabel, 6V, 2 Spulen, kurze Kontakte)- Vespa V50 - 50 S, 50 SS, 50 SR - außenliegende Zündspule, mit Brem
c-5223;Vespa 50 (V5SA1T -69601);Zündung;56;p-9480;Gummikappe Zündkerzenstecker/Zündkabel -PIAGGIO- Vespa, Piaggio
c-5223;Vespa 50 (V5SA1T -69601);Zündung;58;p-2950;Kabelschuh -Rundstecker 4mm Ø=0,5-1,0mm²- 10stk.
c-5223;Vespa 50 (V5SA1T -69601);Zündung;64;p-3062;Schraube Zündkontakt M4x10mm mit Schlitz -OEM QUALITÄT- Vespa Smallframe V50, PV125, Wideframe VM1, VM2, VNB1, VNB2, Super, GS150 VS1-5, Sprint, GT, G
c-5223;Vespa 50 (V5SA1T -69601);Zündung;65;p-2978;Fächerscheibe -DIN 6798- M3 (verwendet für Sicherungshalter PX, Zündkontakt Vespa lang)
c-5223;Vespa 50 (V5SA1T -69601);Zündung;66;p-6517;Gummistopfen Polrad (Niere) -OEM QUALITÄT Höhe=11.4mm, Breite: 40.6mm- Vespa V50 (200001 bis 763500), V90, 90SS, VNB6T (ab 04295), Super, GT125 (VNL2T
c-5209;Vespa 50 S (V5SA1T 69602-);Aufhängung;2;p-12110;Stoßdämpfer hinten -OEM QUALITÄT, 330mm- Vespa PX80, PX125, PX150, PX200, T5 125cc, Rally180 (VSD1T), Rally200 (VSE1T), Sprint150 (VLB1T), TS125 (VNL3
c-5209;Vespa 50 S (V5SA1T 69602-);Aufhängung;3;p-15719;Mutter -DIN 934- M8
c-5209;Vespa 50 S (V5SA1T 69602-);Aufhängung;4;p-574;Unterlegscheibe Silentgummi/Stoßdämpfer vorne -PIAGGIO- Vespa PX80, PX125, PX150, PX200, T5 125cc, Cosa, PK S-XL, GT-GTV, LX-LXV, ET2, ET4, S, Piaggio
c-5209;Vespa 50 S (V5SA1T 69602-);Aufhängung;5;p-44666;Silentblock Stoßdämpfer oben / Rahmen hinten -PREMIUM QUALITÄT- Vespa PX, T5 125ccm, Rally, Sprint, TS, GT, GTR, SS180, GS160, Super, GL, VNA, VNB, VB
c-5209;Vespa 50 S (V5SA1T 69602-);Aufhängung;6;p-6410;Stoßdämpferpatrone hinten -OEM QUALITÄT- 330mm- Vespa PX80, PX125, PX150, PX200, T5 125cc, Rally180 (VSD1T), Rally200 (VSE1T), Sprint150 (VLB1T), TS12
c-5209;Vespa 50 S (V5SA1T 69602-);Aufhängung;7;p-15043;Schraube -DIN 931- M9 x 65mm (verwendet für Stoßdämpfer/Motor Vespa V50, PV, ET3, PX (-1984), Vespa Rally, Sprint150, GL150, Super, TS125, GT125, GTR1
c-5209;Vespa 50 S (V5SA1T 69602-);Aufhängung;8;p-15734;Mutter -DIN 934- M9 (verwendet für Stoßdämpfer/Motor Vespa PX80, PX125, PX150, PX200 (-1984), Rally180 (VSD1T), Rally200 (VSE1T), Sprint150 (VLB1T), T
c-5209;Vespa 50 S (V5SA1T 69602-);Aufhängung;9;p-15734;Mutter -DIN 934- M9 (verwendet für Stoßdämpfer/Motor Vespa PX80, PX125, PX150, PX200 (-1984), Rally180 (VSD1T), Rally200 (VSE1T), Sprint150 (VLB1T), T
c-5209;Vespa 50 S (V5SA1T 69602-);Aufhängung;10;p-35825;Traversenschraube M10 x 220mm -PIAGGIO- Vespa GT 250 (ZAPM45102), Vespa GT L 125 (ZAPM31100, ZAPM31101), Vespa GT L 200 (ZAPM31200), Vespa GTS 125 (ZA
c-5209;Vespa 50 S (V5SA1T 69602-);Aufhängung;11;p-15757;Federring -DIN 127- M10
c-5209;Vespa 50 S (V5SA1T 69602-);Aufhängung;13;p-19808;Anschlaggummi - Gummipuffer für Stoßdämpfer -PIAGGIO- Piaggio TPH, SKR, Sfera, NRG, Vespa Smallframe V50, PV, ET3 - Stoßdämpfer hinten (wird über Kolb
c-5209;Vespa 50 S (V5SA1T 69602-);Aufhängung;14;p-12035;Sicherungsscheibe Silentgummi Motor links 29x39x2mm -OEM QUALITÄT- Vespa PV125, V50N, PK S, PK XL, PK XL2
c-5209;Vespa 50 S (V5SA1T 69602-);Aufhängung;15;p-12035;Sicherungsscheibe Silentgummi Motor links 29x39x2mm -OEM QUALITÄT- Vespa PV125, V50N, PK S, PK XL, PK XL2
c-5209;Vespa 50 S (V5SA1T 69602-);Aufhängung;16;p-49139;Unterlegscheibe M8x24x2mm Gabel/Schwingenabdeckung -VESPA- V50, V90, SS50, SS90, PV125, ET3
c-5209;Vespa 50 S (V5SA1T 69602-);Aufhängung;17;p-15719;Mutter -DIN 934- M8
c-5209;Vespa 50 S (V5SA1T 69602-);Aufhängung;18;p-3553;Silentgummi Stoßdämpfer vorne oben -CIF 14x31x9mm- Vespa V50, 50N, SS50, V90, SS90, PV125, ET3, PK, GS160, SS180
c-5209;Vespa 50 S (V5SA1T 69602-);Aufhängung;20;p-6410;Stoßdämpferpatrone hinten -OEM QUALITÄT- 330mm- Vespa PX80, PX125, PX150, PX200, T5 125cc, Rally180 (VSD1T), Rally200 (VSE1T), Sprint150 (VLB1T), TS12
c-5209;Vespa 50 S (V5SA1T 69602-);Aufhängung;21;p-15727;Federring -DIN 127- M8
c-5209;Vespa 50 S (V5SA1T 69602-);Aufhängung;22;p-15727;Federring -DIN 127- M8
c-5209;Vespa 50 S (V5SA1T 69602-);Aufhängung;26;p-47704;Silentblock-Set Stoßdämpfer/Motor -BGM PRO Antislip orange (Made in Germany) Ø=9mm x 48mm- Vespa PX (1983), Rally, TS, Sprint, Sprint Veloce, GT, GTR,
c-5209;Vespa 50 S (V5SA1T 69602-);Aufhängung;27;p-47704;Silentblock-Set Stoßdämpfer/Motor -BGM PRO Antislip orange (Made in Germany) Ø=9mm x 48mm- Vespa PX (1983), Rally, TS, Sprint, Sprint Veloce, GT, GTR,
c-5209;Vespa 50 S (V5SA1T 69602-);Aufhängung;28;p-365;Silentblockbuchse Motor -PIAGGIO- Vespa V50, SS50, PK 50S, PK 50XL, PK 50XL2
c-5209;Vespa 50 S (V5SA1T 69602-);Aufhängung;33;p-15295;O-Ring Ø16x2,50mm -PIAGGIO-Kickstarterwelle Vespa V50, PV125, ET3, PK, PX, T5 125ccm, Cosa, Rally, Sprint, TS125, GT125, GTR125, Super, GS160 / GS4, S
c-5209;Vespa 50 S (V5SA1T 69602-);Aufhängung;34;p-15295;O-Ring Ø16x2,50mm -PIAGGIO-Kickstarterwelle Vespa V50, PV125, ET3, PK, PX, T5 125ccm, Cosa, Rally, Sprint, TS125, GT125, GTR125, Super, GS160 / GS4, S
c-5209;Vespa 50 S (V5SA1T 69602-);Aufhängung;35;p-46561;Stoßdämpfer vorne -POLINI, einstellbar- Vespa V50, PV, ET3 - schwarz / blau
c-5209;Vespa 50 S (V5SA1T 69602-);Aufhängung;36;p-46561;Stoßdämpfer vorne -POLINI, einstellbar- Vespa V50, PV, ET3 - schwarz / blau
c-5209;Vespa 50 S (V5SA1T 69602-);Aufhängung;41;p-15727;Federring -DIN 127- M8
c-5209;Vespa 50 S (V5SA1T 69602-);Beleuchtung;2;p-11557;Schraube -DIN 84- M3 x 12mm (verwendet für Befestigung Lichtschalter/Blinkerschalter Rally180 (VSD1T), Rally200 (VSE1T), Sprint, PV, ET3, V50)
c-5209;Vespa 50 S (V5SA1T 69602-);Beleuchtung;5;p-11879;Lichtschalter -OEM QUALITÄT- Vespa V50 S, V50 SS
c-5209;Vespa 50 S (V5SA1T 69602-);Beleuchtung;14;p-15485;Soffitte -SV8,5 11x36mm- 6V 5W - Weiss
c-5209;Vespa 50 S (V5SA1T 69602-);Beleuchtung;15;p-15496;Birne -BA15s (Stifte gerade) - 6V 10W - Weiss
c-5209;Vespa 50 S (V5SA1T 69602-);Beleuchtung;16;p-15494;Birne -BA20d- 6V 25/25W - Weiss
c-5209;Vespa 50 S (V5SA1T 69602-);Beleuchtung;18;p-14329;Scheinwerfereinstellschiene Sicherungsklammer Scheinwerfer -OEM QUALITÄT- Vespa V50, PV125, ET3
c-5209;Vespa 50 S (V5SA1T 69602-);Beleuchtung;19;p-48101;Scheinwerfer -SIEM LED Ø=105/115mm (Glas/außen)- Vespa Smallframe V50 (kleiner Rundlenker)- 50N (V5A1T 122877-), 50L (V5A1T), 50R (V5A1T) - inkl. Span
c-5209;Vespa 50 S (V5SA1T 69602-);Beleuchtung;24;p-15601;Hupendichtung -OEM QUALITÄT, Ø=54x81x4mm V50, V90, SS50, SS90, PV125, ET3 - Vespa Grau
c-5209;Vespa 50 S (V5SA1T 69602-);Beleuchtung;25;p-9541;Blechmutter 2,9mm (verwendet für Hupe Vespa V50, V90, GL150 (VLA1T), GT125 (VNL2T), GTR125 (VNL2T), Super, Sprint150 (VLB1T), Rally180 (VSD1T), Rally2
c-5209;Vespa 50 S (V5SA1T 69602-);Beleuchtung;26;p-13069;Blechschraube -DIN 7971 2,9x19mm Edelstahl (verwendet für Hupe Rally180 (VSD1T), Rally200 (VSE1T), Sprint150 (VLB1T), TS125 (VNL3T), GT125 (VNL2T), GT
c-5209;Vespa 50 S (V5SA1T 69602-);Beleuchtung;28;p-11962;Schraube -DIN 933- M4 x 25mm (verwendet für Bremslichtschalter Vespa PK, PX, PV, ET3)
c-5209;Vespa 50 S (V5SA1T 69602-);Beleuchtung;29;p-15678;Federring -DIN 127- M4
c-5209;Vespa 50 S (V5SA1T 69602-);Beleuchtung;30;p-15678;Federring -DIN 127- M4
c-5209;Vespa 50 S (V5SA1T 69602-);Beleuchtung;31;p-15677;Unterlegscheibe -DIN 125- M4
c-5209;Vespa 50 S (V5SA1T 69602-);Beleuchtung;33;p-358;Gummi Bremspedal/Bremslichtschalter -PIAGGIO- Vespa PX, ET3, PV, V50
c-5209;Vespa 50 S (V5SA1T 69602-);Beleuchtung;34;p-15547;Bremslichtschalter -OEM QUALITÄT- Vespa PV125, ET3, PX80, PX125, PX150, PX200 (Modelle ohne Blinker) - Öffner (Blau/Schwarz)
c-5209;Vespa 50 S (V5SA1T 69602-);Beleuchtung;42;p-15700;Schraube -DIN 933- M6 x 20mm (8.8 Festigkeit)
c-5209;Vespa 50 S (V5SA1T 69602-);Beleuchtung;43;p-15696;Federring -DIN 127- M6
c-5209;Vespa 50 S (V5SA1T 69602-);Beleuchtung;44;p-13501;Unterlegscheibe Karosserie -DIN 9021- M6 - Edelstahl
c-5209;Vespa 50 S (V5SA1T 69602-);Beleuchtung;45;p-5594;Rücklichtgummi (Dichtung zum Rahmen) -SIEM- PV125 (VMA2T, 140162-), ET3 (VMB1T), P125 ETS (PK, VMS1T), 50 Sprinter (V5SS2T, 10480- Deutschland), 50 Sp
c-5209;Vespa 50 S (V5SA1T 69602-);Beleuchtung;46;p-5594;Rücklichtgummi (Dichtung zum Rahmen) -SIEM- PV125 (VMA2T, 140162-), ET3 (VMB1T), P125 ETS (PK, VMS1T), 50 Sprinter (V5SS2T, 10480- Deutschland), 50 Sp
c-5209;Vespa 50 S (V5SA1T 69602-);Beleuchtung;47;p-15497;Birne -BA15s (Stifte gerade) - 6V 15W - Weiss - Bremslicht Vespa 90 Racer (V9SS2T), Vespa 50 Special (V5B1T, V5B3T), 50 Sprinter (V5SS1T), 50 SR (V5SS
c-5209;Vespa 50 S (V5SA1T 69602-);Beleuchtung;48;p-15497;Birne -BA15s (Stifte gerade) - 6V 15W - Weiss - Bremslicht Vespa 90 Racer (V9SS2T), Vespa 50 Special (V5B1T, V5B3T), 50 Sprinter (V5SS1T), 50 SR (V5SS
c-5209;Vespa 50 S (V5SA1T 69602-);Beleuchtung;49;p-15485;Soffitte -SV8,5 11x36mm- 6V 5W - Weiss
c-5209;Vespa 50 S (V5SA1T 69602-);Beleuchtung;50;p-15485;Soffitte -SV8,5 11x36mm- 6V 5W - Weiss
c-5209;Vespa 50 S (V5SA1T 69602-);Beleuchtung;53;p-5593;Rücklichtglas -SIEM- PV125 (VMA2T, 140162-), ET3 (VMB1T), P125 ETS (PK, VMS1T), 50 Sprinter (V5SS2T, 10480- Deutschland), 50 Special (V5B3T, 185179-),
c-5209;Vespa 50 S (V5SA1T 69602-);Beleuchtung;54;p-5593;Rücklichtglas -SIEM- PV125 (VMA2T, 140162-), ET3 (VMB1T), P125 ETS (PK, VMS1T), 50 Sprinter (V5SS2T, 10480- Deutschland), 50 Special (V5B3T, 185179-),
c-5209;Vespa 50 S (V5SA1T 69602-);Bowdenzüge;1;p-9818;Lötnippel -UNIVERSAL- Nippel Ø=3,0mm x 3mm
c-5209;Vespa 50 S (V5SA1T 69602-);Bowdenzüge;4;p-6433;Endkappe für Außenzug -UNIVERSAL- Øinnen=5mm
c-5209;Vespa 50 S (V5SA1T 69602-);Bowdenzüge;5;p-6433;Endkappe für Außenzug -UNIVERSAL- Øinnen=5mm
c-5209;Vespa 50 S (V5SA1T 69602-);Bowdenzüge;6;p-6433;Endkappe für Außenzug -UNIVERSAL- Øinnen=5mm
c-5209;Vespa 50 S (V5SA1T 69602-);Bowdenzüge;7;p-6433;Endkappe für Außenzug -UNIVERSAL- Øinnen=5mm
c-5209;Vespa 50 S (V5SA1T 69602-);Bowdenzüge;8;p-6433;Endkappe für Außenzug -UNIVERSAL- Øinnen=5mm
c-5209;Vespa 50 S (V5SA1T 69602-);Bowdenzüge;9;p-6433;Endkappe für Außenzug -UNIVERSAL- Øinnen=5mm
c-5209;Vespa 50 S (V5SA1T 69602-);Bowdenzüge;10;p-6433;Endkappe für Außenzug -UNIVERSAL- Øinnen=5mm
c-5209;Vespa 50 S (V5SA1T 69602-);Bowdenzüge;11;p-6433;Endkappe für Außenzug -UNIVERSAL- Øinnen=5mm
c-5209;Vespa 50 S (V5SA1T 69602-);Bowdenzüge;14;p-6548;Zug universal innen -Ø=1,2mm x 2000mm, Nippel Ø=5,5mm x 7mm- verwendet als Gaszug - gedreht
c-5209;Vespa 50 S (V5SA1T 69602-);Bowdenzüge;17;p-6432;Endhülse für Zug -UNIVERSAL- Øinnen=7,2mm
c-5209;Vespa 50 S (V5SA1T 69602-);Bowdenzüge;18;p-6432;Endhülse für Zug -UNIVERSAL- Øinnen=7,2mm
c-5209;Vespa 50 S (V5SA1T 69602-);Bowdenzüge;19;p-10818;Aussenhülle -VESPA Vintage- Ø innen = 2,4mm, Ø aussen = 5,0mm (5m) - Grau
c-5209;Vespa 50 S (V5SA1T 69602-);Bowdenzüge;20;p-10818;Aussenhülle -VESPA Vintage- Ø innen = 2,4mm, Ø aussen = 5,0mm (5m) - Grau
c-5209;Vespa 50 S (V5SA1T 69602-);Bowdenzüge;25;p-9816;Birnennippeladapter -PIAGGIO- Nippel Ø=8x8mm - Vespa PX, T5 125ccm, Rally, Sprint, VBB, VNB, VNA, VBA, Super, TS, GT, GTR, V50, 50N, SS50, SS90, V90, 
c-5209;Vespa 50 S (V5SA1T 69602-);Bowdenzüge;26;p-9816;Birnennippeladapter -PIAGGIO- Nippel Ø=8x8mm - Vespa PX, T5 125ccm, Rally, Sprint, VBB, VNB, VNA, VBA, Super, TS, GT, GTR, V50, 50N, SS50, SS90, V90, 
c-5209;Vespa 50 S (V5SA1T 69602-);Bowdenzüge;29;p-6529;Tachowelle -PIAGGIO- Vespa V50, PV125
c-5209;Vespa 50 S (V5SA1T 69602-);Bowdenzüge;31;p-6423;Zug universal innen -Ø=1,9mm x 2000mm, Nippel Birnentyp- verwendet als Kupplungszug, Bremszug vorne - gedreht
c-5209;Vespa 50 S (V5SA1T 69602-);Bowdenzüge;32;p-10819;Aussenhülle -VESPA Vintage- Ø innen = 3,0mm, Ø aussen = 5,5mm (5m) - Grau
c-5209;Vespa 50 S (V5SA1T 69602-);Bowdenzüge;33;p-10817;Aussenhülle -VESPA Vintage- Ø innen = 2,0mm, Ø aussen = 4,4mm (5m) - Grau
c-5209;Vespa 50 S (V5SA1T 69602-);Bowdenzüge;34;p-10817;Aussenhülle -VESPA Vintage- Ø innen = 2,0mm, Ø aussen = 4,4mm (5m) - Grau
c-5209;Vespa 50 S (V5SA1T 69602-);Bowdenzüge;35;p-35201;Schraubenschlüssel, Doppel-Maulschlüssel -TOPTUL- 8x9mm SLIMLINE- verwendet zur Befestigung Klemmnippel Schaltraste Vespa
c-5209;Vespa 50 S (V5SA1T 69602-);Bowdenzüge;36;p-35201;Schraubenschlüssel, Doppel-Maulschlüssel -TOPTUL- 8x9mm SLIMLINE- verwendet zur Befestigung Klemmnippel Schaltraste Vespa
c-5209;Vespa 50 S (V5SA1T 69602-);Bowdenzüge;37;p-11920;Schraube -DIN 933- M6 x 16mm (8.8 Festigkeit)
c-5209;Vespa 50 S (V5SA1T 69602-);Bowdenzüge;38;p-1307;Bremspedalbolzen -VESPA- V50, V90, SS50, SS90, PV125, ET3 (bis Nr. 52720), PX (Bj. 1977)
c-5209;Vespa 50 S (V5SA1T 69602-);Bowdenzüge;39;p-11624;Klammer zur Führung der Schaltzüge -PIAGGIO- Vespa PX, T5 125ccm, Rally, TS, Sprint, Sprint Veloce, GT, GTR, GL, Super, SS180, V50, PV125, ET3, PK S, 
c-5209;Vespa 50 S (V5SA1T 69602-);Bowdenzüge;40;p-6937;Bremspedalfeder -VESPA- PX, T5 125cc, PK, V50, V90, SS50, SS90, PV125, ET3
c-5209;Vespa 50 S (V5SA1T 69602-);Bowdenzüge;41;p-9892;Bremspedalgummi -PIAGGIO- Vespa V50, PV, ET3 - Schwarz
c-5209;Vespa 50 S (V5SA1T 69602-);Bowdenzüge;42;p-45629;Bremspedal -PREMIUM- Vespa Rally180 (VSD1T), Rally200 (VSE1T), Sprint150 (VLB1T), TS125 (VNL3T), GT125 (VNL2T), GTR125 (VNL2T), GL150 (VLA1T), Super, 
c-5209;Vespa 50 S (V5SA1T 69602-);Bowdenzüge;43;p-11964;Sicherungsstift - Spannstift -PIAGGIO- 3x18mm (verwendet für Kupplungsarm Vespa V50, PV125, ET3)
c-5209;Vespa 50 S (V5SA1T 69602-);Bowdenzüge;44;p-11525;Schraube -DIN 931- M6 x 25mm (8.8 Festigkeit) - (verwendet für Kupplungsdeckel Vespa PX, Cosa, T5 125ccm, Rally, Sprint, TS, GT, GTR, GL, SS 180, GS 1
c-5209;Vespa 50 S (V5SA1T 69602-);Bowdenzüge;45;p-12065;Unterlegscheibe 6,5x16x1,5mm -PIAGGIO- (verwendet für Kotflügel Vespa PX)
c-5209;Vespa 50 S (V5SA1T 69602-);Bowdenzüge;46;p-12065;Unterlegscheibe 6,5x16x1,5mm -PIAGGIO- (verwendet für Kotflügel Vespa PX)
c-5209;Vespa 50 S (V5SA1T 69602-);Bowdenzüge;47;p-15696;Federring -DIN 127- M6
c-5209;Vespa 50 S (V5SA1T 69602-);Bowdenzüge;48;p-15696;Federring -DIN 127- M6
c-5209;Vespa 50 S (V5SA1T 69602-);Bowdenzüge;49;p-15690;Mutter -DIN 934- M6
c-5209;Vespa 50 S (V5SA1T 69602-);Bowdenzüge;50;p-44723;Bremspedal-Set -OEM QUALITÄT- Vespa PX, PX Lusso, PX 98, PX My, PX 2011, T5 125cc, PK S, PK XL, PK XL2, ET3 (ab Nr. 52721), V50 R (ab Nr. 914748), V50
c-5209;Vespa 50 S (V5SA1T 69602-);Bowdenzüge;51;p-13137;Kastenmutter -M6- verwendet für Befestigung Spannungsregler und Bremspedal Vespa PX, T5, PK, Cosa
c-5209;Vespa 50 S (V5SA1T 69602-);Bowdenzüge;52;p-13137;Kastenmutter -M6- verwendet für Befestigung Spannungsregler und Bremspedal Vespa PX, T5, PK, Cosa
c-5209;Vespa 50 S (V5SA1T 69602-);Bowdenzüge;53;p-6936;Bremspedalbolzen Ø=5,5x21,5mm -PIAGGIO- Vespa PX, T5 125cc, PK, V50, V90, SS50, SS90, PV125, ET3 - verwendet zur Befestigung des Bremszuges im Pedal (
c-5209;Vespa 50 S (V5SA1T 69602-);Bowdenzüge;54;p-1824;Gummi Rahmen/Bremspedal -OEM QUALITÄT- Vespa V50, V90, PV, PX alt (-1984) - runde Form
c-5209;Vespa 50 S (V5SA1T 69602-);Bowdenzüge;55;p-15026;Splint -DIN 94- Ø=2,0mm - 20mm - verwendet für Bolzen Klemmplättchen / Bremsarm hinten Vespa PX, Sprint, Rally, V50, PV125, ET3 etc.
c-5209;Vespa 50 S (V5SA1T 69602-);Bowdenzüge;57;p-11955;Mutter flach -DIN 439 ähnlich- M9 x 1,0mm - verwendet für Klemmplättchen hinten Bremszug/Bremsarm/Bremspedal Vespa
c-5209;Vespa 50 S (V5SA1T 69602-);Bowdenzüge;61;p-6515;Endkappe für Außenzug -UNIVERSAL- Øinnen=7mm
c-5209;Vespa 50 S (V5SA1T 69602-);Bowdenzüge;62;p-6429;Bremszug hinten innen -OEM QUALITÄT, Ø=2,5mm ohne Öse- Vespa Rally180 (VSD1T), Rally200 (VSE1T), Sprint, VNA, VNB, VBA, VBB, VNC, VBC…
c-5209;Vespa 50 S (V5SA1T 69602-);Bowdenzüge;64;p-17327;Chokezug -BGM PRO- Vespa Smallframe, 300/380mm, Tonne 3x3mm
c-5209;Vespa 50 S (V5SA1T 69602-);Bowdenzüge;65;p-9799;Gaszug -PIAGGIO- Vespa V50, PV125, ET3
c-5209;Vespa 50 S (V5SA1T 69602-);Bowdenzüge;66;p-9807;Schaltzug -PIAGGIO- Vespa V50, PV125, ET3
c-5209;Vespa 50 S (V5SA1T 69602-);Bowdenzüge;67;p-9803;Kupplungszug -PIAGGIO- Vespa V50, PV125, ET3
c-5209;Vespa 50 S (V5SA1T 69602-);Bowdenzüge;68;p-6529;Tachowelle -PIAGGIO- Vespa V50, PV125
c-5209;Vespa 50 S (V5SA1T 69602-);Bowdenzüge;69;p-9792;Bremszug vorne -PIAGGIO- Vespa V50, PV125, ET3
c-5209;Vespa 50 S (V5SA1T 69602-);Bowdenzüge;71;p-362;Federscheibe gewellt -PIAGGIO- Stahl verzinkt- M6 - verwendet für Zylinderhaube Smallframe, Druckfeder Chokehebel
c-5209;Vespa 50 S (V5SA1T 69602-);Bowdenzüge;73;p-15696;Federring -DIN 127- M6
c-5209;Vespa 50 S (V5SA1T 69602-);Bowdenzüge;75;p-3120;Chokehebel am Rahmen -OEM QUALITÄT- Vespa PK S, PK XL - flaches Blech
c-5209;Vespa 50 S (V5SA1T 69602-);Bowdenzüge;76;p-5621;Gummi Rahmen/Schalt-Kupplungszug -IMPORT- Vespa V50, V90, PV, ET3
c-5209;Vespa 50 S (V5SA1T 69602-);Bowdenzüge;77;p-11795;Schlauchklemme -UNIVERSAL- Ø = 14mm - verwendet z.B. für Benzinschlauch Vespa Klassik Largeframe (Vespa PX, Rally, Sprint, GT, GTR, Super, VNA, VNB, V
c-5209;Vespa 50 S (V5SA1T 69602-);Elektrische Ausrüstung;25;p-17012;Bougierohr -UNIVERSAL Ø=10mm- 5m - Schwarz
c-5209;Vespa 50 S (V5SA1T 69602-);Elektrische Ausrüstung;26;p-17012;Bougierohr -UNIVERSAL Ø=10mm- 5m - Schwarz
c-5209;Vespa 50 S (V5SA1T 69602-);Elektrische Ausrüstung;27;p-17012;Bougierohr -UNIVERSAL Ø=10mm- 5m - Schwarz
c-5209;Vespa 50 S (V5SA1T 69602-);Elektrische Ausrüstung;28;p-17012;Bougierohr -UNIVERSAL Ø=10mm- 5m - Schwarz
c-5209;Vespa 50 S (V5SA1T 69602-);Elektrische Ausrüstung;29;p-17012;Bougierohr -UNIVERSAL Ø=10mm- 5m - Schwarz
c-5209;Vespa 50 S (V5SA1T 69602-);Elektrische Ausrüstung;30;p-17012;Bougierohr -UNIVERSAL Ø=10mm- 5m - Schwarz
c-5209;Vespa 50 S (V5SA1T 69602-);Elektrische Ausrüstung;31;p-17012;Bougierohr -UNIVERSAL Ø=10mm- 5m - Schwarz
c-5209;Vespa 50 S (V5SA1T 69602-);Elektrische Ausrüstung;32;p-17012;Bougierohr -UNIVERSAL Ø=10mm- 5m - Schwarz
c-5209;Vespa 50 S (V5SA1T 69602-);Elektrische Ausrüstung;33;p-2949;Kabelschuh -Flachsteckhülse 4,8mm Ø=0,5-1,0mm²- DIN 46247 - 10stk.
c-5209;Vespa 50 S (V5SA1T 69602-);Elektrische Ausrüstung;34;p-2949;Kabelschuh -Flachsteckhülse 4,8mm Ø=0,5-1,0mm²- DIN 46247 - 10stk.
c-5209;Vespa 50 S (V5SA1T 69602-);Elektrische Ausrüstung;35;p-2949;Kabelschuh -Flachsteckhülse 4,8mm Ø=0,5-1,0mm²- DIN 46247 - 10stk.
c-5209;Vespa 50 S (V5SA1T 69602-);Elektrische Ausrüstung;36;p-2949;Kabelschuh -Flachsteckhülse 4,8mm Ø=0,5-1,0mm²- DIN 46247 - 10stk.
c-5209;Vespa 50 S (V5SA1T 69602-);Elektrische Ausrüstung;37;p-2949;Kabelschuh -Flachsteckhülse 4,8mm Ø=0,5-1,0mm²- DIN 46247 - 10stk.
c-5209;Vespa 50 S (V5SA1T 69602-);Elektrische Ausrüstung;38;p-2949;Kabelschuh -Flachsteckhülse 4,8mm Ø=0,5-1,0mm²- DIN 46247 - 10stk.
c-5209;Vespa 50 S (V5SA1T 69602-);Elektrische Ausrüstung;39;p-2949;Kabelschuh -Flachsteckhülse 4,8mm Ø=0,5-1,0mm²- DIN 46247 - 10stk.
c-5209;Vespa 50 S (V5SA1T 69602-);Elektrische Ausrüstung;40;p-2949;Kabelschuh -Flachsteckhülse 4,8mm Ø=0,5-1,0mm²- DIN 46247 - 10stk.
c-5209;Vespa 50 S (V5SA1T 69602-);Elektrische Ausrüstung;41;p-2949;Kabelschuh -Flachsteckhülse 4,8mm Ø=0,5-1,0mm²- DIN 46247 - 10stk.
c-5209;Vespa 50 S (V5SA1T 69602-);Elektrische Ausrüstung;42;p-2949;Kabelschuh -Flachsteckhülse 4,8mm Ø=0,5-1,0mm²- DIN 46247 - 10stk.
c-5209;Vespa 50 S (V5SA1T 69602-);Elektrische Ausrüstung;43;p-2949;Kabelschuh -Flachsteckhülse 4,8mm Ø=0,5-1,0mm²- DIN 46247 - 10stk.
c-5209;Vespa 50 S (V5SA1T 69602-);Elektrische Ausrüstung;44;p-2949;Kabelschuh -Flachsteckhülse 4,8mm Ø=0,5-1,0mm²- DIN 46247 - 10stk.
c-5209;Vespa 50 S (V5SA1T 69602-);Elektrische Ausrüstung;45;p-2949;Kabelschuh -Flachsteckhülse 4,8mm Ø=0,5-1,0mm²- DIN 46247 - 10stk.
c-5209;Vespa 50 S (V5SA1T 69602-);Elektrische Ausrüstung;46;p-2949;Kabelschuh -Flachsteckhülse 4,8mm Ø=0,5-1,0mm²- DIN 46247 - 10stk.
c-5209;Vespa 50 S (V5SA1T 69602-);Elektrische Ausrüstung;47;p-17012;Bougierohr -UNIVERSAL Ø=10mm- 5m - Schwarz
c-5209;Vespa 50 S (V5SA1T 69602-);Elektrische Ausrüstung;48;p-17012;Bougierohr -UNIVERSAL Ø=10mm- 5m - Schwarz
c-5209;Vespa 50 S (V5SA1T 69602-);Elektrische Ausrüstung;49;p-17012;Bougierohr -UNIVERSAL Ø=10mm- 5m - Schwarz
c-5209;Vespa 50 S (V5SA1T 69602-);Elektrische Ausrüstung;50;p-6833;Gummikappe Kabelkästchen -PIAGGIO- Vespa alle Modelle
c-5209;Vespa 50 S (V5SA1T 69602-);Elektrische Ausrüstung;51;p-17016;Bougierohr -UNIVERSAL Ø=4mm- 5m - Schwarz
c-5209;Vespa 50 S (V5SA1T 69602-);Elektrische Ausrüstung;52;p-17016;Bougierohr -UNIVERSAL Ø=4mm- 5m - Schwarz
c-5209;Vespa 50 S (V5SA1T 69602-);Elektrische Ausrüstung;53;p-17016;Bougierohr -UNIVERSAL Ø=4mm- 5m - Schwarz
c-5209;Vespa 50 S (V5SA1T 69602-);Elektrische Ausrüstung;54;p-5621;Gummi Rahmen/Schalt-Kupplungszug -IMPORT- Vespa V50, V90, PV, ET3
c-5209;Vespa 50 S (V5SA1T 69602-);Elektrische Ausrüstung;55;p-10350;Gummi Rücklichtkabel/Rahmen -PIAGGIO- Vespa
c-5209;Vespa 50 S (V5SA1T 69602-);Elektrische Ausrüstung;56;p-45381;Verbindungskabel Zündspule und Kabelkästchen -VESPARATUR- Vespa Sprint, GT, GTR, TS
c-5209;Vespa 50 S (V5SA1T 69602-);Gabel - Kotflügel - Bremstrommel vorn;1;p-15319;Schraube Felge M10 -OEM QUALITÄT- Vespa V50 (V5A1T bis Nr. 752188), V5SS2T, V5R1T, V90 (V9A1T) - Modelle mit 4-Loch Felge
c-5209;Vespa 50 S (V5SA1T 69602-);Gabel - Kotflügel - Bremstrommel vorn;2;p-8331;Bremstrommel vorne 9 Zoll + 10 Zoll -PREDIERI & ABBATE- Vespa Smallframe 1963-1984 - V50 N (V5A1T), V50 S (V5SA1T), V50 L (V5A1T), SR50 (V, V50 R (V5A
c-5209;Vespa 50 S (V5SA1T 69602-);Gabel - Kotflügel - Bremstrommel vorn;3;p-8331;Bremstrommel vorne 9 Zoll + 10 Zoll -PREDIERI & ABBATE- Vespa Smallframe 1963-1984 - V50 N (V5A1T), V50 S (V5SA1T), V50 L (V5A1T), SR50 (V, V50 R (V5A
c-5209;Vespa 50 S (V5SA1T 69602-);Gabel - Kotflügel - Bremstrommel vorn;4;p-4089;Zentrierstift - Pin für Bremstrommel 9 (geschlossener Felgentyp) -OEM QUALITÄT- Vespa V50 R (V5A1T bis Nr. 752188), V50 N, V50 S, V50 L, SR50, V90
c-5209;Vespa 50 S (V5SA1T 69602-);Gabel - Kotflügel - Bremstrommel vorn;5;p-367;Bremstrommelflansch / Achse vorne -OEM QUALITÄT- Vespa V50(N) (bis Bj 1971), V50 L, V50 S, V90
c-5209;Vespa 50 S (V5SA1T 69602-);Gabel - Kotflügel - Bremstrommel vorn;6;p-367;Bremstrommelflansch / Achse vorne -OEM QUALITÄT- Vespa V50(N) (bis Bj 1971), V50 L, V50 S, V90
c-5209;Vespa 50 S (V5SA1T 69602-);Gabel - Kotflügel - Bremstrommel vorn;7;p-1459;Wellendichtring 17x40x7mm - (verwendet für Vorderrad Rally180 (VSD1T), Rally200 (VSE1T), Sprint150 (VLB1T), TS125 (VNL3T), GT125 (VNL2T), GTR125 (VNL2
c-5209;Vespa 50 S (V5SA1T 69602-);Gabel - Kotflügel - Bremstrommel vorn;8;p-1;Seegerring -BOHRUNG DIN472- Ø=40mm - (verwendet für Radlager 6203 in Schwinge V50, 50N, PV125, Sprint, Rally, VBB)
c-5209;Vespa 50 S (V5SA1T 69602-);Gabel - Kotflügel - Bremstrommel vorn;9;p-13920;Kugellager -6203- (17x40x12mm) - (verwendet für Kurbelwelle Lambretta A, B, C, LC)
c-5209;Vespa 50 S (V5SA1T 69602-);Gabel - Kotflügel - Bremstrommel vorn;10;p-354;Kronenmutter Schwinge/Vorderradlager -VESPA- V50, V90, SS50, SS90, PV125, ET3
c-5209;Vespa 50 S (V5SA1T 69602-);Gabel - Kotflügel - Bremstrommel vorn;11;p-14286;Kugellager -6201- (12x32x10mm) - (verwendet für Vorderrad Lambretta alle, Vespa PX (bis Bj. 1982) - Getriebe Lambretta A, B, C, LC, D, LD)
c-5209;Vespa 50 S (V5SA1T 69602-);Gabel - Kotflügel - Bremstrommel vorn;12;p-15047;Tachoschnecke auf Welle -BGM ORIGINAL- Vespa 10 Zähne, Ø=22,8mm, Kunststoff (passend für Tachoschnecke 8 Zähne) - (verwendet in Vespa V50, V90, PV125,
c-5209;Vespa 50 S (V5SA1T 69602-);Gabel - Kotflügel - Bremstrommel vorn;13;p-361;Gummikappe Tachoantrieb -PIAGGIO- Vespa V50, V90, PV, ET3 - grau
c-5209;Vespa 50 S (V5SA1T 69602-);Gabel - Kotflügel - Bremstrommel vorn;14;p-353;Gummi Tachowelle/Bremsankerplatte -PIAGGIO- Vespa V50, V90, PV, ET3
c-5209;Vespa 50 S (V5SA1T 69602-);Gabel - Kotflügel - Bremstrommel vorn;15;p-15048;Tachoschnecke -BGM ORIGINAL- Vespa 8 Zähne, l= 31mm, 2,7mm Vierkant, rot (verwendet in Vespa V50, V90, PV125, ET3)
c-5209;Vespa 50 S (V5SA1T 69602-);Gabel - Kotflügel - Bremstrommel vorn;16;p-11591;Dichtung für Sicherungskappe Tachoschnecke -OEM QUALITÄT- Vespa V50, PV125, ET3 - Ø=14x20x1,5mm
c-5209;Vespa 50 S (V5SA1T 69602-);Gabel - Kotflügel - Bremstrommel vorn;18;p-6711;Niet - Kerbnagel Ø=2,5x13,5mm für Lenkschlossblende -OEM QUALITÄT- Vespa PX (-1984), V50 Special, PV125, ET3
c-5209;Vespa 50 S (V5SA1T 69602-);Gabel - Kotflügel - Bremstrommel vorn;19;p-2728;Schlüsselrohling -ZADI- Vespa/Ape Lenkschloss
c-5209;Vespa 50 S (V5SA1T 69602-);Gabel - Kotflügel - Bremstrommel vorn;20;p-1317;Lenkschlossblende inkl. Niete -CIF, Rund- Vespa PX (-1984), ET3, V50 (V5A1T 912783-), V50 Special (V5B3T 207317-), V50 S (V5SA1T 77868-), SR50 (V5SS2T
c-5209;Vespa 50 S (V5SA1T 69602-);Gabel - Kotflügel - Bremstrommel vorn;21;p-10816;Lenkschloss -ZADI 38,5x4mm- Vespa PX (-1984), V50 N (V5A1T Nr. 236001 bis Nr. 283299), V50 L (V5A1T, ab Nr. 580001) ,V50 Special (V5A2 bis 3T), V50 S 
c-5209;Vespa 50 S (V5SA1T 69602-);Gabel - Kotflügel - Bremstrommel vorn;22;p-575;Gummi Lenkschloss -PIAGGIO- Vespa PX (-1984), V50 Special, PV125, ET3, Sprint, Rally, GT, GTR, SS180
c-5209;Vespa 50 S (V5SA1T 69602-);Gabel - Kotflügel - Bremstrommel vorn;23;p-15133;Gabel - Lenkrohr - Steuerrohr -BGM ORIGINAL- Vespa V50, ET3, PV125
c-5209;Vespa 50 S (V5SA1T 69602-);Gabel - Kotflügel - Bremstrommel vorn;24;p-15132;Schwingenabdeckung -PIAGGIO- Vespa V50, ET3, PV125 - Aluminium, Silbern
c-5209;Vespa 50 S (V5SA1T 69602-);Gabel - Kotflügel - Bremstrommel vorn;25;p-15360;Mutter -DIN 934- M12 x 1,50 - verwendet als Kupplungsmutter für Kupplung Vespa Cosa2
c-5209;Vespa 50 S (V5SA1T 69602-);Gabel - Kotflügel - Bremstrommel vorn;26;p-11565;Federring -DIN 127- M12
c-5209;Vespa 50 S (V5SA1T 69602-);Gabel - Kotflügel - Bremstrommel vorn;27;p-47290;Schwingenabdeckungs-Kit -OEM QUALITÄT- Vespa V50, ET3, PV125 innen
c-5209;Vespa 50 S (V5SA1T 69602-);Gabel - Kotflügel - Bremstrommel vorn;28;p-15145;Kotflügel -OEM QUALITÄT- Vespa V50, V90, PV125, ET3 - unlackiert
c-5209;Vespa 50 S (V5SA1T 69602-);Gabel - Kotflügel - Bremstrommel vorn;30;p-6706;Schwingenlagersatz -VESPA- V50, ET3, PV125
c-5209;Vespa 50 S (V5SA1T 69602-);Gabel - Kotflügel - Bremstrommel vorn;31;p-6706;Schwingenlagersatz -VESPA- V50, ET3, PV125
c-5209;Vespa 50 S (V5SA1T 69602-);Gabel - Kotflügel - Bremstrommel vorn;32;p-44644;O-Ring Set (6-teilig) Gabel -OEM QUALITÄT- Vespa Smallframe V50, PV, ET3, Motovespa T3, 125 Primavera
c-5209;Vespa 50 S (V5SA1T 69602-);Gabel - Kotflügel - Bremstrommel vorn;33;p-44644;O-Ring Set (6-teilig) Gabel -OEM QUALITÄT- Vespa Smallframe V50, PV, ET3, Motovespa T3, 125 Primavera
c-5209;Vespa 50 S (V5SA1T 69602-);Gabel - Kotflügel - Bremstrommel vorn;34;p-17425;Einstellschraube M5 x 20mm (Øinnen=6,9mm) -BGM ORIGINAL- (verwendet für Schaltraste Vespa) - 10 Stück
c-5209;Vespa 50 S (V5SA1T 69602-);Gabel - Kotflügel - Bremstrommel vorn;35;p-15682;Mutter -DIN 934- M5
c-5209;Vespa 50 S (V5SA1T 69602-);Gabel - Kotflügel - Bremstrommel vorn;36;p-12252;Klemmschraube Vorderradbremszug -PIAGGIO- Vespa V50, V90, SS50, SS90, PV125, ET3, VNA, VNB, VBA, VBB, Super, GL150 (VLA1T), GT125 (VNL2T), GTR125 (VNL
c-5209;Vespa 50 S (V5SA1T 69602-);Gabel - Kotflügel - Bremstrommel vorn;37;p-555;Klemmplättchen-Bolzen Ø=5,0x11mm Bremse vorne -OEM QUALITÄT- alle Modelle (bis Bj. 1981), PX (-1984)
c-5209;Vespa 50 S (V5SA1T 69602-);Gabel - Kotflügel - Bremstrommel vorn;38;p-15026;Splint -DIN 94- Ø=2,0mm - 20mm - verwendet für Bolzen Klemmplättchen / Bremsarm hinten Vespa PX, Sprint, Rally, V50, PV125, ET3 etc.
c-5209;Vespa 50 S (V5SA1T 69602-);Gabel - Kotflügel - Bremstrommel vorn;41;p-12253;Mutter M7 flach für Klemmschraube Vorderradbremszug -PIAGGIO- Vespa V50, V90, PV125, ET3, VNA, VNB, VBA, VBB, Super, GL150 (VLA1T), GT/GTR125 (VNL2T),
c-5209;Vespa 50 S (V5SA1T 69602-);Gabel - Kotflügel - Bremstrommel vorn;42;p-581;Bremsarm mit Bremsnocke vorne -BGM ORIGINAL- Vespa V50, V90, SS50, SS90, PV125, ET3 - Ø= 14,9mm
c-5209;Vespa 50 S (V5SA1T 69602-);Gabel - Kotflügel - Bremstrommel vorn;43;p-6843;Kotflügelschraube seitlich M5 x 16mm -CIF- Vespa Smallframe V50, 50N, PV, ET3, PK S, PK XL, Largeframe PX, VNA, VNB, VBA, VBB, Super, Sprint Veloce, R
c-5209;Vespa 50 S (V5SA1T 69602-);Gabel - Kotflügel - Bremstrommel vorn;45;p-13509;Federring -DIN 127- M5 - Edelstahl
c-5209;Vespa 50 S (V5SA1T 69602-);Gabel - Kotflügel - Bremstrommel vorn;46;p-13509;Federring -DIN 127- M5 - Edelstahl
c-5209;Vespa 50 S (V5SA1T 69602-);Gabel - Kotflügel - Bremstrommel vorn;47;p-13509;Federring -DIN 127- M5 - Edelstahl
c-5209;Vespa 50 S (V5SA1T 69602-);Gabel - Kotflügel - Bremstrommel vorn;48;p-15682;Mutter -DIN 934- M5
c-5209;Vespa 50 S (V5SA1T 69602-);Gabel - Kotflügel - Bremstrommel vorn;49;p-15682;Mutter -DIN 934- M5
c-5209;Vespa 50 S (V5SA1T 69602-);Gabel - Kotflügel - Bremstrommel vorn;50;p-15687;Schraube -DIN 933- M5 x 25mm
c-5209;Vespa 50 S (V5SA1T 69602-);Gabel - Kotflügel - Bremstrommel vorn;54;p-6679;Schraube -DIN 933- M5 x 10mm (verwendet für Abdeckblech Tachoschnecke Vespa PX, T5 125cc, V50, PV125, ET3)
c-5209;Vespa 50 S (V5SA1T 69602-);Gabel - Kotflügel - Bremstrommel vorn;55;p-45470;Schwinge -PREMIUM- V50, ET3, PV125 - Bremsnocke Ø=14,9mm
c-5209;Vespa 50 S (V5SA1T 69602-);Gabel - Kotflügel - Bremstrommel vorn;56;p-45470;Schwinge -PREMIUM- V50, ET3, PV125 - Bremsnocke Ø=14,9mm
c-5209;Vespa 50 S (V5SA1T 69602-);Gabel - Kotflügel - Bremstrommel vorn;58;p-15130;Bremsbacken -NEWFREN- Ø=125x17mm- 8 + 9 + 10 vorne, 1 Aufnahme, Vespa Smallframe V50, V90, SS50, SS90, PV125, ET3, Wideframe V1T bis V15T, V30T-V33T, 
c-5209;Vespa 50 S (V5SA1T 69602-);Gabel - Kotflügel - Bremstrommel vorn;59;p-159;Bremsbacken Rückholfeder -PIAGGIO- Vespa Rally (v), Sprint (v), GT (v), GTR (v), TS (v), Super (v), V50-90 (v), SS50-90 (v), PV125 (v), ET3 (v), GS160
c-5209;Vespa 50 S (V5SA1T 69602-);Gabel - Kotflügel - Bremstrommel vorn;60;p-15030;Bremsbackensicherung (Omega) -VESPA- V50, V90, SS50, SS90, PV125, ET3, VNA, VNB, VBA, VBB, Super, GL150 (VLA1T), GT125 (VNL2T), GTR125 (VNL2T), TS125 
c-5209;Vespa 50 S (V5SA1T 69602-);Gabel - Kotflügel - Bremstrommel vorn;61;p-11773;Distanzscheibe Kunststoff Ø=18x6,4x6mm für Kotflügel -OEM QUALITÄT- Vespa V50, V90, PV125, ET3 125
c-5209;Vespa 50 S (V5SA1T 69602-);Gabel - Kotflügel - Bremstrommel vorn;62;p-9275;Schmiernippel -DIN 71412- M10 x 1,0 - Schlüsselweite 11mm
c-5209;Vespa 50 S (V5SA1T 69602-);Gabel - Kotflügel - Bremstrommel vorn;63;p-344;V-Ring Dichtring Ø=18x3x22mm Schwinge innen -VESPA- PX (bis Bj. 1982), V50, PV125, ET3, SS50, SS90
c-5209;Vespa 50 S (V5SA1T 69602-);Gabel - Kotflügel - Bremstrommel vorn;64;p-13072;Feder Lenkschloss -VESPA- Vespa
c-5209;Vespa 50 S (V5SA1T 69602-);Gabel - Kotflügel - Bremstrommel vorn;65;p-6706;Schwingenlagersatz -VESPA- V50, ET3, PV125
c-5209;Vespa 50 S (V5SA1T 69602-);Getriebe - Hinterradnabe;1;p-15319;Schraube Felge M10 -OEM QUALITÄT- Vespa V50 (V5A1T bis Nr. 752188), V5SS2T, V5R1T, V90 (V9A1T) - Modelle mit 4-Loch Felge
c-5209;Vespa 50 S (V5SA1T 69602-);Getriebe - Hinterradnabe;2;p-6630;Splint -ISO 1234- Ø=3,5 x 32mm (verwendet für Vorderrad Vespa PK, PX, Cosa, T5 125ccm - Hinterrad Vespa PK, PX, Cosa, T5 125ccm, Rally, Sprint, TS, GT
c-5209;Vespa 50 S (V5SA1T 69602-);Getriebe - Hinterradnabe;3;p-11229;Hinterradmutter -Kronenmutter -OEM QUALITÄT M14x1,5 SW22- Vespa PX (-1984), Rally, Sprint150, TS125, GT125, GTR125, Super, SS180, GS160 / GS4, VNA, VN
c-5209;Vespa 50 S (V5SA1T 69602-);Getriebe - Hinterradnabe;4;p-538;Unterlegscheibe Hinterradmutter - Bremstrommel hinten -OEM QUALITÄT- Vespa V50, V90, SS50, SS90, PV125, ET3 - 31,5x14,5x8,5mm
c-5209;Vespa 50 S (V5SA1T 69602-);Getriebe - Hinterradnabe;5;p-8458;Bremstrommel hinten 9 Zoll + 10 Zoll -FA ITALIA- Vespa V50 R (V5A1T bis Nr. 752188), V50 N, V50 S, V50 L, SR50, V90
c-5209;Vespa 50 S (V5SA1T 69602-);Getriebe - Hinterradnabe;6;p-44780;Bremstrommelflansch hinten -PREMIUM- Vespa 9 Zoll - Vespa V50(N) (bis Bj 1971), V50 L, V50 S, V90
c-5209;Vespa 50 S (V5SA1T 69602-);Getriebe - Hinterradnabe;8;p-32712;Bremsbacken -POLINI Ø=135x20mm- VESPA V50 (h) - 9 Zoll
c-5209;Vespa 50 S (V5SA1T 69602-);Getriebe - Hinterradnabe;9;p-15030;Bremsbackensicherung (Omega) -VESPA- V50, V90, SS50, SS90, PV125, ET3, VNA, VNB, VBA, VBB, Super, GL150 (VLA1T), GT125 (VNL2T), GTR125 (VNL2T), TS125 
c-5209;Vespa 50 S (V5SA1T 69602-);Getriebe - Hinterradnabe;10;p-15038;Bremsbacken Rückholfeder -PIAGGIO- Vespa PX (vh), T5 125cc (vh), PK (vh), Rally180 (VSD1T), Rally200 (VSE1T) (h), Sprint (h), Super (h), GT125 (VNL2T)
c-5209;Vespa 50 S (V5SA1T 69602-);Getriebe - Hinterradnabe;11;p-4089;Zentrierstift - Pin für Bremstrommel 9 (geschlossener Felgentyp) -OEM QUALITÄT- Vespa V50 R (V5A1T bis Nr. 752188), V50 N, V50 S, V50 L, SR50, V90
c-5209;Vespa 50 S (V5SA1T 69602-);Getriebe - Hinterradnabe;12;p-19206;Bremsbackenträger für Bremsankerplatte hinten CNC Aluminium -CMD Little Kong- Vespa V50, 50N, PV125, ET3
c-5209;Vespa 50 S (V5SA1T 69602-);Getriebe - Hinterradnabe;13;p-11957;O-Ring 12,5x 2,5mm -PIAGGIO- (verwendet für Bremsnocke Vespa PK S, PK XL, PK XL2, Federbock Sprint, Rally, GT, GTR, GS150)
c-5209;Vespa 50 S (V5SA1T 69602-);Getriebe - Hinterradnabe;14;p-363;Bremsarm mit Bremsnocke hinten -KR AUTOMATION- Vespa V50, V90, SS50, SS90, PV125, ET3
c-5209;Vespa 50 S (V5SA1T 69602-);Getriebe - Hinterradnabe;15;p-12356;Wellendichtring 27x37x7mm -MALOSSI PTFE/FKM- (verwendet für Hinterrad / hintere Bremstrommel Vespa V50, V90, SS50, SS90, PV125, ET3, PK S, PK XL, PK X
c-5209;Vespa 50 S (V5SA1T 69602-);Getriebe - Hinterradnabe;16;p-31085;Kugellager -Malossi (beidseitig gekapselt)- (20x47x14mm) - Radwelle hinten PIAGGIO/VESPA (6204 2RS C3)
c-5209;Vespa 50 S (V5SA1T 69602-);Getriebe - Hinterradnabe;17;p-11934;Dichtung Bremsankerplatte hinten -PIAGGIO- Vespa V50, V90, PV 25, ET3, PK S, PK XL, PK XL2, PK HP
c-5209;Vespa 50 S (V5SA1T 69602-);Getriebe - Hinterradnabe;18;p-526;Ölablassschraube M8 x 8mm -PIAGGIO Olio- Vespa PX, T5 125cc, Cosa, Rally180/200, Sprint150, TS125, GT125, GTR125, GL150, Super, SS180, GS160 / GS4, VN
c-5209;Vespa 50 S (V5SA1T 69602-);Getriebe - Hinterradnabe;19;p-526;Ölablassschraube M8 x 8mm -PIAGGIO Olio- Vespa PX, T5 125cc, Cosa, Rally180/200, Sprint150, TS125, GT125, GTR125, GL150, Super, SS180, GS160 / GS4, VN
c-5209;Vespa 50 S (V5SA1T 69602-);Getriebe - Hinterradnabe;20;p-15037;Dichtung Ölablassschraube -OEM QUALITÄT 8x14x1mm- Vespa V50, 50N, SS50, SR50, V90, SS90, V100, PV125, ET3, PK, PX, T5 125ccm, Cosa, Rally, Sprint, TS1
c-5209;Vespa 50 S (V5SA1T 69602-);Getriebe - Hinterradnabe;21;p-15037;Dichtung Ölablassschraube -OEM QUALITÄT 8x14x1mm- Vespa V50, 50N, SS50, SR50, V90, SS90, V100, PV125, ET3, PK, PX, T5 125ccm, Cosa, Rally, Sprint, TS1
c-5209;Vespa 50 S (V5SA1T 69602-);Getriebe - Hinterradnabe;22;p-3498;Entlüftungsschraube Kupplungsdeckel -PIAGGIO- Vespa alle Vespas
c-5209;Vespa 50 S (V5SA1T 69602-);Getriebe - Hinterradnabe;23;p-10285;Kickstarteranschlaggummi -PIAGGIO- Vespa V50, V90, PV125, ET3, PK S - 20 x 24 x 9mm
c-5209;Vespa 50 S (V5SA1T 69602-);Getriebe - Hinterradnabe;24;p-17425;Einstellschraube M5 x 20mm (Øinnen=6,9mm) -BGM ORIGINAL- (verwendet für Schaltraste Vespa) - 10 Stück
c-5209;Vespa 50 S (V5SA1T 69602-);Getriebe - Hinterradnabe;25;p-15682;Mutter -DIN 934- M5
c-5209;Vespa 50 S (V5SA1T 69602-);Getriebe - Hinterradnabe;26;p-391;Sicherungsschraube Schaltgabel -OEM QUALITÄT- V50, V90, SS50, SS90, PV125, ET3, PK S, PK XL1
c-5209;Vespa 50 S (V5SA1T 69602-);Getriebe - Hinterradnabe;27;p-11951;Klemmplättchen-Bolzen Ø=5,4x11mm Bremse hinten -PIAGGIO- Vespa V50, V90, PV125, ET3, PK, PK S, PK XL, PK XL2, PX, Rally, Sprint, GT, GTR
c-5209;Vespa 50 S (V5SA1T 69602-);Getriebe - Hinterradnabe;28;p-44764;Schaltgabel -PREMIUM- Vespa V50, V90, SS50, SS90, PV125, ET3 - 2x O-Ringe
c-5209;Vespa 50 S (V5SA1T 69602-);Getriebe - Hinterradnabe;29;p-1321;Schubklotz für Schaltklaue -PIAGGIO- Vespa V50, V90, SS50, SS90, PV125, ET3, PK S, PK XL
c-5209;Vespa 50 S (V5SA1T 69602-);Getriebe - Hinterradnabe;31;p-17433;Einstellschraube M7 x 25mm -BGM ORIGINAL- 10 Stück
c-5209;Vespa 50 S (V5SA1T 69602-);Getriebe - Hinterradnabe;32;p-12253;Mutter M7 flach für Klemmschraube Vorderradbremszug -PIAGGIO- Vespa V50, V90, PV125, ET3, VNA, VNB, VBA, VBB, Super, GL150 (VLA1T), GT/GTR125 (VNL2T),
c-5209;Vespa 50 S (V5SA1T 69602-);Getriebe - Hinterradnabe;36;p-11717;Wellscheibe für Schaltgabel -OEM QUALITÄT, 7,75x12,0x0,1mm- Vespa V50, V90, SS50, SS90, PV125, ET3, PK S, PK XL1
c-5209;Vespa 50 S (V5SA1T 69602-);Getriebe - Hinterradnabe;37;p-13916;Sicherungsring -WELLE DIN6799- Ø=3mm - verwendet für Schubklotz Schaltklaue Vespa Smallframe (V50, PV, ET3, PK, PK XL, PK XL2)
c-5209;Vespa 50 S (V5SA1T 69602-);Getriebe - Hinterradnabe;38;p-111;Sicherungsstift (zylindrisch) 4,0x23mm (verwendet für Schaltraste PX, Cosa, T5, Rally, Sprint, TS, GT, GTR, Super, SS180, GS160, GL, VNA, VNB, VBA, VB
c-5209;Vespa 50 S (V5SA1T 69602-);Getriebe - Hinterradnabe;42;p-15209;Schaltklaue -FA ITALIA- RUND, 4 Gang, H=50mm, Vespa PK50, PK80, PK125, V50 (V5A1T ab Nr. 69444), Special (V5B3T ab Nr. 94315), Elestart (V5B4T ab Nr. 
c-5209;Vespa 50 S (V5SA1T 69602-);Getriebe - Hinterradnabe;43;p-6623;Seegerring -WELLE DIN471 ähnlich- Ø=48mm x 1,7mm - verwendet für Hauptwelle Getriebe Vespa V50, PV, ET3, Sprint, Rally, VNA, VNB, VBA, VBB, Super, GT,
c-5209;Vespa 50 S (V5SA1T 69602-);Getriebe - Hinterradnabe;44;p-6623;Seegerring -WELLE DIN471 ähnlich- Ø=48mm x 1,7mm - verwendet für Hauptwelle Getriebe Vespa V50, PV, ET3, Sprint, Rally, VNA, VNB, VBA, VBB, Super, GT,
c-5209;Vespa 50 S (V5SA1T 69602-);Getriebe - Hinterradnabe;45;p-30127;Schulterring -MALOSSI- Vespa Smallframe V50, PV125, ET3, PK - Largeframe PX Lusso (1984-), Cosa, T5 125ccm - 1,00mm
c-5209;Vespa 50 S (V5SA1T 69602-);Getriebe - Hinterradnabe;46;p-30127;Schulterring -MALOSSI- Vespa Smallframe V50, PV125, ET3, PK - Largeframe PX Lusso (1984-), Cosa, T5 125ccm - 1,00mm
c-5209;Vespa 50 S (V5SA1T 69602-);Getriebe - Hinterradnabe;48;p-12005;Gang 1 -CIF-Gang-Getriebe- Vespa V50, V90, 50N, PV125, ET3, SS50, SS90, PK S, PK XL1, PK XL2, ETS - 58 Zähne
c-5209;Vespa 50 S (V5SA1T 69602-);Getriebe - Hinterradnabe;52;p-15098;Schaltfeder -VESPA- V50, V90, SS50, SS90, PV125, ET3, PK S, PK XL
c-5209;Vespa 50 S (V5SA1T 69602-);Getriebe - Hinterradnabe;53;p-10067;Schaltfeder-Set -VESPA- V50, V90, SS50, SS90, PV125, ET3, PK S, PK XL - verstärkt
c-5209;Vespa 50 S (V5SA1T 69602-);Getriebe - Hinterradnabe;54;p-15719;Mutter -DIN 934- M8
c-5209;Vespa 50 S (V5SA1T 69602-);Getriebe - Hinterradnabe;55;p-15727;Federring -DIN 127- M8
c-5209;Vespa 50 S (V5SA1T 69602-);Getriebe - Hinterradnabe;56;p-15725;Unterlegscheibe -DIN 125- M8 - schwarz verzinkt
c-5209;Vespa 50 S (V5SA1T 69602-);Getriebe - Hinterradnabe;57;p-15026;Splint -DIN 94- Ø=2,0mm - 20mm - verwendet für Bolzen Klemmplättchen / Bremsarm hinten Vespa PX, Sprint, Rally, V50, PV125, ET3 etc.
c-5209;Vespa 50 S (V5SA1T 69602-);Getriebe - Hinterradnabe;58;p-11955;Mutter flach -DIN 439 ähnlich- M9 x 1,0mm - verwendet für Klemmplättchen hinten Bremszug/Bremsarm/Bremspedal Vespa
c-5209;Vespa 50 S (V5SA1T 69602-);Getriebe - Hinterradnabe;63;p-3041;Schraube Kabelkästchen M3 x 8mm mit Schlitz -PIAGGIO- Vespa Smallframe V50, PV125, Wideframe VM1, VM2, VNB1, VNB2, Super, GS150 VS1-5, Sprint, GT, GTR
c-5209;Vespa 50 S (V5SA1T 69602-);Getriebe - Hinterradnabe;66;p-6832;Schraube Linsen-Senkkopf -DIN 966- M5 x 40 (verwendet für Kabelkästchen Vespa PX, T5 125cc, Rally180 (VSD1T), Rally200 (VSE1T), Sprint150 (VLB1T), TS1
c-5209;Vespa 50 S (V5SA1T 69602-);Getriebe - Hinterradnabe;67;p-392;Unterlegscheibe -VESPA- 12x20x2,3mm (verwendet für Sicherungsschraube Schaltgabel Vespa V50, V90, SS50, SS90, PV125, ET3, PK S, PK XL)
c-5209;Vespa 50 S (V5SA1T 69602-);Getriebe - Hinterradnabe;68;p-46131;Schubklotz-Set für Schaltgabel - Schaltklaue -FRT- Vespa V50, V90, SS50, SS90, PV125, ET3, PK S, PK XL
c-5209;Vespa 50 S (V5SA1T 69602-);Kupplung - Kickstarter;1;p-15337;Kickstarterfeder -OEM QUALITÄT- Vespa V50, V90, PV125, PK50, PK80, PK125
c-5209;Vespa 50 S (V5SA1T 69602-);Kupplung - Kickstarter;2;p-1324;Kickstarterwelle -OEM QUALITÄT- Vespa V50 S, V50 N, V50 Special, PK50 S - 11 Zähne
c-5209;Vespa 50 S (V5SA1T 69602-);Kupplung - Kickstarter;3;p-15295;O-Ring Ø16x2,50mm -PIAGGIO-Kickstarterwelle Vespa V50, PV125, ET3, PK, PX, T5 125ccm, Cosa, Rally, Sprint, TS125, GT125, GTR125, Super, GS160 / GS4, S
c-5209;Vespa 50 S (V5SA1T 69602-);Kupplung - Kickstarter;6;p-15011;Kickstarterritzelandruckfeder -OEM QUALITÄT- Vespa V50, V90, PV125, ET3, PK
c-5209;Vespa 50 S (V5SA1T 69602-);Kupplung - Kickstarter;7;p-14464;Seegerring -WELLE DIN471- Ø=25mm - Smallframe primär, V50, 50N, SS50, SS90, V90, PV125, ET3, PK, PK XL, PK XL2, ETS
c-5209;Vespa 50 S (V5SA1T 69602-);Kupplung - Kickstarter;8;p-12229;Halbmond Keil (Scheibenfeder) -DIN 6888- 3x3,6mm (verwendet für Kurbelwelle Lichtmaschinenseite Vespa GS 150, Lambretta D 125-150 (1956-1957), LD 125-
c-5209;Vespa 50 S (V5SA1T 69602-);Kupplung - Kickstarter;9;p-46019;Rollenlager -CRIMAZ NUP 16005 (25x47x8mm)- verwendet für Primär Vespa V50, V90, SS50, SS90, PV125, ET3, PK S, PK XL
c-5209;Vespa 50 S (V5SA1T 69602-);Kupplung - Kickstarter;10;p-15175;Schraube -DIN 931- M9 x 50mm (verwendet als Kickstarterschraube Vespa V50, V90, SS50, SS90, PV125, ET3, PK
c-5209;Vespa 50 S (V5SA1T 69602-);Kupplung - Kickstarter;11;p-11935;Zahnscheibe -DIN 6798- M9 - innenverzahnt
c-5209;Vespa 50 S (V5SA1T 69602-);Kupplung - Kickstarter;12;p-15113;Kickstarter Vespa V50, PV, ET3 - Aluminium poliert
c-5209;Vespa 50 S (V5SA1T 69602-);Kupplung - Kickstarter;13;p-15203;Seegerring -BOHRUNG DIN472- Ø=47mm - für Kugellager Smallframe, Largeframe Hauptwelle 6204 Radseite, Kugellager 16005 Primär Smallframe V50, PV, ET3, 
c-5209;Vespa 50 S (V5SA1T 69602-);Kupplung - Kickstarter;14;p-47738;Buchse Primärrad -BGM ORIGINAL- Vespa V50, PV125, ET3, PK50, PK80, PK125
c-5209;Vespa 50 S (V5SA1T 69602-);Kupplung - Kickstarter;17;p-2644;Kupplung -CIF- Smallframe V50, V90, SS50, SS90, PV125, ET3, PK50, PK80, PK50 S, PK80 S, PK125 S, PK50 XL, PK125 XL, ETS, PK50 HP, PK50 SS - 3-Scheiben
c-5209;Vespa 50 S (V5SA1T 69602-);Kupplung - Kickstarter;18;p-15015;Kupplungsandruckplatte -OEM QUALITÄT- Vespa PX80, PX125, PX150, Sprint150 (VLB1T), TS125 (VNL3T), GT125 (VNL2T), GTR125 (VNL2T), Super, VNA, VNB, VBA,
c-5209;Vespa 50 S (V5SA1T 69602-);Kupplung - Kickstarter;19;p-10273;Kupplungsandruckplattenfeder -PIAGGIO- Vespa PX, T5 125cc, Cosa2, Rally180 (VSD1T), Rally200 (VSE1T), Sprint150 (VLB1T), TS125 (VNL3T), GT125 (VNL2T),
c-5209;Vespa 50 S (V5SA1T 69602-);Kupplung - Kickstarter;20;p-15189;Kupplungstrennpilz -OEM QUALITÄT- Vespa V50 (ab Bj. 1978), PV125 (ab Bj. 1978), ET3 (ab Bj. 1978), PK S, PK XL1 - 2 Ärmchen
c-5209;Vespa 50 S (V5SA1T 69602-);Kupplung - Kickstarter;21;p-1322;Dichtung Kupplungsdeckel -OEM QUALITÄT- Vespa V50, PV125, ET3, PK50, PK80, PK125
c-5209;Vespa 50 S (V5SA1T 69602-);Kupplung - Kickstarter;22;p-11525;Schraube -DIN 931- M6 x 25mm (8.8 Festigkeit) - (verwendet für Kupplungsdeckel Vespa PX, Cosa, T5 125ccm, Rally, Sprint, TS, GT, GTR, GL, SS 180, GS 1
c-5209;Vespa 50 S (V5SA1T 69602-);Kupplung - Kickstarter;23;p-6547;Federscheibe gewellt -DIN 137 Stahl verzinkt- M6
c-5209;Vespa 50 S (V5SA1T 69602-);Kupplung - Kickstarter;24;p-6547;Federscheibe gewellt -DIN 137 Stahl verzinkt- M6
c-5209;Vespa 50 S (V5SA1T 69602-);Kupplung - Kickstarter;25;p-32630;Kupplungsdeckel -POLINI, kurzer gerader Hebel- Vespa V50, PV, ET3
c-5209;Vespa 50 S (V5SA1T 69602-);Kupplung - Kickstarter;26;p-15700;Schraube -DIN 933- M6 x 20mm (8.8 Festigkeit)
c-5209;Vespa 50 S (V5SA1T 69602-);Kupplung - Kickstarter;31;p-364;Kupplungsarmfeder -VESPA- V50, V90 (bis Bj. 1977), SS50, SS90, PV125 (bis Bj. 1977), ET3
c-5209;Vespa 50 S (V5SA1T 69602-);Kupplung - Kickstarter;32;p-12629;Kupplungsarm -VESPA- Vespa 50 (V5A1T), 50 Elestart (V5B2T), 50 N Special (V5A1T, V5B3T), 50 Special (V5B1T), 50 SR (V5SA1T), 50 SS (V5SS1T), V 90 (V9A
c-5209;Vespa 50 S (V5SA1T 69602-);Kupplung - Kickstarter;34;p-15124;Sicherungsring Kupplungskorb -NEWFREN Ø=61mm b=2,9mm h=1,1mm- Vespa V50 (V5A1T, V5A2T, V5A3T, V5B1T, V5B2T, V5B3T, V5B4T, V5R1T, V5SA1T), SS50 (V5SS1T
c-5209;Vespa 50 S (V5SA1T 69602-);Kupplung - Kickstarter;35;p-15123;Ölsammelblech Kupplung -OEM QUALITÄT- Vespa V50, V90, SS50, SS90, PV125, ET3, PK S, PK XL1
c-5209;Vespa 50 S (V5SA1T 69602-);Kupplung - Kickstarter;36;p-15122;Kupplungsabdeckscheibe -OEM QUALITÄT- Vespa V50, PV125, ET3, PK S, PK XL1
c-5209;Vespa 50 S (V5SA1T 69602-);Kupplung - Kickstarter;37;p-2641;Kupplungsbeläge -VESPA Smallframe V50, V90, SS50, SS90, PV125, ET3, PK50, PK80, PK50 S, PK80 S, PK125 S, PK50 XL, PK125 XL, ETS, PK50 HP, PK50 SS - 3-
c-5209;Vespa 50 S (V5SA1T 69602-);Kupplung - Kickstarter;38;p-4268;Halteblech Brems-/Kupplungszug am Motor -PREMIUM- Vespa V50 (VMA1M), PV125, ET3, SS50, SS90 - 1. Serie (kurzer Kupplungsausrückhebel)
c-5209;Vespa 50 S (V5SA1T 69602-);Kupplung - Kickstarter;39;p-2641;Kupplungsbeläge -VESPA Smallframe V50, V90, SS50, SS90, PV125, ET3, PK50, PK80, PK50 S, PK80 S, PK125 S, PK50 XL, PK125 XL, ETS, PK50 HP, PK50 SS - 3-
c-5209;Vespa 50 S (V5SA1T 69602-);Kupplung - Kickstarter;40;p-2641;Kupplungsbeläge -VESPA Smallframe V50, V90, SS50, SS90, PV125, ET3, PK50, PK80, PK50 S, PK80 S, PK125 S, PK50 XL, PK125 XL, ETS, PK50 HP, PK50 SS - 3-
c-5209;Vespa 50 S (V5SA1T 69602-);Kupplung - Kickstarter;41;p-12245;Kupplungsstahlscheibe -PIAGGIO- Vespa Smallframe V50, V90, SS50, SS90, PV125, ET3, PK50, PK80, PK50 S, PK80 S, PK125 S, PK50 XL, PK125 XL, ETS, PK50 H
c-5209;Vespa 50 S (V5SA1T 69602-);Kupplung - Kickstarter;42;p-12245;Kupplungsstahlscheibe -PIAGGIO- Vespa Smallframe V50, V90, SS50, SS90, PV125, ET3, PK50, PK80, PK50 S, PK80 S, PK125 S, PK50 XL, PK125 XL, ETS, PK50 H
c-5209;Vespa 50 S (V5SA1T 69602-);Kupplung - Kickstarter;43;p-15120;Kupplungsgrundplatte -OEM QUALITÄT- Vespa V50, PV125, ET3, PK S, PK XL1
c-5209;Vespa 50 S (V5SA1T 69602-);Kupplung - Kickstarter;44;p-439;Kupplungsfeder -PIAGGIO- Vespa V50 (V5A1T, V5A2T, V5A3T, V5B1T, V5B2T, V5B3T, V5B4T, V5R1T, V5SA1T), SS50 (V5SS1T), SR50 (V5SS2T), V90 (V9A1T), SS90 (
c-5209;Vespa 50 S (V5SA1T 69602-);Kupplung - Kickstarter;45;p-15119;Kupplungsspinne -OEM QUALITÄT- Vespa V50, PV125, ET3, PK S, PK XL1
c-5209;Vespa 50 S (V5SA1T 69602-);Kupplung - Kickstarter;46;p-15705;Mutter hoch -DIN 934 ähnlich- M7
c-5209;Vespa 50 S (V5SA1T 69602-);Kupplung - Kickstarter;47;p-15711;Federring -DIN 127- M7
c-5209;Vespa 50 S (V5SA1T 69602-);Kupplung - Kickstarter;48;p-15717;Schraube -DIN 933- M7 x 25mm (8.8 Festigkeit)
c-5209;Vespa 50 S (V5SA1T 69602-);Kupplung - Kickstarter;49;p-15682;Mutter -DIN 934- M5
c-5209;Vespa 50 S (V5SA1T 69602-);Kupplung - Kickstarter;50;p-17425;Einstellschraube M5 x 20mm (Øinnen=6,9mm) -BGM ORIGINAL- (verwendet für Schaltraste Vespa) - 10 Stück
c-5209;Vespa 50 S (V5SA1T 69602-);Kupplung - Kickstarter;51;p-6238;Kugellager -6200- (10x30x09mm) - (verwendet für Nebenwelle Vespa V50, V90, SS50, SS90, PV125, ET3, PK S, PK XL)
c-5209;Vespa 50 S (V5SA1T 69602-);Kupplung - Kickstarter;53;p-665;Sicherungsblech Nebenwelle -PIAGGIO- Vespa V50, V90, SS50, SS90, PV125, ET3, PK S, PK XL
c-5209;Vespa 50 S (V5SA1T 69602-);Kupplung - Kickstarter;54;p-15018;Kupplungsmutter -PIAGGIO- Vespa V50, PV125, ET3, PK S, PK XL - (verwendet als Mutter für Nebenwelle)
c-5209;Vespa 50 S (V5SA1T 69602-);Lenker;1;p-6775;Griffe Vespa V50, PV, ET3 - Schwarz
c-5209;Vespa 50 S (V5SA1T 69602-);Lenker;2;p-6775;Griffe Vespa V50, PV, ET3 - Schwarz
c-5209;Vespa 50 S (V5SA1T 69602-);Lenker;5;p-35805;Schaltrohr -VESPA 4-Gang- Vespa V50 S Baujahr 1976- (V5SA1T, 67571-) - Ø=24mm, L=279mm
c-5209;Vespa 50 S (V5SA1T 69602-);Lenker;6;p-15082;Bremshebelschraube - Kupplungshebelschraube -OEM QUALITÄT- Vespa V50, SS50, 50 Special, V90, SS90, Super (VNC, VBC), GT125 (VNL2T), GTR125 (VNL2T), PV
c-5209;Vespa 50 S (V5SA1T 69602-);Lenker;7;p-15082;Bremshebelschraube - Kupplungshebelschraube -OEM QUALITÄT- Vespa V50, SS50, 50 Special, V90, SS90, Super (VNC, VBC), GT125 (VNL2T), GTR125 (VNL2T), PV
c-5209;Vespa 50 S (V5SA1T 69602-);Lenker;8;p-12054;Unterlegscheibe - Wellscheibe Hebelschraube (oben) -PIAGGIO- Vespa PK, PK S, PK XL, PX - Ø6,6 x 14 x 0,3mm
c-5209;Vespa 50 S (V5SA1T 69602-);Lenker;9;p-12054;Unterlegscheibe - Wellscheibe Hebelschraube (oben) -PIAGGIO- Vespa PK, PK S, PK XL, PX - Ø6,6 x 14 x 0,3mm
c-5209;Vespa 50 S (V5SA1T 69602-);Lenker;10;p-3016;Unterlegscheibe Hebelschraube (oben) -CIF- 14x6,6x0,6mm - Vespa V50, V90, SS50, SS90, PV125, ET3, Super, GS150, Sprint, Rally, SS180, PX, T5 125ccm
c-5209;Vespa 50 S (V5SA1T 69602-);Lenker;11;p-3016;Unterlegscheibe Hebelschraube (oben) -CIF- 14x6,6x0,6mm - Vespa V50, V90, SS50, SS90, PV125, ET3, Super, GS150, Sprint, Rally, SS180, PX, T5 125ccm
c-5209;Vespa 50 S (V5SA1T 69602-);Lenker;12;p-3017;Unterlegscheibe Hebelschraube (unten) -PIAGGIO- 14x5,3x1,0mm - Vespa V50, V90, SS50, SS90, PV125, ET3, Super, GS150, Sprint, Rally, SS180, PX, T5 125c
c-5209;Vespa 50 S (V5SA1T 69602-);Lenker;13;p-15768;Mutter selbstsichernd -DIN 985- M5 (verwendet für Hebelschraube Vespa PX, T5 125ccm, Rally, Sprint, TS, GT, GTR, SS180, GS160, Super, GL, VNA, VNB, VB
c-5209;Vespa 50 S (V5SA1T 69602-);Lenker;14;p-15768;Mutter selbstsichernd -DIN 985- M5 (verwendet für Hebelschraube Vespa PX, T5 125ccm, Rally, Sprint, TS, GT, GTR, SS180, GS160, Super, GL, VNA, VNB, VB
c-5209;Vespa 50 S (V5SA1T 69602-);Lenker;15;p-6703;Splint Gaszug-/Schaltzugrolle -PIAGGIO- Vespa Rally180 (VSD1T), Rally200 (VSE1T), Sprint150 (VLB1T), TS125 (VNL3T), GTR125 (VNL2T), PK XL2
c-5209;Vespa 50 S (V5SA1T 69602-);Lenker;16;p-6703;Splint Gaszug-/Schaltzugrolle -PIAGGIO- Vespa Rally180 (VSD1T), Rally200 (VSE1T), Sprint150 (VLB1T), TS125 (VNL3T), GTR125 (VNL2T), PK XL2
c-5209;Vespa 50 S (V5SA1T 69602-);Lenker;18;p-44743;Schaltzug- Gaszugrollen Set -PREMIUM ohne Lenkerblinker- Vespa V50, V90, SS50, SS90, PV125, ET3, Rally180 (VSD1T), Rally200 (VSE1T), Sprint150 (VLB1T)
c-5209;Vespa 50 S (V5SA1T 69602-);Lenker;19;p-44743;Schaltzug- Gaszugrollen Set -PREMIUM ohne Lenkerblinker- Vespa V50, V90, SS50, SS90, PV125, ET3, Rally180 (VSD1T), Rally200 (VSE1T), Sprint150 (VLB1T)
c-5209;Vespa 50 S (V5SA1T 69602-);Lenker;20;p-6697;Federscheibe Gasrohr/Schaltrohr 24 x 31x 1mm -VESPA- PX, T5 125cc, Rally180 (VSD1T), Rally200 (VSE1T), Sprint150 (VLB1T), TS125 (VNL3T), GT125 (VNL2T)
c-5209;Vespa 50 S (V5SA1T 69602-);Lenker;21;p-6697;Federscheibe Gasrohr/Schaltrohr 24 x 31x 1mm -VESPA- PX, T5 125cc, Rally180 (VSD1T), Rally200 (VSE1T), Sprint150 (VLB1T), TS125 (VNL3T), GT125 (VNL2T)
c-5209;Vespa 50 S (V5SA1T 69602-);Lenker;22;p-11554;Schaltzugrolle -OEM QUALITÄT mit Lenkerblinker- Vespa V50, V90, SS50, SS90, PV125, ET3, Rally180 (VSD1T), Rally200 (VSE1T), Sprint150 (VLB1T), TS125 (
c-5209;Vespa 50 S (V5SA1T 69602-);Lenker;23;p-15055;Lenkkopfschraube inkl. Vierkantmutter -CIF- Vespa PX, PK, Rally, Sprint150, 180 SS, Super, TS125, GT125 (VNL2T), GTR125 (VNL2T), ET3, PV125, V50, V90
c-5209;Vespa 50 S (V5SA1T 69602-);Lenker;24;p-15056;Lenkkopfmutter -VESPA- PX, PK, Rally180 (VSD1T), Rally200 (VSE1T), Sprint150 (VLB1T), 180 SS, Super, TS125 (VNL3T), GT125 (VNL2T), GTR125 (VNL2T), ET3
c-5209;Vespa 50 S (V5SA1T 69602-);Lenker;29;p-2804;Tachodichtung -OEM QUALITÄT- Vespa V50 Ø=48mm - Vespa 50N, 50L, 50R, 50S und V90 (Rund),Lambretta lui 50-75
c-5209;Vespa 50 S (V5SA1T 69602-);Lenker;30;p-2804;Tachodichtung -OEM QUALITÄT- Vespa V50 Ø=48mm - Vespa 50N, 50L, 50R, 50S und V90 (Rund),Lambretta lui 50-75
c-5209;Vespa 50 S (V5SA1T 69602-);Lenker;31;p-8994;Sicherungsblech Tacho -OEM QUALITÄT- Vespa V50 Ø=48mm
c-5209;Vespa 50 S (V5SA1T 69602-);Lenker;34;p-69;Fächerscheibe -DIN 6798- M5
c-5209;Vespa 50 S (V5SA1T 69602-);Lenker;36;p-6705;Schraube -DIN 7985- M5 x 35mm - verwendet für Lenkkopfabdeckung Vespa PX, PK S, PK XL, Luftfilter SI
c-5209;Vespa 50 S (V5SA1T 69602-);Lenker;38;p-6708;Staubschutzring Steuersatzschale auf Gabel -OEM QUALITÄT- Vespa PX, T5 125cc, Cosa, PK, V50, V90, PV125, ET3, PK, Rally180 (VSD1T), Vespa Rally200 (VS
c-5209;Vespa 50 S (V5SA1T 69602-);Lenker;39;p-6714;Steuersatz - Lenkkopflager -PIAGGIO- unten (4 teilig) - Vespa V50, 50N, PV, ​ET3, ​PK, PX, T5, Cosa, Rally, Sprint, Super, GS160, SS180, GTS, HPE, ET2
c-5209;Vespa 50 S (V5SA1T 69602-);Lenker;40;p-6273;Kugelring - Kugellager Steuersatz unten -OEM QUALITÄT, Kugeln = 1/4“ = 6,35mm- Vespa, Piaggio, Gilera, Lambretta LI, LI S, SX, TV, DL, GP
c-5209;Vespa 50 S (V5SA1T 69602-);Lenker;41;p-6714;Steuersatz - Lenkkopflager -PIAGGIO- unten (4 teilig) - Vespa V50, 50N, PV, ​ET3, ​PK, PX, T5, Cosa, Rally, Sprint, Super, GS160, SS180, GTS, HPE, ET2
c-5209;Vespa 50 S (V5SA1T 69602-);Lenker;45;p-11970;Unterlegscheibe Steuersatz -PIAGGIO- 30,2x40,0x2,5mm - verwendet als Nasenscheibe
c-5209;Vespa 50 S (V5SA1T 69602-);Lenker;46;p-17870;Steuersatzschalenkontermutter h=6mm -BGM ORIGINAL- Vespa 125 VN1, VN2, VNA1T, VNA2T, VNB1T, VNB2T, VNB3T, VNB4T, VNB5T, VNB6T, Vespa 150 VL1, VL3T, VB
c-5209;Vespa 50 S (V5SA1T 69602-);Lenker;48;p-10366;Feder für Gasrohr -OEM QUALITÄT- Vespa V50 (V5A1T bis V5A3T, V5SA1T), SS50 (V5SS1T bis V5SS2T), V90 (V9A1T), SS90 (V9SS1T bis V9SS2T), PV125, ET3, GL1
c-5209;Vespa 50 S (V5SA1T 69602-);Lenker;49;p-48819;Gaszugrolle -RMS Aluminium- Vespa V50, V90, SS50, SS90, PV125, ET3, Rally180 (VSD1T), Rally200 (VSE1T), Sprint150 (VLB1T), TS125 (VNL3T), GT125 (VNL2T
c-5209;Vespa 50 S (V5SA1T 69602-);Lenker;50;p-13509;Federring -DIN 127- M5 - Edelstahl
c-5209;Vespa 50 S (V5SA1T 69602-);Lenker;53;p-12646;Distanzscheibe Gasrohr/Schaltrohr 24 x 31x 2mm -VESPA- Vespa Rally180 (VSD1T), Rally200 (VSE1T), Sprint150 (VLB1T), TS125 (VNL3T), GT125 (VNL2T), GTR1
c-5209;Vespa 50 S (V5SA1T 69602-);Magnetzünder - Zündspule;1;p-15682;Mutter -DIN 934- M5
c-5209;Vespa 50 S (V5SA1T 69602-);Magnetzünder - Zündspule;2;p-13509;Federring -DIN 127- M5 - Edelstahl
c-5209;Vespa 50 S (V5SA1T 69602-);Magnetzünder - Zündspule;3;p-13509;Federring -DIN 127- M5 - Edelstahl
c-5209;Vespa 50 S (V5SA1T 69602-);Magnetzünder - Zündspule;4;p-13509;Federring -DIN 127- M5 - Edelstahl
c-5209;Vespa 50 S (V5SA1T 69602-);Magnetzünder - Zündspule;5;p-48510;Zündspule -Levistronic HT 400V- Vespa Smallframe V50, V90, SS50, SS90, PV125, ET3, Largeframe GT125 (VNL2T), GTR125 (VNL2T), TS125 (VNL3T), Sprint150 
c-5209;Vespa 50 S (V5SA1T 69602-);Magnetzünder - Zündspule;6;p-3044;Schraube -DIN 85- M5 x 14mm (verwendet für Zündgrundplatte Rally180 (VSD1T), Rally200 (VSE1T), Sprint150 (VLB1T), TS125 (VNL3T), GT125 (VNL2T), GTR125
c-5209;Vespa 50 S (V5SA1T 69602-);Magnetzünder - Zündspule;7;p-3044;Schraube -DIN 85- M5 x 14mm (verwendet für Zündgrundplatte Rally180 (VSD1T), Rally200 (VSE1T), Sprint150 (VLB1T), TS125 (VNL3T), GT125 (VNL2T), GTR125
c-5209;Vespa 50 S (V5SA1T 69602-);Magnetzünder - Zündspule;16;p-9129;Seegerring -BOHRUNG DIN472- Ø=25mm - (verwendet für Polrad Vespa V50, 50N, PV125, SS50, SS90, SR50, Sprint150, Super, VNA, GT125, GTR125)
c-5209;Vespa 50 S (V5SA1T 69602-);Magnetzünder - Zündspule;19;p-170;Gummi Motor/Kabel -PIAGGIO- Vespa V50, V90, PV, ET3, VNA1T-2T, VNB1T-5T (verwendet zur Kabeldurchführung Motorgehäuse / Zündgrundplatte)
c-5209;Vespa 50 S (V5SA1T 69602-);Magnetzünder - Zündspule;20;p-170;Gummi Motor/Kabel -PIAGGIO- Vespa V50, V90, PV, ET3, VNA1T-2T, VNB1T-5T (verwendet zur Kabeldurchführung Motorgehäuse / Zündgrundplatte)
c-5209;Vespa 50 S (V5SA1T 69602-);Magnetzünder - Zündspule;21;p-170;Gummi Motor/Kabel -PIAGGIO- Vespa V50, V90, PV, ET3, VNA1T-2T, VNB1T-5T (verwendet zur Kabeldurchführung Motorgehäuse / Zündgrundplatte)
c-5209;Vespa 50 S (V5SA1T 69602-);Magnetzünder - Zündspule;22;p-170;Gummi Motor/Kabel -PIAGGIO- Vespa V50, V90, PV, ET3, VNA1T-2T, VNB1T-5T (verwendet zur Kabeldurchführung Motorgehäuse / Zündgrundplatte)
c-5209;Vespa 50 S (V5SA1T 69602-);Magnetzünder - Zündspule;23;p-6833;Gummikappe Kabelkästchen -PIAGGIO- Vespa alle Modelle
c-5209;Vespa 50 S (V5SA1T 69602-);Magnetzünder - Zündspule;24;p-6833;Gummikappe Kabelkästchen -PIAGGIO- Vespa alle Modelle
c-5209;Vespa 50 S (V5SA1T 69602-);Magnetzünder - Zündspule;25;p-45381;Verbindungskabel Zündspule und Kabelkästchen -VESPARATUR- Vespa Sprint, GT, GTR, TS
c-5209;Vespa 50 S (V5SA1T 69602-);Magnetzünder - Zündspule;26;p-45381;Verbindungskabel Zündspule und Kabelkästchen -VESPARATUR- Vespa Sprint, GT, GTR, TS
c-5209;Vespa 50 S (V5SA1T 69602-);Magnetzünder - Zündspule;27;p-45381;Verbindungskabel Zündspule und Kabelkästchen -VESPARATUR- Vespa Sprint, GT, GTR, TS
c-5209;Vespa 50 S (V5SA1T 69602-);Magnetzünder - Zündspule;28;p-45381;Verbindungskabel Zündspule und Kabelkästchen -VESPARATUR- Vespa Sprint, GT, GTR, TS
c-5209;Vespa 50 S (V5SA1T 69602-);Magnetzünder - Zündspule;29;p-45381;Verbindungskabel Zündspule und Kabelkästchen -VESPARATUR- Vespa Sprint, GT, GTR, TS
c-5209;Vespa 50 S (V5SA1T 69602-);Magnetzünder - Zündspule;30;p-45381;Verbindungskabel Zündspule und Kabelkästchen -VESPARATUR- Vespa Sprint, GT, GTR, TS
c-5209;Vespa 50 S (V5SA1T 69602-);Magnetzünder - Zündspule;31;p-45381;Verbindungskabel Zündspule und Kabelkästchen -VESPARATUR- Vespa Sprint, GT, GTR, TS
c-5209;Vespa 50 S (V5SA1T 69602-);Magnetzünder - Zündspule;33;p-3052;Niet für Polrad -PIAGGIO- Vespa V50, 50N, Spezial, PV125, ET3, Super, Sprint, GT, GTR, TS, P125X, P150S
c-5209;Vespa 50 S (V5SA1T 69602-);Magnetzünder - Zündspule;34;p-49055;Lüfterradabdeckung -CIF- Vespa V50, PV125, ET3 - schwarz
c-5209;Vespa 50 S (V5SA1T 69602-);Magnetzünder - Zündspule;35;p-3037;Schraube Zündkontakt M4 x 10mm mit Schlitz -PIAGGIO- Vespa Smallframe V50, PV125, Wideframe VM1, VM2, VNB1, VNB2, Super, GS150 VS1-5, Sprint, GT, GTR,
c-5209;Vespa 50 S (V5SA1T 69602-);Magnetzünder - Zündspule;36;p-3037;Schraube Zündkontakt M4 x 10mm mit Schlitz -PIAGGIO- Vespa Smallframe V50, PV125, Wideframe VM1, VM2, VNB1, VNB2, Super, GS150 VS1-5, Sprint, GT, GTR,
c-5209;Vespa 50 S (V5SA1T 69602-);Magnetzünder - Zündspule;37;p-11195;Zündkontakte -PIAGGIO kurz, Ø=5,0mm Führungsbolzen- Vespa 50 N, L, R, Special
c-5209;Vespa 50 S (V5SA1T 69602-);Magnetzünder - Zündspule;38;p-11195;Zündkontakte -PIAGGIO kurz, Ø=5,0mm Führungsbolzen- Vespa 50 N, L, R, Special
c-5209;Vespa 50 S (V5SA1T 69602-);Magnetzünder - Zündspule;39;p-15774;Schmierfilz Kontaktzündung (Kondensator Ø=14mm) -OEM QUALITÄT- Vespa V50, PX
c-5209;Vespa 50 S (V5SA1T 69602-);Magnetzünder - Zündspule;40;p-5670;Kondensator -Ø=20mm, 1-Kabel- Vespa V50 N, V50 L, V50 R, V50 Special, V90, 90 SS, PV125
c-5209;Vespa 50 S (V5SA1T 69602-);Magnetzünder - Zündspule;45;p-8668;Speisespule -CEAB- Vespa V50 R (italienische Modelle ab Nr. 853411), V50 Special (italenische Modelle ab Nr. 70567)
c-5209;Vespa 50 S (V5SA1T 69602-);Magnetzünder - Zündspule;51;p-2947;Kabelschuh -Flachsteckhülse 6,3mm Ø=1,0-1,5mm²- DIN 46340 - 10stk.
c-5209;Vespa 50 S (V5SA1T 69602-);Magnetzünder - Zündspule;52;p-2947;Kabelschuh -Flachsteckhülse 6,3mm Ø=1,0-1,5mm²- DIN 46340 - 10stk.
c-5209;Vespa 50 S (V5SA1T 69602-);Magnetzünder - Zündspule;53;p-3062;Schraube Zündkontakt M4x10mm mit Schlitz -OEM QUALITÄT- Vespa Smallframe V50, PV125, Wideframe VM1, VM2, VNB1, VNB2, Super, GS150 VS1-5, Sprint, GT, G
c-5209;Vespa 50 S (V5SA1T 69602-);Magnetzünder - Zündspule;55;p-3062;Schraube Zündkontakt M4x10mm mit Schlitz -OEM QUALITÄT- Vespa Smallframe V50, PV125, Wideframe VM1, VM2, VNB1, VNB2, Super, GS150 VS1-5, Sprint, GT, G
c-5209;Vespa 50 S (V5SA1T 69602-);Magnetzünder - Zündspule;56;p-3062;Schraube Zündkontakt M4x10mm mit Schlitz -OEM QUALITÄT- Vespa Smallframe V50, PV125, Wideframe VM1, VM2, VNB1, VNB2, Super, GS150 VS1-5, Sprint, GT, G
c-5209;Vespa 50 S (V5SA1T 69602-);Magnetzünder - Zündspule;57;p-2978;Fächerscheibe -DIN 6798- M3 (verwendet für Sicherungshalter PX, Zündkontakt Vespa lang)
c-5209;Vespa 50 S (V5SA1T 69602-);Magnetzünder - Zündspule;58;p-2978;Fächerscheibe -DIN 6798- M3 (verwendet für Sicherungshalter PX, Zündkontakt Vespa lang)
c-5209;Vespa 50 S (V5SA1T 69602-);Magnetzünder - Zündspule;59;p-13916;Sicherungsring -WELLE DIN6799- Ø=3mm - verwendet für Schubklotz Schaltklaue Vespa Smallframe (V50, PV, ET3, PK, PK XL, PK XL2)
c-5209;Vespa 50 S (V5SA1T 69602-);Magnetzünder - Zündspule;60;p-13916;Sicherungsring -WELLE DIN6799- Ø=3mm - verwendet für Schubklotz Schaltklaue Vespa Smallframe (V50, PV, ET3, PK, PK XL, PK XL2)
c-5209;Vespa 50 S (V5SA1T 69602-);Magnetzünder - Zündspule;61;p-362;Federscheibe gewellt -PIAGGIO- Stahl verzinkt- M6 - verwendet für Zylinderhaube Smallframe, Druckfeder Chokehebel
c-5209;Vespa 50 S (V5SA1T 69602-);Magnetzünder - Zündspule;62;p-512;Zündkerzenstecker Metallklammer -PIAGGIO- Vespa, Piaggio - Messing
c-5209;Vespa 50 S (V5SA1T 69602-);Magnetzünder - Zündspule;63;p-11927;Blechmutter -PIAGGIO- Ø=4,8mm 12x15mm verwendet für Zylinderhaube Vespa V50, PV125, ET3, PK S, PK XL
c-5209;Vespa 50 S (V5SA1T 69602-);Magnetzünder - Zündspule;65;p-15688;Schraube -DIN 7985- M5 x 25mm (verwendet für Halter CDI / Elektronikzentrale PX)
c-5209;Vespa 50 S (V5SA1T 69602-);Magnetzünder - Zündspule;66;p-6517;Gummistopfen Polrad (Niere) -OEM QUALITÄT Höhe=11.4mm, Breite: 40.6mm- Vespa V50 (200001 bis 763500), V90, 90SS, VNB6T (ab 04295), Super, GT125 (VNL2T
c-5209;Vespa 50 S (V5SA1T 69602-);Magnetzünder - Zündspule;67;p-13482;Schraube -DIN 84- M6 x 10mm (verwendet für Lüfterradabdeckung Vespa)
c-5209;Vespa 50 S (V5SA1T 69602-);Motorgehäuse - Zylinder - Kurbelwelle;1;p-15008;Motorgehäusebolzen - Motorschrauben - Motorbolzen M7 x 75mm -VESPA- (Smallframe V50, PV125, ET3, PK)
c-5209;Vespa 50 S (V5SA1T 69602-);Motorgehäuse - Zylinder - Kurbelwelle;2;p-15008;Motorgehäusebolzen - Motorschrauben - Motorbolzen M7 x 75mm -VESPA- (Smallframe V50, PV125, ET3, PK)
c-5209;Vespa 50 S (V5SA1T 69602-);Motorgehäuse - Zylinder - Kurbelwelle;3;p-15709;Unterlegscheibe -DIN 125- M7
c-5209;Vespa 50 S (V5SA1T 69602-);Motorgehäuse - Zylinder - Kurbelwelle;4;p-15709;Unterlegscheibe -DIN 125- M7
c-5209;Vespa 50 S (V5SA1T 69602-);Motorgehäuse - Zylinder - Kurbelwelle;5;p-15709;Unterlegscheibe -DIN 125- M7
c-5209;Vespa 50 S (V5SA1T 69602-);Motorgehäuse - Zylinder - Kurbelwelle;6;p-15709;Unterlegscheibe -DIN 125- M7
c-5209;Vespa 50 S (V5SA1T 69602-);Motorgehäuse - Zylinder - Kurbelwelle;7;p-15709;Unterlegscheibe -DIN 125- M7
c-5209;Vespa 50 S (V5SA1T 69602-);Motorgehäuse - Zylinder - Kurbelwelle;8;p-15709;Unterlegscheibe -DIN 125- M7
c-5209;Vespa 50 S (V5SA1T 69602-);Motorgehäuse - Zylinder - Kurbelwelle;9;p-15709;Unterlegscheibe -DIN 125- M7
c-5209;Vespa 50 S (V5SA1T 69602-);Motorgehäuse - Zylinder - Kurbelwelle;10;p-15709;Unterlegscheibe -DIN 125- M7
c-5209;Vespa 50 S (V5SA1T 69602-);Motorgehäuse - Zylinder - Kurbelwelle;11;p-15711;Federring -DIN 127- M7
c-5209;Vespa 50 S (V5SA1T 69602-);Motorgehäuse - Zylinder - Kurbelwelle;12;p-15711;Federring -DIN 127- M7
c-5209;Vespa 50 S (V5SA1T 69602-);Motorgehäuse - Zylinder - Kurbelwelle;13;p-15711;Federring -DIN 127- M7
c-5209;Vespa 50 S (V5SA1T 69602-);Motorgehäuse - Zylinder - Kurbelwelle;14;p-15711;Federring -DIN 127- M7
c-5209;Vespa 50 S (V5SA1T 69602-);Motorgehäuse - Zylinder - Kurbelwelle;15;p-15711;Federring -DIN 127- M7
c-5209;Vespa 50 S (V5SA1T 69602-);Motorgehäuse - Zylinder - Kurbelwelle;16;p-15711;Federring -DIN 127- M7
c-5209;Vespa 50 S (V5SA1T 69602-);Motorgehäuse - Zylinder - Kurbelwelle;17;p-15711;Federring -DIN 127- M7
c-5209;Vespa 50 S (V5SA1T 69602-);Motorgehäuse - Zylinder - Kurbelwelle;18;p-15711;Federring -DIN 127- M7
c-5209;Vespa 50 S (V5SA1T 69602-);Motorgehäuse - Zylinder - Kurbelwelle;19;p-15711;Federring -DIN 127- M7
c-5209;Vespa 50 S (V5SA1T 69602-);Motorgehäuse - Zylinder - Kurbelwelle;20;p-15705;Mutter hoch -DIN 934 ähnlich- M7
c-5209;Vespa 50 S (V5SA1T 69602-);Motorgehäuse - Zylinder - Kurbelwelle;21;p-15705;Mutter hoch -DIN 934 ähnlich- M7
c-5209;Vespa 50 S (V5SA1T 69602-);Motorgehäuse - Zylinder - Kurbelwelle;22;p-15705;Mutter hoch -DIN 934 ähnlich- M7
c-5209;Vespa 50 S (V5SA1T 69602-);Motorgehäuse - Zylinder - Kurbelwelle;23;p-15705;Mutter hoch -DIN 934 ähnlich- M7
c-5209;Vespa 50 S (V5SA1T 69602-);Motorgehäuse - Zylinder - Kurbelwelle;24;p-15705;Mutter hoch -DIN 934 ähnlich- M7
c-5209;Vespa 50 S (V5SA1T 69602-);Motorgehäuse - Zylinder - Kurbelwelle;25;p-15705;Mutter hoch -DIN 934 ähnlich- M7
c-5209;Vespa 50 S (V5SA1T 69602-);Motorgehäuse - Zylinder - Kurbelwelle;26;p-15705;Mutter hoch -DIN 934 ähnlich- M7
c-5209;Vespa 50 S (V5SA1T 69602-);Motorgehäuse - Zylinder - Kurbelwelle;27;p-15705;Mutter hoch -DIN 934 ähnlich- M7
c-5209;Vespa 50 S (V5SA1T 69602-);Motorgehäuse - Zylinder - Kurbelwelle;28;p-15705;Mutter hoch -DIN 934 ähnlich- M7
c-5209;Vespa 50 S (V5SA1T 69602-);Motorgehäuse - Zylinder - Kurbelwelle;29;p-15199;Polradmutter M10 x 1,50 Bund Ø=24mm h=6mm -OEM QUALITÄT- Vespa V50(N) (ab Nr. 92877), V50 R (bis Nr. 917729), V50 S (Nr. 15325 bis Nr. 81866),V90 (bis
c-5209;Vespa 50 S (V5SA1T 69602-);Motorgehäuse - Zylinder - Kurbelwelle;30;p-15009;Fächerscheibe Polradmutter -OEM QUALITÄT Øa=24mm- Vespa Sprint150 (VLB1T), VNB, VBB, Super, GL150 (VLA1T), GT125 (VNL2T), GTR125 (VNL2T), V50(N) (ab N
c-5209;Vespa 50 S (V5SA1T 69602-);Motorgehäuse - Zylinder - Kurbelwelle;31;p-15714;Stehbolzen -M7 x 35mm- (verwendet für Zylinder Vespa V50, PK50)
c-5209;Vespa 50 S (V5SA1T 69602-);Motorgehäuse - Zylinder - Kurbelwelle;32;p-15714;Stehbolzen -M7 x 35mm- (verwendet für Zylinder Vespa V50, PK50)
c-5209;Vespa 50 S (V5SA1T 69602-);Motorgehäuse - Zylinder - Kurbelwelle;33;p-31094;Wellendichtring 19x32x7mm -MALOSSI PTFE/FKM- (verwendet für Kurbelwelle Lichtmaschinenseite Vespa V50, V90, SS50, SS90, PV125, ET3, PK S)
c-5209;Vespa 50 S (V5SA1T 69602-);Motorgehäuse - Zylinder - Kurbelwelle;34;p-11698;Stehbolzen -M8 x 36mm- (verwendet für Bremsankerplatte hinten Vespa V50 ,PV125, ET3 ,PK S, PK XL, PK XL2)
c-5209;Vespa 50 S (V5SA1T 69602-);Motorgehäuse - Zylinder - Kurbelwelle;35;p-31084;Kugellager Kurbelwelle -MALOSSI- 6204 (20x47x14mm) - C4 Polyamid, Kugel Ø=7,9mm, carbonitrierter Innenring - (verwendet für Kurbelwelle CPI / Minarell
c-5209;Vespa 50 S (V5SA1T 69602-);Motorgehäuse - Zylinder - Kurbelwelle;36;p-15350;Motorgehäusebolzen - Motorschrauben - Motorbolzen M7 x 42mm -VESPA- 25-17mm (Smallframe V50, PV125, ET3, PK)
c-5209;Vespa 50 S (V5SA1T 69602-);Motorgehäuse - Zylinder - Kurbelwelle;37;p-15069;Halbmond Keil -PIAGGIO 3x5mm- Kurbelwelle Lichtmaschinenseite (Lima) Vespa Ciao, Bravo, SI, Piaggio 50-180 ccm 2-Takt - Aprilia SR125, Gilera Runner F
c-5209;Vespa 50 S (V5SA1T 69602-);Motorgehäuse - Zylinder - Kurbelwelle;39;p-12173;Motorgehäusebolzen - Motorschrauben - Motorbolzen M7 x 58mm -VESPA- 40-18mm (Smallframe V50, PV125, ET3, PK, PX, T5 125ccm)
c-5209;Vespa 50 S (V5SA1T 69602-);Motorgehäuse - Zylinder - Kurbelwelle;40;p-12173;Motorgehäusebolzen - Motorschrauben - Motorbolzen M7 x 58mm -VESPA- 40-18mm (Smallframe V50, PV125, ET3, PK, PX, T5 125ccm)
c-5209;Vespa 50 S (V5SA1T 69602-);Motorgehäuse - Zylinder - Kurbelwelle;42;p-8508;Dichtsatz Motor -PIAGGIO- Vespa V50, PV125, ET3
c-5209;Vespa 50 S (V5SA1T 69602-);Motorgehäuse - Zylinder - Kurbelwelle;43;p-16284;Wellendichtring 22,7x47x7/7,5mm -FKM- (verwendet für Kurbelwelle Antriebseite Vespa V50, V90, SS50, SS90, PV125, ET3, PK S, PK XL - Getriebeeingangswe
c-5209;Vespa 50 S (V5SA1T 69602-);Motorgehäuse - Zylinder - Kurbelwelle;44;p-15203;Seegerring -BOHRUNG DIN472- Ø=47mm - für Kugellager Smallframe, Largeframe Hauptwelle 6204 Radseite, Kugellager 16005 Primär Smallframe V50, PV, ET3, 
c-5209;Vespa 50 S (V5SA1T 69602-);Motorgehäuse - Zylinder - Kurbelwelle;45;p-31075;Kugellager Kurbelwelle -MALOSSI- 6303 (17x47x14mm) - C3 Polyamid - (verwendet für Kurbelwelle Antriebseite Vespa V50, V90, PV125, ET3, PK S, PK XL, La
c-5209;Vespa 50 S (V5SA1T 69602-);Motorgehäuse - Zylinder - Kurbelwelle;46;p-12003;Dichtung Motorgehäuse -PIAGGIO- Vespa V50, V90, PV125, ET3, PK S, PK XL, PK XL2
c-5209;Vespa 50 S (V5SA1T 69602-);Motorgehäuse - Zylinder - Kurbelwelle;50;p-6246;Pleuellager -OEM QUALITÄT (12x17x15mm)- Piaggio 50 ccm, Vespa 50 ccm
c-5209;Vespa 50 S (V5SA1T 69602-);Motorgehäuse - Zylinder - Kurbelwelle;52;p-15198;Sicherungsblech Primär -OEM QUALITÄT- V50, V90, SS50, SS90, PV125, ET3, PK S, PK XL
c-5209;Vespa 50 S (V5SA1T 69602-);Motorgehäuse - Zylinder - Kurbelwelle;53;p-15197;Mutter M12 x1,5 SW=19 halbhoch (verwendet für Kurbelwelle/Primärrad Vespa V50, V90, SS50, SS90, PV125, ET3, PK S, PK XL)
c-5209;Vespa 50 S (V5SA1T 69602-);Motorgehäuse - Zylinder - Kurbelwelle;54;p-13140;Nadellager -HK 1612- (16x22x12mm) - (verwendet für Hauptwelle V 50-90, SS 50-90, PV 125, ET3, PK S, PK XL)
c-5209;Vespa 50 S (V5SA1T 69602-);Motorgehäuse - Zylinder - Kurbelwelle;55;p-13482;Schraube -DIN 84- M6 x 10mm (verwendet für Lüfterradabdeckung Vespa)
c-5209;Vespa 50 S (V5SA1T 69602-);Motorgehäuse - Zylinder - Kurbelwelle;56;p-13482;Schraube -DIN 84- M6 x 10mm (verwendet für Lüfterradabdeckung Vespa)
c-5209;Vespa 50 S (V5SA1T 69602-);Motorgehäuse - Zylinder - Kurbelwelle;57;p-13482;Schraube -DIN 84- M6 x 10mm (verwendet für Lüfterradabdeckung Vespa)
c-5209;Vespa 50 S (V5SA1T 69602-);Motorgehäuse - Zylinder - Kurbelwelle;58;p-362;Federscheibe gewellt -PIAGGIO- Stahl verzinkt- M6 - verwendet für Zylinderhaube Smallframe, Druckfeder Chokehebel
c-5209;Vespa 50 S (V5SA1T 69602-);Motorgehäuse - Zylinder - Kurbelwelle;59;p-362;Federscheibe gewellt -PIAGGIO- Stahl verzinkt- M6 - verwendet für Zylinderhaube Smallframe, Druckfeder Chokehebel
c-5209;Vespa 50 S (V5SA1T 69602-);Motorgehäuse - Zylinder - Kurbelwelle;63;p-15013;Motorgehäusebolzen - Motorschrauben - Motorbolzen M7 x 80mm -VESPA- 56-24mm (Lusso/T5 125ccm/Cosa an Stoßdämpferaufnahme, Smallframe unten)
c-5209;Vespa 50 S (V5SA1T 69602-);Motorgehäuse - Zylinder - Kurbelwelle;64;p-8842;Dichtung Zylinderfuß -VESPA 50-125 ccm- Vespa V50, PV125, ET3, PK50, PK80, PK125 - Papier
c-5209;Vespa 50 S (V5SA1T 69602-);Motorgehäuse - Zylinder - Kurbelwelle;66;p-15092;Kolbenclip -12mm- Seegerring-Typ
c-5209;Vespa 50 S (V5SA1T 69602-);Motorgehäuse - Zylinder - Kurbelwelle;68;p-15750;Schraube -DIN 933- M7 x 35mm (8.8 Festigkeit)
c-5209;Vespa 50 S (V5SA1T 69602-);Motorgehäuse - Zylinder - Kurbelwelle;69;p-657;Stehbolzen -PIAGGIO M6 x 28mm- (verwendet für Auspuff/Zylinder Piaggio/Gilera 50cc)
c-5209;Vespa 50 S (V5SA1T 69602-);Motorgehäuse - Zylinder - Kurbelwelle;70;p-15246;Zylinderkopf -OEM QUALITÄT,- Vespa V50, V50 S, SS50, PK50
c-5209;Vespa 50 S (V5SA1T 69602-);Motorgehäuse - Zylinder - Kurbelwelle;71;p-9480;Gummikappe Zündkerzenstecker/Zündkabel -PIAGGIO- Vespa, Piaggio
c-5209;Vespa 50 S (V5SA1T 69602-);Motorgehäuse - Zylinder - Kurbelwelle;73;p-33184;Zündkerzenstecker -POLINI- Silikon, kurz - blau
c-5209;Vespa 50 S (V5SA1T 69602-);Motorgehäuse - Zylinder - Kurbelwelle;74;p-15108;Zylinderhaube -OEM QUALITÄT- Vespa V50, PK50 (für Zylinder 50-112 ccm)
c-5209;Vespa 50 S (V5SA1T 69602-);Motorgehäuse - Zylinder - Kurbelwelle;75;p-12103;Stehbolzen -M7 x 59mm- 22-17-20mm (verwendet für Motorgehäuse Vespa V50, V90, PV125, ET3, PK S, PK XL)
c-5209;Vespa 50 S (V5SA1T 69602-);Motorgehäuse - Zylinder - Kurbelwelle;77;p-6547;Federscheibe gewellt -DIN 137 Stahl verzinkt- M6
c-5209;Vespa 50 S (V5SA1T 69602-);Räder - Zubehör;1;p-12138;Schraubenzieher -PIAGGIO- Schlitz + Kreuzschlitz
c-5209;Vespa 50 S (V5SA1T 69602-);Räder - Zubehör;2;p-13581;Werkzeugtasche ohne Werkzeug -OEM QUALITÄT- Vespa universal - Blau
c-5209;Vespa 50 S (V5SA1T 69602-);Räder - Zubehör;9;p-8394;Reserveradhalter vorne -VESPA- Vespa V50(N) (bis Bj 1971), V50 L, V50 S, V90 - für geschlossene 9 Zoll Felgen
c-5209;Vespa 50 S (V5SA1T 69602-);Räder - Zubehör;10;p-8394;Reserveradhalter vorne -VESPA- Vespa V50(N) (bis Bj 1971), V50 L, V50 S, V90 - für geschlossene 9 Zoll Felgen
c-5209;Vespa 50 S (V5SA1T 69602-);Räder - Zubehör;11;p-15760;Schraube -DIN 933- M8 x 25mm (8.8 Festigkeit)
c-5209;Vespa 50 S (V5SA1T 69602-);Räder - Zubehör;12;p-15760;Schraube -DIN 933- M8 x 25mm (8.8 Festigkeit)
c-5209;Vespa 50 S (V5SA1T 69602-);Räder - Zubehör;13;p-15760;Schraube -DIN 933- M8 x 25mm (8.8 Festigkeit)
c-5209;Vespa 50 S (V5SA1T 69602-);Räder - Zubehör;14;p-15727;Federring -DIN 127- M8
c-5209;Vespa 50 S (V5SA1T 69602-);Räder - Zubehör;15;p-15727;Federring -DIN 127- M8
c-5209;Vespa 50 S (V5SA1T 69602-);Räder - Zubehör;16;p-15727;Federring -DIN 127- M8
c-5209;Vespa 50 S (V5SA1T 69602-);Räder - Zubehör;17;p-15727;Federring -DIN 127- M8
c-5209;Vespa 50 S (V5SA1T 69602-);Räder - Zubehör;18;p-15727;Federring -DIN 127- M8
c-5209;Vespa 50 S (V5SA1T 69602-);Räder - Zubehör;19;p-15725;Unterlegscheibe -DIN 125- M8 - schwarz verzinkt
c-5209;Vespa 50 S (V5SA1T 69602-);Räder - Zubehör;20;p-15725;Unterlegscheibe -DIN 125- M8 - schwarz verzinkt
c-5209;Vespa 50 S (V5SA1T 69602-);Räder - Zubehör;28;p-7351;Schlauch -CONTINENTAL D10 10 Zoll- 3.00-10, 3.50-10, 4.00-10, 90/90-10, 100/90-10, 120/90-10, 130/90-10, 100/80-10, 110/80-10 - Ventilposition Vespa
c-5209;Vespa 50 S (V5SA1T 69602-);Räder - Zubehör;30;p-6063;Ölmessbecher -100ml-
c-5209;Vespa 50 S (V5SA1T 69602-);Räder - Zubehör;31;p-15719;Mutter -DIN 934- M8
c-5209;Vespa 50 S (V5SA1T 69602-);Räder - Zubehör;32;p-15719;Mutter -DIN 934- M8
c-5209;Vespa 50 S (V5SA1T 69602-);Räder - Zubehör;36;p-15696;Federring -DIN 127- M6
c-5209;Vespa 50 S (V5SA1T 69602-);Räder - Zubehör;37;p-15690;Mutter -DIN 934- M6
c-5209;Vespa 50 S (V5SA1T 69602-);Räder - Zubehör;38;p-3068;Sitzkissen -NISA (30x23x12cm)- Vespa VNA1-2T, VNB1-6T, VBA1T, VBB1-2T - schwarz
c-5209;Vespa 50 S (V5SA1T 69602-);Räder - Zubehör;42;p-15690;Mutter -DIN 934- M6
c-5209;Vespa 50 S (V5SA1T 69602-);Räder - Zubehör;43;p-15696;Federring -DIN 127- M6
c-5209;Vespa 50 S (V5SA1T 69602-);Räder - Zubehör;44;p-13501;Unterlegscheibe Karosserie -DIN 9021- M6 - Edelstahl
c-5209;Vespa 50 S (V5SA1T 69602-);Räder - Zubehör;45;p-223;Spiegel -BUMM Chrom, Edelstahl, Beinschild Klemmspiegel- Vespa/Lambretta universal klein - links
c-5209;Vespa 50 S (V5SA1T 69602-);Rahmen - Gepäckfach - Fußraumabdeckungen;1;p-19811;Pfropfen -PIAGGIO- Vespa GTV
c-5209;Vespa 50 S (V5SA1T 69602-);Rahmen - Gepäckfach - Fußraumabdeckungen;3;p-190;Schriftzug Lenker -OEM QUALITÄT- Vespa Piaggio Sechseck - Vespa Rally180 (VSD1T) (ab Bj. 1968), Vespa Sprint150 (VLB1T) Veloce (ab Bj. 1969), Vespa GT
c-5209;Vespa 50 S (V5SA1T 69602-);Rahmen - Gepäckfach - Fußraumabdeckungen;5;p-9581;Reparaturblech Hupe/Kaskade -OEM QUALITÄT- Vespa V50, V90 (bis Bj. 1967), PV125 (bis 1967) - Befestigung Hupe 4-Schrauben
c-5209;Vespa 50 S (V5SA1T 69602-);Rahmen - Gepäckfach - Fußraumabdeckungen;6;p-9581;Reparaturblech Hupe/Kaskade -OEM QUALITÄT- Vespa V50, V90 (bis Bj. 1967), PV125 (bis 1967) - Befestigung Hupe 4-Schrauben
c-5209;Vespa 50 S (V5SA1T 69602-);Rahmen - Gepäckfach - Fußraumabdeckungen;7;p-270;Schriftzug Beinschild -OEM QUALITÄT- Vespa - Vespa PV125 (ab Bj. 1968), Vespa Rally200 (ab Bj. 1976), Vespa TS, Vespa V50 Special, Vespa PX (Bj. 1977-
c-5209;Vespa 50 S (V5SA1T 69602-);Rahmen - Gepäckfach - Fußraumabdeckungen;8;p-282;Schriftzug Rahmen hinten -OEM QUALITÄT- Vespa 50 s (Rechteck) - Vespa 50 S (ab Bj. 1972)
c-5209;Vespa 50 S (V5SA1T 69602-);Rahmen - Gepäckfach - Fußraumabdeckungen;10;p-9189;Haltefeder Werkzeugtasche im Gepäckfach -OEM QUALITÄT- Vespa PX, T5 125cc, V50, PV, ET3, PK
c-5209;Vespa 50 S (V5SA1T 69602-);Rahmen - Gepäckfach - Fußraumabdeckungen;11;p-547;Niet für Trittleistenendstück -OEM QUALITÄT- Vespa Rally180 (VSD1T), Rally200 (VSE1T), Sprint150 (VLB1T), TS125 (VNL3T), GT125 (VNL2T), GTR125 (VNL2T)
c-5209;Vespa 50 S (V5SA1T 69602-);Rahmen - Gepäckfach - Fußraumabdeckungen;12;p-547;Niet für Trittleistenendstück -OEM QUALITÄT- Vespa Rally180 (VSD1T), Rally200 (VSE1T), Sprint150 (VLB1T), TS125 (VNL3T), GT125 (VNL2T), GTR125 (VNL2T)
c-5209;Vespa 50 S (V5SA1T 69602-);Rahmen - Gepäckfach - Fußraumabdeckungen;13;p-547;Niet für Trittleistenendstück -OEM QUALITÄT- Vespa Rally180 (VSD1T), Rally200 (VSE1T), Sprint150 (VLB1T), TS125 (VNL3T), GT125 (VNL2T), GTR125 (VNL2T)
c-5209;Vespa 50 S (V5SA1T 69602-);Rahmen - Gepäckfach - Fußraumabdeckungen;14;p-547;Niet für Trittleistenendstück -OEM QUALITÄT- Vespa Rally180 (VSD1T), Rally200 (VSE1T), Sprint150 (VLB1T), TS125 (VNL3T), GT125 (VNL2T), GTR125 (VNL2T)
c-5209;Vespa 50 S (V5SA1T 69602-);Rahmen - Gepäckfach - Fußraumabdeckungen;15;p-547;Niet für Trittleistenendstück -OEM QUALITÄT- Vespa Rally180 (VSD1T), Rally200 (VSE1T), Sprint150 (VLB1T), TS125 (VNL3T), GT125 (VNL2T), GTR125 (VNL2T)
c-5209;Vespa 50 S (V5SA1T 69602-);Rahmen - Gepäckfach - Fußraumabdeckungen;16;p-15696;Federring -DIN 127- M6
c-5209;Vespa 50 S (V5SA1T 69602-);Rahmen - Gepäckfach - Fußraumabdeckungen;20;p-7259;Trittleistenendstück -CIF HQ, verchromt- Vespa V50, V90, 50 Special, 50 L, 50 Elestart, SS50, SS90, PV125, ET3, Super, VNA1T (68032-), VNA2T, VNB1T, V
c-5209;Vespa 50 S (V5SA1T 69602-);Rahmen - Gepäckfach - Fußraumabdeckungen;21;p-7259;Trittleistenendstück -CIF HQ, verchromt- Vespa V50, V90, 50 Special, 50 L, 50 Elestart, SS50, SS90, PV125, ET3, Super, VNA1T (68032-), VNA2T, VNB1T, V
c-5209;Vespa 50 S (V5SA1T 69602-);Rahmen - Gepäckfach - Fußraumabdeckungen;22;p-7259;Trittleistenendstück -CIF HQ, verchromt- Vespa V50, V90, 50 Special, 50 L, 50 Elestart, SS50, SS90, PV125, ET3, Super, VNA1T (68032-), VNA2T, VNB1T, V
c-5209;Vespa 50 S (V5SA1T 69602-);Rahmen - Gepäckfach - Fußraumabdeckungen;23;p-7259;Trittleistenendstück -CIF HQ, verchromt- Vespa V50, V90, 50 Special, 50 L, 50 Elestart, SS50, SS90, PV125, ET3, Super, VNA1T (68032-), VNA2T, VNB1T, V
c-5209;Vespa 50 S (V5SA1T 69602-);Rahmen - Gepäckfach - Fußraumabdeckungen;24;p-7259;Trittleistenendstück -CIF HQ, verchromt- Vespa V50, V90, 50 Special, 50 L, 50 Elestart, SS50, SS90, PV125, ET3, Super, VNA1T (68032-), VNA2T, VNB1T, V
c-5209;Vespa 50 S (V5SA1T 69602-);Rahmen - Gepäckfach - Fußraumabdeckungen;25;p-7259;Trittleistenendstück -CIF HQ, verchromt- Vespa V50, V90, 50 Special, 50 L, 50 Elestart, SS50, SS90, PV125, ET3, Super, VNA1T (68032-), VNA2T, VNB1T, V
c-5209;Vespa 50 S (V5SA1T 69602-);Rahmen - Gepäckfach - Fußraumabdeckungen;28;p-12083;Senkniet Aluminium für Trittleiste -OEM QUALITÄT, Übermaß- Vespa V50, PV125, ET3, PK, PX, Sprint, Rally - Ø=4mm l=14mm
c-5209;Vespa 50 S (V5SA1T 69602-);Rahmen - Gepäckfach - Fußraumabdeckungen;29;p-12083;Senkniet Aluminium für Trittleiste -OEM QUALITÄT, Übermaß- Vespa V50, PV125, ET3, PK, PX, Sprint, Rally - Ø=4mm l=14mm
c-5209;Vespa 50 S (V5SA1T 69602-);Rahmen - Gepäckfach - Fußraumabdeckungen;30;p-12083;Senkniet Aluminium für Trittleiste -OEM QUALITÄT, Übermaß- Vespa V50, PV125, ET3, PK, PX, Sprint, Rally - Ø=4mm l=14mm
c-5209;Vespa 50 S (V5SA1T 69602-);Rahmen - Gepäckfach - Fußraumabdeckungen;31;p-12083;Senkniet Aluminium für Trittleiste -OEM QUALITÄT, Übermaß- Vespa V50, PV125, ET3, PK, PX, Sprint, Rally - Ø=4mm l=14mm
c-5209;Vespa 50 S (V5SA1T 69602-);Rahmen - Gepäckfach - Fußraumabdeckungen;36;p-15700;Schraube -DIN 933- M6 x 20mm (8.8 Festigkeit)
c-5209;Vespa 50 S (V5SA1T 69602-);Rahmen - Gepäckfach - Fußraumabdeckungen;37;p-6934;Ständerbleche / Haltebleche Hauptständer -OEM QUALITÄT, Ø=20mm- Vespa GS160 (VSB1T), 50S (V5SA1T 50535-), V90 (V9A1T 57885-), V50 Elestart (V5A3T 5308
c-5209;Vespa 50 S (V5SA1T 69602-);Rahmen - Gepäckfach - Fußraumabdeckungen;38;p-15692;Mutter selbstsichernd -DIN 985- M6
c-5209;Vespa 50 S (V5SA1T 69602-);Rahmen - Gepäckfach - Fußraumabdeckungen;39;p-15064;Ständerfederlasche -PIAGGIO- Vespa PX, T5 125cc, PK S, PK XL, Sprint150 (VLB1T), Rally180 (VSD1T), Rally200 (VSE1T), Super, GT125 (VNL2T), GTR125 (VNL
c-5209;Vespa 50 S (V5SA1T 69602-);Rahmen - Gepäckfach - Fußraumabdeckungen;40;p-15192;Hauptständer -OEM QUALITÄT, Ø=20mm- Vespa V50, V90, PV125, ET3 - Schwarz
c-5209;Vespa 50 S (V5SA1T 69602-);Rahmen - Gepäckfach - Fußraumabdeckungen;41;p-44711;Ständerfüße -PREMIUM, Ø= 20mm- Vespa V50, V90, PV125, ET3 - Schwarz
c-5209;Vespa 50 S (V5SA1T 69602-);Rahmen - Gepäckfach - Fußraumabdeckungen;42;p-15084;Gummipuffer Seitenklappe, Nupsi -VESPA- V50, V90, SS50, SS90, PV125, ET3 - Höhe 5mm (Einbauposition: Oben/Links+Rechts)
c-5209;Vespa 50 S (V5SA1T 69602-);Rahmen - Gepäckfach - Fußraumabdeckungen;44;p-5098;Seitenklappenhebel -OEM QUALITÄT- Vespa V50, V90, SS50, SS90, PV125, ET3 - Aluminium
c-5209;Vespa 50 S (V5SA1T 69602-);Rahmen - Gepäckfach - Fußraumabdeckungen;45;p-44660;Seitenklappe rechts -PREMIUM- Vespa Smallframe ab 1965 - V50 Special (V5A2T, V5B1T, V5B3T), PV125 (VMA2T), ET3 (VMB1T), V50 Elestart, SS50, SS90, 90 R
c-5209;Vespa 50 S (V5SA1T 69602-);Rahmen - Gepäckfach - Fußraumabdeckungen;46;p-5098;Seitenklappenhebel -OEM QUALITÄT- Vespa V50, V90, SS50, SS90, PV125, ET3 - Aluminium
c-5209;Vespa 50 S (V5SA1T 69602-);Rahmen - Gepäckfach - Fußraumabdeckungen;50;p-15676;Mutter -DIN 934- M4 (verwendet für Blinkerbefestigung Vespa PX)
c-5209;Vespa 50 S (V5SA1T 69602-);Rahmen - Gepäckfach - Fußraumabdeckungen;51;p-2976;Schraube -DIN 84- M4 x 14mm - verzinkt, geschlitzt (verwendet für Ölpumpe Vespa PX Lusso, MY, 2011, Cosa, Scheinwerferzierring Vespa V50 Special), Bre
c-5209;Vespa 50 S (V5SA1T 69602-);Rahmen - Gepäckfach - Fußraumabdeckungen;52;p-9540;Federmutter für Schriftzüge -OEM QUALITÄT- Vespa (verwendet als Klammer für Schriftzüge)
c-5209;Vespa 50 S (V5SA1T 69602-);Rahmen - Gepäckfach - Fußraumabdeckungen;54;p-12197;Trittleistengummi -OEM QUALITÄT, B=10mm für Doppel-C-Profil- Vespa 125 VNA1T-2T, VNB1T-2T - 4200mm
c-5209;Vespa 50 S (V5SA1T 69602-);Rahmen - Gepäckfach - Fußraumabdeckungen;55;p-6927;Ständerfeder -OEM QUALITÄT- V50, V90, PV125, ET3
c-5209;Vespa 50 S (V5SA1T 69602-);Rahmen - Gepäckfach - Fußraumabdeckungen;57;p-8621;Kantenschutz -PIAGGIO- Vespa V50, V90, PV125, ET3 - Aluminium
c-5209;Vespa 50 S (V5SA1T 69602-);Rahmen - Gepäckfach - Fußraumabdeckungen;58;p-393;Seitenklappenaufhängung -PIAGGIO- Vespa V50 (V5A1T ab Nr. 70240), V50 S (V5SA1T ab Nr. 11765), V90 (V9A1T ab Nr.19975), SS50, SS90, PV125, ET3
c-5209;Vespa 50 S (V5SA1T 69602-);Rahmen - Gepäckfach - Fußraumabdeckungen;59;p-9540;Federmutter für Schriftzüge -OEM QUALITÄT- Vespa (verwendet als Klammer für Schriftzüge)
c-5209;Vespa 50 S (V5SA1T 69602-);Rahmen - Gepäckfach - Fußraumabdeckungen;60;p-15163;Werkzeugkasten - Werkzeugfach -OEM QUALITÄT-V50 N (V5A1T ab Nr. 92877), V50 R, V50 L, SS50, SS90, V50 Special, V90 (V9A1T ab Nr. 22235), PV125, ET3
c-5209;Vespa 50 S (V5SA1T 69602-);Rahmen - Gepäckfach - Fußraumabdeckungen;62;p-547;Niet für Trittleistenendstück -OEM QUALITÄT- Vespa Rally180 (VSD1T), Rally200 (VSE1T), Sprint150 (VLB1T), TS125 (VNL3T), GT125 (VNL2T), GTR125 (VNL2T)
c-5209;Vespa 50 S (V5SA1T 69602-);Sitzbank, Tank;2;p-15091;Sitzbankbezug -OEM QUALITÄT- Vespa V50, PV125 - Keder grau
c-5209;Vespa 50 S (V5SA1T 69602-);Sitzbank, Tank;3;p-7081;Sitzbankzapfen -OEM QUALITÄT- Vespa M7 x 26mm
c-5209;Vespa 50 S (V5SA1T 69602-);Sitzbank, Tank;4;p-15072;Gummipuffer Sitzbank -OEM QUALITÄT- Vespa PX (bis Bj. 1997), T5 125cc, PKS, PK XL, V50, PV, ET3
c-5209;Vespa 50 S (V5SA1T 69602-);Sitzbank, Tank;5;p-3027;Sitzbankbezug-Klammer -PIAGGIO- 7mm - Vespa V50, V90, PV125, ET3, PX, PK, Rally, Sprint, TS, GT, GTR
c-5209;Vespa 50 S (V5SA1T 69602-);Sitzbank, Tank;6;p-3027;Sitzbankbezug-Klammer -PIAGGIO- 7mm - Vespa V50, V90, PV125, ET3, PX, PK, Rally, Sprint, TS, GT, GTR
c-5209;Vespa 50 S (V5SA1T 69602-);Sitzbank, Tank;7;p-2933;Schraube M6 x 10mm (verwendet für Vergaserwannenbefestigung PX Lusso/Cosa/T5)
c-5209;Vespa 50 S (V5SA1T 69602-);Sitzbank, Tank;8;p-12065;Unterlegscheibe 6,5x16x1,5mm -PIAGGIO- (verwendet für Kotflügel Vespa PX)
c-5209;Vespa 50 S (V5SA1T 69602-);Sitzbank, Tank;9;p-12065;Unterlegscheibe 6,5x16x1,5mm -PIAGGIO- (verwendet für Kotflügel Vespa PX)
c-5209;Vespa 50 S (V5SA1T 69602-);Sitzbank, Tank;10;p-15690;Mutter -DIN 934- M6
c-5209;Vespa 50 S (V5SA1T 69602-);Sitzbank, Tank;11;p-15690;Mutter -DIN 934- M6
c-5209;Vespa 50 S (V5SA1T 69602-);Sitzbank, Tank;12;p-12067;Sitzbankfeder -PIAGGIO- Vespa PV 125, V50, ET3, PK, PK S, PK S Lusso, PX, Rally, Sprint, TS
c-5209;Vespa 50 S (V5SA1T 69602-);Sitzbank, Tank;13;p-15700;Schraube -DIN 933- M6 x 20mm (8.8 Festigkeit)
c-5209;Vespa 50 S (V5SA1T 69602-);Sitzbank, Tank;14;p-15711;Federring -DIN 127- M7
c-5209;Vespa 50 S (V5SA1T 69602-);Sitzbank, Tank;15;p-15711;Federring -DIN 127- M7
c-5209;Vespa 50 S (V5SA1T 69602-);Sitzbank, Tank;16;p-15711;Federring -DIN 127- M7
c-5209;Vespa 50 S (V5SA1T 69602-);Sitzbank, Tank;17;p-15711;Federring -DIN 127- M7
c-5209;Vespa 50 S (V5SA1T 69602-);Sitzbank, Tank;18;p-8997;Gepäckbrücke -CUPPINI- Vespa V50, V90, PV125, ET3 - offen, unlackiert
c-5209;Vespa 50 S (V5SA1T 69602-);Sitzbank, Tank;19;p-3846;Sitzbankriemen -MAURO PASCOLI- Vespa V50, PV, ET3 - Schwarz - 400mm x 22mm
c-5209;Vespa 50 S (V5SA1T 69602-);Sitzbank, Tank;20;p-2981;Unterlegscheibe Karosserie -DIN 9021- M6 -6,4 x 18 x 1,6mm (verwendet für z.B. Sitzbankriemen Vespa PX Lusso, MY, 2011)
c-5209;Vespa 50 S (V5SA1T 69602-);Sitzbank, Tank;21;p-385;Schraube -DIN 7985 ähnlich- M6 x 25mm (verwendet für Sitzbankriemen Vespa PX, T5 125cc)
c-5209;Vespa 50 S (V5SA1T 69602-);Sitzbank, Tank;22;p-12222;Dichtung Tankdeckel -ROLLERLADEN- Vespa V50, PV125, ET3, Motovespa 125/150/160 - Kork
c-5209;Vespa 50 S (V5SA1T 69602-);Sitzbank, Tank;24;p-6889;Tankdeckel -OEM QUALITÄT- Vespa V50, V90, SS50, SS90, PV125, ET3, Motovespa 125/150/160
c-5209;Vespa 50 S (V5SA1T 69602-);Sitzbank, Tank;25;p-15719;Mutter -DIN 934- M8
c-5209;Vespa 50 S (V5SA1T 69602-);Sitzbank, Tank;26;p-3010;Unterlegscheibe -PIAGGIO- M8 8,4X18,0X2,0mm, verzinkt (verwendet für Kickstarter Vespa PX)
c-5209;Vespa 50 S (V5SA1T 69602-);Sitzbank, Tank;27;p-6864;Mutter Benzinhahn/Tank -VESPA- PX, Sprint150 (VLB1T), Rally180 (VSD1T), Rally200 (VSE1T), GT125 (VNL2T), GTR125 (VNL2T), GL150 (VLA1T), Super, VNB, VN
c-5209;Vespa 50 S (V5SA1T 69602-);Sitzbank, Tank;30;p-31304;Tankdeckelverschluss Augbolzen -OEM QUALITÄT- Vespa PX80, PX125, PX150, PX200 (-1984), Vespa 125 - VNB1T - VNB6T, Vespa 150 - VBB1T - VBB2T, GS160 / G
c-5209;Vespa 50 S (V5SA1T 69602-);Sitzbank, Tank;31;p-11769;Niet für Tankdeckel -OEM QUALITÄT- Vespa PX (-1984), Rally, Sprint, Sprint Veloce, TS, GT, GTR, SS180, GS160, GL, Super, GS150, VNA, VNB, VBA, VBB, Wi
c-5209;Vespa 50 S (V5SA1T 69602-);Sitzbank, Tank;32;p-19;Mutter für Tankdeckelverschluss - Rändelmutter - VESPA - V50, V90, SS50, SS90, PV125, ET3, VNA, Super, GL150 (VLA1T), GT125 (VNL2T), GTR125 (VNL2T), T
c-5209;Vespa 50 S (V5SA1T 69602-);Sitzbank, Tank;33;p-11281;Schraubknopf für Sattel -OEM QUALITÄT, vorne- Vespa V50, PV125, ET3
c-5209;Vespa 50 S (V5SA1T 69602-);Sitzbank, Tank;35;p-15778;Mutter flach -DIN 439- M10 x 1,50 (verwendet für Traversenschraube Vespa V50, PV125, ET3, PK, verwendet für Stoßdämpfer/Motor Vespa PX (ab Bj. 1984), 
c-5209;Vespa 50 S (V5SA1T 69602-);Sitzbank, Tank;39;p-11476;Sattelbezug - Satteldecke -NISA- Vespa 50 (ab Fgst.Nr. 122876)
c-5209;Vespa 50 S (V5SA1T 69602-);Sitzbank, Tank;40;p-12480;Sattel -OEM QUALITÄT, vorne- Vespa V50, PV125, ET3 - mit Haltebügel
c-5209;Vespa 50 S (V5SA1T 69602-);Sitzbank, Tank;41;p-15727;Federring -DIN 127- M8
c-5209;Vespa 50 S (V5SA1T 69602-);Sitzbank, Tank;42;p-15760;Schraube -DIN 933- M8 x 25mm (8.8 Festigkeit)
c-5209;Vespa 50 S (V5SA1T 69602-);Sitzbank, Tank;43;p-15754;Schraube -DIN 933- M7 x 20mm (8.8 Festigkeit)
c-5209;Vespa 50 S (V5SA1T 69602-);Sitzbank, Tank;44;p-15754;Schraube -DIN 933- M7 x 20mm (8.8 Festigkeit)
c-5209;Vespa 50 S (V5SA1T 69602-);Sitzbank, Tank;45;p-15754;Schraube -DIN 933- M7 x 20mm (8.8 Festigkeit)
c-5209;Vespa 50 S (V5SA1T 69602-);Sitzbank, Tank;46;p-15709;Unterlegscheibe -DIN 125- M7
c-5209;Vespa 50 S (V5SA1T 69602-);Sitzbank, Tank;47;p-15709;Unterlegscheibe -DIN 125- M7
c-5209;Vespa 50 S (V5SA1T 69602-);Sitzbank, Tank;48;p-15709;Unterlegscheibe -DIN 125- M7
c-5209;Vespa 50 S (V5SA1T 69602-);Sitzbank, Tank;51;p-6920;Benzinhahnhebel -OEM QUALITÄT- Vespa V50, V90, SS50, SS90, PV125, ET3 - Kunstoff
c-5209;Vespa 50 S (V5SA1T 69602-);Sitzbank, Tank;52;p-6500;Gummiring Benzinhahnhebel -OEM QUALITÄT- Vespa PX alt (-1984), Largeframe (-1984), Smallframe - Schwarz
c-5209;Vespa 50 S (V5SA1T 69602-);Sitzbank, Tank;53;p-12058;Silentbuchse für Benzinhahnhebel -PIAGGIO- Vespa PX, T5 125ccm, Rally, Sprint, TS, PV125, V50, PK S, PK XL
c-5209;Vespa 50 S (V5SA1T 69602-);Sitzbank, Tank;56;p-6504;Splint Benzinhahn -VESPA- PX, Sprint150 (VLB1T), Rally180 (VSD1T), Rally200 (VSE1T), GT125 (VNL2T), GTR125 (VNL2T), GL150 (VLA1T), Super, VNB, VNA , V
c-5209;Vespa 50 S (V5SA1T 69602-);Sitzbank, Tank;57;p-11959;Schieber für Benzinhahn -PIAGGIO- Vespa PX, T5 125ccm, PK, V50, PV, ET3, Rally, Sprint, GT, GTR
c-5209;Vespa 50 S (V5SA1T 69602-);Sitzbank, Tank;58;p-11966;Unterlegscheibe -PIAGGIO- 3,7x9,0x0,5mm (verwendet für Tacho Vespa PK XL2)
c-5209;Vespa 50 S (V5SA1T 69602-);Sitzbank, Tank;59;p-2343;Benzinhahn -PIAGGIO- Vespa V50, V90, PV125, ET3
c-5209;Vespa 50 S (V5SA1T 69602-);Sitzbank, Tank;62;p-10828;Benzinschlauch -PIAGGIO- Ø innen = 7mm, Ø aussen = 14mm, l = 750mm - passend für alle Vespa Schaltrollermodelle, Lambretta Serie 1-3
c-5209;Vespa 50 S (V5SA1T 69602-);Sitzbank, Tank;63;p-6863;Dichtung Benzinhahn/Tank -PIAGGIO- Vespa (ab Bj. 1950)
c-5209;Vespa 50 S (V5SA1T 69602-);Sitzbank, Tank;69;p-15709;Unterlegscheibe -DIN 125- M7
c-5209;Vespa 50 S (V5SA1T 69602-);Sitzbank, Tank;72;p-6547;Federscheibe gewellt -DIN 137 Stahl verzinkt- M6
c-5209;Vespa 50 S (V5SA1T 69602-);Sitzbank, Tank;73;p-15682;Mutter -DIN 934- M5
c-5209;Vespa 50 S (V5SA1T 69602-);Sitzbank, Tank;74;p-15709;Unterlegscheibe -DIN 125- M7
c-5209;Vespa 50 S (V5SA1T 69602-);Vergaser - Luftfilter;1;p-15690;Mutter -DIN 934- M6
c-5209;Vespa 50 S (V5SA1T 69602-);Vergaser - Luftfilter;2;p-15690;Mutter -DIN 934- M6
c-5209;Vespa 50 S (V5SA1T 69602-);Vergaser - Luftfilter;3;p-11320;Unterlegscheibe M6 DIN 433 ähnlich - kleinerer Außendurchmesser für Befestigung Lufteintrittshaube -LAMBRETTA- LI, LIS, SX, TV, DL, GP, Motorgehäuse L
c-5209;Vespa 50 S (V5SA1T 69602-);Vergaser - Luftfilter;4;p-11902;Dichtung Auspuffkrümmer/Zylinder -PIAGGIO, M6 Lochstich 52mm- Vespa 50 (V5A1T, V5N1T, V5B2T), 50N (V5A1T, V5B3T), 50 Special (V5B1T), Vespa 90 (V9A1T)
c-5209;Vespa 50 S (V5SA1T 69602-);Vergaser - Luftfilter;5;p-11902;Dichtung Auspuffkrümmer/Zylinder -PIAGGIO, M6 Lochstich 52mm- Vespa 50 (V5A1T, V5N1T, V5B2T), 50N (V5A1T, V5B3T), 50 Special (V5B1T), Vespa 90 (V9A1T)
c-5209;Vespa 50 S (V5SA1T 69602-);Vergaser - Luftfilter;6;p-11902;Dichtung Auspuffkrümmer/Zylinder -PIAGGIO, M6 Lochstich 52mm- Vespa 50 (V5A1T, V5N1T, V5B2T), 50N (V5A1T, V5B3T), 50 Special (V5B1T), Vespa 90 (V9A1T)
c-5209;Vespa 50 S (V5SA1T 69602-);Vergaser - Luftfilter;7;p-15143;Auspuffkrümmer -OEM QUALITÄT- für standard Auspuff - Vespa Smallframe V50, PK50/PK80 S, PK50/PK80 XL, PK50 XL2, PK50 HP, PK50 FL, PK 50 Automatik - Al
c-5209;Vespa 50 S (V5SA1T 69602-);Vergaser - Luftfilter;8;p-362;Federscheibe gewellt -PIAGGIO- Stahl verzinkt- M6 - verwendet für Zylinderhaube Smallframe, Druckfeder Chokehebel
c-5209;Vespa 50 S (V5SA1T 69602-);Vergaser - Luftfilter;9;p-362;Federscheibe gewellt -PIAGGIO- Stahl verzinkt- M6 - verwendet für Zylinderhaube Smallframe, Druckfeder Chokehebel
c-5209;Vespa 50 S (V5SA1T 69602-);Vergaser - Luftfilter;10;p-44662;Gummiteileset -PREMIUM- für Vespa 50 N/​L/​R/​S, V90, PV​125 1° Serie (VMA1) - Grau
c-5209;Vespa 50 S (V5SA1T 69602-);Vergaser - Luftfilter;11;p-15141;Klemmring Gusskappe -OEM QUALITÄT- Vespa Smallframe
c-5209;Vespa 50 S (V5SA1T 69602-);Vergaser - Luftfilter;12;p-15408;Gussschutzkappe -OEM QUALITÄT- Vespa V50 - Vergaser Ø=16mm
c-5209;Vespa 50 S (V5SA1T 69602-);Vergaser - Luftfilter;13;p-15442;Filzring Ansaugstutzen/Gusskappe -PIAGGIO- Vespa Smallframe V50, 50S, 50R, SS50, Special, V50 Elestart, PK50, PK50 S, SS90, V90, 90 Racer, 125 Nuova -
c-5209;Vespa 50 S (V5SA1T 69602-);Vergaser - Luftfilter;14;p-15696;Federring -DIN 127- M6
c-5209;Vespa 50 S (V5SA1T 69602-);Vergaser - Luftfilter;15;p-15678;Federring -DIN 127- M4
c-5209;Vespa 50 S (V5SA1T 69602-);Vergaser - Luftfilter;16;p-15678;Federring -DIN 127- M4
c-5209;Vespa 50 S (V5SA1T 69602-);Vergaser - Luftfilter;18;p-13981;Dichtung Ansaugstutzen -OEM QUALITÄT- Vespa V50, PV125, ET3, PK50, PK80, PK125 S
c-5209;Vespa 50 S (V5SA1T 69602-);Vergaser - Luftfilter;19;p-36182;Luftfilter -OEM QUALITÄT- Vespa V50 (Dellorto SHBC 16mm) - ohne Hülsen
c-5209;Vespa 50 S (V5SA1T 69602-);Vergaser - Luftfilter;20;p-515;Mutter für Gaszughebel -PIAGGIO- SHB - SW=8
c-5209;Vespa 50 S (V5SA1T 69602-);Vergaser - Luftfilter;21;p-3497;Gummi Vergaserwannendeckel -PIAGGIO- Vespa Largeframe (ab Bj. 1958)
c-5209;Vespa 50 S (V5SA1T 69602-);Vergaser - Luftfilter;28;p-446;Luftfiltereinsatz - Drahtgewebe -PIAGGIO- Vespa V50 N/L/R/S, V50 Special,V90, SS90, PV125, ET3 (Dellorto SHBC 16-19mm)
c-5209;Vespa 50 S (V5SA1T 69602-);Vergaser - Luftfilter;32;p-515;Mutter für Gaszughebel -PIAGGIO- SHB - SW=8
c-5209;Vespa 50 S (V5SA1T 69602-);Vergaser - Luftfilter;33;p-4841;Schraube Schieberdeckel -PIAGGIO- Vergaser SI DellOrto - SI20/15, SI20/17, SI20/20, SI24/24, SI26/27
c-5209;Vespa 50 S (V5SA1T 69602-);Vergaser - Luftfilter;36;p-18517;Vergaserdeckel -DELLORTO- SHB 16 (Typ Vespa V50)
c-5209;Vespa 50 S (V5SA1T 69602-);Vergaser - Luftfilter;37;p-389;Einstellschraube - Gaszugführung -PIAGGIO- M5 x 0,75 - 0° - ohne Kontermutter
c-5209;Vespa 50 S (V5SA1T 69602-);Vergaser - Luftfilter;38;p-389;Einstellschraube - Gaszugführung -PIAGGIO- M5 x 0,75 - 0° - ohne Kontermutter
c-5209;Vespa 50 S (V5SA1T 69602-);Vergaser - Luftfilter;39;p-7143;Dichtsatz Vergaser -DELLORTO- SHBC 16
c-5209;Vespa 50 S (V5SA1T 69602-);Vergaser - Luftfilter;41;p-18506;Gasschieber -DELLORTO SHB 16- 6231-1
c-5209;Vespa 50 S (V5SA1T 69602-);Vergaser - Luftfilter;42;p-7021;Gasschieberfeder -DELLORTO- SHBC 16
c-5209;Vespa 50 S (V5SA1T 69602-);Vergaser - Luftfilter;43;p-7142;Dichtsatz Vergaser -DELLORTO- SHB 19 Vespa PV125, ET3
c-5209;Vespa 50 S (V5SA1T 69602-);Vergaser - Luftfilter;44;p-7027;Schraube Benzinbanjo -DELLORTO- SHB16/10, SHB16/16
c-5209;Vespa 50 S (V5SA1T 69602-);Vergaser - Luftfilter;46;p-18504;Benzinbanjo -DELLORTO- SHB 16
c-5209;Vespa 50 S (V5SA1T 69602-);Vergaser - Luftfilter;47;p-18503;Benzinfilter -DELLORTO- SHB16-Vergaser- Vespa V50, 50N, 50L, 50R, Special, 50SR, Sprinter, SS50, V90, SS90, 90 Racer
c-5209;Vespa 50 S (V5SA1T 69602-);Vergaser - Luftfilter;48;p-15445;Stehbolzen Luftfilter/Vergaser -DELLORTO- SHBC 16/16 - Vespa 50S, SS50, SS90, V90, 90 Racer, VMA1T - M4 / M5 x 54 mm
c-5209;Vespa 50 S (V5SA1T 69602-);Vergaser - Luftfilter;52;p-12129;Chokedüse -DELLORTO (Typ: 6217) SHB- 50
c-5209;Vespa 50 S (V5SA1T 69602-);Vergaser - Luftfilter;53;p-7051;Schwimmernadel -DELLORTO, dreieckig- SHBC (Vespa V50, PV,ET3), SHA (Ciao, Bravo, SI), PHBG, PHVA, PHVB, PHBN, FHBB - ungefedert
c-5209;Vespa 50 S (V5SA1T 69602-);Vergaser - Luftfilter;54;p-2168;Düse -DELLORTO (Typ: 1486)- 5mm ( 74)
c-5209;Vespa 50 S (V5SA1T 69602-);Vergaser - Luftfilter;55;p-7057;Schwimmerstift -DELLORTO- SHB, SI
c-5209;Vespa 50 S (V5SA1T 69602-);Vergaser - Luftfilter;56;p-18510;Schwimmer -DELLORTO- SHB
c-5209;Vespa 50 S (V5SA1T 69602-);Vergaser - Luftfilter;57;p-7143;Dichtsatz Vergaser -DELLORTO- SHBC 16
c-5209;Vespa 50 S (V5SA1T 69602-);Vergaser - Luftfilter;58;p-18513;Schwimmerkammer -DELLORTO- SHB / SHBC 16mm-19mm
c-5209;Vespa 50 S (V5SA1T 69602-);Vergaser - Luftfilter;59;p-18516;Schraube Schwimmerkammer -DELLORTO- SHB, PHVA, PHVB, PHBN
c-5209;Vespa 50 S (V5SA1T 69602-);Vergaser - Luftfilter;60;p-2417;Nebendüse -DELLORTO (Typ: 3360) SH / SHA / SHB- 42
c-5209;Vespa 50 S (V5SA1T 69602-);Vergaser - Luftfilter;61;p-18512;Feder Gemischeinstellschraube -DELLORTO- SHB, SHBC, PHBG
c-5209;Vespa 50 S (V5SA1T 69602-);Vergaser - Luftfilter;62;p-7070;Gemischeinstellschraube -DELLORTO- SHB, SHBC - Gewinde M4 x 0,75mm, L=27mm - dicke Spitze
c-5209;Vespa 50 S (V5SA1T 69602-);Vergaser - Luftfilter;64;p-9270;Buchse Rahmen Seitenhaubenverriegelung -IMPORT- Vespa PX (Modelle mit Aussenverschluss), Rally180 (VSD1T), Rally200 (VSE1T), Sprint150 (VLB1T), GTR125
c-5209;Vespa 50 S (V5SA1T 69602-);Vergaser - Luftfilter;65;p-15441;Vergaserschelle -DELLORTO Ø=34mm- SHBC 16 (Typ Vespa)
c-5209;Vespa 50 S (V5SA1T 69602-);Vergaser - Luftfilter;68;p-15378;Unterlegscheibe -DIN 125- M10
c-5209;Vespa 50 S (V5SA1T 69602-);Vergaser - Luftfilter;69;p-15757;Federring -DIN 127- M10
c-5209;Vespa 50 S (V5SA1T 69602-);Vergaser - Luftfilter;70;p-9780;Schraube -DIN 933- M10 x 30mm (verwendet als Auspuffschraube Vespa V50, V90, PV125, ET3)
c-5209;Vespa 50 S (V5SA1T 69602-);Vergaser - Luftfilter;73;p-15692;Mutter selbstsichernd -DIN 985- M6
c-5209;Vespa 50 S (V5SA1T 69602-);Vergaser - Luftfilter;74;p-17016;Bougierohr -UNIVERSAL Ø=4mm- 5m - Schwarz
